epoch,step,rank,method,module,loss_det,loss_odam,cosine_raw,det_norm,odam_norm_raw,odam_norm_safe,aux_to_det_raw,aux_to_det_effective,directional_margin,final_cosine_to_det,final_angle_deg,conflict_raw,dominance_raw,dominance_effective,unsafe_descent,projected,cap_active,norm_scale,gate,alpha,effective_weight
0,0,1,odam,backbone,7.687814235687256,1.0145277976989746,0.03227728653743306,331.822265625,172.34327697753906,172.34327697753906,0.5193843054893375,0.10387686109786749,1.003352873430739,0.994689054366786,5.907666289529746,0,0,0,0,0,0,1.0,1.0,0.2,0.2
0,0,1,odam,fpn,7.687814235687256,1.0145277976989746,0.06835885693369052,134.9144287109375,57.68452072143555,57.68452072143555,0.42756376224983467,0.08551275244996694,1.0058456312324298,0.9964224024396748,4.8480036225872,0,0,0,0,0,0,1.0,1.0,0.2,0.2
0,0,1,odam,rpn,7.687814235687256,1.0145277976989746,0.0,460.99554443359375,0.0,0.0,0.0,0.0,0.9999999935881544,0.9999999935881544,0.006488273654267479,0,0,0,0,0,0,1.0,1.0,0.2,0.2
0,0,1,odam,roi_shared,7.687814235687256,1.0145277976989746,0.027497308567186334,187.25413513183594,185.80564880371094,185.80564880371094,0.9922645963086199,0.19845291926172398,1.005456918624049,0.9810865428715035,11.161176517520914,0,0,0,0,0,0,1.0,1.0,0.2,0.2
0,0,1,odam,roi_cls,7.687814235687256,1.0145277976989746,0.0,287.0635681152344,0.0,0.0,0.0,0.0,1.0000000005879486,1.0000000005879486,0.0,0,0,0,0,0,0,1.0,1.0,0.2,0.2
0,0,1,odam,roi_reg,7.687814235687256,1.0145277976989746,-0.8503151718866918,21.334306716918945,1501.0423583984375,1501.0423583984375,70.35815029358568,14.071630058717137,-10.965321404334071,-0.8287106840867797,145.96652099559145,1,1,1,1,0,0,1.0,1.0,0.2,0.2
0,100,1,odam,backbone,0.18343162536621094,2.014172077178955,0.05782738170150594,2.6321890354156494,44.31288146972656,44.31288146972656,16.83499204407601,3.3669984088152023,1.1947046188647494,0.3348984310925221,70.43363828807223,0,1,1,0,0,0,1.0,1.0,0.2,0.2
0,100,1,odam,fpn,0.18343162536621094,2.014172077178955,-0.029890314964607964,0.5353381633758545,9.694182395935059,9.694182395935059,18.108521041734306,3.6217042083468614,0.8917460583280199,0.239182898427166,76.16168060403312,1,1,1,0,0,0,1.0,1.0,0.2,0.2
0,100,1,odam,rpn,0.18343162536621094,2.014172077178955,0.0,1.601098656654358,0.0,0.0,0.0,0.0,0.9999999792860655,0.9999999792860655,0.011661889709864605,0,0,0,0,0,0,1.0,1.0,0.2,0.2
0,100,1,odam,roi_shared,0.18343162536621094,2.014172077178955,-0.041475116525158555,0.6869965195655823,12.188702583312988,12.188702583312988,17.742015041095744,3.5484030082191493,0.8528296313777777,0.2338774330896976,76.47453945824643,1,1,1,0,0,0,1.0,1.0,0.2,0.2
0,100,1,odam,roi_cls,0.18343162536621094,2.014172077178955,0.0,0.3226782977581024,0.0,0.0,0.0,0.0,0.9999999889807096,0.9999999889807096,0.008505785849951708,0,0,0,0,0,0,1.0,1.0,0.2,0.2
0,100,1,odam,roi_reg,0.18343162536621094,2.014172077178955,-0.05457255349074716,0.6384811401367188,7.472254753112793,7.472254753112793,11.703172237026061,2.3406344474052125,0.8722653952059248,0.34965940571625315,69.53351573269988,1,1,1,0,0,0,1.0,1.0,0.2,0.2
0,200,1,odam,backbone,0.7321745753288269,0.7094211578369141,-0.3149131536314184,10.23519515991211,11.201577186584473,11.201577186584473,1.0944175476455362,0.21888350952910723,0.9310707562603301,0.9759998057371329,12.578169766557732,1,1,0,0,0,0,1.0,1.0,0.2,0.2
0,200,1,odam,fpn,0.7321745753288269,0.7094211578369141,-0.31219552667135114,2.9097542762756348,3.1115918159484863,3.1115918159484863,1.0693658365995067,0.21387316731990136,0.9332297868104883,0.977109506211453,12.28279332136294,1,1,0,0,0,0,1.0,1.0,0.2,0.2
0,200,1,odam,rpn,0.7321745753288269,0.7094211578369141,0.0,4.506099700927734,0.0,0.0,0.0,0.0,0.9999999523895345,0.9999999523895345,0.017680268073531923,0,0,0,0,0,0,1.0,1.0,0.2,0.2
0,200,1,odam,roi_shared,0.7321745753288269,0.7094211578369141,-0.4179534783294978,6.078014373779297,5.459844589233398,5.459844589233398,0.8982941226311182,0.17965882452622364,0.9249111839575055,0.9847846690309963,10.007613765524145,1,0,0,0,0,0,1.0,1.0,0.2,0.2
0,200,1,odam,roi_cls,0.7321745753288269,0.7094211578369141,0.0,3.268051862716675,0.0,0.0,0.0,0.0,1.0000000380217007,1.0000000380217007,0.0,0,0,0,0,0,0,1.0,1.0,0.2,0.2
0,200,1,odam,roi_reg,0.7321745753288269,0.7094211578369141,-0.6770735849924532,3.0353264808654785,3.5780656337738037,3.5780656337738037,1.1788075043425217,0.23576150086850434,0.8403720759484847,0.9793458224756456,11.66519301976727,1,1,0,0,0,0,1.0,1.0,0.2,0.2
0,300,1,odam,backbone,0.0964692234992981,0.00010002159251598641,0.0,1.5935312509536743,0.0,0.0,0.0,0.0,0.9999999371451881,0.9999999371451881,0.02031453557584835,0,0,0,0,0,0,1.0,1.0,0.2,0.2
0,300,1,odam,fpn,0.0964692234992981,0.00010002159251598641,0.0,0.38434046506881714,0.0,0.0,0.0,0.0,1.000000013614412,1.000000013614412,0.0,0,0,0,0,0,0,1.0,1.0,0.2,0.2
0,300,1,odam,rpn,0.0964692234992981,0.00010002159251598641,0.0,0.906848132610321,0.0,0.0,0.0,0.0,0.9999999681266701,0.9999999681266701,0.014466096241242234,0,0,0,0,0,0,1.0,1.0,0.2,0.2
0,300,1,odam,roi_shared,0.0964692234992981,0.00010002159251598641,0.0,0.5401327610015869,0.0,0.0,0.0,0.0,1.0000000960015978,1.0000000960015978,0.0,0,0,0,0,0,0,1.0,1.0,0.2,0.2
0,300,1,odam,roi_cls,0.0964692234992981,0.00010002159251598641,0.0,0.3804256319999695,0.0,0.0,0.0,0.0,0.9999999468694948,0.9999999468694948,0.01867710692008565,0,0,0,0,0,0,1.0,1.0,0.2,0.2
0,300,1,odam,roi_reg,0.0964692234992981,0.00010002159251598641,0.0,0.09275413304567337,0.0,0.0,0.0,0.0,1.0000000666268278,1.0000000666268278,0.0,0,0,0,0,0,0,1.0,1.0,0.2,0.2
0,400,1,odam,backbone,0.039026565849781036,0.0,0.0,1.1145246028900146,0.0,0.0,0.0,0.0,0.9999999025871272,0.9999999025871272,0.025289824138901032,0,0,0,0,0,0,1.0,1.0,0.2,0.2
0,400,1,odam,fpn,0.039026565849781036,0.0,0.0,0.33026090264320374,0.0,0.0,0.0,0.0,0.9999999701473281,0.9999999701473281,0.0140000386665922,0,0,0,0,0,0,1.0,1.0,0.2,0.2
0,400,1,odam,rpn,0.039026565849781036,0.0,0.0,0.6575256586074829,0.0,0.0,0.0,0.0,0.9999999411804251,0.9999999411804251,0.019651629744400375,0,0,0,0,0,0,1.0,1.0,0.2,0.2
0,400,1,odam,roi_shared,0.039026565849781036,0.0,0.0,0.37247756123542786,0.0,0.0,0.0,0.0,1.0000000544119556,1.0000000544119556,0.0,0,0,0,0,0,0,1.0,1.0,0.2,0.2
0,400,1,odam,roi_cls,0.039026565849781036,0.0,0.0,0.32797226309776306,0.0,0.0,0.0,0.0,0.9999999303117054,0.9999999303117054,0.021390333266406707,0,0,0,0,0,0,1.0,1.0,0.2,0.2
0,400,1,odam,roi_reg,0.039026565849781036,0.0,0.0,0.0,0.0,0.0,0.0,0.0,0.0,0.0,90.0,0,0,0,1,0,0,1.0,1.0,0.2,0.2
0,500,1,odam,backbone,0.17332209646701813,0.1819176971912384,-0.026307711940644695,1.8303956985473633,6.97023344039917,6.97023344039917,3.808047323281452,0.7616094646562904,0.9799638384302656,0.7896834427397117,37.84406143734667,1,1,0,0,0,0,1.0,1.0,0.2,0.2
0,500,1,odam,fpn,0.17332209646701813,0.1819176971912384,-0.02753925170530654,0.5161063075065613,3.2890784740448,3.2890784740448,6.372870135874062,1.2745740271748125,0.9648991698751678,0.6037300351549943,52.862488559095446,1,1,1,0,0,0,1.0,1.0,0.2,0.2
0,500,1,odam,rpn,0.17332209646701813,0.1819176971912384,0.0,0.9600605964660645,0.0,0.0,0.0,0.0,1.000000046818609,1.000000046818609,0.0,0,0,0,0,0,0,1.0,1.0,0.2,0.2
0,500,1,odam,roi_shared,0.17332209646701813,0.1819176971912384,0.5523387958669416,0.46452853083610535,0.9648091197013855,0.9648091197013855,2.0769641812200956,0.4153928362440192,1.229437547302316,0.9625487037250016,15.730258824761632,0,1,0,0,0,0,1.0,1.0,0.2,0.2
0,500,1,odam,roi_cls,0.17332209646701813,0.1819176971912384,0.0,0.12863858044147491,0.0,0.0,0.0,0.0,1.0000000250238423,1.0000000250238423,0.0,0,0,0,0,0,0,1.0,1.0,0.2,0.2
0,500,1,odam,roi_reg,0.17332209646701813,0.1819176971912384,0.7994462363020376,0.25208836793899536,0.5916233062744141,0.5916233062744141,2.3468885578155083,0.4693777115631017,1.3752421791191447,0.9796206219789548,11.587064336640374,0,1,0,0,0,0,1.0,1.0,0.2,0.2
0,600,1,odam,backbone,0.47278961539268494,1.073315143585205,0.14126486648998676,2.191594362258911,5.083482265472412,5.083482265472412,2.319536111706724,0.4639072223413448,1.0655337974129764,0.9183325558703808,23.31648240673632,0,1,0,0,0,0,1.0,1.0,0.2,0.2
0,600,1,odam,fpn,0.47278961539268494,1.073315143585205,0.03499986590865841,0.6741506457328796,1.8828128576278687,1.8828128576278687,2.7928666530921045,0.558573330618421,1.0195500538853273,0.8771303213474878,28.701890105161194,0,1,0,0,0,0,1.0,1.0,0.2,0.2
0,600,1,odam,rpn,0.47278961539268494,1.073315143585205,0.0,1.184904932975769,0.0,0.0,0.0,0.0,1.000000074971617,1.000000074971617,0.0,0,0,0,0,0,0,1.0,1.0,0.2,0.2
0,600,1,odam,roi_shared,0.47278961539268494,1.073315143585205,-0.3690855667223967,0.6046218276023865,2.2672152519226074,2.2672152519226074,3.7498071495585856,0.7499614299117171,0.7232000894831871,0.720023753452961,43.94355839856702,1,1,0,0,0,0,1.0,1.0,0.2,0.2
0,600,1,odam,roi_cls,0.47278961539268494,1.073315143585205,0.0,0.2625254988670349,0.0,0.0,0.0,0.0,1.000000090022846,1.000000090022846,0.0,0,0,0,0,0,0,1.0,1.0,0.2,0.2
0,600,1,odam,roi_reg,0.47278961539268494,1.073315143585205,-0.6543266872047054,0.27954575419425964,1.7211395502090454,1.7211395502090454,6.1569153685410845,1.2313830737082168,0.19427317561663862,0.20423226477794468,78.21543974228823,1,1,1,0,0,0,1.0,1.0,0.2,0.2
0,700,1,odam,backbone,0.7425435781478882,0.38918107748031616,0.27986133023727733,5.6077561378479,2.147270917892456,2.147270917892456,0.3829108943236819,0.0765821788647364,1.0214324762766913,0.9974196517432693,4.11689909515052,0,0,0,0,0,0,1.0,1.0,0.2,0.2
0,700,1,odam,fpn,0.7425435781478882,0.38918107748031616,0.04702554666645377,1.751706838607788,1.108833909034729,1.108833909034729,0.6330019867456828,0.12660039734913656,1.0059534994736885,0.9921907388668785,7.165155748019703,0,0,0,0,0,0,1.0,1.0,0.2,0.2
0,700,1,odam,rpn,0.7425435781478882,0.38918107748031616,0.0,2.243868112564087,0.0,0.0,0.0,0.0,0.9999998955391628,0.9999998955391628,0.026188726798616425,0,0,0,0,0,0,1.0,1.0,0.2,0.2
0,700,1,odam,roi_shared,0.7425435781478882,0.38918107748031616,-0.08457340956842568,3.8162291049957275,0.13311249017715454,0.13311249017715454,0.03488063387046139,0.006976126774092279,0.999409978999317,0.9999758005882058,0.3986033193912614,1,0,0,0,0,0,1.0,1.0,0.2,0.2
0,700,1,odam,roi_cls,0.7425435781478882,0.38918107748031616,0.0,2.1830332279205322,0.0,0.0,0.0,0.0,0.999999996999532,0.999999996999532,0.004438458146628432,0,0,0,0,0,0,1.0,1.0,0.2,0.2
0,700,1,odam,roi_reg,0.7425435781478882,0.38918107748031616,-0.24747890444775195,2.0166406631469727,0.08983243256807327,0.08983243256807327,0.04454558226942104,0.008909116453884208,0.997795027628571,0.9999624947273679,0.49623243905955905,1,0,0,0,0,0,1.0,1.0,0.2,0.2
1,0,1,odam,backbone,0.0670395940542221,0.00010002159251598641,-0.20788952362928967,0.8189161419868469,6.098572341572961e-11,6.098572341572961e-11,7.447126792221558e-11,1.4894253584443117e-11,1.0000000186109808,1.0000000186109808,0.0,1,0,0,0,0,0,1.0,1.0,0.2,0.2
1,0,1,odam,fpn,0.0670395940542221,0.00010002159251598641,-0.01479029366201412,0.2631472647190094,1.639059200864157e-11,1.639059200864157e-11,6.22867656486704e-11,1.2457353129734078e-11,1.0000000418830937,1.0000000418830937,0.0,1,0,0,0,0,0,1.0,1.0,0.2,0.2
1,0,1,odam,rpn,0.0670395940542221,0.00010002159251598641,0.0,0.31913113594055176,0.0,0.0,0.0,0.0,1.0000000865376708,1.0000000865376708,0.0,0,0,0,0,0,0,1.0,1.0,0.2,0.2
1,0,1,odam,roi_shared,0.0670395940542221,0.00010002159251598641,-0.15154973843417754,0.5052589178085327,4.786297400083406e-11,4.786297400083406e-11,9.472959766535318e-11,1.894591953307064e-11,0.9999998845859261,0.9999998845859261,0.02752751575478966,1,0,0,0,0,0,1.0,1.0,0.2,0.2
1,0,1,odam,roi_cls,0.0670395940542221,0.00010002159251598641,0.0,0.43225759267807007,0.0,0.0,0.0,0.0,1.0000000126161925,1.0000000126161925,0.0,0,0,0,0,0,0,1.0,1.0,0.2,0.2
1,0,1,odam,roi_reg,0.0670395940542221,0.00010002159251598641,0.0,0.02046823874115944,4.088309898953035e-11,4.088309898953035e-11,1.9973921306340253e-09,3.994784261268051e-10,1.0000000652879992,1.0000000652879992,0.0,0,0,0,0,0,0,1.0,1.0,0.2,0.2
1,100,1,odam,backbone,0.49730151891708374,1.227232813835144,-0.43022779843754355,1.2192054986953735,7.749282360076904,7.749282360076904,6.356010015021359,1.2712020030042719,0.453093598734066,0.3672488089664087,68.4539560580198,1,1,1,0,0,0,1.0,1.0,0.2,0.2
1,100,1,odam,fpn,0.49730151891708374,1.227232813835144,-0.09778646744079772,0.2952274978160858,1.8465970754623413,1.8465970754623413,6.254827511401708,1.2509655022803419,0.8776726114374175,0.5761880541719455,54.817125122567205,1,1,1,0,0,0,1.0,1.0,0.2,0.2
1,100,1,odam,rpn,0.49730151891708374,1.227232813835144,0.0,0.5037828683853149,0.0,0.0,0.0,0.0,1.0000000978097865,1.0000000978097865,0.0,0,0,0,0,0,0,1.0,1.0,0.2,0.2
1,100,1,odam,roi_shared,0.49730151891708374,1.227232813835144,0.12016740544103316,0.5482122898101807,3.1573400497436523,3.1573400497436523,5.75933832281813,1.151867664563626,1.1384170322700573,0.7055234889483756,45.128148542664356,0,1,1,0,0,0,1.0,1.0,0.2,0.2
1,100,1,odam,roi_cls,0.49730151891708374,1.227232813835144,0.0,0.25465917587280273,0.0,0.0,0.0,0.0,1.0000000473706143,1.0000000473706143,0.0,0,0,0,0,0,0,1.0,1.0,0.2,0.2
1,100,1,odam,roi_reg,0.49730151891708374,1.227232813835144,-0.168930579644002,0.2738317549228668,2.3932175636291504,2.3932175636291504,8.739737158326557,1.7479474316653116,0.7047182768733652,0.37859874956551015,67.7530870418135,1,1,1,0,0,0,1.0,1.0,0.2,0.2
1,200,1,odam,backbone,0.32688480615615845,2.2614054679870605,-0.053601594456229265,1.0284461975097656,4.073910236358643,4.073910236358643,3.961228352268723,0.7922456704537446,0.9575343102065484,0.7709221134470446,39.56323380513195,1,1,0,0,0,0,1.0,1.0,0.2,0.2
1,200,1,odam,fpn,0.32688480615615845,2.2614054679870605,0.16938415601452989,0.2853017747402191,1.8118129968643188,1.8118129968643188,6.350514287946723,1.2701028575893447,1.215135375080128,0.6965348428771437,45.85034912029096,0,1,1,0,0,0,1.0,1.0,0.2,0.2
1,200,1,odam,rpn,0.32688480615615845,2.2614054679870605,0.0,0.37627655267715454,0.0,0.0,0.0,0.0,1.000000067387493,1.000000067387493,0.0,0,0,0,0,0,0,1.0,1.0,0.2,0.2
1,200,1,odam,roi_shared,0.32688480615615845,2.2614054679870605,0.2028088330642851,0.6304592490196228,4.017805099487305,4.017805099487305,6.372822836265905,1.274564567253181,1.2584929573367796,0.7100390141186741,44.76191028698034,0,1,1,0,0,0,1.0,1.0,0.2,0.2
1,200,1,odam,roi_cls,0.32688480615615845,2.2614054679870605,0.0,0.36885496973991394,0.0,0.0,0.0,0.0,1.000000041131822,1.000000041131822,0.0,0,0,0,0,0,0,1.0,1.0,0.2,0.2
1,200,1,odam,roi_reg,0.32688480615615845,2.2614054679870605,0.3655643738716642,0.09229938685894012,3.6094486713409424,3.6094486713409424,39.10587918484456,7.821175836968912,3.8591431109320027,0.46837199130315427,62.07132923573109,0,1,1,0,0,0,1.0,1.0,0.2,0.2
1,300,1,odam,backbone,0.19605153799057007,0.6187049746513367,-0.28388978372897317,1.0474531650543213,10.996801376342773,10.996801376342773,10.49860914380117,2.099721828760234,0.40391040875696266,0.1966985446285984,78.65603504834658,1,1,1,0,0,0,1.0,1.0,0.2,0.2
1,300,1,odam,fpn,0.19605153799057007,0.6187049746513367,0.016778498544599996,0.32002371549606323,1.4017353057861328,1.4017353057861328,4.380098217450313,0.8760196434900627,1.0146983429977499,0.7569831459135726,40.8010443051911,0,1,0,0,0,0,1.0,1.0,0.2,0.2
1,300,1,odam,rpn,0.19605153799057007,0.6187049746513367,0.0,0.5822774171829224,0.0,0.0,0.0,0.0,1.0000000712351769,1.0000000712351769,0.0,0,0,0,0,0,0,1.0,1.0,0.2,0.2
1,300,1,odam,roi_shared,0.19605153799057007,0.6187049746513367,-0.10180264262233524,0.30115807056427,2.950495719909668,2.950495719909668,9.79716636642485,1.9594332732849702,0.8005246393508393,0.3798938469592077,67.67289254946044,1,1,1,0,0,0,1.0,1.0,0.2,0.2
1,300,1,odam,roi_cls,0.19605153799057007,0.6187049746513367,0.0,0.08108123391866684,0.0,0.0,0.0,0.0,0.9999999968403099,0.9999999968403099,0.0045547010034456305,0,0,0,0,0,0,1.0,1.0,0.2,0.2
1,300,1,odam,roi_reg,0.19605153799057007,0.6187049746513367,-0.28790737339393035,0.21879853308200836,2.0584092140197754,2.0584092140197754,9.407783429920247,1.8815566859840496,0.4582859813696808,0.24648909474725317,75.73014831353137,1,1,1,0,0,0,1.0,1.0,0.2,0.2
1,400,1,odam,backbone,0.13800428807735443,0.11652275919914246,0.16604549801543037,0.9968665242195129,1.8512766361236572,1.8512766361236572,1.8570958008376262,0.37141916016752524,1.0616721777260385,0.945326295570922,19.03380982633094,0,1,0,0,0,0,1.0,1.0,0.2,0.2
1,400,1,odam,fpn,0.13800428807735443,0.11652275919914246,-0.013029966059459816,0.2684808373451233,1.0771331787109375,1.0771331787109375,4.011955524879111,0.8023911049758223,0.9895446736999359,0.776759740279707,39.035149768013326,1,1,0,0,0,0,1.0,1.0,0.2,0.2
1,400,1,odam,rpn,0.13800428807735443,0.11652275919914246,0.0,0.28146305680274963,0.0,0.0,0.0,0.0,0.9999999677819241,0.9999999677819241,0.014544119404880812,0,0,0,0,0,0,1.0,1.0,0.2,0.2
1,400,1,odam,roi_shared,0.13800428807735443,0.11652275919914246,-0.11939456221368937,0.6324360966682434,0.40007659792900085,0.40007659792900085,0.6325960836781092,0.12651921673562183,0.9848941437236608,0.9919644206233141,7.268377489372123,1,0,0,0,0,0,1.0,1.0,0.2,0.2
1,400,1,odam,roi_cls,0.13800428807735443,0.11652275919914246,0.0,0.3854725658893585,0.0,0.0,0.0,0.0,1.0000000360770769,1.0000000360770769,0.0,0,0,0,0,0,0,1.0,1.0,0.2,0.2
1,400,1,odam,roi_reg,0.13800428807735443,0.11652275919914246,-0.411186226921717,0.05717983469367027,0.3538587689399719,0.3538587689399719,6.18852381850526,1.237704763701052,0.4910729310076654,0.39909346756269637,66.47848101693278,1,1,1,0,0,0,1.0,1.0,0.2,0.2
1,500,1,odam,backbone,0.09988296031951904,0.00010002159251598641,-0.06174321848642596,0.6272057890892029,2.0467098502119363e-11,2.0467098502119363e-11,3.26321900374049e-11,6.52643800748098e-12,1.0000000182370097,1.0000000182370097,0.0,1,0,0,0,0,0,1.0,1.0,0.2,0.2
1,500,1,odam,fpn,0.09988296031951904,0.00010002159251598641,-0.11508378757637204,0.2643933892250061,7.767673657066432e-12,7.767673657066432e-12,2.937922797478089e-11,5.875845594956178e-12,0.9999999104500857,0.9999999104500857,0.024247681603355453,1,0,0,0,0,0,1.0,1.0,0.2,0.2
1,500,1,odam,rpn,0.09988296031951904,0.00010002159251598641,0.0,0.5784213542938232,0.0,0.0,0.0,0.0,0.9999999379186308,0.9999999379186308,0.020189161200663566,0,0,0,0,0,0,1.0,1.0,0.2,0.2
1,500,1,odam,roi_shared,0.09988296031951904,0.00010002159251598641,0.15879964959151166,0.4845331013202667,1.6502967395415347e-11,1.6502967395415347e-11,3.405952524285274e-11,6.811905048570548e-12,1.0000000561744151,1.0000000561744151,0.0,0,0,0,0,0,0,1.0,1.0,0.2,0.2
1,500,1,odam,roi_cls,0.09988296031951904,0.00010002159251598641,0.0,0.28986772894859314,0.0,0.0,0.0,0.0,1.0000000475797053,1.0000000475797053,0.0,0,0,0,0,0,0,1.0,1.0,0.2,0.2
1,500,1,odam,roi_reg,0.09988296031951904,0.00010002159251598641,0.0,0.025441983714699745,1.1610830352726254e-11,1.1610830352726254e-11,4.5636497856956827e-10,9.127299571391366e-11,1.0000000502999284,1.0000000502999284,0.0,0,0,0,0,0,0,1.0,1.0,0.2,0.2
1,600,1,odam,backbone,1.0458488464355469,0.32604095339775085,0.7531748619106234,11.298245429992676,3.103278398513794,3.103278398513794,0.27466905527434676,0.05493381105486935,1.0413748941457,0.9993984629322334,1.9874243213004177,0,0,0,0,0,0,1.0,1.0,0.2,0.2
1,600,1,odam,fpn,1.0458488464355469,0.32604095339775085,0.10454103967037993,2.4044277667999268,0.8519539833068848,0.8519539833068848,0.3543271272568764,0.07086542545137528,1.007408236902856,0.997561804625746,4.001844069011419,0,0,0,0,0,0,1.0,1.0,0.2,0.2
1,600,1,odam,rpn,1.0458488464355469,0.32604095339775085,0.0,3.5593833923339844,0.0,0.0,0.0,0.0,1.000000023706054,1.000000023706054,0.0,0,0,0,0,0,0,1.0,1.0,0.2,0.2
1,600,1,odam,roi_shared,1.0458488464355469,0.32604095339775085,-0.6930925471769025,2.0041818618774414,0.4994461238384247,0.4994461238384247,0.24920199775212143,0.04984039955042429,0.9654558777550348,0.9993081838677771,2.131365901938628,1,0,0,0,0,0,1.0,1.0,0.2,0.2
1,600,1,odam,roi_cls,1.0458488464355469,0.32604095339775085,0.0,1.2124742269515991,0.0,0.0,0.0,0.0,0.9999999026461062,0.9999999026461062,0.025282167077476297,0,0,0,0,0,0,1.0,1.0,0.2,0.2
1,600,1,odam,roi_reg,1.0458488464355469,0.32604095339775085,-0.9324153361739057,1.7013620138168335,0.40509384870529175,0.40509384870529175,0.2380997373959847,0.04761994747919694,0.9555985607365349,0.9998379861680924,1.031381983790328,1,0,0,0,0,0,1.0,1.0,0.2,0.2
1,700,1,odam,backbone,0.13110551238059998,-0.0,0.0,1.3315491676330566,0.0,0.0,0.0,0.0,0.9999999676739905,0.9999999676739905,0.014568461136753384,0,0,0,0,0,0,1.0,1.0,0.2,0.2
1,700,1,odam,fpn,0.13110551238059998,-0.0,0.0,0.6144351959228516,0.0,0.0,0.0,0.0,1.0000000646688643,1.0000000646688643,0.0,0,0,0,0,0,0,1.0,1.0,0.2,0.2
1,700,1,odam,rpn,0.13110551238059998,-0.0,0.0,0.7333506345748901,0.0,0.0,0.0,0.0,1.000000036879277,1.000000036879277,0.0,0,0,0,0,0,0,1.0,1.0,0.2,0.2
1,700,1,odam,roi_shared,0.13110551238059998,-0.0,0.0,0.8731825351715088,0.0,0.0,0.0,0.0,1.0000000454873204,1.0000000454873204,0.0,0,0,0,0,0,0,1.0,1.0,0.2,0.2
1,700,1,odam,roi_cls,0.13110551238059998,-0.0,0.0,0.5863623023033142,0.0,0.0,0.0,0.0,1.0000000033473988,1.0000000033473988,0.0,0,0,0,0,0,0,1.0,1.0,0.2,0.2
1,700,1,odam,roi_reg,0.13110551238059998,-0.0,0.0,0.0,0.0,0.0,0.0,0.0,0.0,0.0,90.0,0,0,0,1,0,0,1.0,1.0,0.2,0.2
2,0,1,odam,backbone,0.0670926496386528,0.00010002159251598641,0.0,0.7205217480659485,0.0,0.0,0.0,0.0,0.9999999595046422,0.9999999595046422,0.01630573020604004,0,0,0,0,0,0,1.0,1.0,0.2,0.2
2,0,1,odam,fpn,0.0670926496386528,0.00010002159251598641,0.0,0.23977474868297577,0.0,0.0,0.0,0.0,0.9999999692656053,0.9999999692656053,0.01420528539582053,0,0,0,0,0,0,1.0,1.0,0.2,0.2
2,0,1,odam,rpn,0.0670926496386528,0.00010002159251598641,0.0,0.304788202047348,0.0,0.0,0.0,0.0,0.9999999459757537,0.9999999459757537,0.01883354137707487,0,0,0,0,0,0,1.0,1.0,0.2,0.2
2,0,1,odam,roi_shared,0.0670926496386528,0.00010002159251598641,0.0,0.4008634686470032,0.0,0.0,0.0,0.0,1.00000005611185,1.00000005611185,0.0,0,0,0,0,0,0,1.0,1.0,0.2,0.2
2,0,1,odam,roi_cls,0.0670926496386528,0.00010002159251598641,0.0,0.2685213088989258,0.0,0.0,0.0,0.0,0.9999999070496094,0.9999999070496094,0.02470377045095196,0,0,0,0,0,0,1.0,1.0,0.2,0.2
2,0,1,odam,roi_reg,0.0670926496386528,0.00010002159251598641,0.0,0.007942325435578823,0.0,0.0,0.0,0.0,1.0000000594489082,1.0000000594489082,0.0,0,0,0,0,0,0,1.0,1.0,0.2,0.2
2,100,1,odam,backbone,0.06810015439987183,0.0,0.0,0.8397075533866882,0.0,0.0,0.0,0.0,1.0000000654897558,1.0000000654897558,0.0,0,0,0,0,0,0,1.0,1.0,0.2,0.2
2,100,1,odam,fpn,0.06810015439987183,0.0,0.0,0.32404768466949463,0.0,0.0,0.0,0.0,1.0000000140019145,1.0000000140019145,0.0,0,0,0,0,0,0,1.0,1.0,0.2,0.2
2,100,1,odam,rpn,0.06810015439987183,0.0,0.0,0.398364782333374,0.0,0.0,0.0,0.0,0.9999999432044,0.9999999432044,0.019310564885593032,0,0,0,0,0,0,1.0,1.0,0.2,0.2
2,100,1,odam,roi_shared,0.06810015439987183,0.0,0.0,0.4952159821987152,0.0,0.0,0.0,0.0,1.0000000055344846,1.0000000055344846,0.0,0,0,0,0,0,0,1.0,1.0,0.2,0.2
2,100,1,odam,roi_cls,0.06810015439987183,0.0,0.0,0.33812326192855835,0.0,0.0,0.0,0.0,1.0000000744485318,1.0000000744485318,0.0,0,0,0,0,0,0,1.0,1.0,0.2,0.2
2,100,1,odam,roi_reg,0.06810015439987183,0.0,0.0,0.0,0.0,0.0,0.0,0.0,0.0,0.0,90.0,0,0,0,1,0,0,1.0,1.0,0.2,0.2
2,200,1,odam,backbone,0.08870407938957214,1.764632225036621,-0.21932502431494638,0.5527938008308411,5.099010944366455,5.099010944366455,9.224074033939447,1.8448148067878896,0.5953856820615065,0.31405267723805186,71.69636573810224,1,1,1,0,0,0,1.0,1.0,0.2,0.2
2,200,1,odam,fpn,0.08870407938957214,1.764632225036621,-0.004010107960418706,0.22409658133983612,3.434692859649658,3.434692859649658,15.326841842540398,3.06536836850808,0.9877074981226639,0.30668972722021726,72.14014913813031,1,1,1,0,0,0,1.0,1.0,0.2,0.2
2,200,1,odam,rpn,0.08870407938957214,1.764632225036621,0.0,0.21480849385261536,0.0,0.0,0.0,0.0,1.0000000184748632,1.0000000184748632,0.0,0,0,0,0,0,0,1.0,1.0,0.2,0.2
2,200,1,odam,roi_shared,0.08870407938957214,1.764632225036621,-0.07242240511838575,0.4549878239631653,6.552468776702881,6.552468776702881,14.401415667847306,2.8802831335694616,0.7914030256049933,0.26559484144774165,74.597698638753,1,1,1,0,0,0,1.0,1.0,0.2,0.2
2,200,1,odam,roi_cls,0.08870407938957214,1.764632225036621,0.0,0.3010915517807007,0.0,0.0,0.0,0.0,0.9999999343794418,0.9999999343794418,0.020756665798598105,0,0,0,0,0,0,1.0,1.0,0.2,0.2
2,200,1,odam,roi_reg,0.08870407938957214,1.764632225036621,0.6829795756231067,0.0238491240888834,5.550759315490723,5.550759315490723,232.7447873894058,46.54895747788116,32.79198387129308,0.6941926611488578,46.03708239675812,0,1,1,0,0,0,1.0,1.0,0.2,0.2
2,300,1,odam,backbone,0.14358292520046234,1.4591147899627686,0.21680066201785295,0.7014512419700623,7.538018703460693,7.538018703460693,10.746318849318417,2.1492637698636834,1.46596165133662,0.5727436141467173,55.05823123222407,0,1,1,0,0,0,1.0,1.0,0.2,0.2
2,300,1,odam,fpn,0.14358292520046234,1.4591147899627686,0.23271657510866944,0.3315006196498871,2.1042990684509277,2.1042990684509277,6.347798295741872,1.2695596591483744,1.2954475716887055,0.7238744879452584,43.62470114260641,0,1,1,0,0,0,1.0,1.0,0.2,0.2
2,300,1,odam,rpn,0.14358292520046234,1.4591147899627686,0.0,0.4189227223396301,0.0,0.0,0.0,0.0,1.000000017655988,1.000000017655988,0.0,0,0,0,0,0,0,1.0,1.0,0.2,0.2
2,300,1,odam,roi_shared,0.14358292520046234,1.4591147899627686,-0.10994489280734239,0.45937061309814453,3.694913148880005,3.694913148880005,8.043425163748093,1.6086850327496187,0.8231332286324785,0.4577107422523337,62.760515741757935,1,1,1,0,0,0,1.0,1.0,0.2,0.2
2,300,1,odam,roi_cls,0.14358292520046234,1.4591147899627686,0.0,0.3022810220718384,0.0,0.0,0.0,0.0,0.9999999165753312,0.9999999165753312,0.023403719209667787,0,0,0,0,0,0,1.0,1.0,0.2,0.2
2,300,1,odam,roi_reg,0.14358292520046234,1.4591147899627686,-0.03281228336515462,0.04466835781931877,1.7368042469024658,1.7368042469024658,38.88220502593246,7.776441005186492,0.7448371611669183,0.09539579341421832,84.52589943341042,1,1,1,0,0,0,1.0,1.0,0.2,0.2
2,400,1,odam,backbone,0.09423622488975525,1.2381629943847656,0.10081938288885987,0.47942808270454407,7.165994644165039,7.165994644165039,14.946964732938284,2.9893929465876568,1.301388756949653,0.40086874427730435,66.36750088277948,0,1,1,0,0,0,1.0,1.0,0.2,0.2
2,400,1,odam,fpn,0.09423622488975525,1.2381629943847656,0.25377533264595475,0.2123340517282486,1.7130811214447021,1.7130811214447021,8.067858675993966,1.6135717351987935,1.4094847920606919,0.6702276966572208,47.915359028810805,0,1,1,0,0,0,1.0,1.0,0.2,0.2
2,400,1,odam,rpn,0.09423622488975525,1.2381629943847656,0.0,0.21946555376052856,0.0,0.0,0.0,0.0,1.0000000430368818,1.0000000430368818,0.0,0,0,0,0,0,0,1.0,1.0,0.2,0.2
2,400,1,odam,roi_shared,0.09423622488975525,1.2381629943847656,-0.017658258859627414,0.21081489324569702,4.274377346038818,4.274377346038818,20.275499895812334,4.055099979162467,0.9283941888944249,0.22320376346376694,77.10272455538662,1,1,1,0,0,0,1.0,1.0,0.2,0.2
2,400,1,odam,roi_cls,0.09423622488975525,1.2381629943847656,0.0,0.12304764240980148,0.0,0.0,0.0,0.0,0.9999999519055521,0.9999999519055521,0.017769904902907703,0,0,0,0,0,0,1.0,1.0,0.2,0.2
2,400,1,odam,roi_reg,0.09423622488975525,1.2381629943847656,0.0897379673498821,0.03523000702261925,1.7882874011993408,1.7882874011993408,50.760347565391626,10.152069513078327,1.9110260749862933,0.18571465759918193,79.29719866380364,0,1,1,0,0,0,1.0,1.0,0.2,0.2
2,500,1,odam,backbone,0.10104073584079742,0.07961897552013397,0.11765645492419703,0.7658740878105164,1.5743186473846436,1.5743186473846436,2.0555841651273403,0.4111168330254681,1.048370479557666,0.9318359031094068,21.27716859663429,0,1,0,0,0,0,1.0,1.0,0.2,0.2
2,500,1,odam,fpn,0.10104073584079742,0.07961897552013397,0.10218645481164355,0.2761990427970886,0.7730558514595032,0.7730558514595032,2.7989085104376468,0.5597817020875293,1.0572020504390982,0.8847701059709028,27.776756270387008,0,1,0,0,0,0,1.0,1.0,0.2,0.2
2,500,1,odam,rpn,0.10104073584079742,0.07961897552013397,0.0,0.30239197611808777,0.0,0.0,0.0,0.0,1.0000000966831966,1.0000000966831966,0.0,0,0,0,0,0,0,1.0,1.0,0.2,0.2
2,500,1,odam,roi_shared,0.10104073584079742,0.07961897552013397,0.23189493328504152,0.2916952669620514,0.17817454040050507,0.17817454040050507,0.6108242422174268,0.12216484844348538,1.028329441116278,0.9933889396405403,6.591932386885716,0,0,0,0,0,0,1.0,1.0,0.2,0.2
2,500,1,odam,roi_cls,0.10104073584079742,0.07961897552013397,0.0,0.09970860183238983,0.0,0.0,0.0,0.0,0.9999999873981746,0.9999999873981746,0.009096081838212216,0,0,0,0,0,0,1.0,1.0,0.2,0.2
2,500,1,odam,roi_reg,0.10104073584079742,0.07961897552013397,0.5505418128361848,0.05753013491630554,0.12329574674367905,0.12329574674367905,2.1431506622233525,0.4286301324446705,1.2359788243684005,0.9605559000527764,16.14606222502714,0,1,0,0,0,0,1.0,1.0,0.2,0.2
2,600,1,odam,backbone,0.09927667677402496,0.29759955406188965,-0.3181618878014129,1.0122778415679932,1.2144490480422974,1.2144490480422974,1.1997190871640004,0.2399438174328001,0.9236591216604374,0.9709873694025086,13.835243801614364,1,1,0,0,0,0,1.0,1.0,0.2,0.2
2,600,1,odam,fpn,0.09927667677402496,0.29759955406188965,0.0640296433324785,0.25495707988739014,0.9419240355491638,0.9419240355491638,3.694441574108059,0.7388883148216119,1.047310860245987,0.8176683950946918,35.14793232358949,0,1,0,0,0,0,1.0,1.0,0.2,0.2
2,600,1,odam,rpn,0.09927667677402496,0.29759955406188965,0.0,0.19858795404434204,0.0,0.0,0.0,0.0,0.9999999823907368,0.9999999823907368,0.010752469584818165,0,0,0,0,0,0,1.0,1.0,0.2,0.2
2,600,1,odam,roi_shared,0.09927667677402496,0.29759955406188965,-0.06388951435718256,0.45056623220443726,0.06078070402145386,0.06078070402145386,0.13489848922782918,0.026979697845565837,0.9982761920022148,0.9996363485976405,1.5452310469359016,1,0,0,0,0,0,1.0,1.0,0.2,0.2
2,600,1,odam,roi_cls,0.09927667677402496,0.29759955406188965,0.0,0.22153519093990326,0.0,0.0,0.0,0.0,1.0000000317821114,1.0000000317821114,0.0,0,0,0,0,0,0,1.0,1.0,0.2,0.2
2,600,1,odam,roi_reg,0.09927667677402496,0.29759955406188965,-0.36243256476956726,0.06772317737340927,0.05842820927500725,0.05842820927500725,0.8627505610501437,0.17255011221002875,0.9374622607944476,0.9856028383537428,9.734160484738387,1,0,0,0,0,0,1.0,1.0,0.2,0.2
2,700,1,odam,backbone,0.3483263850212097,0.3650941252708435,-0.3655313472966494,2.7220020294189453,1.4591294527053833,1.4591294527053833,0.5360500972943277,0.10721001945886556,0.9608112658811674,0.9946497672333137,5.929496133887049,1,0,0,0,0,0,1.0,1.0,0.2,0.2
2,700,1,odam,fpn,0.3483263850212097,0.3650941252708435,-0.22218824313155955,0.6134213805198669,0.6728882193565369,0.6728882193565369,1.0969428857961758,0.21938857715923515,0.9512545360225886,0.9756378435756807,12.67305017802466,1,1,0,0,0,0,1.0,1.0,0.2,0.2
2,700,1,odam,rpn,0.3483263850212097,0.3650941252708435,0.0,0.33671724796295166,0.0,0.0,0.0,0.0,1.0000000423657762,1.0000000423657762,0.0,0,0,0,0,0,0,1.0,1.0,0.2,0.2
2,700,1,odam,roi_shared,0.3483263850212097,0.3650941252708435,-0.8266850185078684,0.937563419342041,0.394214004278183,0.394214004278183,0.4204664944744033,0.08409329889488068,0.9304814064403591,0.9987096035601063,2.911024900816284,1,0,0,0,0,0,1.0,1.0,0.2,0.2
2,700,1,odam,roi_cls,0.3483263850212097,0.3650941252708435,0.0,0.1603490263223648,0.0,0.0,0.0,0.0,0.9999999989801261,0.9999999989801261,0.002587681726274703,0,0,0,0,0,0,1.0,1.0,0.2,0.2
2,700,1,odam,roi_reg,0.3483263850212097,0.3650941252708435,-0.801529115225561,0.5406420230865479,0.23097336292266846,0.23097336292266846,0.4272205138698466,0.08544410277396933,0.9315140394600832,0.9984992009510578,3.139447564683123,1,0,0,0,0,0,1.0,1.0,0.2,0.2
3,0,1,odam,backbone,0.1037440076470375,0.00010002159251598641,0.28430342052111307,0.8235493302345276,3.4762737133320343e-10,3.4762737133320343e-10,4.2210874148146934e-10,8.442174829629388e-11,1.0000000073213873,1.0000000073213873,0.0,0,0,0,0,0,0,1.0,1.0,0.2,0.2
3,0,1,odam,fpn,0.1037440076470375,0.00010002159251598641,0.25985166000682863,0.22794166207313538,1.1715077519180994e-10,1.1715077519180994e-10,5.139506930252266e-10,1.0279013860504533e-10,0.9999999488882627,0.9999999488882627,0.018318839327601557,0,0,0,0,0,0,1.0,1.0,0.2,0.2
3,0,1,odam,rpn,0.1037440076470375,0.00010002159251598641,0.0,0.3050974905490875,0.0,0.0,0.0,0.0,0.9999999801130027,0.9999999801130027,0.011426737166915184,0,0,0,0,0,0,1.0,1.0,0.2,0.2
3,0,1,odam,roi_shared,0.1037440076470375,0.00010002159251598641,0.28562922061603513,0.43617546558380127,2.2804209909299544e-10,2.2804209909299544e-10,5.228219308203668e-10,1.0456438616407337e-10,0.9999999424146361,0.9999999424146361,0.01944436165907255,0,0,0,0,0,0,1.0,1.0,0.2,0.2
3,0,1,odam,roi_cls,0.1037440076470375,0.00010002159251598641,0.0,0.2661481201648712,0.0,0.0,0.0,0.0,0.999999910141258,0.999999910141258,0.02428945669499006,0,0,0,0,0,0,1.0,1.0,0.2,0.2
3,0,1,odam,roi_reg,0.1037440076470375,0.00010002159251598641,0.8217791555702182,0.07597660273313522,1.3371218021696052e-10,1.3371218021696052e-10,1.7599125968637898e-09,3.5198251937275795e-10,1.0000000444688868,1.0000000444688868,0.0,0,0,0,0,0,0,1.0,1.0,0.2,0.2
3,100,1,odam,backbone,0.13467615842819214,0.00010002159251598641,0.0,0.4973554015159607,0.0,0.0,0.0,0.0,0.9999999787496323,0.9999999787496323,0.011811929751947992,0,0,0,0,0,0,1.0,1.0,0.2,0.2
3,100,1,odam,fpn,0.13467615842819214,0.00010002159251598641,0.0,0.2477041482925415,0.0,0.0,0.0,0.0,1.000000005715855,1.000000005715855,0.0,0,0,0,0,0,0,1.0,1.0,0.2,0.2
3,100,1,odam,rpn,0.13467615842819214,0.00010002159251598641,0.0,0.3331122100353241,0.0,0.0,0.0,0.0,0.9999999547611551,0.9999999547611551,0.01723428956468152,0,0,0,0,0,0,1.0,1.0,0.2,0.2
3,100,1,odam,roi_shared,0.13467615842819214,0.00010002159251598641,0.0,0.35922905802726746,0.0,0.0,0.0,0.0,1.000000000940442,1.000000000940442,0.0,0,0,0,0,0,0,1.0,1.0,0.2,0.2
3,100,1,odam,roi_cls,0.13467615842819214,0.00010002159251598641,0.0,0.1915522962808609,0.0,0.0,0.0,0.0,1.0000000500686461,1.0000000500686461,0.0,0,0,0,0,0,0,1.0,1.0,0.2,0.2
3,100,1,odam,roi_reg,0.13467615842819214,0.00010002159251598641,0.0,0.06672824174165726,0.0,0.0,0.0,0.0,0.9999999191306509,0.9999999191306509,0.023042500573724763,0,0,0,0,0,0,1.0,1.0,0.2,0.2
3,200,1,odam,backbone,0.2883414328098297,0.7167652249336243,-0.3330216051082388,4.0927276611328125,6.345062732696533,6.345062732696533,1.5503261536195898,0.310065230723918,0.8967418014507827,0.9507454748100264,18.057582103637603,1,1,0,0,0,0,1.0,1.0,0.2,0.2
3,200,1,odam,fpn,0.2883414328098297,0.7167652249336243,0.049325930716524316,0.6821602582931519,3.2063918113708496,3.2063918113708496,4.7003497673605805,0.9400699534721162,1.0463698937795805,0.7442862733151956,41.90216820949117,0,1,0,0,0,0,1.0,1.0,0.2,0.2
3,200,1,odam,rpn,0.2883414328098297,0.7167652249336243,0.0,0.6979156136512756,0.0,0.0,0.0,0.0,1.0000000671311593,1.0000000671311593,0.0,0,0,0,0,0,0,1.0,1.0,0.2,0.2
3,200,1,odam,roi_shared,0.2883414328098297,0.7167652249336243,-0.16811312454310656,0.8886594772338867,1.4432581663131714,1.4432581663131714,1.6240845940287199,0.324816918805744,0.945394011737018,0.9471506824139589,18.710647179234375,1,1,0,0,0,0,1.0,1.0,0.2,0.2
3,200,1,odam,roi_cls,0.2883414328098297,0.7167652249336243,0.0,0.3307219445705414,0.0,0.0,0.0,0.0,0.9999999280934754,0.9999999280934754,0.02172810154939257,0,0,0,0,0,0,1.0,1.0,0.2,0.2
3,200,1,odam,roi_reg,0.2883414328098297,0.7167652249336243,-0.22581153541815627,0.2618842124938965,0.8696893453598022,0.8696893453598022,3.3208926077591308,0.6641785215518262,0.8500209505159029,0.795707605183901,37.27785809169876,1,1,0,0,0,0,1.0,1.0,0.2,0.2
3,300,1,odam,backbone,0.13104012608528137,1.3327486515045166,-0.27693875118769556,0.5323634743690491,21.591964721679688,21.591964721679688,40.558689243791996,8.1117378487584,-1.2464550468300382,-0.15790899809060727,99.08554777776546,1,1,1,1,0,0,1.0,1.0,0.2,0.2
3,300,1,odam,fpn,0.13104012608528137,1.3327486515045166,-0.11258828975215332,0.2545570731163025,5.354823112487793,5.354823112487793,21.035844916559327,4.207168983311866,0.5263220868190017,0.1249156153095302,82.82411730010075,1,1,1,0,0,0,1.0,1.0,0.2,0.2
3,300,1,odam,rpn,0.13104012608528137,1.3327486515045166,0.0,0.22002866864204407,0.0,0.0,0.0,0.0,0.9999999699726968,0.9999999699726968,0.014040927470093407,0,0,0,0,0,0,1.0,1.0,0.2,0.2
3,300,1,odam,roi_shared,0.13104012608528137,1.3327486515045166,-0.35380978651560074,0.5410346388816833,7.320052146911621,7.320052146911621,13.529729190800321,2.7059458381600643,0.042609982050381745,0.01683339400189619,89.0354720132041,1,1,1,0,0,0,1.0,1.0,0.2,0.2
3,300,1,odam,roi_cls,0.13104012608528137,1.3327486515045166,0.0,0.25281110405921936,0.0,0.0,0.0,0.0,1.0000000431831075,1.0000000431831075,0.0,0,0,0,0,0,0,1.0,1.0,0.2,0.2
3,300,1,odam,roi_reg,0.13104012608528137,1.3327486515045166,-0.14263627483916372,0.04609154909849167,3.7333712577819824,3.7333712577819824,80.99904062248487,16.199808124496975,-1.3106802435248741,-0.08147121678808703,94.6731363325714,1,1,1,1,0,0,1.0,1.0,0.2,0.2
3,400,1,odam,backbone,0.08916227519512177,0.4330228865146637,-0.10584605156994084,0.6634401679039001,1.5617790222167969,1.5617790222167969,2.354061598578128,0.4708123197156257,0.950166419663728,0.897023478751899,26.2304661677543,1,1,0,0,0,0,1.0,1.0,0.2,0.2
3,400,1,odam,fpn,0.08916227519512177,0.4330228865146637,-0.1142825859153567,0.28113335371017456,0.8749727606773376,0.8749727606773376,3.112305064945666,0.6224610129891333,0.9288635574731675,0.8324055754383373,33.65335238330808,1,1,0,0,0,0,1.0,1.0,0.2,0.2
3,400,1,odam,rpn,0.08916227519512177,0.4330228865146637,0.0,0.1857673078775406,0.0,0.0,0.0,0.0,0.9999999565146948,0.9999999565146948,0.016896972345774953,0,0,0,0,0,0,1.0,1.0,0.2,0.2
3,400,1,odam,roi_shared,0.08916227519512177,0.4330228865146637,-0.2571391555620138,0.5451806783676147,2.326918865924732e-11,2.326918865924732e-11,4.268160920324643e-11,8.536321840649287e-12,0.9999999548211899,0.9999999548211899,0.017222850282222167,1,0,0,0,0,0,1.0,1.0,0.2,0.2
3,400,1,odam,roi_cls,0.08916227519512177,0.4330228865146637,0.0,0.33933958411216736,0.0,0.0,0.0,0.0,1.0000000632695158,1.0000000632695158,0.0,0,0,0,0,0,0,1.0,1.0,0.2,0.2
3,400,1,odam,roi_reg,0.08916227519512177,0.4330228865146637,0.0,0.011487904004752636,8.117359215353837e-12,8.117359215353837e-12,7.066005436671146e-10,1.4132010873342294e-10,1.000000049374149,1.000000049374149,0.0,0,0,0,0,0,0,1.0,1.0,0.2,0.2
3,500,1,odam,backbone,0.10040030628442764,1.2331061363220215,0.07163558533657562,0.40999382734298706,14.324074745178223,14.324074745178223,34.93729366124135,6.98745873224827,1.5005508058539108,0.21047913040503707,77.8495680199366,0,1,1,0,0,0,1.0,1.0,0.2,0.2
3,500,1,odam,fpn,0.10040030628442764,1.2331061363220215,-0.1207000859333437,0.22303010523319244,2.8890085220336914,2.8890085220336914,12.953446437255838,2.5906892874511676,0.687303632812227,0.2581900779026787,75.03730516805648,1,1,1,0,0,0,1.0,1.0,0.2,0.2
3,500,1,odam,rpn,0.10040030628442764,1.2331061363220215,0.0,0.1941976696252823,0.0,0.0,0.0,0.0,0.9999999815637741,0.9999999815637741,0.011002050679094993,0,0,0,0,0,0,1.0,1.0,0.2,0.2
3,500,1,odam,roi_shared,0.10040030628442764,1.2331061363220215,-0.1695242047181431,0.2999936640262604,4.6360249519348145,4.6360249519348145,15.453742888146442,3.0907485776292885,0.47604324865193975,0.15440969844446348,81.11743768686944,1,1,1,0,0,0,1.0,1.0,0.2,0.2
3,500,1,odam,roi_cls,0.10040030628442764,1.2331061363220215,0.0,0.1496015191078186,0.0,0.0,0.0,0.0,1.0000000892070164,1.0000000892070164,0.0,0,0,0,0,0,0,1.0,1.0,0.2,0.2
3,500,1,odam,roi_reg,0.10040030628442764,1.2331061363220215,0.1885920755997938,0.04107761010527611,1.6274511814117432,1.6274511814117432,39.61893540643713,7.923787081287426,2.4943633433428616,0.3052476736142154,72.22693483977612,0,1,1,0,0,0,1.0,1.0,0.2,0.2
3,600,1,odam,backbone,0.3240647614002228,0.9651080965995789,-0.5134210209413873,0.47426527738571167,4.855043888092041,4.855043888092041,10.236979428168254,2.0473958856336507,-0.051176113136366774,-0.029115531256005737,91.66843284158386,1,1,1,1,0,0,1.0,1.0,0.2,0.2
3,600,1,odam,fpn,0.3240647614002228,0.9651080965995789,-0.12261864851790992,0.1758757382631302,1.7768168449401855,1.7768168449401855,10.102683078901222,2.0205366157802445,0.7522445154945816,0.3512302409759732,69.43741938111863,1,1,1,0,0,0,1.0,1.0,0.2,0.2
3,600,1,odam,rpn,0.3240647614002228,0.9651080965995789,0.0,0.2969658076763153,0.0,0.0,0.0,0.0,1.0000000226617973,1.0000000226617973,0.0,0,0,0,0,0,0,1.0,1.0,0.2,0.2
3,600,1,odam,roi_shared,0.3240647614002228,0.9651080965995789,-0.026382678999104615,0.3940783739089966,2.4440720081329346,2.4440720081329346,6.201994755229419,1.240398951045884,0.9672749693096517,0.6150715638075835,52.0428795733925,1,1,1,0,0,0,1.0,1.0,0.2,0.2
3,600,1,odam,roi_cls,0.3240647614002228,0.9651080965995789,0.0,0.12047962844371796,0.0,0.0,0.0,0.0,1.000000026840761,1.000000026840761,0.0,0,0,0,0,0,0,1.0,1.0,0.2,0.2
3,600,1,odam,roi_reg,0.3240647614002228,0.9651080965995789,0.47965189128780306,0.19969786703586578,1.184114933013916,1.184114933013916,5.9295322007683176,1.1859064401536636,1.5688222048876592,0.8333467862922327,33.555915310712415,0,1,1,0,0,0,1.0,1.0,0.2,0.2
3,700,1,odam,backbone,0.40648749470710754,0.4309461712837219,0.02997352584273812,0.9595972299575806,1.3278932571411133,1.3278932571411133,1.3838027202306673,0.2767605440461335,1.0082954161061481,0.9643629513866053,15.342168670628311,0,1,0,0,0,0,1.0,1.0,0.2,0.2
3,700,1,odam,fpn,0.40648749470710754,0.4309461712837219,-0.09090782302238037,0.37908607721328735,0.9678228497505188,0.9678228497505188,2.553042456386461,0.5106084912772922,0.953581693495572,0.882384723701664,28.068617056125113,1,1,0,0,0,0,1.0,1.0,0.2,0.2
3,700,1,odam,rpn,0.40648749470710754,0.4309461712837219,0.0,0.7122008204460144,0.0,0.0,0.0,0.0,1.0000000685434187,1.0000000685434187,0.0,0,0,0,0,0,0,1.0,1.0,0.2,0.2
3,700,1,odam,roi_shared,0.40648749470710754,0.4309461712837219,-0.08669634632592882,0.8797018527984619,0.03561726585030556,0.03561726585030556,0.04048788318110478,0.008097576636220957,0.9992979613140761,0.9999673638727858,0.46290100113422605,1,0,0,0,0,0,1.0,1.0,0.2,0.2
3,700,1,odam,roi_cls,0.40648749470710754,0.4309461712837219,0.0,0.3368760049343109,0.0,0.0,0.0,0.0,1.0000000472476283,1.0000000472476283,0.0,0,0,0,0,0,0,1.0,1.0,0.2,0.2
3,700,1,odam,roi_reg,0.40648749470710754,0.4309461712837219,-0.5753614045698813,0.15358078479766846,0.033943019807338715,0.033943019807338715,0.22101085010117758,0.044202170020235514,0.9745678090034409,0.999312710686127,2.1243804834672733,1,0,0,0,0,0,1.0,1.0,0.2,0.2
4,0,1,odam,backbone,0.23834677040576935,0.1987668126821518,0.38929959424423044,0.609915554523468,0.8954015970230103,0.8954015970230103,1.4680747037556614,0.2936149407511323,1.1143044102649466,0.9717866927284161,13.64240776276065,0,1,0,0,0,0,1.0,1.0,0.2,0.2
4,0,1,odam,fpn,0.23834677040576935,0.1987668126821518,0.10559939449820001,0.2890682518482208,0.5429418683052063,0.5429418683052063,1.8782480083294835,0.3756496016658967,1.039668302095967,0.941098150409276,19.763198211906413,0,1,0,0,0,0,1.0,1.0,0.2,0.2
4,0,1,odam,rpn,0.23834677040576935,0.1987668126821518,0.0,0.22422637045383453,0.0,0.0,0.0,0.0,0.9999999778206313,0.9999999778206313,0.012067358666639447,0,0,0,0,0,0,1.0,1.0,0.2,0.2
4,0,1,odam,roi_shared,0.23834677040576935,0.1987668126821518,0.02722418636477989,0.5328561663627625,0.1169881820678711,0.1169881820678711,0.21954926948940826,0.04390985389788166,1.0011954133016774,0.9990402868713458,2.510400931997702,0,0,0,0,0,0,1.0,1.0,0.2,0.2
4,0,1,odam,roi_cls,0.23834677040576935,0.1987668126821518,0.0,0.21938911080360413,0.0,0.0,0.0,0.0,0.9999999887115366,0.9999999887115366,0.008609046330000758,0,0,0,0,0,0,1.0,1.0,0.2,0.2
4,0,1,odam,roi_reg,0.23834677040576935,0.1987668126821518,-0.5903367775898485,0.10099099576473236,0.14038875699043274,0.14038875699043274,1.390111622599316,0.2780223245198632,0.8358731372691731,0.9657996881622004,15.027898340797266,1,1,0,0,0,0,1.0,1.0,0.2,0.2
4,100,1,odam,backbone,0.14107677340507507,0.25557926297187805,0.6861939490306775,0.9120001792907715,2.8776209354400635,2.8776209354400635,3.1552854931211547,0.631057098624231,1.4330272593447002,0.9523324223317104,17.761907180127963,0,1,0,0,0,0,1.0,1.0,0.2,0.2
4,100,1,odam,fpn,0.14107677340507507,0.25557926297187805,0.5007103903846939,0.3278956711292267,0.8323076367378235,0.8323076367378235,2.5383306643587966,0.5076661328717593,1.2541936463339838,0.9437467741937315,19.309389635360596,0,1,0,0,0,0,1.0,1.0,0.2,0.2
4,100,1,odam,rpn,0.14107677340507507,0.25557926297187805,0.0,0.3399563729763031,0.0,0.0,0.0,0.0,1.0000000091119678,1.0000000091119678,0.0,0,0,0,0,0,0,1.0,1.0,0.2,0.2
4,100,1,odam,roi_shared,0.14107677340507507,0.25557926297187805,0.5435720357696815,0.22982247173786163,8.992674660479594e-12,8.992674660479594e-12,3.912878750489095e-11,7.82575750097819e-12,1.0000000114478964,1.0000000114478964,0.0,0,0,0,0,0,0,1.0,1.0,0.2,0.2
4,100,1,odam,roi_cls,0.14107677340507507,0.25557926297187805,0.0,0.0937923863530159,0.0,0.0,0.0,0.0,1.0000000604413783,1.0000000604413783,0.0,0,0,0,0,0,0,1.0,1.0,0.2,0.2
4,100,1,odam,roi_reg,0.14107677340507507,0.25557926297187805,0.0,0.10377955436706543,3.281353487538663e-12,3.281353487538663e-12,3.1618496606109964e-11,6.323699321221994e-12,0.9999999312138531,0.9999999312138531,0.021251428299792877,0,0,0,0,0,0,1.0,1.0,0.2,0.2
4,200,1,odam,backbone,0.15618985891342163,0.36859411001205444,0.3812297727144466,0.7098187804222107,1.0709079504013062,1.0709079504013062,1.5087061373105883,0.3017412274621177,1.1150326774123087,0.970102406605021,14.0457118982271,0,1,0,0,0,0,1.0,1.0,0.2,0.2
4,200,1,odam,fpn,0.15618985891342163,0.36859411001205444,0.16092368875288318,0.23691599071025848,0.8662969470024109,0.8662969470024109,3.6565575181536287,0.7313115036307257,1.1176851845457514,0.8400591735194696,32.853631274229016,0,1,0,0,0,0,1.0,1.0,0.2,0.2
4,200,1,odam,rpn,0.15618985891342163,0.36859411001205444,0.0,0.2907549738883972,0.0,0.0,0.0,0.0,1.0000000583993343,1.0000000583993343,0.0,0,0,0,0,0,0,1.0,1.0,0.2,0.2
4,200,1,odam,roi_shared,0.15618985891342163,0.36859411001205444,-0.11616087284311759,0.2873364984989166,0.019349930807948112,0.019349930807948112,0.06734240484252671,0.013468480968505343,0.9984356187770191,0.999910374139149,0.7671098229725319,1,0,0,0,0,0,1.0,1.0,0.2,0.2
4,200,1,odam,roi_cls,0.15618985891342163,0.36859411001205444,0.0,0.12981857359409332,0.0,0.0,0.0,0.0,0.9999999537350672,0.9999999537350672,0.01742864402433598,0,0,0,0,0,0,1.0,1.0,0.2,0.2
4,200,1,odam,roi_reg,0.15618985891342163,0.36859411001205444,-0.21338907194015702,0.04454527050256729,0.019170720130205154,0.019170720130205154,0.43036488304858944,0.0860729766097179,0.9816328005738545,0.9963508424611819,4.896278274837541,1,0,0,0,0,0,1.0,1.0,0.2,0.2
4,300,1,odam,backbone,0.13694772124290466,0.09426204115152359,0.16490886138305363,0.5399961471557617,1.457934856414795,1.457934856414795,2.699898627229009,0.5399797254458019,1.089047283348413,0.8983310037693123,26.060454985460286,0,1,0,0,0,0,1.0,1.0,0.2,0.2
4,300,1,odam,fpn,0.13694772124290466,0.09426204115152359,-0.004456781350809847,0.21900174021720886,0.7562325596809387,0.7562325596809387,3.4530892719432145,0.690617854388643,0.9969220483635968,0.822024565944811,34.712022883080145,1,1,0,0,0,0,1.0,1.0,0.2,0.2
4,300,1,odam,rpn,0.13694772124290466,0.09426204115152359,0.0,0.24449953436851501,0.0,0.0,0.0,0.0,0.9999999658807531,0.9999999658807531,0.01496708929129192,0,0,0,0,0,0,1.0,1.0,0.2,0.2
4,300,1,odam,roi_shared,0.13694772124290466,0.09426204115152359,0.008276956909982614,0.21861910820007324,0.07087621837854385,0.07087621837854385,0.3241995585933879,0.06483991171867758,1.0005365992270652,0.9979068306048539,3.7077940376201357,0,0,0,0,0,0,1.0,1.0,0.2,0.2
4,300,1,odam,roi_cls,0.13694772124290466,0.09426204115152359,0.0,0.07792941480875015,0.0,0.0,0.0,0.0,1.0000000269206877,1.0000000269206877,0.0,0,0,0,0,0,0,1.0,1.0,0.2,0.2
4,300,1,odam,roi_reg,0.13694772124290466,0.09426204115152359,-0.05310349345931166,0.08477497100830078,0.06212082877755165,0.06212082877755165,0.7327732234962258,0.14655464469924517,0.9922173153759128,0.9892968028279102,8.390397131677956,1,0,0,0,0,0,1.0,1.0,0.2,0.2
4,400,1,odam,backbone,0.4037388563156128,0.3663746118545532,-0.09453237183482244,0.6475626826286316,1.148514747619629,1.148514747619629,1.7735962531959033,0.3547192506391807,0.966467369470417,0.9392653038365071,20.071462416115963,1,1,0,0,0,0,1.0,1.0,0.2,0.2
4,400,1,odam,fpn,0.4037388563156128,0.3663746118545532,-0.16770083915727368,0.32169395685195923,0.8231648206710815,0.8231648206710815,2.5588445264139508,0.5117689052827902,0.9141759345462019,0.8755175746202195,28.893710288024014,1,1,0,0,0,0,1.0,1.0,0.2,0.2
4,400,1,odam,rpn,0.4037388563156128,0.3663746118545532,0.0,0.2934280037879944,0.0,0.0,0.0,0.0,1.0000000436215093,1.0000000436215093,0.0,0,0,0,0,0,0,1.0,1.0,0.2,0.2
4,400,1,odam,roi_shared,0.4037388563156128,0.3663746118545532,0.08752931535181183,0.6650850772857666,0.06837189942598343,0.06837189942598343,0.10280173433602108,0.02056034686720422,1.0017995929263115,0.9997911001000146,1.1711548112942411,0,0,0,0,0,0,1.0,1.0,0.2,0.2
4,400,1,odam,roi_cls,0.4037388563156128,0.3663746118545532,0.0,0.3568829298019409,0.0,0.0,0.0,0.0,0.99999999721318,0.99999999721318,0.004277520400118033,0,0,0,0,0,0,1.0,1.0,0.2,0.2
4,400,1,odam,roi_reg,0.4037388563156128,0.3663746118545532,0.13853759481276576,0.12208771705627441,0.057837311178445816,0.057837311178445816,0.4737357088247183,0.09474714176494367,1.0131260801708457,0.9957383870303617,5.291502267292155,0,0,0,0,0,0,1.0,1.0,0.2,0.2
4,500,1,odam,backbone,0.059086885303258896,-0.0,0.0,0.49730804562568665,0.0,0.0,0.0,0.0,1.00000004143354,1.00000004143354,0.0,0,0,0,0,0,0,1.0,1.0,0.2,0.2
4,500,1,odam,fpn,0.059086885303258896,-0.0,0.0,0.31259363889694214,0.0,0.0,0.0,0.0,0.9999999865152193,0.9999999865152193,0.009409348960447228,0,0,0,0,0,0,1.0,1.0,0.2,0.2
4,500,1,odam,rpn,0.059086885303258896,-0.0,0.0,0.3178187608718872,0.0,0.0,0.0,0.0,1.0000000800712177,1.0000000800712177,0.0,0,0,0,0,0,0,1.0,1.0,0.2,0.2
4,500,1,odam,roi_shared,0.059086885303258896,-0.0,0.0,0.3421946167945862,0.0,0.0,0.0,0.0,0.9999999235327919,0.9999999235327919,0.02240656330572177,0,0,0,0,0,0,1.0,1.0,0.2,0.2
4,500,1,odam,roi_cls,0.059086885303258896,-0.0,0.0,0.17215630412101746,0.0,0.0,0.0,0.0,1.0000000638730249,1.0000000638730249,0.0,0,0,0,0,0,0,1.0,1.0,0.2,0.2
4,500,1,odam,roi_reg,0.059086885303258896,-0.0,0.0,0.0,0.0,0.0,0.0,0.0,0.0,0.0,90.0,0,0,0,1,0,0,1.0,1.0,0.2,0.2
4,600,1,odam,backbone,0.2536573112010956,0.14716605842113495,0.36401642219178315,0.46359285712242126,1.0848562717437744,1.0848562717437744,2.3401056661606323,0.46802113323212646,1.1703675544977088,0.9371105365671797,20.42816359400221,0,1,0,0,0,0,1.0,1.0,0.2,0.2
4,600,1,odam,fpn,0.2536573112010956,0.14716605842113495,0.166938075649606,0.26744145154953003,0.5964292883872986,0.5964292883872986,2.2301303142487625,0.4460260628497525,1.0744588366968346,0.9254817668392215,22.258886219281457,0,1,0,0,0,0,1.0,1.0,0.2,0.2
4,600,1,odam,rpn,0.2536573112010956,0.14716605842113495,0.0,0.31246858835220337,0.0,0.0,0.0,0.0,1.0000000662035318,1.0000000662035318,0.0,0,0,0,0,0,0,1.0,1.0,0.2,0.2
4,600,1,odam,roi_shared,0.2536573112010956,0.14716605842113495,-0.07220880339310629,0.32739368081092834,0.13815952837467194,0.13815952837467194,0.42199815229317095,0.08439963045863419,0.993905685639767,0.9964326160031421,4.841074349074005,1,0,0,0,0,0,1.0,1.0,0.2,0.2
4,600,1,odam,roi_cls,0.2536573112010956,0.14716605842113495,0.0,0.09140382707118988,0.0,0.0,0.0,0.0,1.0000000622798169,1.0000000622798169,0.0,0,0,0,0,0,0,1.0,1.0,0.2,0.2
4,600,1,odam,roi_reg,0.2536573112010956,0.14716605842113495,-0.1107960910041142,0.09534288942813873,0.12762267887592316,0.12762267887592316,1.338565252651737,0.26771305053034744,0.9703383583623801,0.96440289006175,15.333517515945056,1,1,0,0,0,0,1.0,1.0,0.2,0.2
4,700,1,odam,backbone,0.3085736036300659,0.1971384882926941,0.14304834501695418,1.2987141609191895,1.3719964027404785,1.3719964027404785,1.0564267673568926,0.21128535347137853,1.0302243134832842,0.980015622868121,11.473841915243655,0,1,0,0,0,0,1.0,1.0,0.2,0.2
4,700,1,odam,fpn,0.3085736036300659,0.1971384882926941,0.025415116939830906,0.33640944957733154,0.7554022073745728,0.7554022073745728,2.2454845080114967,0.44909690160229937,1.0114137888693813,0.914001092806708,23.935735068842355,0,1,0,0,0,0,1.0,1.0,0.2,0.2
4,700,1,odam,rpn,0.3085736036300659,0.1971384882926941,0.0,0.3243010640144348,0.0,0.0,0.0,0.0,1.0000000816880203,1.0000000816880203,0.0,0,0,0,0,0,0,1.0,1.0,0.2,0.2
4,700,1,odam,roi_shared,0.3085736036300659,0.1971384882926941,-0.27077079309699176,0.40266847610473633,0.04715035855770111,0.04715035855770111,0.11709473513749072,0.023418947027498145,0.9936587795903072,0.9997427072367957,1.2997526990960409,1,0,0,0,0,0,1.0,1.0,0.2,0.2
4,700,1,odam,roi_cls,0.3085736036300659,0.1971384882926941,0.0,0.1485753059387207,0.0,0.0,0.0,0.0,0.9999999835093321,0.9999999835093321,0.010405351467940183,0,0,0,0,0,0,1.0,1.0,0.2,0.2
4,700,1,odam,roi_reg,0.3085736036300659,0.1971384882926941,-0.3265359260750251,0.18071170151233673,0.03514724224805832,0.03514724224805832,0.19449344980938552,0.038898689961877106,0.9872982588735576,0.9993073098172593,2.1327120315924004,1,0,0,0,0,0,1.0,1.0,0.2,0.2
5,0,1,odam,backbone,0.1057131290435791,1.3171651363372803,-0.5023533568061487,0.5668944120407104,32.04408645629883,32.04408645629883,56.525669993723,11.3051339987446,-4.67917307661009,-0.43176440703211344,115.57958605871701,1,1,1,1,0,0,1.0,1.0,0.2,0.2
5,0,1,odam,fpn,0.1057131290435791,1.3171651363372803,-0.19708083432448764,0.2678888738155365,8.178915977478027,8.178915977478027,30.531002878118347,6.106200575623669,-0.20341520860415735,-0.03395972456091344,91.94612307832335,1,1,1,1,0,0,1.0,1.0,0.2,0.2
5,0,1,odam,rpn,0.1057131290435791,1.3171651363372803,0.0,0.2068716287612915,0.0,0.0,0.0,0.0,0.9999999922134933,0.9999999922134933,0.007150048048300201,0,0,0,0,0,0,1.0,1.0,0.2,0.2
5,0,1,odam,roi_shared,0.1057131290435791,1.3171651363372803,-0.2599614950383857,0.37950193881988525,10.070552825927734,10.070552825927734,26.53623551237587,5.307247102475174,-0.37968006467917087,-0.0738846222538397,94.23713805067922,1,1,1,1,0,0,1.0,1.0,0.2,0.2
5,0,1,odam,roi_cls,0.1057131290435791,1.3171651363372803,0.0,0.15071791410446167,0.0,0.0,0.0,0.0,0.9999999685438801,0.9999999685438801,0.01437110648473288,0,0,0,0,0,0,1.0,1.0,0.2,0.2
5,0,1,odam,roi_reg,0.1057131290435791,1.3171651363372803,-0.8610987313189555,0.046471577137708664,4.731175422668457,4.731175422668457,101.80793754101829,20.36158750820366,-16.533336858942288,-0.8475541919402146,147.94663798849038,1,1,1,1,0,0,1.0,1.0,0.2,0.2
5,100,1,odam,backbone,0.07668127864599228,4.263258934020996,-0.08483247796189207,0.5536333918571472,31.857080459594727,31.857080459594727,57.541833509592095,11.508366701918419,0.023716143238898823,0.0020682252792225287,89.88149933593598,1,1,1,0,0,0,1.0,1.0,0.2,0.2
5,100,1,odam,fpn,0.07668127864599228,4.263258934020996,0.3166350061262494,0.23544353246688843,7.007193565368652,7.007193565368652,29.76167360364468,5.952334720728936,2.884717769971368,0.4549794317628603,62.93638915977747,0,1,1,0,0,0,1.0,1.0,0.2,0.2
5,100,1,odam,rpn,0.07668127864599228,4.263258934020996,0.0,0.33754780888557434,0.0,0.0,0.0,0.0,1.0000000178661892,1.0000000178661892,0.0,0,0,0,0,0,0,1.0,1.0,0.2,0.2
5,100,1,odam,roi_shared,0.07668127864599228,4.263258934020996,-0.2849698734119322,0.25892704725265503,16.604421615600586,16.604421615600586,64.12779889849968,12.825559779699937,-2.65489815823281,-0.2110886824406352,102.18615943993625,1,1,1,1,0,0,1.0,1.0,0.2,0.2
5,100,1,odam,roi_cls,0.07668127864599228,4.263258934020996,0.0,0.0648534744977951,0.0,0.0,0.0,0.0,1.0000000472662915,1.0000000472662915,0.0,0,0,0,0,0,0,1.0,1.0,0.2,0.2
5,100,1,odam,roi_reg,0.07668127864599228,4.263258934020996,-0.8586266188491509,0.05319325625896454,13.885958671569824,13.885958671569824,261.0473516411144,52.20947032822288,-43.82844277777187,-0.8534671063698128,148.59079766548507,1,1,1,1,0,0,1.0,1.0,0.2,0.2
5,200,1,odam,backbone,0.38516566157341003,0.26844075322151184,0.37789708235242164,2.5350983142852783,1.3349881172180176,1.3349881172180176,0.5266021083661173,0.10532042167322347,1.0398002938576671,0.9956317009473252,5.357374820996521,0,0,0,0,0,0,1.0,1.0,0.2,0.2
5,200,1,odam,fpn,0.38516566157341003,0.26844075322151184,0.12531097618497772,0.751861035823822,0.7134703397750854,0.7134703397750854,0.9489391068035977,0.18978782136071956,1.0237826413916884,0.9835045309111791,10.421224935505814,0,0,0,0,0,0,1.0,1.0,0.2,0.2
5,200,1,odam,rpn,0.38516566157341003,0.26844075322151184,0.0,0.5917550325393677,0.0,0.0,0.0,0.0,0.9999999750532297,0.9999999750532297,0.012798079257975496,0,0,0,0,0,0,1.0,1.0,0.2,0.2
5,200,1,odam,roi_shared,0.38516566157341003,0.26844075322151184,-0.030663114770735737,1.0000113248825073,0.1865636706352234,0.1865636706352234,0.1865615578475004,0.03731231156950008,0.9988558550254002,0.9993036456318778,2.13834604375467,1,0,0,0,0,0,1.0,1.0,0.2,0.2
5,200,1,odam,roi_cls,0.38516566157341003,0.26844075322151184,0.0,0.37847113609313965,0.0,0.0,0.0,0.0,0.9999999396292357,0.9999999396292357,0.019909069808319236,0,0,0,0,0,0,1.0,1.0,0.2,0.2
5,200,1,odam,roi_reg,0.38516566157341003,0.26844075322151184,0.0669917622105254,0.2875445485115051,0.1943967640399933,0.1943967640399933,0.6760579014497128,0.13521158028994257,1.0090582356017046,0.9911807282107189,7.615066338454071,0,0,0,0,0,0,1.0,1.0,0.2,0.2
5,300,1,odam,backbone,0.14365506172180176,0.622295618057251,-0.36473529389050785,0.7282650470733643,1.3312000036239624,1.3312000036239624,1.82790593750665,0.36558118750132995,0.8666595713741385,0.9307795310884124,21.443342548127017,1,1,0,0,0,0,1.0,1.0,0.2,0.2
5,300,1,odam,fpn,0.14365506172180176,0.622295618057251,-0.20718290223659291,0.3558499217033386,1.5271035432815552,1.5271035432815552,4.291425823481438,0.8582851646962876,0.8221781261211547,0.6996286172553168,45.60278449946982,1,1,0,0,0,0,1.0,1.0,0.2,0.2
5,300,1,odam,rpn,0.14365506172180176,0.622295618057251,0.0,0.1622968465089798,0.0,0.0,0.0,0.0,1.0000000114994592,1.0000000114994592,0.0,0,0,0,0,0,0,1.0,1.0,0.2,0.2
5,300,1,odam,roi_shared,0.14365506172180176,0.622295618057251,-0.03496053702589284,0.6236473321914673,0.7135868072509766,0.7135868072509766,1.1442152806835013,0.22884305613670028,0.9919995261702698,0.9744384182258188,12.982578679579039,1,1,0,0,0,0,1.0,1.0,0.2,0.2
5,300,1,odam,roi_cls,0.14365506172180176,0.622295618057251,0.0,0.247409388422966,0.0,0.0,0.0,0.0,1.0000000278506065,1.0000000278506065,0.0,0,0,0,0,0,0,1.0,1.0,0.2,0.2
5,300,1,odam,roi_reg,0.14365506172180176,0.622295618057251,0.4065258013888368,0.040107689797878265,0.6812411546707153,0.6812411546707153,16.985300277922107,3.3970600555844213,2.3809926750051993,0.6086728255762639,52.5063986435518,0,1,1,0,0,0,1.0,1.0,0.2,0.2
5,400,1,odam,backbone,0.167363241314888,0.5873172283172607,-0.6197701511450063,0.7972990274429321,14.566507339477539,14.566507339477539,18.26981701733,3.653963403466,-1.2646170902297755,-0.40351006397207334,113.79779372837523,1,1,1,1,0,0,1.0,1.0,0.2,0.2
5,400,1,odam,fpn,0.167363241314888,0.5873172283172607,-0.3809958786780644,0.3883843719959259,6.030641078948975,6.030641078948975,15.527507062030383,3.1055014124060767,-0.1831834692086155,-0.06366922496201725,93.65044705946526,1,1,1,1,0,0,1.0,1.0,0.2,0.2
5,400,1,odam,rpn,0.167363241314888,0.5873172283172607,0.0,0.3464618921279907,0.0,0.0,0.0,0.0,0.9999999947027098,0.9999999947027098,0.005897453314316604,0,0,0,0,0,0,1.0,1.0,0.2,0.2
5,400,1,odam,roi_shared,0.167363241314888,0.5873172283172607,-0.5231447576118416,0.5622782111167908,7.216524124145508,7.216524124145508,12.834436728060522,2.5668873456121046,-0.3428538185387041,-0.15483495762220656,98.90722446505498,1,1,1,1,0,0,1.0,1.0,0.2,0.2
5,400,1,odam,roi_cls,0.167363241314888,0.5873172283172607,0.0,0.18333850800991058,0.0,0.0,0.0,0.0,0.9999999701415844,0.9999999701415844,0.014001385425413456,0,0,0,0,0,0,1.0,1.0,0.2,0.2
5,400,1,odam,roi_reg,0.167363241314888,0.5873172283172607,-0.7988880453225725,0.08592451363801956,3.171924114227295,3.171924114227295,36.91524083092155,7.3830481661843095,-4.898228962922907,-0.7408564773189061,137.80442548708652,1,1,1,1,0,0,1.0,1.0,0.2,0.2
5,500,1,odam,backbone,0.1388552188873291,0.9385862350463867,0.08038570947289926,0.7260600924491882,4.422243595123291,4.422243595123291,6.09074047880241,1.2181480957604822,1.09792171654016,0.670696518068883,47.879154816651436,0,1,1,0,0,0,1.0,1.0,0.2,0.2
5,500,1,odam,fpn,0.1388552188873291,0.9385862350463867,0.009416288596634542,0.20994579792022705,3.125706195831299,3.125706195831299,14.888157928357161,2.977631585671433,1.028038327170543,0.32636354744918894,70.95179442247054,0,1,1,0,0,0,1.0,1.0,0.2,0.2
5,500,1,odam,rpn,0.1388552188873291,0.9385862350463867,0.0,0.230433389544487,0.0,0.0,0.0,0.0,0.9999999917992791,0.9999999917992791,0.007337762413272406,0,0,0,0,0,0,1.0,1.0,0.2,0.2
5,500,1,odam,roi_shared,0.1388552188873291,0.9385862350463867,0.19345242087678188,0.26454558968544006,3.965131608468786e-12,3.965131608468786e-12,1.4988462340965712e-11,2.997692468193143e-12,1.0000001058592707,1.0000001058592707,0.0,0,0,0,0,0,0,1.0,1.0,0.2,0.2
5,500,1,odam,roi_cls,0.1388552188873291,0.9385862350463867,0.0,0.10905363410711288,0.0,0.0,0.0,0.0,0.9999999888955388,0.9999999888955388,0.008538594256397525,0,0,0,0,0,0,1.0,1.0,0.2,0.2
5,500,1,odam,roi_reg,0.1388552188873291,0.9385862350463867,0.0,0.168134406208992,2.1907068173399047e-12,2.1907068173399047e-12,1.3029497452275436e-11,2.6058994904550875e-12,1.0000000876133746,1.0000000876133746,0.0,0,0,0,0,0,0,1.0,1.0,0.2,0.2
5,600,1,odam,backbone,0.5346906185150146,0.6054803133010864,-0.06922623415195817,2.4979476928710938,5.214622497558594,5.214622497558594,2.087562726970077,0.4175125453940155,0.9710973691982999,0.9190333128128492,23.21483447016915,1,1,0,0,0,0,1.0,1.0,0.2,0.2
5,600,1,odam,fpn,0.5346906185150146,0.6054803133010864,-0.029328903254566944,0.6850660443305969,0.7851912975311279,0.7851912975311279,1.1461541613821584,0.22923083227643173,0.9932769797641393,0.974409626880678,12.989919562064612,1,1,0,0,0,0,1.0,1.0,0.2,0.2
5,600,1,odam,rpn,0.5346906185150146,0.6054803133010864,0.0,0.5158137679100037,0.0,0.0,0.0,0.0,0.999999985084947,0.999999985084947,0.009895779981782215,0,0,0,0,0,0,1.0,1.0,0.2,0.2
5,600,1,odam,roi_shared,0.5346906185150146,0.6054803133010864,-0.11959496158166673,0.685141921043396,1.0190625190734863,1.0190625190734863,1.487374349421746,0.29747486988434924,0.9644235024194499,0.956169917653933,17.026404224320842,1,1,0,0,0,0,1.0,1.0,0.2,0.2
5,600,1,odam,roi_cls,0.5346906185150146,0.6054803133010864,0.0,0.279186487197876,0.0,0.0,0.0,0.0,0.9999999512020133,0.9999999512020133,0.017899404557141056,0,0,0,0,0,0,1.0,1.0,0.2,0.2
5,600,1,odam,roi_reg,0.5346906185150146,0.6054803133010864,-0.5556088000258551,0.19691093266010284,0.5268225073814392,0.5268225073814392,2.6754355396346234,0.5350871079269246,0.7027009649996033,0.8449001443762093,32.33876124723494,1,1,0,0,0,0,1.0,1.0,0.2,0.2
5,700,1,odam,backbone,0.18822962045669556,0.0,0.0,0.7748199701309204,0.0,0.0,0.0,0.0,1.0000000711108255,1.0000000711108255,0.0,0,0,0,0,0,0,1.0,1.0,0.2,0.2
5,700,1,odam,fpn,0.18822962045669556,0.0,0.0,0.33051297068595886,0.0,0.0,0.0,0.0,1.0000000178212511,1.0000000178212511,0.0,0,0,0,0,0,0,1.0,1.0,0.2,0.2
5,700,1,odam,rpn,0.18822962045669556,0.0,0.0,0.4750290513038635,0.0,0.0,0.0,0.0,1.0000000253156076,1.0000000253156076,0.0,0,0,0,0,0,0,1.0,1.0,0.2,0.2
5,700,1,odam,roi_shared,0.18822962045669556,0.0,0.0,0.3950430452823639,0.0,0.0,0.0,0.0,1.0000000268553204,1.0000000268553204,0.0,0,0,0,0,0,0,1.0,1.0,0.2,0.2
5,700,1,odam,roi_cls,0.18822962045669556,0.0,0.0,0.13865406811237335,0.0,0.0,0.0,0.0,0.9999999259800021,0.9999999259800021,0.022045104770019378,0,0,0,0,0,0,1.0,1.0,0.2,0.2
5,700,1,odam,roi_reg,0.18822962045669556,0.0,0.0,0.19924724102020264,0.0,0.0,0.0,0.0,0.9999999560935924,0.9999999560935924,0.016978588563149908,0,0,0,0,0,0,1.0,1.0,0.2,0.2
6,0,1,odam,backbone,0.3030915856361389,0.20433905720710754,0.08257302318022217,0.6538110971450806,0.9194212555885315,0.9194212555885315,1.406249082652863,0.2812498165305726,1.0232235977676045,0.9644692229498987,15.319138549115166,0,1,0,0,0,0,1.0,1.0,0.2,0.2
6,0,1,odam,fpn,0.3030915856361389,0.20433905720710754,0.01727065535847934,0.34208840131759644,0.5073814392089844,0.5073814392089844,1.4831880802001502,0.29663761604003,1.005123013384558,0.959114745183617,16.440381427265002,0,1,0,0,0,0,1.0,1.0,0.2,0.2
6,0,1,odam,rpn,0.3030915856361389,0.20433905720710754,0.0,0.28592464327812195,0.0,0.0,0.0,0.0,0.9999999348668701,0.9999999348668701,0.020679432038556506,0,0,0,0,0,0,1.0,1.0,0.2,0.2
6,0,1,odam,roi_shared,0.3030915856361389,0.20433905720710754,-0.040706173074143294,0.49430158734321594,0.08239630609750748,0.08239630609750748,0.16669237608637497,0.033338475217274996,0.9986429116085211,0.9994441054838238,1.910530370066632,1,0,0,0,0,0,1.0,1.0,0.2,0.2
6,0,1,odam,roi_cls,0.3030915856361389,0.20433905720710754,0.0,0.17850084602832794,0.0,0.0,0.0,0.0,0.9999999199984752,0.9999999199984752,0.022918530375546413,0,0,0,0,0,0,1.0,1.0,0.2,0.2
6,0,1,odam,roi_reg,0.3030915856361389,0.20433905720710754,-0.131810132375886,0.08062851428985596,0.06595288217067719,0.06595288217067719,0.8179845895904702,0.16359691791809405,0.9784362858755928,0.9865412795048211,9.410827456830619,1,0,0,0,0,0,1.0,1.0,0.2,0.2
6,100,1,odam,backbone,0.10124846547842026,0.42975521087646484,-0.5058013957451114,0.37199053168296814,6.471682071685791,6.471682071685791,17.397437624034293,3.479487524806859,-0.7599294201964248,-0.2454326950263463,104.20740609331703,1,1,1,1,0,0,1.0,1.0,0.2,0.2
6,100,1,odam,fpn,0.10124846547842026,0.42975521087646484,-0.027839814771153357,0.24139125645160675,3.0719830989837646,3.0719830989837646,12.726157293935064,2.5452314587870126,0.9291411140566438,0.3430343594932698,69.9381481408903,1,1,1,0,0,0,1.0,1.0,0.2,0.2
6,100,1,odam,rpn,0.10124846547842026,0.42975521087646484,0.0,0.16331294178962708,0.0,0.0,0.0,0.0,1.0000000080860147,1.0000000080860147,0.0,0,0,0,0,0,0,1.0,1.0,0.2,0.2
6,100,1,odam,roi_shared,0.10124846547842026,0.42975521087646484,-0.22917362401483796,0.426825612783432,3.922964572906494,3.922964572906494,9.191024285829295,1.838204857165859,0.5787317999568826,0.30774637588547604,72.07653099765079,1,1,1,0,0,0,1.0,1.0,0.2,0.2
6,100,1,odam,roi_cls,0.10124846547842026,0.42975521087646484,0.0,0.1799074113368988,0.0,0.0,0.0,0.0,0.9999999301587655,0.9999999301587655,0.021413792314985497,0,0,0,0,0,0,1.0,1.0,0.2,0.2
6,100,1,odam,roi_reg,0.10124846547842026,0.42975521087646484,-0.9268939443516027,0.04337967187166214,2.318302869796753,2.318302869796753,53.4421485864486,10.68842971728972,-8.907041272560958,-0.9117893542430873,155.7538101523634,1,1,1,1,0,0,1.0,1.0,0.2,0.2
6,200,1,odam,backbone,0.17523875832557678,0.5579493045806885,-0.36797777408030363,1.1380054950714111,4.3268914222717285,4.3268914222717285,3.8021709394296126,0.7604341878859225,0.7201769753671843,0.7135662551303706,44.47417854044341,1,1,0,0,0,0,1.0,1.0,0.2,0.2
6,200,1,odam,fpn,0.17523875832557678,0.5579493045806885,-0.07892599493391916,0.5438504815101624,3.1394190788269043,3.1394190788269043,5.772577547618189,1.154515509523638,0.9088787314922973,0.6197545221602248,51.70178940316363,1,1,1,0,0,0,1.0,1.0,0.2,0.2
6,200,1,odam,rpn,0.17523875832557678,0.5579493045806885,0.0,0.5539640188217163,0.0,0.0,0.0,0.0,1.0000000606261648,1.0000000606261648,0.0,0,0,0,0,0,0,1.0,1.0,0.2,0.2
6,200,1,odam,roi_shared,0.17523875832557678,0.5579493045806885,0.07304988990471728,0.5516060590744019,0.8102118372917175,0.8102118372917175,1.4688233096120402,0.2937646619224081,1.021459481484224,0.9612415456359331,16.004188039560397,0,1,0,0,0,0,1.0,1.0,0.2,0.2
6,200,1,odam,roi_cls,0.17523875832557678,0.5579493045806885,0.0,0.20980463922023773,0.0,0.0,0.0,0.0,1.0000000579331034,1.0000000579331034,0.0,0,0,0,0,0,0,1.0,1.0,0.2,0.2
6,200,1,odam,roi_reg,0.17523875832557678,0.5579493045806885,-0.5353922721923404,0.055506300181150436,0.9971309900283813,0.9971309900283813,17.96428489692419,3.592856979384839,-0.923587917851085,-0.2911709533514886,106.92807229764168,1,1,1,1,0,0,1.0,1.0,0.2,0.2
6,300,1,odam,backbone,0.1793820858001709,1.2294379472732544,-0.3384186561343613,0.3778187930583954,4.225181579589844,4.225181579589844,11.183090034742667,2.2366180069485337,0.24308682124573358,0.11473722558342479,83.41153113980607,1,1,1,0,0,0,1.0,1.0,0.2,0.2
6,300,1,odam,fpn,0.1793820858001709,1.2294379472732544,-0.08147798304809216,0.223237544298172,2.3240180015563965,2.3240180015563965,10.410515887293009,2.082103177458602,0.8303543677427351,0.371499488143586,68.19187564131056,1,1,1,0,0,0,1.0,1.0,0.2,0.2
6,300,1,odam,rpn,0.1793820858001709,1.2294379472732544,0.0,0.200654536485672,0.0,0.0,0.0,0.0,1.0000000404721858,1.0000000404721858,0.0,0,0,0,0,0,0,1.0,1.0,0.2,0.2
6,300,1,odam,roi_shared,0.1793820858001709,1.2294379472732544,-0.014809844052993407,0.25047290325164795,2.0157132148742676,2.0157132148742676,8.047629858185092,1.6095259716370183,0.9761631115516897,0.518612423269644,58.76077846135188,1,1,1,0,0,0,1.0,1.0,0.2,0.2
6,300,1,odam,roi_cls,0.1793820858001709,1.2294379472732544,0.0,0.059139445424079895,0.0,0.0,0.0,0.0,0.9999999686865577,0.9999999686865577,0.014338477443977924,0,0,0,0,0,0,1.0,1.0,0.2,0.2
6,300,1,odam,roi_reg,0.1793820858001709,1.2294379472732544,0.007415068667943948,0.06873439252376556,1.6910654306411743,1.6910654306411743,24.602900652049446,4.920580130409889,1.0364865634379854,0.20612538822009535,78.1046138639705,0,1,1,0,0,0,1.0,1.0,0.2,0.2
6,400,1,odam,backbone,0.09225063025951385,1.495595932006836,-0.11233412375295342,0.618808925151825,3.515780448913574,3.515780448913574,5.681528345847592,1.1363056691695186,0.8723541589270503,0.61138496706172,52.310287390763726,1,1,1,0,0,0,1.0,1.0,0.2,0.2
6,400,1,odam,fpn,0.09225063025951385,1.495595932006836,0.015881463236367802,0.36953336000442505,1.8875130414962769,1.8875130414962769,5.107828536708227,1.0215657073416455,1.0162240055237985,0.7052954914726481,45.14657869669638,0,1,1,0,0,0,1.0,1.0,0.2,0.2
6,400,1,odam,rpn,0.09225063025951385,1.495595932006836,0.0,0.3080562651157379,0.0,0.0,0.0,0.0,0.9999999318596291,0.9999999318596291,0.02115143705885543,0,0,0,0,0,0,1.0,1.0,0.2,0.2
6,400,1,odam,roi_shared,0.09225063025951385,1.495595932006836,-0.015565216400216242,0.4874938130378723,5.778502941131592,5.778502941131592,11.853489801485281,2.3706979602970564,0.963099633261344,0.3764173942274641,67.88805642449245,1,1,1,0,0,0,1.0,1.0,0.2,0.2
6,400,1,odam,roi_cls,0.09225063025951385,1.495595932006836,0.0,0.19697609543800354,0.0,0.0,0.0,0.0,1.0000000447915718,1.0000000447915718,0.0,0,0,0,0,0,0,1.0,1.0,0.2,0.2
6,400,1,odam,roi_reg,0.09225063025951385,1.495595932006836,0.3186099821474244,0.017310984432697296,4.264205455780029,4.264205455780029,246.3294604855471,49.26589209710942,16.69660497713953,0.33666880901609886,70.32595064828253,0,1,1,0,0,0,1.0,1.0,0.2,0.2
6,500,1,odam,backbone,0.31576234102249146,0.47411617636680603,-0.37544193112999463,0.748485803604126,1.538413405418396,1.538413405418396,2.0553675140003893,0.41107350280007793,0.8456656567888029,0.9117388166901651,24.2532399756183,1,1,0,0,0,0,1.0,1.0,0.2,0.2
6,500,1,odam,fpn,0.31576234102249146,0.47411617636680603,-0.20242666813352472,0.5103145241737366,1.5632712841033936,1.5632712841033936,3.06334860179519,0.612669720359038,0.8759792141489192,0.8250298910202186,34.408478062365674,1,1,0,0,0,0,1.0,1.0,0.2,0.2
6,500,1,odam,rpn,0.31576234102249146,0.47411617636680603,0.0,0.4764065444469452,0.0,0.0,0.0,0.0,0.9999999851633363,0.9999999851633363,0.009869741014541862,0,0,0,0,0,0,1.0,1.0,0.2,0.2
6,500,1,odam,roi_shared,0.31576234102249146,0.47411617636680603,0.0036957992322394426,0.4446333646774292,0.06158490478992462,0.06158490478992462,0.1385071604660235,0.0277014320932047,1.0001022942305715,0.9996166037171101,1.5866292478283062,0,0,0,0,0,0,1.0,1.0,0.2,0.2
6,500,1,odam,roi_cls,0.31576234102249146,0.47411617636680603,0.0,0.19702833890914917,0.0,0.0,0.0,0.0,0.9999999950411395,0.9999999950411395,0.005705958096143963,0,0,0,0,0,0,1.0,1.0,0.2,0.2
6,500,1,odam,roi_reg,0.31576234102249146,0.47411617636680603,-0.1793974648114221,0.10292433947324753,0.05969984084367752,0.05969984084367752,0.5800361814242677,0.11600723628485356,0.9791884733713945,0.993276268469759,6.647930229844119,1,0,0,0,0,0,1.0,1.0,0.2,0.2
6,600,1,odam,backbone,0.1565399169921875,2.4096364974975586,-0.08331527102915062,0.49877801537513733,5.6629838943481445,5.6629838943481445,11.35371592127801,2.270743184255602,0.8108124874393882,0.33731480757559307,70.28663817447477,1,1,1,0,0,0,1.0,1.0,0.2,0.2
6,600,1,odam,fpn,0.1565399169921875,2.4096364974975586,0.2405786130138592,0.2599957287311554,2.454786777496338,2.454786777496338,9.441642712656533,1.8883285425313066,1.454291449591267,0.6215619514461946,51.569713626080535,0,1,1,0,0,0,1.0,1.0,0.2,0.2
6,600,1,odam,rpn,0.1565399169921875,2.4096364974975586,0.0,0.2338898628950119,0.0,0.0,0.0,0.0,0.999999945287316,0.999999945287316,0.01895316059465263,0,0,0,0,0,0,1.0,1.0,0.2,0.2
6,600,1,odam,roi_shared,0.1565399169921875,2.4096364974975586,-0.09061662919366927,0.3327145278453827,4.50981330871582,4.50981330871582,13.554602914158279,2.710920582831656,0.7543455480344928,0.2691041296529462,74.3890356908242,1,1,1,0,0,0,1.0,1.0,0.2,0.2
6,600,1,odam,roi_cls,0.1565399169921875,2.4096364974975586,0.0,0.11634915322065353,0.0,0.0,0.0,0.0,1.0000000152769561,1.0000000152769561,0.0,0,0,0,0,0,0,1.0,1.0,0.2,0.2
6,600,1,odam,roi_reg,0.1565399169921875,2.4096364974975586,-0.4643886220853915,0.030291037634015083,2.5107455253601074,2.5107455253601074,82.88740569721142,16.577481139442284,-6.698392961646192,-0.4150846673303222,114.52464850085174,1,1,1,1,0,0,1.0,1.0,0.2,0.2
6,700,1,odam,backbone,0.17983070015907288,1.1519544124603271,-0.9227538847620486,0.9819377660751343,25.553237915039062,25.553237915039062,26.023276421251143,5.204655284250229,-3.8026165173175484,-0.8844919222635326,152.18906179062472,1,1,1,1,0,0,1.0,1.0,0.2,0.2
6,700,1,odam,fpn,0.17983070015907288,1.1519544124603271,-0.7835620765366554,0.3873043358325958,9.501073837280273,9.501073837280273,24.531287048092622,4.906257409618525,-2.8443575577353277,-0.6822228767109344,133.01759162271225,1,1,1,1,0,0,1.0,1.0,0.2,0.2
6,700,1,odam,rpn,0.17983070015907288,1.1519544124603271,0.0,0.14061948657035828,0.0,0.0,0.0,0.0,1.0000000455614422,1.0000000455614422,0.0,0,0,0,0,0,0,1.0,1.0,0.2,0.2
6,700,1,odam,roi_shared,0.17983070015907288,1.1519544124603271,-0.7309730766704392,0.6575890183448792,9.057598114013672,9.057598114013672,13.77394977916636,2.7547899558332722,-1.0136773300584074,-0.47461919053771595,118.33455845983926,1,1,1,1,0,0,1.0,1.0,0.2,0.2
6,700,1,odam,roi_cls,0.17983070015907288,1.1519544124603271,0.0,0.2733648419380188,0.0,0.0,0.0,0.0,1.0000000415198482,1.0000000415198482,0.0,0,0,0,0,0,0,1.0,1.0,0.2,0.2
6,700,1,odam,roi_reg,0.17983070015907288,1.1519544124603271,-0.8832592240912198,0.1602146178483963,3.755524158477783,3.755524158477783,23.44058369275307,4.6881167385506135,-3.140822580904595,-0.8192796190439692,145.01274574045095,1,1,1,1,0,0,1.0,1.0,0.2,0.2
7,0,1,odam,backbone,0.10273617506027222,0.06186835840344429,0.09258756028832098,0.45654478669166565,0.3926592767238617,0.3926592767238617,0.8600673760163864,0.17201347520327728,1.0159262367499442,0.9860846126079138,9.569520679203535,0,0,0,0,0,0,1.0,1.0,0.2,0.2
7,0,1,odam,fpn,0.10273617506027222,0.06186835840344429,0.008701008375491454,0.23079565167427063,0.2868448793888092,0.2868448793888092,1.242852182473709,0.24857043649474184,1.0021626601119182,0.9705918609990074,13.929691643846413,0,1,0,0,0,0,1.0,1.0,0.2,0.2
7,0,1,odam,rpn,0.10273617506027222,0.06186835840344429,0.0,0.20013104379177094,0.0,0.0,0.0,0.0,1.0000000400222298,1.0000000400222298,0.0,0,0,0,0,0,0,1.0,1.0,0.2,0.2
7,0,1,odam,roi_shared,0.10273617506027222,0.06186835840344429,-0.041705671136676524,0.2810235023498535,0.15677177906036377,0.15677177906036377,0.5578600286078368,0.11157200572156736,0.9953468773088456,0.9937867845442434,6.390295739488759,1,0,0,0,0,0,1.0,1.0,0.2,0.2
7,0,1,odam,roi_cls,0.10273617506027222,0.06186835840344429,0.0,0.08264584094285965,0.0,0.0,0.0,0.0,0.9999999470360763,0.9999999470360763,0.01864780451152291,0,0,0,0,0,0,1.0,1.0,0.2,0.2
7,0,1,odam,roi_reg,0.10273617506027222,0.06186835840344429,-0.47268226548926956,0.07694680988788605,0.10566268861293793,0.10566268861293793,1.3731912832629687,0.2746382566525937,0.8701834067154478,0.9634314227962346,15.542614883328673,1,1,0,0,0,0,1.0,1.0,0.2,0.2
7,100,1,odam,backbone,0.2394113838672638,2.3131237030029297,-0.6239938607747455,0.46154770255088806,2.902144193649292,2.902144193649292,6.2878531896263,1.2575706379252598,0.21528377751415095,0.21399811445176545,77.64324447181517,1,1,1,0,0,0,1.0,1.0,0.2,0.2
7,100,1,odam,fpn,0.2394113838672638,2.3131237030029297,-0.2520696338179584,0.33230993151664734,1.0499414205551147,1.0499414205551147,3.1595246514698796,0.631904930293976,0.8407160353913747,0.8087039531776876,36.030503268356085,1,1,0,0,0,0,1.0,1.0,0.2,0.2
7,100,1,odam,rpn,0.2394113838672638,2.3131237030029297,0.0,0.19613341987133026,0.0,0.0,0.0,0.0,1.000000039831793,1.000000039831793,0.0,0,0,0,0,0,0,1.0,1.0,0.2,0.2
7,100,1,odam,roi_shared,0.2394113838672638,2.3131237030029297,-0.2028119382355278,0.49676913022994995,2.696805715560913,2.696805715560913,5.428690213324217,1.0857380426648435,0.7797993319222725,0.5914319122095373,53.74131299068,1,1,1,0,0,0,1.0,1.0,0.2,0.2
7,100,1,odam,roi_cls,0.2394113838672638,2.3131237030029297,0.0,0.14323168992996216,0.0,0.0,0.0,0.0,1.0000000955266046,1.0000000955266046,0.0,0,0,0,0,0,0,1.0,1.0,0.2,0.2
7,100,1,odam,roi_reg,0.2394113838672638,2.3131237030029297,-0.7757792001176846,0.10526718199253082,2.513195276260376,2.513195276260376,23.874442430107976,4.774888486021595,-2.7042592376377863,-0.667951653865501,131.9091686409171,1,1,1,1,0,0,1.0,1.0,0.2,0.2
7,200,1,odam,backbone,0.19160206615924835,0.17032982409000397,-0.24149285516655694,0.4383203089237213,0.9283156394958496,0.9283156394958496,2.117893286248344,0.4235786572496689,0.897708811076135,0.9092212786765569,24.602041133287088,1,1,0,0,0,0,1.0,1.0,0.2,0.2
7,200,1,odam,fpn,0.19160206615924835,0.17032982409000397,-0.14432118496062052,0.1932179182767868,0.6810691356658936,0.6810691356658936,3.524875652009947,0.7049751304019894,0.8982572149788656,0.7897993126957429,37.83323909091739,1,1,0,0,0,0,1.0,1.0,0.2,0.2
7,200,1,odam,rpn,0.19160206615924835,0.17032982409000397,0.0,0.1868261694908142,0.0,0.0,0.0,0.0,1.000000012544725,1.000000012544725,0.0,0,0,0,0,0,0,1.0,1.0,0.2,0.2
7,200,1,odam,roi_shared,0.19160206615924835,0.17032982409000397,-0.012728274613421377,0.22224640846252441,0.053563203662633896,0.053563203662633896,0.24100818561333837,0.04820163712266767,0.9993864835095891,0.9988390699934961,2.7611034137308805,1,0,0,0,0,0,1.0,1.0,0.2,0.2
7,200,1,odam,roi_cls,0.19160206615924835,0.17032982409000397,0.0,0.07406815141439438,0.0,0.0,0.0,0.0,1.0000000993280485,1.0000000993280485,0.0,0,0,0,0,0,0,1.0,1.0,0.2,0.2
7,200,1,odam,roi_reg,0.19160206615924835,0.17032982409000397,0.3208997306953008,0.04351799190044403,0.04877781495451927,0.04877781495451927,1.120865481709453,0.2241730963418906,1.0719371479057183,0.9809433459707485,11.203483028046684,0,1,0,0,0,0,1.0,1.0,0.2,0.2
7,300,1,odam,backbone,0.975703775882721,1.4341413974761963,-0.5865241474540394,2.737739086151123,2.7053937911987305,2.7053937911987305,0.9881853989972925,0.19763707979945852,0.8840812097374998,0.9840008859365931,10.26281099339956,1,0,0,0,0,0,1.0,1.0,0.2,0.2
7,300,1,odam,fpn,0.975703775882721,1.4341413974761963,-0.15051597648152323,1.545740008354187,0.5806676149368286,0.5806676149368286,0.3756567157468411,0.07513134314936823,0.9886917539201887,0.9971902378811457,4.296097685489319,1,0,0,0,0,0,1.0,1.0,0.2,0.2
7,300,1,odam,rpn,0.975703775882721,1.4341413974761963,0.0,1.0584087371826172,0.0,0.0,0.0,0.0,1.0000000625571934,1.0000000625571934,0.0,0,0,0,0,0,0,1.0,1.0,0.2,0.2
7,300,1,odam,roi_shared,0.975703775882721,1.4341413974761963,0.21619401151244416,2.701122760772705,0.8195853233337402,0.8195853233337402,0.30342394475224926,0.06068478895044985,1.0131197320005525,0.9982943168597337,3.346944868553379,0,0,0,0,0,0,1.0,1.0,0.2,0.2
7,300,1,odam,roi_cls,0.975703775882721,1.4341413974761963,0.0,0.7541001439094543,0.0,0.0,0.0,0.0,1.0000000477117004,1.0000000477117004,0.0,0,0,0,0,0,0,1.0,1.0,0.2,0.2
7,300,1,odam,roi_reg,0.975703775882721,1.4341413974761963,-0.317323772222794,0.24956968426704407,0.7737661004066467,0.7737661004066467,3.1004010069536454,0.6200802013907291,0.8032337811122416,0.8068863278272784,36.20717674520334,1,1,0,0,0,0,1.0,1.0,0.2,0.2
7,400,1,odam,backbone,0.026666924357414246,-0.0,0.0,0.19431591033935547,0.0,0.0,0.0,0.0,1.0000000387078747,1.0000000387078747,0.0,0,0,0,0,0,0,1.0,1.0,0.2,0.2
7,400,1,odam,fpn,0.026666924357414246,-0.0,0.0,0.15004870295524597,0.0,0.0,0.0,0.0,0.9999999211209457,0.9999999211209457,0.022757181886370714,0,0,0,0,0,0,1.0,1.0,0.2,0.2
7,400,1,odam,rpn,0.026666924357414246,-0.0,0.0,0.11862849444150925,0.0,0.0,0.0,0.0,0.9999999528607846,0.9999999528607846,0.01759255052180336,0,0,0,0,0,0,1.0,1.0,0.2,0.2
7,400,1,odam,roi_shared,0.026666924357414246,-0.0,0.0,0.144455686211586,0.0,0.0,0.0,0.0,0.9999999662619323,0.9999999662619323,0.014883248530921891,0,0,0,0,0,0,1.0,1.0,0.2,0.2
7,400,1,odam,roi_cls,0.026666924357414246,-0.0,0.0,0.07375629246234894,0.0,0.0,0.0,0.0,1.000000083388627,1.000000083388627,0.0,0,0,0,0,0,0,1.0,1.0,0.2,0.2
7,400,1,odam,roi_reg,0.026666924357414246,-0.0,0.0,0.0,0.0,0.0,0.0,0.0,0.0,0.0,90.0,0,0,0,1,0,0,1.0,1.0,0.2,0.2
7,500,1,odam,backbone,0.08277712762355804,-0.0,0.0,1.3257848024368286,0.0,0.0,0.0,0.0,1.000000061264832,1.000000061264832,0.0,0,0,0,0,0,0,1.0,1.0,0.2,0.2
7,500,1,odam,fpn,0.08277712762355804,-0.0,0.0,0.6086059808731079,0.0,0.0,0.0,0.0,0.9999999823978973,0.9999999823978973,0.01075028321203976,0,0,0,0,0,0,1.0,1.0,0.2,0.2
7,500,1,odam,rpn,0.08277712762355804,-0.0,0.0,0.33704495429992676,0.0,0.0,0.0,0.0,1.0000000582403439,1.0000000582403439,0.0,0,0,0,0,0,0,1.0,1.0,0.2,0.2
7,500,1,odam,roi_shared,0.08277712762355804,-0.0,0.0,0.9612858891487122,0.0,0.0,0.0,0.0,0.9999999744758359,0.9999999744758359,0.01294533803296861,0,0,0,0,0,0,1.0,1.0,0.2,0.2
7,500,1,odam,roi_cls,0.08277712762355804,-0.0,0.0,0.2508128881454468,0.0,0.0,0.0,0.0,0.9999999183550969,0.9999999183550969,0.023152728126951422,0,0,0,0,0,0,1.0,1.0,0.2,0.2
7,500,1,odam,roi_reg,0.08277712762355804,-0.0,0.0,0.0,0.0,0.0,0.0,0.0,0.0,0.0,90.0,0,0,0,1,0,0,1.0,1.0,0.2,0.2
7,600,1,odam,backbone,0.13615140318870544,0.11637118458747864,-0.31402986992821735,1.4755312204360962,1.9639484882354736,1.9639484882354736,1.3310111375718805,0.2662022275143761,0.9164043061646991,0.9640102061260348,15.418371455955182,1,1,0,0,0,0,1.0,1.0,0.2,0.2
7,600,1,odam,fpn,0.13615140318870544,0.11637118458747864,-0.3245297271356055,0.4690414369106293,0.9729236364364624,0.9729236364364624,2.074280777503763,0.41485615550075267,0.8653668230469311,0.9107412827000392,24.39200686594671,1,1,0,0,0,0,1.0,1.0,0.2,0.2
7,600,1,odam,rpn,0.13615140318870544,0.11637118458747864,0.0,0.17303749918937683,0.0,0.0,0.0,0.0,0.9999999359442852,0.9999999359442852,0.020507681960068004,0,0,0,0,0,0,1.0,1.0,0.2,0.2
7,600,1,odam,roi_shared,0.13615140318870544,0.11637118458747864,-0.6266391422549492,0.49565544724464417,0.4605351388454437,0.4605351388454437,0.9291437053815614,0.18582874107631228,0.883552407418947,0.9868324394843045,9.308249083437394,1,0,0,0,0,0,1.0,1.0,0.2,0.2
7,600,1,odam,roi_cls,0.13615140318870544,0.11637118458747864,0.0,0.10262256115674973,0.0,0.0,0.0,0.0,1.0000000026060707,1.0000000026060707,0.0,0,0,0,0,0,0,1.0,1.0,0.2,0.2
7,600,1,odam,roi_reg,0.13615140318870544,0.11637118458747864,-0.5644372469555521,0.08981083333492279,0.1294911503791809,0.1294911503791809,1.441821053995593,0.2883642107991186,0.8372363961579802,0.9618788968242392,15.871199611256737,1,1,0,0,0,0,1.0,1.0,0.2,0.2
7,700,1,odam,backbone,0.27717044949531555,1.2138780355453491,-0.56047660501493,0.5893985629081726,5.986835956573486,5.986835956573486,10.157534024232472,2.0315068048464946,-0.1386123397372238,-0.0821097985398556,94.70984737119281,1,1,1,1,0,0,1.0,1.0,0.2,0.2
7,700,1,odam,fpn,0.27717044949531555,1.2138780355453491,0.03676404633239709,0.32484620809555054,2.903391122817993,2.903391122817993,8.937740538328793,1.7875481076657587,1.0657176035101437,0.5123427282225764,59.1799959311196,0,1,1,0,0,0,1.0,1.0,0.2,0.2
7,700,1,odam,rpn,0.27717044949531555,1.2138780355453491,0.0,0.28097712993621826,0.0,0.0,0.0,0.0,0.9999999062315384,0.9999999062315384,0.02481224318037409,0,0,0,0,0,0,1.0,1.0,0.2,0.2
7,700,1,odam,roi_shared,0.27717044949531555,1.2138780355453491,-0.2652998288235979,0.45360222458839417,1.8683315515518188,1.8683315515518188,4.118876518401497,0.8237753036802994,0.7814527379031204,0.7013381152062249,45.46553999807071,1,1,0,0,0,0,1.0,1.0,0.2,0.2
7,700,1,odam,roi_cls,0.27717044949531555,1.2138780355453491,0.0,0.1298132836818695,0.0,0.0,0.0,0.0,1.000000103445409,1.000000103445409,0.0,0,0,0,0,0,0,1.0,1.0,0.2,0.2
7,700,1,odam,roi_reg,0.27717044949531555,1.2138780355453491,-0.5515040378202236,0.09721653908491135,2.1137595176696777,2.1137595176696777,21.74279744543742,4.348559489087484,-1.3982481308130439,-0.35966827169435067,111.07982485561827,1,1,1,1,0,0,1.0,1.0,0.2,0.2
8,0,1,odam,backbone,0.13575837016105652,1.5453976392745972,-0.44082954852942546,0.6756424903869629,5.889756679534912,5.889756679534912,8.717268027594969,1.7434536055189935,0.2314342340142419,0.1462987654022518,81.58750494770084,1,1,1,0,0,0,1.0,1.0,0.2,0.2
8,0,1,odam,fpn,0.13575837016105652,1.5453976392745972,-0.18095922036993045,0.5271909236907959,1.5082104206085205,1.5082104206085205,2.8608429182538524,0.5721685836507705,0.8964606641078111,0.8469628959506295,32.11714214946638,1,1,0,0,0,0,1.0,1.0,0.2,0.2
8,0,1,odam,rpn,0.13575837016105652,1.5453976392745972,0.0,0.47068846225738525,0.0,0.0,0.0,0.0,1.0000000221499918,1.0000000221499918,0.0,0,0,0,0,0,0,1.0,1.0,0.2,0.2
8,0,1,odam,roi_shared,0.13575837016105652,1.5453976392745972,-0.12929488211012943,0.20445434749126434,3.1543235778808594,3.1543235778808594,15.428009316434972,3.085601863286995,0.6010474312186795,0.19275596192396377,78.88633714183523,1,1,1,0,0,0,1.0,1.0,0.2,0.2
8,0,1,odam,roi_cls,0.13575837016105652,1.5453976392745972,0.0,0.04830709472298622,0.0,0.0,0.0,0.0,0.9999999971841579,0.9999999971841579,0.004299735894261738,0,0,0,0,0,0,1.0,1.0,0.2,0.2
8,0,1,odam,roi_reg,0.13575837016105652,1.5453976392745972,-0.6125315215158004,0.0613706074655056,3.191251516342163,3.191251516342163,51.99967294010998,10.399934588021997,-5.3702877289785835,-0.5469131187054036,123.15549666750184,1,1,1,1,0,0,1.0,1.0,0.2,0.2
8,100,1,odam,backbone,0.17691615223884583,0.045436643064022064,-0.5857648850327255,1.086076021194458,0.42821204662323,0.42821204662323,0.3942744690673547,0.07885489381347095,0.953809437807223,0.9977625381699321,3.8335087381422905,1,0,0,0,0,0,1.0,1.0,0.2,0.2
8,100,1,odam,fpn,0.17691615223884583,0.045436643064022064,-0.1739923938195661,0.44631412625312805,0.162031888961792,0.162031888961792,0.3630445003434537,0.07260890006869075,0.987366516061381,0.997388138261013,4.14197328750776,1,0,0,0,0,0,1.0,1.0,0.2,0.2
8,100,1,odam,rpn,0.17691615223884583,0.045436643064022064,0.0,0.2986908555030823,0.0,0.0,0.0,0.0,1.0000000575976107,1.0000000575976107,0.0,0,0,0,0,0,0,1.0,1.0,0.2,0.2
8,100,1,odam,roi_shared,0.17691615223884583,0.045436643064022064,-0.5622405753899584,0.34134751558303833,0.069199338555336,0.069199338555336,0.20272401408031382,0.040544802816062764,0.9772041181772272,0.9994119502051579,1.9650154354504916,1,0,0,0,0,0,1.0,1.0,0.2,0.2
8,100,1,odam,roi_cls,0.17691615223884583,0.045436643064022064,0.0,0.09591268002986908,0.0,0.0,0.0,0.0,0.9999999909838361,0.9999999909838361,0.007693935304557651,0,0,0,0,0,0,1.0,1.0,0.2,0.2
8,100,1,odam,roi_reg,0.17691615223884583,0.045436643064022064,-0.7386313773282595,0.11857596039772034,0.03917050361633301,0.03917050361633301,0.3303410192500206,0.0660682038500041,0.9511999593155462,0.9989056726437157,2.680716399606593,1,0,0,0,0,0,1.0,1.0,0.2,0.2
8,200,1,odam,backbone,0.2804863452911377,2.4368741512298584,-0.40034900611432306,1.2003376483917236,6.218801498413086,6.218801498413086,5.180876819739319,1.036175363947864,0.585168484635891,0.5246520972209489,58.355174437564436,1,1,1,0,0,0,1.0,1.0,0.2,0.2
8,200,1,odam,fpn,0.2804863452911377,2.4368741512298584,-0.10618861015935215,0.43373095989227295,2.7828783988952637,2.7828783988952637,6.416139626247698,1.2832279252495398,0.8637358793351518,0.5605667142372077,55.90500112743971,1,1,1,0,0,0,1.0,1.0,0.2,0.2
8,200,1,odam,rpn,0.2804863452911377,2.4368741512298584,0.0,0.6584217548370361,0.0,0.0,0.0,0.0,1.0000000164906795,1.0000000164906795,0.0,0,0,0,0,0,0,1.0,1.0,0.2,0.2
8,200,1,odam,roi_shared,0.2804863452911377,2.4368741512298584,-0.06698917934411884,0.5363299250602722,3.0475943088531494,3.0475943088531494,5.68231263342366,1.1364625266847321,0.9238692542574046,0.6316494532621956,50.8280786821836,1,1,1,0,0,0,1.0,1.0,0.2,0.2
8,200,1,odam,roi_cls,0.2804863452911377,2.4368741512298584,0.0,0.13124807178974152,0.0,0.0,0.0,0.0,1.0000000451985616,1.0000000451985616,0.0,0,0,0,0,0,0,1.0,1.0,0.2,0.2
8,200,1,odam,roi_reg,0.2804863452911377,2.4368741512298584,-0.6670614620166486,0.08314014226198196,1.0711710453033447,1.0711710453033447,12.883921246225317,2.576784249245063,-0.7188735535659093,-0.35068796316957457,110.52939978174476,1,1,1,1,0,0,1.0,1.0,0.2,0.2
8,300,1,odam,backbone,0.21079380810260773,0.17951403558254242,0.2568555045101448,0.7087029218673706,1.4354246854782104,1.4354246854782104,2.0254250987084843,0.4050850197416969,1.1040484262250214,0.9424990633181174,19.524432092927135,0,1,0,0,0,0,1.0,1.0,0.2,0.2
8,300,1,odam,fpn,0.21079380810260773,0.17951403558254242,0.009146022050212378,0.25424620509147644,0.9549589157104492,0.9549589157104492,3.75603999818546,0.7512079996370921,1.0068704605926033,0.801516748277945,36.72481377935592,0,1,0,0,0,0,1.0,1.0,0.2,0.2
8,300,1,odam,rpn,0.21079380810260773,0.17951403558254242,0.0,0.2548479735851288,0.0,0.0,0.0,0.0,0.9999999427740868,0.9999999427740868,0.01938358032611468,0,0,0,0,0,0,1.0,1.0,0.2,0.2
8,300,1,odam,roi_shared,0.21079380810260773,0.17951403558254242,0.04331087357372397,0.29292282462120056,0.06896942108869553,0.06896942108869553,0.23545253319841092,0.047090506639682186,1.0020395660961552,0.9988997299101265,2.687986677769251,0,0,0,0,0,0,1.0,1.0,0.2,0.2
8,300,1,odam,roi_cls,0.21079380810260773,0.17951403558254242,0.0,0.06300681829452515,0.0,0.0,0.0,0.0,1.0000000454038598,1.0000000454038598,0.0,0,0,0,0,0,0,1.0,1.0,0.2,0.2
8,300,1,odam,roi_reg,0.21079380810260773,0.17951403558254242,-0.06680158567544298,0.05852927640080452,0.04715204983949661,0.04715204983949661,0.8056147750162256,0.16112295500324514,0.9892367002934349,0.9870507975790715,9.230578158264919,1,0,0,0,0,0,1.0,1.0,0.2,0.2
8,400,1,odam,backbone,0.16792279481887817,0.7513467073440552,0.21510747358346072,0.5324258804321289,4.2186970710754395,4.2186970710754395,7.923538704864327,1.5847077409728654,1.3408822266829077,0.6548245078613941,49.09365544854285,0,1,1,0,0,0,1.0,1.0,0.2,0.2
8,400,1,odam,fpn,0.16792279481887817,0.7513467073440552,0.10395340557637511,0.23581212759017944,2.148303747177124,2.148303747177124,9.110234359577492,1.8220468719154983,1.1894080237250682,0.5487106209408406,56.72139892644751,0,1,1,0,0,0,1.0,1.0,0.2,0.2
8,400,1,odam,rpn,0.16792279481887817,0.7513467073440552,0.0,0.26973816752433777,0.0,0.0,0.0,0.0,1.0000000419575363,1.0000000419575363,0.0,0,0,0,0,0,0,1.0,1.0,0.2,0.2
8,400,1,odam,roi_shared,0.16792279481887817,0.7513467073440552,-0.030476265791315457,0.3870753049850464,1.5049806833267212,1.5049806833267212,3.8880824065613333,0.7776164813122667,0.9763012907652973,0.7823464601133346,38.52408001054177,1,1,0,0,0,0,1.0,1.0,0.2,0.2
8,400,1,odam,roi_cls,0.16792279481887817,0.7513467073440552,0.0,0.09608360379934311,0.0,0.0,0.0,0.0,1.000000021887074,1.000000021887074,0.0,0,0,0,0,0,0,1.0,1.0,0.2,0.2
8,400,1,odam,roi_reg,0.16792279481887817,0.7513467073440552,-0.2602158160667776,0.042728032916784286,1.0646345615386963,1.0646345615386963,24.91653579307392,4.983307158614784,-0.29673528742365823,-0.061553434563862836,93.52898286188514,1,1,1,1,0,0,1.0,1.0,0.2,0.2
8,500,1,odam,backbone,0.5794056057929993,0.6038914918899536,-0.6208671547070798,2.0826873779296875,2.473094940185547,2.473094940185547,1.1874537515294048,0.237490750305881,0.8525496008969871,0.9769770513829789,12.318416105332313,1,1,0,0,0,0,1.0,1.0,0.2,0.2
8,500,1,odam,fpn,0.5794056057929993,0.6038914918899536,-0.4700607673285427,1.157630443572998,0.7245779633522034,0.7245779633522034,0.6259147445326431,0.12518294890652862,0.9411563993716439,0.9931790828036848,6.695857236664769,1,0,0,0,0,0,1.0,1.0,0.2,0.2
8,500,1,odam,rpn,0.5794056057929993,0.6038914918899536,0.0,0.6410968899726868,0.0,0.0,0.0,0.0,0.9999999431220965,0.9999999431220965,0.019324551459177483,0,0,0,0,0,0,1.0,1.0,0.2,0.2
8,500,1,odam,roi_shared,0.5794056057929993,0.6038914918899536,0.04249776214205524,1.5888549089431763,0.5591304898262024,0.5591304898262024,0.3519078341760652,0.07038156683521303,1.002990989688401,0.9975513508759903,4.010417332545884,0,0,0,0,0,0,1.0,1.0,0.2,0.2
8,500,1,odam,roi_cls,0.5794056057929993,0.6038914918899536,0.0,0.3685760498046875,0.0,0.0,0.0,0.0,1.0000000668421674,1.0000000668421674,0.0,0,0,0,0,0,0,1.0,1.0,0.2,0.2
8,500,1,odam,roi_reg,0.5794056057929993,0.6038914918899536,-0.601543439697341,0.09134476631879807,0.27144190669059753,0.27144190669059753,2.9716196956840517,0.5943239391368104,0.6424883158884449,0.8042436586282232,36.462725635155124,1,1,0,0,0,0,1.0,1.0,0.2,0.2
8,600,1,odam,backbone,0.14579807221889496,4.34710693359375,0.27889547980146895,0.3402111828327179,5.060349941253662,5.060349941253662,14.874143463243653,2.974828692648731,1.8296658642902264,0.5393294850319791,57.36199435465807,0,1,1,0,0,0,1.0,1.0,0.2,0.2
8,600,1,odam,fpn,0.14579807221889496,4.34710693359375,0.03316600691021919,0.1715049296617508,3.928471565246582,3.928471565246582,22.905881323612554,4.581176264722511,1.1519392302115763,0.2439856341179037,75.87810420877861,0,1,1,0,0,0,1.0,1.0,0.2,0.2
8,600,1,odam,rpn,0.14579807221889496,4.34710693359375,0.0,0.11955944448709488,0.0,0.0,0.0,0.0,0.9999999754994204,0.9999999754994204,0.012683111487635571,0,0,0,0,0,0,1.0,1.0,0.2,0.2
8,600,1,odam,roi_shared,0.14579807221889496,4.34710693359375,0.008050326266721983,0.2814016044139862,11.37983226776123,11.37983226776123,40.4398272407136,8.08796544814272,1.0651108279792996,0.13056770323035843,82.49760106452472,0,1,1,0,0,0,1.0,1.0,0.2,0.2
8,600,1,odam,roi_cls,0.14579807221889496,4.34710693359375,0.0,0.06627748161554337,0.0,0.0,0.0,0.0,1.0000000813012768,1.0000000813012768,0.0,0,0,0,0,0,0,1.0,1.0,0.2,0.2
8,600,1,odam,roi_reg,0.14579807221889496,4.34710693359375,-0.005370229719337933,0.038919396698474884,5.746935844421387,5.746935844421387,147.66251103390277,29.532502206780556,0.8414036705510572,0.028479621678452086,88.3680172111345,1,1,1,0,0,0,1.0,1.0,0.2,0.2
8,700,1,odam,backbone,0.2908642292022705,1.3949241638183594,-0.9432000229847192,2.175590991973877,23.60123062133789,23.60123062133789,10.848192839741854,2.169638567948371,-1.0464032280013529,-0.8235244284592351,145.43917489926966,1,1,1,1,0,0,1.0,1.0,0.2,0.2
8,700,1,odam,fpn,0.2908642292022705,1.3949241638183594,-0.8287507866351348,0.6019657254219055,7.2519426345825195,7.2519426345825195,12.047102232439864,2.4094204464879727,-0.9968091838645698,-0.5944678728364347,126.47470725151311,1,1,1,1,0,0,1.0,1.0,0.2,0.2
8,700,1,odam,rpn,0.2908642292022705,1.3949241638183594,0.0,0.2507666349411011,0.0,0.0,0.0,0.0,1.0000000137830856,1.0000000137830856,0.0,0,0,0,0,0,0,1.0,1.0,0.2,0.2
8,700,1,odam,roi_shared,0.2908642292022705,1.3949241638183594,-0.6922692953679784,0.7787691950798035,9.581247329711914,9.581247329711914,12.303064104545234,2.4606128209090468,-0.7034066291180592,-0.3682907736332101,111.61024342526673,1,1,1,1,0,0,1.0,1.0,0.2,0.2
8,700,1,odam,roi_cls,0.2908642292022705,1.3949241638183594,0.0,0.2260490208864212,0.0,0.0,0.0,0.0,1.0000000117808638,1.0000000117808638,0.0,0,0,0,0,0,0,1.0,1.0,0.2,0.2
8,700,1,odam,roi_reg,0.2908642292022705,1.3949241638183594,-0.8087880164187801,0.2751300632953644,3.5152835845947266,3.5152835845947266,12.776806512856114,2.5553613025712227,-1.0667454604060165,-0.5788321260230028,125.36844246262541,1,1,1,1,0,0,1.0,1.0,0.2,0.2
9,0,1,odam,backbone,0.051189832389354706,0.0,0.0,0.24566350877285004,0.0,0.0,0.0,0.0,1.0000000018104802,1.0000000018104802,0.0,0,0,0,0,0,0,1.0,1.0,0.2,0.2
9,0,1,odam,fpn,0.051189832389354706,0.0,0.0,0.16220422089099884,0.0,0.0,0.0,0.0,0.99999999658038,0.99999999658038,0.004738343668565294,0,0,0,0,0,0,1.0,1.0,0.2,0.2
9,0,1,odam,rpn,0.051189832389354706,0.0,0.0,0.06976809352636337,0.0,0.0,0.0,0.0,0.9999999791653461,0.9999999791653461,0.01169582270139605,0,0,0,0,0,0,1.0,1.0,0.2,0.2
9,0,1,odam,roi_shared,0.051189832389354706,0.0,0.0,0.24118199944496155,0.0,0.0,0.0,0.0,0.9999999505803576,0.9999999505803576,0.0180130573280208,0,0,0,0,0,0,1.0,1.0,0.2,0.2
9,0,1,odam,roi_cls,0.051189832389354706,0.0,0.0,0.10640136897563934,0.0,0.0,0.0,0.0,0.9999999965300344,0.9999999965300344,0.004773096535931293,0,0,0,0,0,0,1.0,1.0,0.2,0.2
9,0,1,odam,roi_reg,0.051189832389354706,0.0,0.0,0.03132985159754753,0.0,0.0,0.0,0.0,0.9999999084617458,0.9999999084617458,0.02451539788530824,0,0,0,0,0,0,1.0,1.0,0.2,0.2
9,100,1,odam,backbone,0.09969588369131088,1.1235274076461792,-0.6263915856849809,0.6109466552734375,28.534992218017578,28.534992218017578,46.7061927121057,9.34123854242114,-4.8512723671432765,-0.554453927163695,123.67311087525368,1,1,1,1,0,0,1.0,1.0,0.2,0.2
9,100,1,odam,fpn,0.09969588369131088,1.1235274076461792,-0.34434763713105615,0.28449395298957825,9.160768508911133,9.160768508911133,32.20022222843772,6.440044445687544,-1.2176143506287813,-0.19742197144554133,101.38624327576761,1,1,1,1,0,0,1.0,1.0,0.2,0.2
9,100,1,odam,rpn,0.09969588369131088,1.1235274076461792,0.0,0.44965776801109314,0.0,0.0,0.0,0.0,0.9999999484133175,0.9999999484133175,0.018403754523554795,0,0,0,0,0,0,1.0,1.0,0.2,0.2
9,100,1,odam,roi_shared,0.09969588369131088,1.1235274076461792,-0.5159074197107278,0.21981915831565857,16.167226791381836,16.167226791381836,73.54785140322404,14.709570280644808,-6.588776490823065,-0.4633623801744168,117.60428949521405,1,1,1,1,0,0,1.0,1.0,0.2,0.2
9,100,1,odam,roi_cls,0.09969588369131088,1.1235274076461792,0.0,0.05744330957531929,0.0,0.0,0.0,0.0,1.0000000126455477,1.0000000126455477,0.0,0,0,0,0,0,0,1.0,1.0,0.2,0.2
9,100,1,odam,roi_reg,0.09969588369131088,1.1235274076461792,-0.906616357754831,0.0516599677503109,6.690826416015625,6.690826416015625,129.51665878605505,25.903331757211014,-22.484384196519436,-0.899365362061691,154.0747718981763,1,1,1,1,0,0,1.0,1.0,0.2,0.2
9,200,1,odam,backbone,0.2430901974439621,0.5631593465805054,0.243666515705545,0.8054227828979492,2.528428554534912,2.528428554534912,3.1392563113716583,0.6278512622743317,1.1529865389102325,0.8842560947258522,27.839885366311353,0,1,0,0,0,0,1.0,1.0,0.2,0.2
9,200,1,odam,fpn,0.2430901974439621,0.5631593465805054,0.22601714057806316,0.3598667085170746,0.8465288877487183,0.8465288877487183,2.3523400962458103,0.4704680192491621,1.1063337170202079,0.9238689679027093,22.501581691974486,0,1,0,0,0,0,1.0,1.0,0.2,0.2
9,200,1,odam,rpn,0.2430901974439621,0.5631593465805054,0.0,0.44001683592796326,0.0,0.0,0.0,0.0,0.999999973169041,0.999999973169041,0.01327259153362532,0,0,0,0,0,0,1.0,1.0,0.2,0.2
9,200,1,odam,roi_shared,0.2430901974439621,0.5631593465805054,0.11399004931605092,0.3935141861438751,1.2524269819259644,1.2524269819259644,3.1826730166928643,0.6365346033385729,1.072558563019963,0.8614181786783883,30.523809239589557,0,1,0,0,0,0,1.0,1.0,0.2,0.2
9,200,1,odam,roi_cls,0.2430901974439621,0.5631593465805054,0.0,0.13401152193546295,0.0,0.0,0.0,0.0,0.9999999004948187,0.9999999004948187,0.025559978345192597,0,0,0,0,0,0,1.0,1.0,0.2,0.2
9,200,1,odam,roi_reg,0.2430901974439621,0.5631593465805054,0.16205726019452588,0.12243229895830154,0.34381821751594543,0.34381821751594543,2.8082313281811717,0.5616462656362343,1.0910189311165883,0.8915611901125317,26.929914353547726,0,1,0,0,0,0,1.0,1.0,0.2,0.2
9,300,1,odam,backbone,0.2865498960018158,0.6792313456535339,-0.6504968972700335,0.7278485298156738,1.7291009426116943,1.7291009426116943,2.3756329397952975,0.4751265879590595,0.6909313843038211,0.8863861806359542,27.577409180956018,1,1,0,0,0,0,1.0,1.0,0.2,0.2
9,300,1,odam,fpn,0.2865498960018158,0.6792313456535339,-0.3819067542444312,0.264138400554657,0.9324865937232971,0.9324865937232971,3.530295450283617,0.7060590900567234,0.7303511718958325,0.7457137941321043,41.77955487759175,1,1,0,0,0,0,1.0,1.0,0.2,0.2
9,300,1,odam,rpn,0.2865498960018158,0.6792313456535339,0.0,0.2558773458003998,0.0,0.0,0.0,0.0,0.9999999648404297,0.9999999648404297,0.015193555289921237,0,0,0,0,0,0,1.0,1.0,0.2,0.2
9,300,1,odam,roi_shared,0.2865498960018158,0.6792313456535339,-0.32857046565015974,0.42859843373298645,0.7815696001052856,0.7815696001052856,1.8235474947913541,0.3647094989582709,0.8801671234907189,0.9312257180078285,21.373304779091175,1,1,0,0,0,0,1.0,1.0,0.2,0.2
9,300,1,odam,roi_cls,0.2865498960018158,0.6792313456535339,0.0,0.14929088950157166,0.0,0.0,0.0,0.0,1.0000000636042026,1.0000000636042026,0.0,0,0,0,0,0,0,1.0,1.0,0.2,0.2
9,300,1,odam,roi_reg,0.2865498960018158,0.6792313456535339,-0.7700548565874501,0.10828588157892227,0.4246924817562103,0.4246924817562103,3.9219561734525903,0.7843912346905181,0.39597569643977215,0.6205166278619653,51.64612880084225,1,1,0,0,0,0,1.0,1.0,0.2,0.2
9,400,1,odam,backbone,0.49559372663497925,0.30426353216171265,-0.24492047022465172,0.9893637299537659,0.37561947107315063,0.37561947107315063,0.3796576119590555,0.07593152239181111,0.9814028791304693,0.9971983507571771,4.2898880462250375,1,0,0,0,0,0,1.0,1.0,0.2,0.2
9,400,1,odam,fpn,0.49559372663497925,0.30426353216171265,-0.24417547314678512,0.5564273595809937,0.25213003158569336,0.25213003158569336,0.45312299484258783,0.09062459896851757,0.9778716393093178,0.9959859410223789,5.135407198154202,1,0,0,0,0,0,1.0,1.0,0.2,0.2
9,400,1,odam,rpn,0.49559372663497925,0.30426353216171265,0.0,0.31796789169311523,0.0,0.0,0.0,0.0,0.9999999395648228,0.9999999395648228,0.019919688022732238,0,0,0,0,0,0,1.0,1.0,0.2,0.2
9,400,1,odam,roi_shared,0.49559372663497925,0.30426353216171265,0.22972992895384248,1.0799331665039062,0.03768060356378555,0.03768060356378555,0.03489160693690877,0.006978321387381755,1.0016031027943664,0.999977046857326,0.38820358262282695,0,0,0,0,0,0,1.0,1.0,0.2,0.2
9,400,1,odam,roi_cls,0.49559372663497925,0.30426353216171265,0.0,0.26825985312461853,0.0,0.0,0.0,0.0,1.0000000854148812,1.0000000854148812,0.0,0,0,0,0,0,0,1.0,1.0,0.2,0.2
9,400,1,odam,roi_reg,0.49559372663497925,0.30426353216171265,-0.004683129776894099,0.10029801726341248,0.022396711632609367,0.022396711632609367,0.2233016388927104,0.044660327778542085,0.9997909252381221,0.9990038494484527,2.557620937756615,1,0,0,0,0,0,1.0,1.0,0.2,0.2
9,500,1,odam,backbone,0.17098170518875122,0.14320029318332672,0.15250888358430645,0.4337666630744934,0.3823677897453308,0.3823677897453308,0.881505708703263,0.17630114174065262,1.0268876506565978,0.9859086302455148,9.62998347731472,0,0,0,0,0,0,1.0,1.0,0.2,0.2
9,500,1,odam,fpn,0.17098170518875122,0.14320029318332672,0.016242913939440072,0.33966565132141113,0.32560497522354126,0.32560497522354126,0.9586043627220792,0.19172087254441583,1.0031142898172778,0.9822257366565134,10.818793065404265,0,0,0,0,0,0,1.0,1.0,0.2,0.2
9,500,1,odam,rpn,0.17098170518875122,0.14320029318332672,0.0,0.22101880609989166,0.0,0.0,0.0,0.0,1.0000000368765913,1.0000000368765913,0.0,0,0,0,0,0,0,1.0,1.0,0.2,0.2
9,500,1,odam,roi_shared,0.17098170518875122,0.14320029318332672,0.0016233028191487233,0.533626914024353,0.25657445192337036,0.25657445192337036,0.480812427522464,0.0961624855044928,1.0001561167154784,0.9954096506496275,5.4919524699738,0,0,0,0,0,0,1.0,1.0,0.2,0.2
9,500,1,odam,roi_cls,0.17098170518875122,0.14320029318332672,0.0,0.16129738092422485,0.0,0.0,0.0,0.0,1.0000000463606156,1.0000000463606156,0.0,0,0,0,0,0,0,1.0,1.0,0.2,0.2
9,500,1,odam,roi_reg,0.17098170518875122,0.14320029318332672,0.0015885005667352853,0.06827491521835327,0.15531393885612488,0.15531393885612488,2.2748316619567808,0.4549663323913562,1.0007227651386266,0.910335112059236,24.448297319416504,0,1,0,0,0,0,1.0,1.0,0.2,0.2
9,600,1,odam,backbone,0.0520903617143631,0.07676421850919724,-0.10936491242392588,0.20111262798309326,2.0871472358703613,2.0871472358703613,10.378001902723977,2.0756003805447953,0.7730020662755743,0.35085311658838453,69.46049559089467,1,1,1,0,0,0,1.0,1.0,0.2,0.2
9,600,1,odam,fpn,0.0520903617143631,0.07676421850919724,0.009225774869611398,0.1532754898071289,1.2302570343017578,1.2302570343017578,8.026443339700474,1.605288667940095,1.014809978048084,0.5343643475347544,57.699186706268094,0,1,1,0,0,0,1.0,1.0,0.2,0.2
9,600,1,odam,rpn,0.0520903617143631,0.07676421850919724,0.0,0.0775882750749588,0.0,0.0,0.0,0.0,0.999999951001242,0.999999951001242,0.017936188858619972,0,0,0,0,0,0,1.0,1.0,0.2,0.2
9,600,1,odam,roi_shared,0.0520903617143631,0.07676421850919724,-0.08293342520494748,0.16678766906261444,0.10011935234069824,0.10011935234069824,0.6002803019155573,0.12005606038311147,0.990043352468087,0.9927771652457413,6.890539390072461,1,0,0,0,0,0,1.0,1.0,0.2,0.2
9,600,1,odam,roi_cls,0.0520903617143631,0.07676421850919724,0.0,0.06176931411027908,0.0,0.0,0.0,0.0,0.9999999944427134,0.9999999944427134,0.006040446317544663,0,0,0,0,0,0,1.0,1.0,0.2,0.2
9,600,1,odam,roi_reg,0.0520903617143631,0.07676421850919724,-0.919585416261563,0.011838705278933048,0.0485018789768219,0.0485018789768219,4.0968904820302345,0.819378096406047,0.24651175630483316,0.6079690335845297,52.55720469609416,1,1,0,0,0,0,1.0,1.0,0.2,0.2
9,700,1,odam,backbone,0.13835765421390533,0.6576135754585266,0.4427043319247279,0.5949316620826721,3.964360237121582,3.964360237121582,6.663555648128695,1.3327111296257392,1.5899968868993823,0.7993959111629779,36.92754522257145,0,1,1,0,0,0,1.0,1.0,0.2,0.2
9,700,1,odam,fpn,0.13835765421390533,0.6576135754585266,-0.4606534040968146,0.19468088448047638,1.5236167907714844,1.5236167907714844,7.826226980822458,1.5652453961644919,0.2789642913861177,0.19686803195491787,78.64613047583677,1,1,1,0,0,0,1.0,1.0,0.2,0.2
9,700,1,odam,rpn,0.13835765421390533,0.6576135754585266,0.0,0.1012430414557457,0.0,0.0,0.0,0.0,0.9999999587142236,0.9999999587142236,0.016464094855780452,0,0,0,0,0,0,1.0,1.0,0.2,0.2
9,700,1,odam,roi_shared,0.13835765421390533,0.6576135754585266,-0.2271267941832756,0.28818944096565247,1.7110519409179688,1.7110519409179688,5.9372471634791735,1.1874494326958347,0.7302984962596974,0.5339567526436302,57.726811423157976,1,1,1,0,0,0,1.0,1.0,0.2,0.2
9,700,1,odam,roi_cls,0.13835765421390533,0.6576135754585266,0.0,0.05403788760304451,0.0,0.0,0.0,0.0,1.000000062976867,1.000000062976867,0.0,0,0,0,0,0,0,1.0,1.0,0.2,0.2
9,700,1,odam,roi_reg,0.13835765421390533,0.6576135754585266,0.2460116749638208,0.08199454843997955,0.7510522603988647,0.7510522603988647,9.159782872011778,1.8319565744023556,1.4506826400377124,0.6326822514972854,50.75170740561058,0,1,1,0,0,0,1.0,1.0,0.2,0.2
10,0,1,odam,backbone,0.20473536849021912,0.4059702455997467,0.00955224169410921,0.7865346074104309,3.6984975337982178,3.6984975337982178,4.7022692948948155,0.9404538589789632,1.0089832003839851,0.7315275940096224,42.985389022549,0,1,0,0,0,0,1.0,1.0,0.2,0.2
10,0,1,odam,fpn,0.20473536849021912,0.4059702455997467,0.028490474783149713,0.41466066241264343,2.496971368789673,2.496971368789673,6.0217223265438395,1.204344465308768,1.034312312671029,0.6516757378466602,49.33193520393017,0,1,1,0,0,0,1.0,1.0,0.2,0.2
10,0,1,odam,rpn,0.20473536849021912,0.4059702455997467,0.0,0.538745641708374,0.0,0.0,0.0,0.0,1.0000000263025808,1.0000000263025808,0.0,0,0,0,0,0,0,1.0,1.0,0.2,0.2
10,0,1,odam,roi_shared,0.20473536849021912,0.4059702455997467,0.22681047296639426,0.29600390791893005,0.2751675844192505,0.2751675844192505,0.9296079445498867,0.18592158890997734,1.042168787527759,0.9852388123212962,9.856754914954404,0,0,0,0,0,0,1.0,1.0,0.2,0.2
10,0,1,odam,roi_cls,0.20473536849021912,0.4059702455997467,0.0,0.06945176422595978,0.0,0.0,0.0,0.0,1.0000000484842402,1.0000000484842402,0.0,0,0,0,0,0,0,1.0,1.0,0.2,0.2
10,0,1,odam,roi_reg,0.20473536849021912,0.4059702455997467,0.23969079630809456,0.10635115951299667,0.1033933013677597,0.1033933013677597,0.9721878147941067,0.19443756295882136,1.0466048631840257,0.9841208034744883,10.224174655508834,0,0,0,0,0,0,1.0,1.0,0.2,0.2
10,100,1,odam,backbone,0.05799460411071777,-0.0,0.0,0.5345849394798279,0.0,0.0,0.0,0.0,0.9999999935972201,0.9999999935972201,0.006483685126633708,0,0,0,0,0,0,1.0,1.0,0.2,0.2
10,100,1,odam,fpn,0.05799460411071777,-0.0,0.0,0.36990755796432495,0.0,0.0,0.0,0.0,1.0000000727591556,1.0000000727591556,0.0,0,0,0,0,0,0,1.0,1.0,0.2,0.2
10,100,1,odam,rpn,0.05799460411071777,-0.0,0.0,0.13153274357318878,0.0,0.0,0.0,0.0,1.0000000108125326,1.0000000108125326,0.0,0,0,0,0,0,0,1.0,1.0,0.2,0.2
10,100,1,odam,roi_shared,0.05799460411071777,-0.0,0.0,0.7860702872276306,0.0,0.0,0.0,0.0,0.9999999267901386,0.9999999267901386,0.021924132858776556,0,0,0,0,0,0,1.0,1.0,0.2,0.2
10,100,1,odam,roi_cls,0.05799460411071777,-0.0,0.0,0.37309253215789795,0.0,0.0,0.0,0.0,0.9999999816790711,0.9999999816790711,0.010967594254507789,0,0,0,0,0,0,1.0,1.0,0.2,0.2
10,100,1,odam,roi_reg,0.05799460411071777,-0.0,0.0,0.0,0.0,0.0,0.0,0.0,0.0,0.0,90.0,0,0,0,1,0,0,1.0,1.0,0.2,0.2
10,200,1,odam,backbone,0.5879159569740295,0.6011358499526978,-0.4930348686761197,1.1616863012313843,1.45723295211792,1.45723295211792,1.254411755198677,0.25088235103973544,0.8763064959984878,0.9703524905586777,13.986549850482092,1,1,0,0,0,0,1.0,1.0,0.2,0.2
10,200,1,odam,fpn,0.5879159569740295,0.6011358499526978,-0.3760149993181336,0.7643072009086609,0.6798901557922363,0.6798901557922363,0.8895508965294795,0.17791017930589592,0.9331029735513819,0.9847493468044406,10.019252972803734,1,0,0,0,0,0,1.0,1.0,0.2,0.2
10,200,1,odam,rpn,0.5879159569740295,0.6011358499526978,0.0,0.3597850501537323,0.0,0.0,0.0,0.0,1.0000000176978452,1.0000000176978452,0.0,0,0,0,0,0,0,1.0,1.0,0.2,0.2
10,200,1,odam,roi_shared,0.5879159569740295,0.6011358499526978,-0.09420890103219488,0.9267730712890625,0.6093748211860657,0.6093748211860657,0.6575232277071636,0.13150464554143274,0.9876110768452249,0.9913276937098111,7.551257770888552,1,0,0,0,0,0,1.0,1.0,0.2,0.2
10,200,1,odam,roi_cls,0.5879159569740295,0.6011358499526978,0.0,0.2587217092514038,0.0,0.0,0.0,0.0,0.9999999217927594,0.9999999217927594,0.02266006307646946,0,0,0,0,0,0,1.0,1.0,0.2,0.2
10,200,1,odam,roi_reg,0.5879159569740295,0.6011358499526978,-0.39830866515138164,0.12856389582157135,0.41128236055374146,0.41128236055374146,3.1990502304359514,0.6398100460871903,0.7451580596893784,0.7856082799307349,38.22302823409584,1,1,0,0,0,0,1.0,1.0,0.2,0.2
10,300,1,odam,backbone,0.2310098260641098,0.33523839712142944,-0.1810248944908487,0.966240406036377,8.055191993713379,8.055191993713379,8.336633350655093,1.6673266701310188,0.6981724316021178,0.391742212777732,66.93705151563115,1,1,1,0,0,0,1.0,1.0,0.2,0.2
10,300,1,odam,fpn,0.2310098260641098,0.33523839712142944,0.025532360603341256,0.65898597240448,2.698669672012329,2.698669672012329,4.0951853074588795,0.819037061491776,1.0209118828125603,0.7801075528277208,38.72957610776379,0,1,0,0,0,0,1.0,1.0,0.2,0.2
10,300,1,odam,rpn,0.2310098260641098,0.33523839712142944,0.0,0.28869035840034485,0.0,0.0,0.0,0.0,1.0000000536180846,1.0000000536180846,0.0,0,0,0,0,0,0,1.0,1.0,0.2,0.2
10,300,1,odam,roi_shared,0.2310098260641098,0.33523839712142944,-0.1195254930178626,1.158586025238037,2.928300142288208,2.928300142288208,2.5274775273476777,0.5054955054695356,0.9395805624101123,0.882055721941339,28.10865302787765,1,1,0,0,0,0,1.0,1.0,0.2,0.2
10,300,1,odam,roi_cls,0.2310098260641098,0.33523839712142944,0.0,0.301592081785202,0.0,0.0,0.0,0.0,0.9999999930414075,0.9999999930414075,0.0067592472372324025,0,0,0,0,0,0,1.0,1.0,0.2,0.2
10,300,1,odam,roi_reg,0.2310098260641098,0.33523839712142944,-0.7915468584372214,0.0680592954158783,1.023271083831787,1.023271083831787,15.034993788564215,3.006998757712843,-1.3801803824026202,-0.6005507851540276,126.90935491962529,1,1,1,1,0,0,1.0,1.0,0.2,0.2
10,400,1,odam,backbone,0.21950365602970123,0.20790889859199524,0.11796569485594181,0.569857656955719,0.8395008444786072,0.8395008444786072,1.4731763875269661,0.29463527750539326,1.0347568554176207,0.9622736976546999,15.78827397168456,0,1,0,0,0,0,1.0,1.0,0.2,0.2
10,400,1,odam,fpn,0.21950365602970123,0.20790889859199524,0.04679373454793699,0.3500532805919647,0.5703346729278564,0.5703346729278564,1.629279611273405,0.325855922254681,1.0152480093845746,0.9522552883816283,17.776388511309882,0,1,0,0,0,0,1.0,1.0,0.2,0.2
10,400,1,odam,rpn,0.21950365602970123,0.20790889859199524,0.0,0.39740967750549316,0.0,0.0,0.0,0.0,1.0000000334863912,1.0000000334863912,0.0,0,0,0,0,0,0,1.0,1.0,0.2,0.2
10,400,1,odam,roi_shared,0.21950365602970123,0.20790889859199524,-0.06147831115404814,0.30195683240890503,0.09557335078716278,0.09557335078716278,0.3165132910711519,0.06330265821423038,0.9961083825156476,0.9979944481051634,3.629336131673741,1,0,0,0,0,0,1.0,1.0,0.2,0.2
10,400,1,odam,roi_cls,0.21950365602970123,0.20790889859199524,0.0,0.07307600975036621,0.0,0.0,0.0,0.0,1.0000000607914779,1.0000000607914779,0.0,0,0,0,0,0,0,1.0,1.0,0.2,0.2
10,400,1,odam,roi_reg,0.21950365602970123,0.20790889859199524,-0.3227386742835256,0.06479501724243164,0.05291850492358208,0.05291850492358208,0.8167063946535673,0.16334127893071348,0.9472835054187467,0.9869425457296715,9.269164451402453,1,0,0,0,0,0,1.0,1.0,0.2,0.2
10,500,1,odam,backbone,0.15113231539726257,0.33679288625717163,0.21243505160387788,0.9120358824729919,0.7338411808013916,0.7338411808013916,0.8046187599676187,0.16092375199352374,1.0341855174507624,0.988636424367003,8.645841203414104,0,0,0,0,0,0,1.0,1.0,0.2,0.2
10,500,1,odam,fpn,0.15113231539726257,0.33679288625717163,0.009032656027765736,0.3492652475833893,0.4200632870197296,0.4200632870197296,1.2027056511525294,0.24054113023050588,1.0021726162559146,0.9723849899731551,13.49630089383197,0,1,0,0,0,0,1.0,1.0,0.2,0.2
10,500,1,odam,rpn,0.15113231539726257,0.33679288625717163,0.0,0.34598761796951294,0.0,0.0,0.0,0.0,0.9999999676769722,0.9999999676769722,0.014567789229493219,0,0,0,0,0,0,1.0,1.0,0.2,0.2
10,500,1,odam,roi_shared,0.15113231539726257,0.33679288625717163,-0.10130049383187638,0.5852938890457153,0.1266528069972992,0.1266528069972992,0.2163918150654171,0.04327836301308343,0.9956162352876948,0.9990664098491888,2.4759938090896862,1,0,0,0,0,0,1.0,1.0,0.2,0.2
10,500,1,odam,roi_cls,0.15113231539726257,0.33679288625717163,0.0,0.20245370268821716,0.0,0.0,0.0,0.0,0.9999999347624934,0.9999999347624934,0.020695994941844178,0,0,0,0,0,0,1.0,1.0,0.2,0.2
10,500,1,odam,roi_reg,0.15113231539726257,0.33679288625717163,0.13876021043015993,0.062172602862119675,0.06111231818795204,0.06111231818795204,0.9829461109016293,0.19658922218032587,1.0272787725139618,0.982511257383863,10.73128925786416,0,0,0,0,0,0,1.0,1.0,0.2,0.2
10,600,1,odam,backbone,0.3225511908531189,0.6621594429016113,-0.15999632823206156,0.6317017078399658,1.2522891759872437,1.2522891759872437,1.9824058736033945,0.3964811747206789,0.9365643837044124,0.9226782372768604,22.679183099961865,1,1,0,0,0,0,1.0,1.0,0.2,0.2
10,600,1,odam,fpn,0.3225511908531189,0.6621594429016113,-0.3390845156436502,0.3582336902618408,0.8447074890136719,0.8447074890136719,2.3579789170478542,0.47159578340957087,0.8400892052729751,0.8842648258769414,27.83881413614724,1,1,0,0,0,0,1.0,1.0,0.2,0.2
10,600,1,odam,rpn,0.3225511908531189,0.6621594429016113,0.0,0.27142393589019775,0.0,0.0,0.0,0.0,1.0000000073036328,1.0000000073036328,0.0,0,0,0,0,0,0,1.0,1.0,0.2,0.2
10,600,1,odam,roi_shared,0.3225511908531189,0.6621594429016113,-0.2029895839127837,0.4075715243816376,1.1306935548782349,1.1306935548782349,2.7742211789543174,0.5548442357908635,0.8873725541162254,0.8528499153641961,31.47699173219352,1,1,0,0,0,0,1.0,1.0,0.2,0.2
10,600,1,odam,roi_cls,0.3225511908531189,0.6621594429016113,0.0,0.11214102804660797,0.0,0.0,0.0,0.0,0.9999999553210194,0.9999999553210194,0.017127313998659528,0,0,0,0,0,0,1.0,1.0,0.2,0.2
10,600,1,odam,roi_reg,0.3225511908531189,0.6621594429016113,-0.2003500280038937,0.0798945352435112,0.7300229072570801,0.7300229072570801,9.137332172119624,1.8274664344239249,0.6338671348530531,0.3337359823912066,70.50430798975472,1,1,1,0,0,0,1.0,1.0,0.2,0.2
10,700,1,odam,backbone,0.052009694278240204,0.00010002159251598641,0.0,0.46424952149391174,0.0,0.0,0.0,0.0,1.0000000263748305,1.0000000263748305,0.0,0,0,0,0,0,0,1.0,1.0,0.2,0.2
10,700,1,odam,fpn,0.052009694278240204,0.00010002159251598641,0.0,0.306403249502182,0.0,0.0,0.0,0.0,1.0000000458576945,1.0000000458576945,0.0,0,0,0,0,0,0,1.0,1.0,0.2,0.2
10,700,1,odam,rpn,0.052009694278240204,0.00010002159251598641,0.0,0.1357136070728302,0.0,0.0,0.0,0.0,0.9999999208866002,0.9999999208866002,0.022790962013987,0,0,0,0,0,0,1.0,1.0,0.2,0.2
10,700,1,odam,roi_shared,0.052009694278240204,0.00010002159251598641,0.0,0.3855840861797333,0.0,0.0,0.0,0.0,0.9999999771247132,0.9999999771247132,0.012255214153380944,0,0,0,0,0,0,1.0,1.0,0.2,0.2
10,700,1,odam,roi_cls,0.052009694278240204,0.00010002159251598641,0.0,0.16469338536262512,0.0,0.0,0.0,0.0,1.0000000045738195,1.0000000045738195,0.0,0,0,0,0,0,0,1.0,1.0,0.2,0.2
10,700,1,odam,roi_reg,0.052009694278240204,0.00010002159251598641,0.0,0.0037048165686428547,0.0,0.0,0.0,0.0,0.9999999897900678,0.9999999897900678,0.0081874575326782,0,0,0,0,0,0,1.0,1.0,0.2,0.2
11,0,1,odam,backbone,0.11599515378475189,4.821712493896484,-0.3843584018098175,0.7015373110771179,4.005127906799316,4.005127906799316,5.70907326461364,1.1418146529227282,0.561133883071292,0.4698999700199455,61.97219643084494,1,1,1,0,0,0,1.0,1.0,0.2,0.2
11,0,1,odam,fpn,0.11599515378475189,4.821712493896484,-0.2968177078562631,0.3582657277584076,1.9428170919418335,1.9428170919418335,5.422838249412319,1.084567649882464,0.6780810129457897,0.5477577287146902,56.78668062684233,1,1,1,0,0,0,1.0,1.0,0.2,0.2
11,0,1,odam,rpn,0.11599515378475189,4.821712493896484,0.0,0.23941674828529358,0.0,0.0,0.0,0.0,1.0000000538472886,1.0000000538472886,0.0,0,0,0,0,0,0,1.0,1.0,0.2,0.2
11,0,1,odam,roi_shared,0.11599515378475189,4.821712493896484,-0.08252253497393294,0.2760039269924164,4.629145622253418,4.629145622253418,16.772028110964563,3.3544056221929126,0.7231858768550782,0.21143971490744284,77.79326343470083,1,1,1,0,0,0,1.0,1.0,0.2,0.2
11,0,1,odam,roi_cls,0.11599515378475189,4.821712493896484,0.0,0.08440417051315308,0.0,0.0,0.0,0.0,0.9999999380779139,0.9999999380779139,0.020163244760508178,0,0,0,0,0,0,1.0,1.0,0.2,0.2
11,0,1,odam,roi_reg,0.11599515378475189,4.821712493896484,-0.4635685510213717,0.022392334416508675,6.912806987762451,6.912806987762451,308.713100616522,61.74262012330441,-27.62193809521335,-0.4507095006074332,116.78921388891968,1,1,1,1,0,0,1.0,1.0,0.2,0.2
11,100,1,odam,backbone,0.39738792181015015,0.7528518438339233,-0.06437003467060742,0.6237372756004333,1.3773937225341797,1.3773937225341797,2.208291497743578,0.4416582995487156,0.9715703440664537,0.9106772001192023,24.40089605360967,1,1,0,0,0,0,1.0,1.0,0.2,0.2
11,100,1,odam,fpn,0.39738792181015015,0.7528518438339233,-0.004879160801170761,0.3482946455478668,0.8159450888633728,0.8159450888633728,2.342686283849965,0.468537256769993,0.997713964953464,0.9051612478997028,25.15499079831699,1,1,0,0,0,0,1.0,1.0,0.2,0.2
11,100,1,odam,rpn,0.39738792181015015,0.7528518438339233,0.0,0.34188228845596313,0.0,0.0,0.0,0.0,1.0000000192550527,1.0000000192550527,0.0,0,0,0,0,0,0,1.0,1.0,0.2,0.2
11,100,1,odam,roi_shared,0.39738792181015015,0.7528518438339233,-0.1508356961384197,0.6040328145027161,0.45258647203445435,0.45258647203445435,0.7492746439728719,0.1498549287945744,0.9773964257502074,0.9887079437515147,8.618539342606926,1,0,0,0,0,0,1.0,1.0,0.2,0.2
11,100,1,odam,roi_cls,0.39738792181015015,0.7528518438339233,0.0,0.1468924880027771,0.0,0.0,0.0,0.0,0.9999999098613503,0.9999999098613503,0.024327257795151314,0,0,0,0,0,0,1.0,1.0,0.2,0.2
11,100,1,odam,roi_reg,0.39738792181015015,0.7528518438339233,-0.09069444440863168,0.07257205247879028,0.3830679655075073,0.3830679655075073,5.278450208080607,1.0556900416161215,0.9042548185265621,0.652081960288378,49.30124270426048,1,1,1,0,0,0,1.0,1.0,0.2,0.2
11,200,1,odam,backbone,0.25616055727005005,1.022945523262024,-0.7728277819923234,0.6922708749771118,4.621529579162598,4.621529579162598,6.675897753629165,1.335179550725833,-0.03186367993743665,-0.03757841578977246,92.15359168969132,1,1,1,1,0,0,1.0,1.0,0.2,0.2
11,200,1,odam,fpn,0.25616055727005005,1.022945523262024,-0.34542865662352135,0.26758304238319397,1.5678846836090088,1.5678846836090088,5.859432158498706,1.171886431699741,0.5951967394623383,0.47597292059193547,61.57728429133578,1,1,1,0,0,0,1.0,1.0,0.2,0.2
11,200,1,odam,rpn,0.25616055727005005,1.022945523262024,0.0,0.2344873696565628,0.0,0.0,0.0,0.0,0.9999999482024631,0.9999999482024631,0.018441327750711604,0,0,0,0,0,0,1.0,1.0,0.2,0.2
11,200,1,odam,roi_shared,0.25616055727005005,1.022945523262024,-0.35331695483888653,0.39849597215652466,1.9302775859832764,1.9302775859832764,4.843907393937436,0.9687814787874873,0.6577130811122845,0.5873459390340591,54.031106680909986,1,1,0,0,0,0,1.0,1.0,0.2,0.2
11,200,1,odam,roi_cls,0.25616055727005005,1.022945523262024,0.0,0.08055735379457474,0.0,0.0,0.0,0.0,1.0000000894007757,1.0000000894007757,0.0,0,0,0,0,0,0,1.0,1.0,0.2,0.2
11,200,1,odam,roi_reg,0.25616055727005005,1.022945523262024,-0.4366931660001823,0.07764757424592972,1.3068174123764038,1.3068174123764038,16.830112531749915,3.366022506349984,-0.4699189237500954,-0.15335004813063646,98.8211169784829,1,1,1,1,0,0,1.0,1.0,0.2,0.2
11,300,1,odam,backbone,0.5929458141326904,0.3355867266654968,0.32426889408456216,2.4777472019195557,0.8657020926475525,0.8657020926475525,0.349390806284385,0.06987816125687701,1.0226592824242415,0.9979173784585623,3.6984368677991792,0,0,0,0,0,0,1.0,1.0,0.2,0.2
11,300,1,odam,fpn,0.5929458141326904,0.3355867266654968,-0.0414138957851779,1.469559669494629,0.526292622089386,0.526292622089386,0.35812946763187525,0.07162589352637505,0.9970337410496055,0.9974339263417222,4.105490982031603,1,0,0,0,0,0,1.0,1.0,0.2,0.2
11,300,1,odam,rpn,0.5929458141326904,0.3355867266654968,0.0,0.6927284002304077,0.0,0.0,0.0,0.0,1.0000000155495872,1.0000000155495872,0.0,0,0,0,0,0,0,1.0,1.0,0.2,0.2
11,300,1,odam,roi_shared,0.5929458141326904,0.3355867266654968,-0.10365566621937895,1.922481894493103,0.1962129771709442,0.1962129771709442,0.10206232773010292,0.020412465546020584,0.9978842045839383,0.9997930983933264,1.165539644445817,1,0,0,0,0,0,1.0,1.0,0.2,0.2
11,300,1,odam,roi_cls,0.5929458141326904,0.3355867266654968,0.0,0.5531893372535706,0.0,0.0,0.0,0.0,0.9999998995555476,0.9999998995555476,0.025680330673692613,0,0,0,0,0,0,1.0,1.0,0.2,0.2
11,300,1,odam,roi_reg,0.5929458141326904,0.3355867266654968,-0.2853744006210449,0.31188103556632996,0.05880401283502579,0.05880401283502579,0.18854629210861243,0.037709258421722486,0.989238806472172,0.9993332748912542,2.0923540223541197,1,0,0,0,0,0,1.0,1.0,0.2,0.2
11,400,1,odam,backbone,0.051077164709568024,-0.0,0.0,0.3486146330833435,0.0,0.0,0.0,0.0,1.0000000787018923,1.0000000787018923,0.0,0,0,0,0,0,0,1.0,1.0,0.2,0.2
11,400,1,odam,fpn,0.051077164709568024,-0.0,0.0,0.4113241136074066,0.0,0.0,0.0,0.0,1.0000000262447672,1.0000000262447672,0.0,0,0,0,0,0,0,1.0,1.0,0.2,0.2
11,400,1,odam,rpn,0.051077164709568024,-0.0,0.0,0.13880231976509094,0.0,0.0,0.0,0.0,0.9999998962809346,0.9999998962809346,0.02609557865056046,0,0,0,0,0,0,1.0,1.0,0.2,0.2
11,400,1,odam,roi_shared,0.051077164709568024,-0.0,0.0,0.5975741147994995,0.0,0.0,0.0,0.0,1.000000088038337,1.000000088038337,0.0,0,0,0,0,0,0,1.0,1.0,0.2,0.2
11,400,1,odam,roi_cls,0.051077164709568024,-0.0,0.0,0.1851755976676941,0.0,0.0,0.0,0.0,0.9999999657255879,0.9999999657255879,0.015001083846336881,0,0,0,0,0,0,1.0,1.0,0.2,0.2
11,400,1,odam,roi_reg,0.051077164709568024,-0.0,0.0,0.0,0.0,0.0,0.0,0.0,0.0,0.0,90.0,0,0,0,1,0,0,1.0,1.0,0.2,0.2
11,500,1,odam,backbone,0.1964198350906372,0.19497831165790558,-0.4829080117900792,0.4276525676250458,1.058904767036438,1.058904767036438,2.4760865412711777,0.49521730825423554,0.7608555840264078,0.8687969689285502,29.680860924526378,1,1,0,0,0,0,1.0,1.0,0.2,0.2
11,500,1,odam,fpn,0.1964198350906372,0.19497831165790558,-0.08863269847620535,0.2848345935344696,0.582640528678894,0.582640528678894,2.045539909492718,0.40910798189854364,0.9637396757718916,0.9210489057667538,22.920090302578956,1,1,0,0,0,0,1.0,1.0,0.2,0.2
11,500,1,odam,rpn,0.1964198350906372,0.19497831165790558,0.0,0.17819295823574066,0.0,0.0,0.0,0.0,0.9999999231868582,0.9999999231868582,0.022457189185132884,0,0,0,0,0,0,1.0,1.0,0.2,0.2
11,500,1,odam,roi_shared,0.1964198350906372,0.19497831165790558,0.008553972639672244,0.3944513499736786,0.04965934157371521,0.04965934157371521,0.12589471826380855,0.02517894365276171,1.0002153430610354,0.9996832347185677,1.4421747339246054,0,0,0,0,0,0,1.0,1.0,0.2,0.2
11,500,1,odam,roi_cls,0.1964198350906372,0.19497831165790558,0.0,0.09008768200874329,0.0,0.0,0.0,0.0,1.000000041234496,1.000000041234496,0.0,0,0,0,0,0,0,1.0,1.0,0.2,0.2
11,500,1,odam,roi_reg,0.1964198350906372,0.19497831165790558,-0.3763756307333277,0.046592023223638535,0.03162176162004471,0.03162176162004471,0.6786947514226289,0.1357389502845258,0.948911352181154,0.9913322477565895,7.549271958450301,1,0,0,0,0,0,1.0,1.0,0.2,0.2
11,600,1,odam,backbone,0.36973029375076294,0.42568111419677734,0.6943481463045955,1.3087176084518433,2.9180243015289307,2.9180243015289307,2.2296821580790285,0.4459364316158057,1.3096351216813529,0.9712653971463192,13.768470294806916,0,1,0,0,0,0,1.0,1.0,0.2,0.2
11,600,1,odam,fpn,0.36973029375076294,0.42568111419677734,0.304602146820436,0.6474698781967163,1.125449299812317,1.125449299812317,1.7382264993497958,0.3476452998699592,1.1058935274750463,0.9579794205642501,16.66868261597419,0,1,0,0,0,0,1.0,1.0,0.2,0.2
11,600,1,odam,rpn,0.36973029375076294,0.42568111419677734,0.0,0.2764204144477844,0.0,0.0,0.0,0.0,1.0000000863327387,1.0000000863327387,0.0,0,0,0,0,0,0,1.0,1.0,0.2,0.2
11,600,1,odam,roi_shared,0.36973029375076294,0.42568111419677734,-0.04876066105432175,0.8279633522033691,0.3239583373069763,0.3239583373069763,0.3912713484779986,0.07825426969559972,0.996184242287473,0.9969360214946931,4.486332304366302,1,0,0,0,0,0,1.0,1.0,0.2,0.2
11,600,1,odam,roi_cls,0.36973029375076294,0.42568111419677734,0.0,0.18321935832500458,0.0,0.0,0.0,0.0,0.9999999686375445,0.9999999686375445,0.0143496946780109,0,0,0,0,0,0,1.0,1.0,0.2,0.2
11,600,1,odam,roi_reg,0.36973029375076294,0.42568111419677734,-0.47747766269532516,0.09422509372234344,0.15188837051391602,0.15188837051391602,1.6119736740351893,0.3223947348070379,0.8460636989211525,0.9482624840860732,18.51104250394992,1,1,0,0,0,0,1.0,1.0,0.2,0.2
11,700,1,odam,backbone,0.14658477902412415,0.7039775848388672,0.03598803238411065,0.5382960438728333,4.0815043449401855,4.0815043449401855,7.582267028335059,1.5164534056670116,1.054574133854991,0.5711861898403435,55.16701613494513,0,1,1,0,0,0,1.0,1.0,0.2,0.2
11,700,1,odam,fpn,0.14658477902412415,0.7039775848388672,-0.14378623871467092,0.2734132707118988,2.09531569480896,2.09531569480896,7.66354789346285,1.5327095786925702,0.7796173408886514,0.4571428389649796,62.797106758826196,1,1,1,0,0,0,1.0,1.0,0.2,0.2
11,700,1,odam,rpn,0.14658477902412415,0.7039775848388672,0.0,0.37652289867401123,0.0,0.0,0.0,0.0,0.999999932704942,0.999999932704942,0.02101983092738206,0,0,0,0,0,0,1.0,1.0,0.2,0.2
11,700,1,odam,roi_shared,0.14658477902412415,0.7039775848388672,0.0416675754472361,0.36390453577041626,0.13517604768276215,0.13517604768276215,0.37146018913060036,0.07429203782612008,1.003095566047789,0.9972733649971819,4.2320409623030875,0,0,0,0,0,0,1.0,1.0,0.2,0.2
11,700,1,odam,roi_cls,0.14658477902412415,0.7039775848388672,0.0,0.07906220853328705,0.0,0.0,0.0,0.0,1.0000000548749732,1.0000000548749732,0.0,0,0,0,0,0,0,1.0,1.0,0.2,0.2
11,700,1,odam,roi_reg,0.14658477902412415,0.7039775848388672,-0.15998732354423267,0.06457778811454773,0.0929252952337265,0.0929252952337265,1.4389668328202279,0.2877933665640456,0.9539567766792724,0.9584053114657894,16.58339874354075,1,1,0,0,0,0,1.0,1.0,0.2,0.2
12,0,1,odam,backbone,0.45268622040748596,0.6545899510383606,-0.08045630153656698,1.2765666246414185,1.5072143077850342,1.5072143077850342,1.1806781398569022,0.23613562797138044,0.9810013123258343,0.9724031053640289,13.491852818447525,1,1,0,0,0,0,1.0,1.0,0.2,0.2
12,0,1,odam,fpn,0.45268622040748596,0.6545899510383606,-0.09439074669889508,0.7787139415740967,1.0030828714370728,1.0030828714370728,1.2881275368069505,0.2576255073613901,0.9756825503212826,0.9671436987529396,14.727983998903904,1,1,0,0,0,0,1.0,1.0,0.2,0.2
12,0,1,odam,rpn,0.45268622040748596,0.6545899510383606,0.0,0.2657162845134735,0.0,0.0,0.0,0.0,1.000000000694578,1.000000000694578,0.0,0,0,0,0,0,0,1.0,1.0,0.2,0.2
12,0,1,odam,roi_shared,0.45268622040748596,0.6545899510383606,-0.182730803194244,1.2747106552124023,0.12753213942050934,0.12753213942050934,0.10004791197046904,0.020009582394093808,0.9963436361162404,0.9998051173749366,1.1311787656175978,1,0,0,0,0,0,1.0,1.0,0.2,0.2
12,0,1,odam,roi_cls,0.45268622040748596,0.6545899510383606,0.0,0.3158930838108063,0.0,0.0,0.0,0.0,1.0000000932487365,1.0000000932487365,0.0,0,0,0,0,0,0,1.0,1.0,0.2,0.2
12,0,1,odam,roi_reg,0.45268622040748596,0.6545899510383606,-0.10907731190838975,0.14460396766662598,0.11899977922439575,0.11899977922439575,0.8229357820854623,0.16458715641709246,0.9820471761797696,0.9864051965764903,9.458392660749348,1,0,0,0,0,0,1.0,1.0,0.2,0.2
12,100,1,odam,backbone,0.3131762146949768,0.1530555784702301,0.33211095364576076,2.0200607776641846,0.7418091893196106,0.7418091893196106,0.367221223005662,0.07344424460113241,1.0243913907419293,0.9977209646681993,3.868972784769886,0,0,0,0,0,0,1.0,1.0,0.2,0.2
12,100,1,odam,fpn,0.3131762146949768,0.1530555784702301,-0.05391539705769493,0.7303738594055176,0.47020867466926575,0.47020867466926575,0.643791763100597,0.12875835262011942,0.9930579715053678,0.9917226595360521,7.377055695371177,1,0,0,0,0,0,1.0,1.0,0.2,0.2
12,100,1,odam,rpn,0.3131762146949768,0.1530555784702301,0.0,0.7785432934761047,0.0,0.0,0.0,0.0,0.999999977702212,0.999999977702212,0.012099530581263077,0,0,0,0,0,0,1.0,1.0,0.2,0.2
12,100,1,odam,roi_shared,0.3131762146949768,0.1530555784702301,-0.11490999426667134,0.5862815976142883,0.05187728628516197,0.05187728628516197,0.0884852714058608,0.01769705428117216,0.9979664133471304,0.9998449014317197,1.0091300481109418,1,0,0,0,0,0,1.0,1.0,0.2,0.2
12,100,1,odam,roi_cls,0.3131762146949768,0.1530555784702301,0.0,0.13767917454242706,0.0,0.0,0.0,0.0,0.9999999847254536,0.9999999847254536,0.010014327542189873,0,0,0,0,0,0,1.0,1.0,0.2,0.2
12,100,1,odam,roi_reg,0.3131762146949768,0.1530555784702301,-0.4949086787728165,0.03578604385256767,0.039602164179086685,0.039602164179086685,1.1066371108871595,0.2213274221774319,0.8904631138966516,0.9774619456403855,12.187507952896697,1,1,0,0,0,0,1.0,1.0,0.2,0.2
12,200,1,odam,backbone,0.21364012360572815,0.33713361620903015,-0.344103275860526,0.6580837965011597,1.7697038650512695,1.7697038650512695,2.689177084225855,0.5378354168451711,0.814929278520111,0.8500267112773459,31.785425232899552,1,1,0,0,0,0,1.0,1.0,0.2,0.2
12,200,1,odam,fpn,0.21364012360572815,0.33713361620903015,-0.14323819713476857,0.2551526427268982,1.1859536170959473,1.1859536170959473,4.64801620089559,0.9296032401791181,0.8668454057841578,0.685761737168993,46.704457057627316,1,1,0,0,0,0,1.0,1.0,0.2,0.2
12,200,1,odam,rpn,0.21364012360572815,0.33713361620903015,0.0,0.12762410938739777,0.0,0.0,0.0,0.0,1.0000000152898454,1.0000000152898454,0.0,0,0,0,0,0,0,1.0,1.0,0.2,0.2
12,200,1,odam,roi_shared,0.21364012360572815,0.33713361620903015,-0.03407020953346742,0.382068932056427,0.022982798516750336,0.022982798516750336,0.060153539292108815,0.012030707858421764,0.9995901100524963,0.9999276023271523,0.6894496471371206,1,0,0,0,0,0,1.0,1.0,0.2,0.2
12,200,1,odam,roi_cls,0.21364012360572815,0.33713361620903015,0.0,0.07216253131628036,0.0,0.0,0.0,0.0,1.00000002131681,1.00000002131681,0.0,0,0,0,0,0,0,1.0,1.0,0.2,0.2
12,200,1,odam,roi_reg,0.21364012360572815,0.33713361620903015,-0.3306971199678253,0.04982879385352135,0.02060670778155327,0.02060670778155327,0.413550202361501,0.08271004047230018,0.9726481307747554,0.9967953400207646,4.588224476195523,1,0,0,0,0,0,1.0,1.0,0.2,0.2
12,300,1,odam,backbone,1.0108367204666138,0.7126950621604919,0.1197397282563807,5.3613362312316895,1.1098358631134033,1.1098358631134033,0.2070073234072161,0.04140146468144322,1.0049573294557366,0.999164531411439,2.3422483117396955,0,0,0,0,0,0,1.0,1.0,0.2,0.2
12,300,1,odam,fpn,1.0108367204666138,0.7126950621604919,-0.04735972869768984,2.0416529178619385,0.5916641354560852,0.5916641354560852,0.2897966301126678,0.05795932602253357,0.9972550412448062,0.9983190754803771,3.322558144691245,1,0,0,0,0,0,1.0,1.0,0.2,0.2
12,300,1,odam,rpn,1.0108367204666138,0.7126950621604919,0.0,1.0559138059616089,0.0,0.0,0.0,0.0,1.0000000261272188,1.0000000261272188,0.0,0,0,0,0,0,0,1.0,1.0,0.2,0.2
12,300,1,odam,roi_shared,1.0108367204666138,0.7126950621604919,-0.1660452514512514,2.2716147899627686,0.43205973505973816,0.43205973505973816,0.1901993845826385,0.0380398769165277,0.9936835302699584,0.9992880469865774,2.162166161944184,1,0,0,0,0,0,1.0,1.0,0.2,0.2
12,300,1,odam,roi_cls,1.0108367204666138,0.7126950621604919,0.0,0.5886159539222717,0.0,0.0,0.0,0.0,1.000000015731041,1.000000015731041,0.0,0,0,0,0,0,0,1.0,1.0,0.2,0.2
12,300,1,odam,roi_reg,1.0108367204666138,0.7126950621604919,-0.6840930556472001,0.3952919840812683,0.2763500511646271,0.2763500511646271,0.699103605166484,0.1398207210332968,0.9043496008529579,0.9937012946573709,6.434154687184154,1,0,0,0,0,0,1.0,1.0,0.2,0.2
12,400,1,odam,backbone,0.20619148015975952,0.42619800567626953,-0.1187796835953002,0.43030428886413574,1.1694391965866089,1.1694391965866089,2.7177028601633286,0.5435405720326658,0.9354385169801552,0.8661789520770845,29.982399979451465,1,1,0,0,0,0,1.0,1.0,0.2,0.2
12,400,1,odam,fpn,0.20619148015975952,0.42619800567626953,-0.09983186852182212,0.26761844754219055,0.7550583481788635,0.7550583481788635,2.8213987305932156,0.5642797461186433,0.9436669470694145,0.8593911916291408,30.751705504449898,1,1,0,0,0,0,1.0,1.0,0.2,0.2
12,400,1,odam,rpn,0.20619148015975952,0.42619800567626953,0.0,0.29303717613220215,0.0,0.0,0.0,0.0,1.0000000105484055,1.0000000105484055,0.0,0,0,0,0,0,0,1.0,1.0,0.2,0.2
12,400,1,odam,roi_shared,0.20619148015975952,0.42619800567626953,0.048005790540982966,0.3397378921508789,0.3154062032699585,0.3154062032699585,0.9283809976953804,0.1856761995390761,1.0089136042963367,0.9835209537122145,10.416021643884118,0,0,0,0,0,0,1.0,1.0,0.2,0.2
12,400,1,odam,roi_cls,0.20619148015975952,0.42619800567626953,0.0,0.06862875074148178,0.0,0.0,0.0,0.0,1.0000000107787494,1.0000000107787494,0.0,0,0,0,0,0,0,1.0,1.0,0.2,0.2
12,400,1,odam,roi_reg,0.20619148015975952,0.42619800567626953,-0.00442143816948463,0.07528215646743774,0.19380751252174377,0.19380751252174377,2.574414995744344,0.5148829991488688,0.9977234220313469,0.88864823218689,27.2961271985552,1,1,0,0,0,0,1.0,1.0,0.2,0.2
12,500,1,odam,backbone,0.30783355236053467,0.23590223491191864,0.027033307618455574,1.4483861923217773,0.4934561848640442,0.4934561848640442,0.34069379249813825,0.06813875849962767,1.001842210527381,0.9976968635967212,3.8893842272232524,0,0,0,0,0,0,1.0,1.0,0.2,0.2
12,500,1,odam,fpn,0.30783355236053467,0.23590223491191864,-0.05197552725530625,0.631479024887085,0.3098491430282593,0.3098491430282593,0.4906721059874689,0.09813442119749378,0.9948993489369979,0.9951834063236626,5.625771755079085,1,0,0,0,0,0,1.0,1.0,0.2,0.2
12,500,1,odam,rpn,0.30783355236053467,0.23590223491191864,0.0,0.229554682970047,0.0,0.0,0.0,0.0,1.0000000020997075,1.0000000020997075,0.0,0,0,0,0,0,0,1.0,1.0,0.2,0.2
12,500,1,odam,roi_shared,0.30783355236053467,0.23590223491191864,-0.38096026880028233,1.0017415285110474,0.07292784005403519,0.07292784005403519,0.07280105494122073,0.014560210988244145,0.9944532827275722,0.9999084318757309,0.775377337160228,1,0,0,0,0,0,1.0,1.0,0.2,0.2
12,500,1,odam,roi_cls,0.30783355236053467,0.23590223491191864,0.0,0.15779487788677216,0.0,0.0,0.0,0.0,0.9999999385293502,0.9999999385293502,0.020089611322561308,0,0,0,0,0,0,1.0,1.0,0.2,0.2
12,500,1,odam,roi_reg,0.30783355236053467,0.23590223491191864,-0.4456455147009937,0.15389229357242584,0.03265063837170601,0.03265063837170601,0.21216551923270766,0.04243310384654153,0.9810899800706243,0.9992513752699141,2.217158864120922,1,0,0,0,0,0,1.0,1.0,0.2,0.2
12,600,1,odam,backbone,0.0868697315454483,0.0,0.0,0.5913035273551941,0.0,0.0,0.0,0.0,1.0000000889928,1.0000000889928,0.0,0,0,0,0,0,0,1.0,1.0,0.2,0.2
12,600,1,odam,fpn,0.0868697315454483,0.0,0.0,0.3835206627845764,0.0,0.0,0.0,0.0,0.999999977993107,0.999999977993107,0.012020346772537913,0,0,0,0,0,0,1.0,1.0,0.2,0.2
12,600,1,odam,rpn,0.0868697315454483,0.0,0.0,0.17733418941497803,0.0,0.0,0.0,0.0,0.999999986431924,0.999999986431924,0.009438364915390603,0,0,0,0,0,0,1.0,1.0,0.2,0.2
12,600,1,odam,roi_shared,0.0868697315454483,0.0,0.0,0.7154207825660706,0.0,0.0,0.0,0.0,0.9999999544732283,0.9999999544732283,0.017289047187167086,0,0,0,0,0,0,1.0,1.0,0.2,0.2
12,600,1,odam,roi_cls,0.0868697315454483,0.0,0.0,0.17483274638652802,0.0,0.0,0.0,0.0,0.9999999428221047,0.9999999428221047,0.019375446295970596,0,0,0,0,0,0,1.0,1.0,0.2,0.2
12,600,1,odam,roi_reg,0.0868697315454483,0.0,0.0,0.034213557839393616,0.0,0.0,0.0,0.0,0.9999999398939734,0.9999999398939734,0.01986536925275809,0,0,0,0,0,0,1.0,1.0,0.2,0.2
12,700,1,odam,backbone,0.12530413269996643,0.19436320662498474,0.43683443971548297,0.5226225852966309,0.9439563751220703,0.9439563751220703,1.8061913160264558,0.3612382632052912,1.1578012234175044,0.9627986714291698,15.67734422183384,0,1,0,0,0,0,1.0,1.0,0.2,0.2
12,700,1,odam,fpn,0.12530413269996643,0.19436320662498474,0.20011814508311393,0.25804412364959717,0.5606046915054321,0.5606046915054321,2.1725148535708856,0.4345029707141772,1.0869517941809377,0.9311308152039985,21.38821993217219,0,1,0,0,0,0,1.0,1.0,0.2,0.2
12,700,1,odam,rpn,0.12530413269996643,0.19436320662498474,0.0,0.17356999218463898,0.0,0.0,0.0,0.0,1.0000000507399938,1.0000000507399938,0.0,0,0,0,0,0,0,1.0,1.0,0.2,0.2
12,700,1,odam,roi_shared,0.12530413269996643,0.19436320662498474,0.4241361385088352,0.40269210934638977,0.1848132163286209,0.1848132163286209,0.4589442207561294,0.09178884415122589,1.0389309770978286,0.9968145612600758,4.574436583316291,0,0,0,0,0,0,1.0,1.0,0.2,0.2
12,700,1,odam,roi_cls,0.12530413269996643,0.19436320662498474,0.0,0.08919477462768555,0.0,0.0,0.0,0.0,0.999999973449233,0.999999973449233,0.013203107739277945,0,0,0,0,0,0,1.0,1.0,0.2,0.2
12,700,1,odam,roi_reg,0.12530413269996643,0.19436320662498474,0.49036982502590315,0.08869287371635437,0.1107952818274498,0.1107952818274498,1.2492016233658227,0.24984032467316458,1.1225140925447241,0.9817016264041705,10.977623925020756,0,1,0,0,0,0,1.0,1.0,0.2,0.2
13,0,1,odam,backbone,0.2516151964664459,0.20786163210868835,0.040133371960154075,0.5050977468490601,1.106939673423767,1.106939673423767,2.191535559857798,0.4383071119715596,1.0175904979458528,0.918541155910003,23.286267839971835,0,1,0,0,0,0,1.0,1.0,0.2,0.2
13,0,1,odam,fpn,0.2516151964664459,0.20786163210868835,0.01515742378250497,0.31069010496139526,0.8301177024841309,0.8301177024841309,2.671851112179054,0.5343702224358108,1.0080997099027371,0.8835671108737063,27.92429800340084,0,1,0,0,0,0,1.0,1.0,0.2,0.2
13,0,1,odam,rpn,0.2516151964664459,0.20786163210868835,0.0,0.21097278594970703,0.0,0.0,0.0,0.0,0.9999999720262464,0.9999999720262464,0.013552299917992843,0,0,0,0,0,0,1.0,1.0,0.2,0.2
13,0,1,odam,roi_shared,0.2516151964664459,0.20786163210868835,0.17067992319585423,0.5074599385261536,0.06852322071790695,0.06852322071790695,0.13503178382302072,0.027006356764604146,1.0046093790092845,0.9996493890235939,1.5172707103127043,0,0,0,0,0,0,1.0,1.0,0.2,0.2
13,0,1,odam,roi_cls,0.2516151964664459,0.20786163210868835,0.0,0.1171930730342865,0.0,0.0,0.0,0.0,0.9999999638333935,0.9999999638333935,0.015409605196171823,0,0,0,0,0,0,1.0,1.0,0.2,0.2
13,0,1,odam,roi_reg,0.2516151964664459,0.20786163210868835,0.2726435239183656,0.06543571501970291,0.029379064217209816,0.029379064217209816,0.4489759790714243,0.08979519581428486,1.024482111594833,0.9964632266864133,4.820247365095043,0,0,0,0,0,0,1.0,1.0,0.2,0.2
13,100,1,odam,backbone,0.26417189836502075,0.23038844764232635,-0.12744777743345706,0.8174418807029724,1.128064513206482,1.128064513206482,1.3799935381783774,0.2759987076356755,0.9648246529522118,0.9620270412988624,15.840132304065783,1,1,0,0,0,0,1.0,1.0,0.2,0.2
13,100,1,odam,fpn,0.26417189836502075,0.23038844764232635,-0.2783547758467594,0.3886679708957672,0.6818190217018127,0.6818190217018127,1.7542454556531046,0.3508490911306209,0.902339486100662,0.9368042263244623,20.47838713290517,1,1,0,0,0,0,1.0,1.0,0.2,0.2
13,100,1,odam,rpn,0.26417189836502075,0.23038844764232635,0.0,0.41917434334754944,0.0,0.0,0.0,0.0,1.0000000085561271,1.0000000085561271,0.0,0,0,0,0,0,0,1.0,1.0,0.2,0.2
13,100,1,odam,roi_shared,0.26417189836502075,0.23038844764232635,-0.27722781713675904,0.5750529766082764,0.3235897123813629,0.3235897123813629,0.5627128726294566,0.11254257452589134,0.9688001002481152,0.993828798749892,6.368630924336598,1,0,0,0,0,0,1.0,1.0,0.2,0.2
13,100,1,odam,roi_cls,0.26417189836502075,0.23038844764232635,0.0,0.08618498593568802,0.0,0.0,0.0,0.0,0.999999919639526,0.999999919639526,0.022969888029510867,0,0,0,0,0,0,1.0,1.0,0.2,0.2
13,100,1,odam,roi_reg,0.26417189836502075,0.23038844764232635,-0.8847230928337687,0.1469191014766693,0.1436503678560257,0.1436503678560257,0.9777514728323962,0.19555029456647924,0.8269922055339627,0.993980842750771,6.28960767249148,1,0,0,0,0,0,1.0,1.0,0.2,0.2
13,200,1,odam,backbone,0.27642005681991577,0.7537178993225098,-0.6082261586039464,0.8249775171279907,1.3657010793685913,1.3657010793685913,1.6554403617240763,0.3310880723448153,0.7986237777883408,0.9498904285975237,18.21496724152354,1,1,0,0,0,0,1.0,1.0,0.2,0.2
13,200,1,odam,fpn,0.27642005681991577,0.7537178993225098,-0.2924077017366899,0.4733770191669464,0.8199028372764587,0.8199028372764587,1.7320292369057795,0.34640584738115593,0.8987083335027543,0.9382879925152109,20.233993529300854,1,1,0,0,0,0,1.0,1.0,0.2,0.2
13,200,1,odam,rpn,0.27642005681991577,0.7537178993225098,0.0,0.22877554595470428,0.0,0.0,0.0,0.0,0.9999999914886406,0.9999999914886406,0.007475445767172018,0,0,0,0,0,0,1.0,1.0,0.2,0.2
13,200,1,odam,roi_shared,0.27642005681991577,0.7537178993225098,-0.09353106448693617,0.7601960301399231,1.0820908546447754,1.0820908546447754,1.4234366028530874,0.2846873205706175,0.9733728925715519,0.9601221401211597,16.235192727306345,1,1,0,0,0,0,1.0,1.0,0.2,0.2
13,200,1,odam,roi_cls,0.27642005681991577,0.7537178993225098,0.0,0.2055826038122177,0.0,0.0,0.0,0.0,1.0000000285674926,1.0000000285674926,0.0,0,0,0,0,0,0,1.0,1.0,0.2,0.2
13,200,1,odam,roi_reg,0.27642005681991577,0.7537178993225098,-0.41212463996828663,0.07982955127954483,0.5518175959587097,0.5518175959587097,6.912447672746784,1.3824895345493569,0.4302419323208861,0.32322884255928164,71.14169556879692,1,1,1,0,0,0,1.0,1.0,0.2,0.2
13,300,1,odam,backbone,0.5880112051963806,0.5700390338897705,-0.21450108216705654,2.1436245441436768,0.8791437745094299,0.8791437745094299,0.41012022227083866,0.08202404445416774,0.982405962874869,0.9966914089979407,4.662072113963036,1,0,0,0,0,0,1.0,1.0,0.2,0.2
13,300,1,odam,fpn,0.5880112051963806,0.5700390338897705,-0.08961257720371549,1.4904330968856812,0.6967267394065857,0.6967267394065857,0.4674659606408525,0.09349319212817049,0.991621894599418,0.9956200116338907,5.3645432773986865,1,0,0,0,0,0,1.0,1.0,0.2,0.2
13,300,1,odam,rpn,0.5880112051963806,0.5700390338897705,0.0,1.3939476013183594,0.0,0.0,0.0,0.0,1.0000000854276974,1.0000000854276974,0.0,0,0,0,0,0,0,1.0,1.0,0.2,0.2
13,300,1,odam,roi_shared,0.5880112051963806,0.5700390338897705,-0.03137957325507493,1.8807755708694458,0.2824031710624695,0.2824031710624695,0.15015250912256373,0.030030501824512747,0.9990576141109292,0.9995489913210525,1.7208634231175566,1,0,0,0,0,0,1.0,1.0,0.2,0.2
13,300,1,odam,roi_cls,0.5880112051963806,0.5700390338897705,0.0,0.2997156083583832,0.0,0.0,0.0,0.0,1.0000000717158912,1.0000000717158912,0.0,0,0,0,0,0,0,1.0,1.0,0.2,0.2
13,300,1,odam,roi_reg,0.5880112051963806,0.5700390338897705,-0.2384580350123228,0.17268282175064087,0.19536128640174866,0.19536128640174866,1.1313301718213533,0.22626603436427067,0.9460450055122663,0.9740697031532501,13.076283167799774,1,1,0,0,0,0,1.0,1.0,0.2,0.2
13,400,1,odam,backbone,0.4349048137664795,0.6086292862892151,-0.5394050588234526,1.2277504205703735,5.257223606109619,5.257223606109619,4.281996990615798,0.8563993981231595,0.5380538616782965,0.5980120301842693,53.272347920729054,1,1,0,0,0,0,1.0,1.0,0.2,0.2
13,400,1,odam,fpn,0.4349048137664795,0.6086292862892151,-0.4239593822915691,0.6170805096626282,1.7504632472991943,1.7504632472991943,2.8366853593483485,0.5673370718696696,0.7594721741518362,0.8282501258240462,34.0805990038528,1,1,0,0,0,0,1.0,1.0,0.2,0.2
13,400,1,odam,rpn,0.4349048137664795,0.6086292862892151,0.0,0.6553289890289307,0.0,0.0,0.0,0.0,1.0000000025729738,1.0000000025729738,0.0,0,0,0,0,0,0,1.0,1.0,0.2,0.2
13,400,1,odam,roi_shared,0.4349048137664795,0.6086292862892151,-0.23550649458187356,0.5588383674621582,2.1006598472595215,2.1006598472595215,3.758975706695314,0.7517951413390628,0.8229473918875232,0.7477970632009956,41.60008865407138,1,1,0,0,0,0,1.0,1.0,0.2,0.2
13,400,1,odam,roi_cls,0.4349048137664795,0.6086292862892151,0.0,0.10251843184232712,0.0,0.0,0.0,0.0,1.000000038423789,1.000000038423789,0.0,0,0,0,0,0,0,1.0,1.0,0.2,0.2
13,400,1,odam,roi_reg,0.4349048137664795,0.6086292862892151,-0.5089683447421823,0.1320619285106659,0.6412210464477539,0.6412210464477539,4.855457236458319,0.971091447291664,0.5057451827678947,0.5176565939788188,58.824808678702645,1,1,0,0,0,0,1.0,1.0,0.2,0.2
13,500,1,odam,backbone,0.17895275354385376,0.2799709141254425,0.23730779396519971,0.7681647539138794,1.2958046197891235,1.2958046197891235,1.6868837227780422,0.3373767445556084,1.0800620369019844,0.9569140724207897,16.88018302440472,0,1,0,0,0,0,1.0,1.0,0.2,0.2
13,500,1,odam,fpn,0.17895275354385376,0.2799709141254425,0.13549394801624023,0.4040786027908325,0.9204253554344177,0.9204253554344177,2.2778374036075038,0.4555674807215007,1.061726662468962,0.9202895673309277,23.03154852693446,0,1,0,0,0,0,1.0,1.0,0.2,0.2
13,500,1,odam,rpn,0.17895275354385376,0.2799709141254425,0.0,0.26014286279678345,0.0,0.0,0.0,0.0,0.9999999992784256,0.9999999992784256,0.0021765977476708573,0,0,0,0,0,0,1.0,1.0,0.2,0.2
13,500,1,odam,roi_shared,0.17895275354385376,0.2799709141254425,-0.42245481416185576,0.37845999002456665,0.18134759366512299,0.18134759366512299,0.4791724315517509,0.09583448631035019,0.9595142577269817,0.995927418457189,5.172732574845234,1,0,0,0,0,0,1.0,1.0,0.2,0.2
13,500,1,odam,roi_cls,0.17895275354385376,0.2799709141254425,0.0,0.06828071922063828,0.0,0.0,0.0,0.0,1.0000000151411488,1.0000000151411488,0.0,0,0,0,0,0,0,1.0,1.0,0.2,0.2
13,500,1,odam,roi_reg,0.17895275354385376,0.2799709141254425,-0.5284608810164919,0.09455306082963943,0.10496650636196136,0.10496650636196136,1.1101333520136838,0.22202667040273677,0.8826675731394189,0.9779501323517662,12.054296809023315,1,1,0,0,0,0,1.0,1.0,0.2,0.2
13,600,1,odam,backbone,0.5201128125190735,0.38964125514030457,-0.7654062719173653,2.510911226272583,2.357686996459961,2.357686996459961,0.9389766439333335,0.18779532878666672,0.8562601734296167,0.9901856224115919,8.033870862265022,1,0,0,0,0,0,1.0,1.0,0.2,0.2
13,600,1,odam,fpn,0.5201128125190735,0.38964125514030457,-0.5120961116726999,0.9180840849876404,1.0732793807983398,1.0732793807983398,1.1690425728410145,0.23380851456820292,0.8802674866254669,0.97494964914226,12.851544719920351,1,1,0,0,0,0,1.0,1.0,0.2,0.2
13,600,1,odam,rpn,0.5201128125190735,0.38964125514030457,0.0,0.30069589614868164,0.0,0.0,0.0,0.0,0.9999999606274329,0.9999999606274329,0.016078091561227095,0,0,0,0,0,0,1.0,1.0,0.2,0.2
13,600,1,odam,roi_shared,0.5201128125190735,0.38964125514030457,-0.36534629829548043,0.7517510652542114,0.6608344912528992,0.6608344912528992,0.879060265820085,0.17581205316401702,0.935767533366913,0.9850483405663907,9.920302980926692,1,0,0,0,0,0,1.0,1.0,0.2,0.2
13,600,1,odam,roi_cls,0.5201128125190735,0.38964125514030457,0.0,0.1780015528202057,0.0,0.0,0.0,0.0,0.9999999552343629,0.9999999552343629,0.01714391546788738,0,0,0,0,0,0,1.0,1.0,0.2,0.2
13,600,1,odam,roi_reg,0.5201128125190735,0.38964125514030457,-0.642469943625451,0.1481853723526001,0.23435156047344208,0.23435156047344208,1.581475666274358,0.31629513325487163,0.7967900253948365,0.9567144270815141,16.91953232874308,1,1,0,0,0,0,1.0,1.0,0.2,0.2
13,700,1,odam,backbone,0.4101603627204895,1.7156604528427124,-0.7726987577485853,1.022430419921875,3.2964487075805664,3.2964487075805664,3.224130115213563,0.6448260230427126,0.5017436409111019,0.7748642525210059,39.20727313894753,1,1,0,0,0,0,1.0,1.0,0.2,0.2
13,700,1,odam,fpn,0.4101603627204895,1.7156604528427124,-0.7036115889056944,0.4831615090370178,1.596486210823059,1.596486210823059,3.3042495748574687,0.6608499149714938,0.5350182904345322,0.7515671427118148,41.27368841781986,1,1,0,0,0,0,1.0,1.0,0.2,0.2
13,700,1,odam,rpn,0.4101603627204895,1.7156604528427124,0.0,0.21738074719905853,0.0,0.0,0.0,0.0,0.9999999584475566,0.9999999584475566,0.016517180504834996,0,0,0,0,0,0,1.0,1.0,0.2,0.2
13,700,1,odam,roi_shared,0.4101603627204895,1.7156604528427124,-0.4254044943565987,0.6728334426879883,1.735007882118225,1.735007882118225,2.578658806237128,0.5157317612474257,0.7806055209981166,0.8582798792685478,30.876007014578907,1,1,0,0,0,0,1.0,1.0,0.2,0.2
13,700,1,odam,roi_cls,0.4101603627204895,1.7156604528427124,0.0,0.14527833461761475,0.0,0.0,0.0,0.0,0.9999998988027279,0.9999998988027279,0.025776386601494776,0,0,0,0,0,0,1.0,1.0,0.2,0.2
13,700,1,odam,roi_reg,0.4101603627204895,1.7156604528427124,-0.4162907095393336,0.15083472430706024,1.425005316734314,1.425005316734314,9.447461937434076,1.8894923874868153,0.21342190996599678,0.12328032463407483,82.91854247459065,1,1,1,0,0,0,1.0,1.0,0.2,0.2
14,0,1,odam,backbone,0.24180209636688232,0.40973004698753357,0.3874624346162152,0.6224656701087952,2.178255319595337,2.178255319595337,3.499398318970136,0.6998796637940271,1.2711772158182548,0.891711527622371,26.91088914662872,0,1,0,0,0,0,1.0,1.0,0.2,0.2
14,0,1,odam,fpn,0.24180209636688232,0.40973004698753357,0.3631267079711773,0.46198466420173645,1.505653977394104,1.505653977394104,3.2590994768099595,0.6518198953619919,1.236693196583564,0.8976036607582599,26.155154680837125,0,1,0,0,0,0,1.0,1.0,0.2,0.2
14,0,1,odam,rpn,0.24180209636688232,0.40973004698753357,0.0,0.14354340732097626,0.0,0.0,0.0,0.0,0.9999999698123603,0.9999999698123603,0.014078364668349816,0,0,0,0,0,0,1.0,1.0,0.2,0.2
14,0,1,odam,roi_shared,0.24180209636688232,0.40973004698753357,-0.21135020836223142,0.5822557210922241,0.08990443497896194,0.08990443497896194,0.15440713027312938,0.030881426054625884,0.9934733220108922,0.999538928722856,1.7399563467091164,1,0,0,0,0,0,1.0,1.0,0.2,0.2
14,0,1,odam,roi_cls,0.24180209636688232,0.40973004698753357,0.0,0.10781065374612808,0.0,0.0,0.0,0.0,0.9999999688579905,0.9999999688579905,0.014299173903200903,0,0,0,0,0,0,1.0,1.0,0.2,0.2
14,0,1,odam,roi_reg,0.24180209636688232,0.40973004698753357,-0.7438665143235692,0.07514064013957977,0.0895366370677948,0.0895366370677948,1.1915873607341287,0.23831747214682578,0.822723566796876,0.9817714845589661,10.956584898800594,1,1,0,0,0,0,1.0,1.0,0.2,0.2
14,100,1,odam,backbone,0.18186898529529572,0.6417281627655029,-0.7884670725033567,0.7531638741493225,9.723005294799805,9.723005294799805,12.909548145523663,2.5819096291047328,-1.0357509202357242,-0.5462866167169416,123.11263043614183,1,1,1,1,0,0,1.0,1.0,0.2,0.2
14,100,1,odam,fpn,0.18186898529529572,0.6417281627655029,-0.46586092474766,0.30726516246795654,3.4669768810272217,3.4669768810272217,11.283338642039443,2.2566677284078884,-0.051293342521763756,-0.025678910284442233,91.47145492649145,1,1,1,1,0,0,1.0,1.0,0.2,0.2
14,100,1,odam,rpn,0.18186898529529572,0.6417281627655029,0.0,0.24405179917812347,0.0,0.0,0.0,0.0,1.0000000287810704,1.0000000287810704,0.0,0,0,0,0,0,0,1.0,1.0,0.2,0.2
14,100,1,odam,roi_shared,0.18186898529529572,0.6417281627655029,-0.31911441778495975,0.4120786190032959,3.3475725650787354,3.3475725650787354,8.123625955589704,1.624725191117941,0.48152681255992064,0.29847042103866056,72.63424378989455,1,1,1,0,0,0,1.0,1.0,0.2,0.2
14,100,1,odam,roi_cls,0.18186898529529572,0.6417281627655029,0.0,0.0847097709774971,0.0,0.0,0.0,0.0,1.0000000199909047,1.0000000199909047,0.0,0,0,0,0,0,0,1.0,1.0,0.2,0.2
14,100,1,odam,roi_reg,0.18186898529529572,0.6417281627655029,-0.7477874093923161,0.07856679707765579,1.8318617343902588,1.8318617343902588,23.315978282526117,4.6631956565052235,-2.487078762278964,-0.6262628423469767,128.7749368665818,1,1,1,1,0,0,1.0,1.0,0.2,0.2
14,200,1,odam,backbone,0.45722052454948425,1.2563873529434204,-0.17176759822696658,1.323845386505127,2.507200241088867,2.507200241088867,1.8938769335501684,0.37877538671003363,0.9349386028477442,0.9287606478807153,21.757560464340127,1,1,0,0,0,0,1.0,1.0,0.2,0.2
14,200,1,odam,fpn,0.45722052454948425,1.2563873529434204,-0.289880555656702,0.8326037526130676,1.3672467470169067,1.3672467470169067,1.6421337793949404,0.32842675587898806,0.904795553843599,0.9446220735561243,19.157147072789126,1,1,0,0,0,0,1.0,1.0,0.2,0.2
14,200,1,odam,rpn,0.45722052454948425,1.2563873529434204,0.0,0.7849900126457214,0.0,0.0,0.0,0.0,1.0000000133413451,1.0000000133413451,0.0,0,0,0,0,0,0,1.0,1.0,0.2,0.2
14,200,1,odam,roi_shared,0.45722052454948425,1.2563873529434204,-0.36225720551507196,0.9282099008560181,2.2071666717529297,2.2071666717529297,2.377874519241204,0.47557490384824086,0.8277194727622496,0.8815455802635234,28.170628427022745,1,1,0,0,0,0,1.0,1.0,0.2,0.2
14,200,1,odam,roi_cls,0.45722052454948425,1.2563873529434204,0.0,0.21771645545959473,0.0,0.0,0.0,0.0,1.0000000199153922,1.0000000199153922,0.0,0,0,0,0,0,0,1.0,1.0,0.2,0.2
14,200,1,odam,roi_reg,0.45722052454948425,1.2563873529434204,-0.4086185699289881,0.15495461225509644,1.2980985641479492,1.2980985641479492,8.377282516837475,1.6754565033674949,0.3153772405243849,0.2019861686747343,78.34687114575405,1,1,1,0,0,0,1.0,1.0,0.2,0.2
14,300,1,odam,backbone,0.15023989975452423,0.22914224863052368,-0.08219053616299331,0.43245622515678406,2.114955425262451,2.114955425262451,4.890565338713042,0.9781130677426085,0.9196082926573004,0.6862133269363293,46.668896699578255,1,1,0,0,0,0,1.0,1.0,0.2,0.2
14,300,1,odam,fpn,0.15023989975452423,0.22914224863052368,-0.01707379543163021,0.27067801356315613,1.5453662872314453,1.5453662872314453,5.709242013743653,1.1418484027487308,0.9805042517721769,0.6515264276215182,49.34321292131666,1,1,1,0,0,0,1.0,1.0,0.2,0.2
14,300,1,odam,rpn,0.15023989975452423,0.22914224863052368,0.0,0.08027899265289307,0.0,0.0,0.0,0.0,0.9999999533038788,0.9999999533038788,0.0175096730045482,0,0,0,0,0,0,1.0,1.0,0.2,0.2
14,300,1,odam,roi_shared,0.15023989975452423,0.22914224863052368,-0.014296521968534011,0.43124544620513916,0.12708128988742828,0.12708128988742828,0.2946843636395803,0.05893687272791606,0.999157458810542,0.9982652411540676,3.3753591385497432,1,0,0,0,0,0,1.0,1.0,0.2,0.2
14,300,1,odam,roi_cls,0.15023989975452423,0.22914224863052368,0.0,0.16167961061000824,0.0,0.0,0.0,0.0,1.0000000844431236,1.0000000844431236,0.0,0,0,0,0,0,0,1.0,1.0,0.2,0.2
14,300,1,odam,roi_reg,0.15023989975452423,0.22914224863052368,-0.29126661453472524,0.03020329773426056,0.07750578224658966,0.07750578224658966,2.566136417569807,0.5132272835139614,0.8505141275965781,0.866056251780456,29.99646489114929,1,1,0,0,0,0,1.0,1.0,0.2,0.2
14,400,1,odam,backbone,0.6894960403442383,0.2889370620250702,0.5648012204326006,2.1497271060943604,0.5771613717079163,0.5771613717079163,0.26848122725516876,0.053696245451033756,1.030327487128167,0.9990763274737239,2.4628052902185673,0,0,0,0,0,0,1.0,1.0,0.2,0.2
14,400,1,odam,fpn,0.6894960403442383,0.2889370620250702,0.20787263817177848,0.8982909917831421,0.3835703134536743,0.3835703134536743,0.42700006675150165,0.08540001335030034,1.0177523747257633,0.9966485827510392,4.692164689508751,0,0,0,0,0,0,1.0,1.0,0.2,0.2
14,400,1,odam,rpn,0.6894960403442383,0.2889370620250702,0.0,0.747609555721283,0.0,0.0,0.0,0.0,0.9999999606736711,0.9999999606736711,0.01606864791764508,0,0,0,0,0,0,1.0,1.0,0.2,0.2
14,400,1,odam,roi_shared,0.6894960403442383,0.2889370620250702,-0.0699635349334164,0.9855344295501709,0.015180377289652824,0.015180377289652824,0.015403193267009077,0.003080638653401816,0.9997845594110579,0.9999953900300491,0.1739749996738029,1,0,0,0,0,0,1.0,1.0,0.2,0.2
14,400,1,odam,roi_cls,0.6894960403442383,0.2889370620250702,0.0,0.19675813615322113,0.0,0.0,0.0,0.0,1.0000000066333148,1.0000000066333148,0.0,0,0,0,0,0,0,1.0,1.0,0.2,0.2
14,400,1,odam,roi_reg,0.6894960403442383,0.2889370620250702,-0.3979551706593557,0.13008415699005127,0.01623249053955078,0.01623249053955078,0.12478453114618891,0.024956906229237786,0.9900682788419675,0.9997328131459623,1.3245087867837593,1,0,0,0,0,0,1.0,1.0,0.2,0.2
14,500,1,odam,backbone,0.10871921479701996,0.13796325027942657,-0.12074782848096867,0.48627719283103943,0.9372011423110962,0.9372011423110962,1.9272981668229987,0.38545963336459976,0.9534566250576356,0.9280543324040632,21.866475903323995,1,1,0,0,0,0,1.0,1.0,0.2,0.2
14,500,1,odam,fpn,0.10871921479701996,0.13796325027942657,-0.1785779818660414,0.29047930240631104,0.5484216809272766,0.5484216809272766,1.887988839081436,0.37759776781628723,0.9325694436904864,0.9289909643516279,21.72193283238437,1,1,0,0,0,0,1.0,1.0,0.2,0.2
14,500,1,odam,rpn,0.10871921479701996,0.13796325027942657,0.0,0.28679895401000977,0.0,0.0,0.0,0.0,0.9999999380990469,0.9999999380990469,0.020159803775818514,0,0,0,0,0,0,1.0,1.0,0.2,0.2
14,500,1,odam,roi_shared,0.10871921479701996,0.13796325027942657,-0.04225097179590864,0.30780529975891113,0.16145922243595123,0.16145922243595123,0.524549845510829,0.1049099691021658,0.9955675772278438,0.9945034785571774,6.010086464138544,1,0,0,0,0,0,1.0,1.0,0.2,0.2
14,500,1,odam,roi_cls,0.10871921479701996,0.13796325027942657,0.0,0.07911737263202667,0.0,0.0,0.0,0.0,1.0000000856039821,1.0000000856039821,0.0,0,0,0,0,0,0,1.0,1.0,0.2,0.2
14,500,1,odam,roi_reg,0.10871921479701996,0.13796325027942657,-0.031098599629825505,0.04216284677386284,0.19586201012134552,0.19586201012134552,4.645369682266385,0.9290739364532773,0.9711071775351728,0.7227387538746453,43.7189375747134,1,1,0,0,0,0,1.0,1.0,0.2,0.2
14,600,1,odam,backbone,0.19039709866046906,0.3869442343711853,-0.2562968842332598,0.5160156488418579,2.3885114192962646,2.3885114192962646,4.628757722090452,0.9257515444180904,0.7627326689455319,0.6486981565158902,49.55647978291581,1,1,0,0,0,0,1.0,1.0,0.2,0.2
14,600,1,odam,fpn,0.19039709866046906,0.3869442343711853,-0.055742056398711555,0.279460072517395,1.5451953411102295,1.5451953411102295,5.529216847297743,1.1058433694595486,0.9383581203101508,0.6475893671260778,49.63990390451179,1,1,1,0,0,0,1.0,1.0,0.2,0.2
14,600,1,odam,rpn,0.19039709866046906,0.3869442343711853,0.0,0.14208102226257324,0.0,0.0,0.0,0.0,0.9999999846114319,0.9999999846114319,0.010051635604360475,0,0,0,0,0,0,1.0,1.0,0.2,0.2
14,600,1,odam,roi_shared,0.19039709866046906,0.3869442343711853,-0.1307618090953631,0.45417821407318115,0.13119785487651825,0.13119785487651825,0.2888686661121498,0.05777373322242996,0.9924455215051617,0.9983387873037509,3.3030138190353573,1,0,0,0,0,0,1.0,1.0,0.2,0.2
14,600,1,odam,roi_cls,0.19039709866046906,0.3869442343711853,0.0,0.07500326633453369,0.0,0.0,0.0,0.0,1.0000000245921106,1.0000000245921106,0.0,0,0,0,0,0,0,1.0,1.0,0.2,0.2
14,600,1,odam,roi_reg,0.19039709866046906,0.3869442343711853,-0.47639560512053003,0.06020885705947876,0.06863445043563843,0.06863445043563843,1.139939433957968,0.22798788679159362,0.8913874875249981,0.9756350679174085,12.67377505595913,1,1,0,0,0,0,1.0,1.0,0.2,0.2
14,700,1,odam,backbone,0.10286378115415573,0.4815632104873657,0.12253334890802575,0.520811915397644,2.48781156539917,2.48781156539917,4.776794639000734,0.9553589278001469,1.117063391843926,0.7623917910227188,40.32449096719965,0,1,0,0,0,0,1.0,1.0,0.2,0.2
14,700,1,odam,fpn,0.10286378115415573,0.4815632104873657,0.03025052926068705,0.24337297677993774,2.3298892974853516,2.3298892974853516,9.573327853864727,1.9146655707729456,1.0579194709458286,0.48379085059814586,61.066717433662255,0,1,1,0,0,0,1.0,1.0,0.2,0.2
14,700,1,odam,rpn,0.10286378115415573,0.4815632104873657,0.0,0.11292368918657303,0.0,0.0,0.0,0.0,0.9999999569015651,0.9999999569015651,0.016821641827516193,0,0,0,0,0,0,1.0,1.0,0.2,0.2
14,700,1,odam,roi_shared,0.10286378115415573,0.4815632104873657,0.13270348565284895,0.28038668632507324,0.3225937485694885,0.3225937485694885,1.1505316204474898,0.23010632408949794,1.03053577301776,0.976374587368761,12.47918121692186,0,1,0,0,0,0,1.0,1.0,0.2,0.2
14,700,1,odam,roi_cls,0.10286378115415573,0.4815632104873657,0.0,0.05845588445663452,0.0,0.0,0.0,0.0,1.0000000249348777,1.0000000249348777,0.0,0,0,0,0,0,0,1.0,1.0,0.2,0.2
14,700,1,odam,roi_reg,0.10286378115415573,0.4815632104873657,-0.3712887238133586,0.06328705698251724,0.12239900976419449,0.12239900976419449,1.9340290985249424,0.38680581970498856,0.8563834099689739,0.922183845897569,22.75253725080589,1,1,0,0,0,0,1.0,1.0,0.2,0.2
15,0,1,odam,backbone,0.3011915683746338,1.4165475368499756,-0.0852341257504165,0.6096661686897278,1.3535348176956177,1.3535348176956177,2.2201245324217105,0.4440249064843422,0.9621537663501991,0.9085555243555663,24.693507247009368,1,1,0,0,0,0,1.0,1.0,0.2,0.2
15,0,1,odam,fpn,0.3011915683746338,1.4165475368499756,-0.07958802168083502,0.355953574180603,0.7236053943634033,0.7236053943634033,2.032864527429248,0.4065729054858496,0.9676417300865827,0.922365003913191,22.725684387991777,1,1,0,0,0,0,1.0,1.0,0.2,0.2
15,0,1,odam,rpn,0.3011915683746338,1.4165475368499756,0.0,0.2301100790500641,0.0,0.0,0.0,0.0,0.9999999669097624,0.9999999669097624,0.01473966366996133,0,0,0,0,0,0,1.0,1.0,0.2,0.2
15,0,1,odam,roi_shared,0.3011915683746338,1.4165475368499756,-0.026533403944586118,0.6466502547264099,1.2537434101104736,1.2537434101104736,1.9388276753110036,0.3877655350622007,0.9897111731265206,0.931130736603438,21.388232281116665,1,1,0,0,0,0,1.0,1.0,0.2,0.2
15,0,1,odam,roi_cls,0.3011915683746338,1.4165475368499756,0.0,0.18121159076690674,0.0,0.0,0.0,0.0,0.9999999959143021,0.9999999959143021,0.0051792962823793325,0,0,0,0,0,0,1.0,1.0,0.2,0.2
15,0,1,odam,roi_reg,0.3011915683746338,1.4165475368499756,0.4429123700865669,0.047881804406642914,1.3856024742126465,1.3856024742126465,28.93797532033722,5.787595064067444,3.5633975062798546,0.5660962503884853,55.52154843005322,0,1,1,0,0,0,1.0,1.0,0.2,0.2
15,100,1,odam,backbone,0.10396362096071243,0.6498287320137024,-0.2619198011118746,0.296867311000824,15.304282188415527,15.304282188415527,51.55260152025647,10.310520304051293,-1.7005293984786807,-0.16845534576799961,99.6980217304328,1,1,1,1,0,0,1.0,1.0,0.2,0.2
15,100,1,odam,fpn,0.10396362096071243,0.6498287320137024,-0.05241647491464673,0.17113250494003296,5.2368903160095215,5.2368903160095215,30.60137708990233,6.120275417980466,0.6791967131463473,0.110447753954091,83.65887274241788,1,1,1,0,0,0,1.0,1.0,0.2,0.2
15,100,1,odam,rpn,0.10396362096071243,0.6498287320137024,0.0,0.09974866360425949,0.0,0.0,0.0,0.0,1.0000000010994836,1.0000000010994836,0.0,0,0,0,0,0,0,1.0,1.0,0.2,0.2
15,100,1,odam,roi_shared,0.10396362096071243,0.6498287320137024,-0.24393441468670113,0.2541215419769287,4.949009418487549,4.949009418487549,19.474970047745348,3.8949940095490696,0.04987686388576498,0.013203102760065701,89.24349595507844,1,1,1,0,0,0,1.0,1.0,0.2,0.2
15,100,1,odam,roi_cls,0.10396362096071243,0.6498287320137024,0.0,0.07159177213907242,0.0,0.0,0.0,0.0,1.0000000284473942,1.0000000284473942,0.0,0,0,0,0,0,0,1.0,1.0,0.2,0.2
15,100,1,odam,roi_reg,0.10396362096071243,0.6498287320137024,-0.2957387897564575,0.029866887256503105,1.3132708072662354,1.3132708072662354,43.97079601860045,8.794159203720092,-1.600773758694392,-0.18718251266958158,100.78840431762373,1,1,1,1,0,0,1.0,1.0,0.2,0.2
15,200,1,odam,backbone,0.10624411702156067,0.3957676291465759,0.3299870664906241,0.9565900564193726,3.8725249767303467,3.8725249767303467,4.048259701993617,0.8096519403987236,1.267174813614796,0.8562998039954657,31.096370453591764,0,1,0,0,0,0,1.0,1.0,0.2,0.2
15,200,1,odam,fpn,0.10624411702156067,0.3957676291465759,0.2003951615858935,0.46023431420326233,3.062408685684204,3.062408685684204,6.654020769802254,1.330804153960451,1.2666867766399217,0.696822358313233,45.82738591582175,0,1,1,0,0,0,1.0,1.0,0.2,0.2
15,200,1,odam,rpn,0.10624411702156067,0.3957676291465759,0.0,0.21868999302387238,0.0,0.0,0.0,0.0,0.9999999441819731,0.9999999441819731,0.019143655593939487,0,0,0,0,0,0,1.0,1.0,0.2,0.2
15,200,1,odam,roi_shared,0.10624411702156067,0.3957676291465759,-0.04578330295590243,0.6106595396995544,0.15752770006656647,0.15752770006656647,0.2579632181691133,0.05159264363382266,0.9976379100761746,0.9986682420677034,2.957321128237212,1,0,0,0,0,0,1.0,1.0,0.2,0.2
15,200,1,odam,roi_cls,0.10624411702156067,0.3957676291465759,0.0,0.18365901708602905,0.0,0.0,0.0,0.0,1.0000000807908547,1.0000000807908547,0.0,0,0,0,0,0,0,1.0,1.0,0.2,0.2
15,200,1,odam,roi_reg,0.10624411702156067,0.3957676291465759,-0.612058353258785,0.01128243375569582,0.06462697684764862,0.06462697684764862,5.728106031646085,1.1456212063292173,0.29881310189548754,0.3132285072756881,71.74609652799417,1,1,1,0,0,0,1.0,1.0,0.2,0.2
15,300,1,odam,backbone,0.1933538317680359,1.1848105192184448,-0.195640797164258,0.6621758341789246,5.489197254180908,5.489197254180908,8.289636937577653,1.6579273875155307,0.6756418352233091,0.3837382873352803,67.43456609073183,1,1,1,0,0,0,1.0,1.0,0.2,0.2
15,300,1,odam,fpn,0.1933538317680359,1.1848105192184448,-0.33390710216034947,0.2651870846748352,1.7470967769622803,1.7470967769622803,6.588166912821264,1.3176333825642528,0.5600327719360935,0.4110534758270806,65.72897029873332,1,1,1,0,0,0,1.0,1.0,0.2,0.2
15,300,1,odam,rpn,0.1933538317680359,1.1848105192184448,0.0,0.2121160626411438,0.0,0.0,0.0,0.0,1.0000000323316418,1.0000000323316418,0.0,0,0,0,0,0,0,1.0,1.0,0.2,0.2
15,300,1,odam,roi_shared,0.1933538317680359,1.1848105192184448,-0.1490272274458105,0.3921041786670685,2.9404146671295166,2.9404146671295166,7.499064858541566,1.499812971708313,0.7764870801180371,0.4638399391716404,62.36482928928991,1,1,1,0,0,0,1.0,1.0,0.2,0.2
15,300,1,odam,roi_cls,0.1933538317680359,1.1848105192184448,0.0,0.06835440546274185,0.0,0.0,0.0,0.0,1.000000000943327,1.000000000943327,0.0,0,0,0,0,0,0,1.0,1.0,0.2,0.2
15,300,1,odam,roi_reg,0.1933538317680359,1.1848105192184448,-0.2612878981221962,0.09400198608636856,1.2621042728424072,1.2621042728424072,13.426357520603789,2.6852715041207578,0.29837116564133376,0.1143576937243462,83.43342079626164,1,1,1,0,0,0,1.0,1.0,0.2,0.2
15,400,1,odam,backbone,0.2708483636379242,0.1825292706489563,0.05859912295269322,0.44317007064819336,0.8075029253959656,0.8075029253959656,1.822106181978599,0.3644212363957198,1.021354705664155,0.9420262709418903,19.60532522477622,0,1,0,0,0,0,1.0,1.0,0.2,0.2
15,400,1,odam,fpn,0.2708483636379242,0.1825292706489563,-0.053206393765970264,0.229654461145401,0.6053974628448486,0.6053974628448486,2.6361232428293815,0.5272246485658763,0.9719482528106158,0.8792896638411073,28.443205632178593,1,1,0,0,0,0,1.0,1.0,0.2,0.2
15,400,1,odam,rpn,0.2708483636379242,0.1825292706489563,0.0,0.18163630366325378,0.0,0.0,0.0,0.0,0.9999999323902102,0.9999999323902102,0.0210689273419482,0,0,0,0,0,0,1.0,1.0,0.2,0.2
15,400,1,odam,roi_shared,0.2708483636379242,0.1825292706489563,-0.11117543376988352,0.3163508474826813,0.046393245458602905,0.046393245458602905,0.14665124442615163,0.029330248885230323,0.9967393469557623,0.9995728111470905,1.6748003684555137,1,0,0,0,0,0,1.0,1.0,0.2,0.2
15,400,1,odam,roi_cls,0.2708483636379242,0.1825292706489563,0.0,0.08011091500520706,0.0,0.0,0.0,0.0,0.9999999367697728,0.9999999367697728,0.020375111947582788,0,0,0,0,0,0,1.0,1.0,0.2,0.2
15,400,1,odam,roi_reg,0.2708483636379242,0.1825292706489563,-0.4805330049662738,0.09159789234399796,0.05445211008191109,0.05445211008191109,0.5944690285821748,0.11889380571643497,0.9428676402754399,0.9939410313983732,6.31039444444315,1,0,0,0,0,0,1.0,1.0,0.2,0.2
15,500,1,odam,backbone,0.08994691073894501,1.1216453313827515,-0.09348559294257593,0.5475389361381531,1.2913446426391602,1.2913446426391602,2.358452627583242,0.4716905255166485,0.9559037957869405,0.8975327670604631,26.164367959291575,1,1,0,0,0,0,1.0,1.0,0.2,0.2
15,500,1,odam,fpn,0.08994691073894501,1.1216453313827515,-0.09024570849144234,0.3174417316913605,0.9665677547454834,0.9665677547454834,3.044866689692991,0.6089733379385982,0.9450427295548222,0.8415990508110257,32.690637357062656,1,1,0,0,0,0,1.0,1.0,0.2,0.2
15,500,1,odam,rpn,0.08994691073894501,1.1216453313827515,0.0,0.23189042508602142,0.0,0.0,0.0,0.0,0.999999985640796,0.999999985640796,0.009709632984079924,0,0,0,0,0,0,1.0,1.0,0.2,0.2
15,500,1,odam,roi_shared,0.08994691073894501,1.1216453313827515,0.02339445241086723,0.25675177574157715,1.738720178604126,1.738720178604126,6.7719889125680774,1.3543977825136158,1.0316855625105845,0.6060602636634518,52.694823697847205,0,1,1,0,0,0,1.0,1.0,0.2,0.2
15,500,1,odam,roi_cls,0.08994691073894501,1.1216453313827515,0.0,0.0549103245139122,0.0,0.0,0.0,0.0,0.9999999422076561,0.9999999422076561,0.01947927490430349,0,0,0,0,0,0,1.0,1.0,0.2,0.2
15,500,1,odam,roi_reg,0.08994691073894501,1.1216453313827515,-0.28709885441731275,0.010703920386731625,1.598616123199463,1.598616123199463,149.34865595423122,29.869731190846245,-7.575565207312895,-0.2559473746111141,104.82972879040115,1,1,1,1,0,0,1.0,1.0,0.2,0.2
15,600,1,odam,backbone,0.3975751996040344,1.0629897117614746,-0.36527077347851183,1.3427284955978394,4.327934265136719,4.327934265136719,3.2232385618730315,0.6446477123746064,0.7645290601910368,0.7866172348642604,38.129498907851854,1,1,0,0,0,0,1.0,1.0,0.2,0.2
15,600,1,odam,fpn,0.3975751996040344,1.0629897117614746,-0.5657831962909108,0.9395979642868042,1.763342022895813,1.763342022895813,1.876698428390345,0.375339685678069,0.7876390660773681,0.9307280474887176,21.451409883100567,1,1,0,0,0,0,1.0,1.0,0.2,0.2
15,600,1,odam,rpn,0.3975751996040344,1.0629897117614746,0.0,0.6491331458091736,0.0,0.0,0.0,0.0,0.9999999367694311,0.9999999367694311,0.020375167005975473,0,0,0,0,0,0,1.0,1.0,0.2,0.2
15,600,1,odam,roi_shared,0.3975751996040344,1.0629897117614746,-0.07019950455992797,0.7601616382598877,1.535367488861084,1.535367488861084,2.0197908070916952,0.4039581614183391,0.9716423375420606,0.9237132967596874,22.524875961073946,1,1,0,0,0,0,1.0,1.0,0.2,0.2
15,600,1,odam,roi_cls,0.3975751996040344,1.0629897117614746,0.0,0.13695891201496124,0.0,0.0,0.0,0.0,0.9999999103291063,0.9999999103291063,0.024264055047871356,0,0,0,0,0,0,1.0,1.0,0.2,0.2
15,600,1,odam,roi_reg,0.3975751996040344,1.0629897117614746,-0.15566859535832162,0.06969275325536728,0.64104163646698,0.64104163646698,9.19811037050127,1.8396220741002545,0.7136284270127753,0.36553255687625436,68.55963916639237,1,1,1,0,0,0,1.0,1.0,0.2,0.2
15,700,1,odam,backbone,0.1249677762389183,0.08805521577596664,0.1488244146468325,0.47226816415786743,1.7511307001113892,1.7511307001113892,3.7079160379864815,0.7415832075972965,1.1103656140558322,0.8344423907700225,33.44217931987188,0,1,0,0,0,0,1.0,1.0,0.2,0.2
15,700,1,odam,fpn,0.1249677762389183,0.08805521577596664,-0.13045784227597235,0.3514005243778229,1.0883699655532837,1.0883699655532837,3.0972348930904765,0.6194469786180954,0.9191882726721131,0.8314817081876615,33.74875253493263,1,1,0,0,0,0,1.0,1.0,0.2,0.2
15,700,1,odam,rpn,0.1249677762389183,0.08805521577596664,0.0,0.23538891971111298,0.0,0.0,0.0,0.0,1.0000000278646988,1.0000000278646988,0.0,0,0,0,0,0,0,1.0,1.0,0.2,0.2
15,700,1,odam,roi_shared,0.1249677762389183,0.08805521577596664,-0.05379423084978946,0.5192995071411133,0.010025548748672009,0.010025548748672009,0.01930590846092925,0.0038611816921858503,0.9997923398832687,0.9999925128485145,0.22171557956531904,1,0,0,0,0,0,1.0,1.0,0.2,0.2
15,700,1,odam,roi_cls,0.1249677762389183,0.08805521577596664,0.0,0.11017244309186935,0.0,0.0,0.0,0.0,0.9999999954690146,0.9999999954690146,0.005454236433859228,0,0,0,0,0,0,1.0,1.0,0.2,0.2
15,700,1,odam,roi_reg,0.1249677762389183,0.08805521577596664,-0.775971944790774,0.00787956640124321,0.010100089944899082,0.010100089944899082,1.2818078344140265,0.2563615668828053,0.8010705007149177,0.9802283382274916,11.412410503184038,1,1,0,0,0,0,1.0,1.0,0.2,0.2
16,0,1,odam,backbone,0.5357470512390137,0.5309451818466187,-0.06149593091878543,2.0493433475494385,1.9173026084899902,1.9173026084899902,0.9355692450377631,0.18711384900755262,0.9884932718130706,0.9826160279414287,10.699002761030078,1,0,0,0,0,0,1.0,1.0,0.2,0.2
16,0,1,odam,fpn,0.5357470512390137,0.5309451818466187,-0.0006676028789095417,1.0608309507369995,1.1454787254333496,1.1454787254333496,1.0797938395722166,0.21595876791444332,0.9998558039017045,0.9774598572593521,12.18807472719628,1,1,0,0,0,0,1.0,1.0,0.2,0.2
16,0,1,odam,rpn,0.5357470512390137,0.5309451818466187,0.0,0.36675921082496643,0.0,0.0,0.0,0.0,1.0000000106749598,1.0000000106749598,0.0,0,0,0,0,0,0,1.0,1.0,0.2,0.2
16,0,1,odam,roi_shared,0.5357470512390137,0.5309451818466187,-0.32333229586507506,0.9522846341133118,0.2968122959136963,0.2968122959136963,0.3116844326592156,0.062336886531843126,0.9798445154262988,0.9981927686039617,3.4451643073037608,1,0,0,0,0,0,1.0,1.0,0.2,0.2
16,0,1,odam,roi_cls,0.5357470512390137,0.5309451818466187,0.0,0.1835182160139084,0.0,0.0,0.0,0.0,0.9999999515766529,0.9999999515766529,0.017830562114751453,0,0,0,0,0,0,1.0,1.0,0.2,0.2
16,0,1,odam,roi_reg,0.5357470512390137,0.5309451818466187,-0.596331038030107,0.311140239238739,0.1271761655807495,0.1271761655807495,0.40874226326980095,0.08174845265396019,0.951250713236775,0.9976288712686432,3.9463995057895667,1,0,0,0,0,0,1.0,1.0,0.2,0.2
16,100,1,odam,backbone,0.16211514174938202,0.10280244052410126,0.1612079609127082,0.37845709919929504,0.4330013692378998,0.4330013692378998,1.1441227292446212,0.22882454584892423,1.036888358841731,0.9770939396018269,12.286985123382625,0,1,0,0,0,0,1.0,1.0,0.2,0.2
16,100,1,odam,fpn,0.16211514174938202,0.10280244052410126,0.049733286083308584,0.23395049571990967,0.33766722679138184,0.33766722679138184,1.4433276824326287,0.2886655364865257,1.014356403245969,0.961900785224301,15.866613136946228,0,1,0,0,0,0,1.0,1.0,0.2,0.2
16,100,1,odam,rpn,0.16211514174938202,0.10280244052410126,0.0,0.1395905464887619,0.0,0.0,0.0,0.0,0.9999999758749086,0.9999999758749086,0.012585547541479716,0,0,0,0,0,0,1.0,1.0,0.2,0.2
16,100,1,odam,roi_shared,0.16211514174938202,0.10280244052410126,-0.10472086410798834,0.2712438404560089,0.0851079523563385,0.0851079523563385,0.31376916140568195,0.06275383228113639,0.9934282859961139,0.9980325489363276,3.594684920731739,1,0,0,0,0,0,1.0,1.0,0.2,0.2
16,100,1,odam,roi_cls,0.16211514174938202,0.10280244052410126,0.0,0.05474051088094711,0.0,0.0,0.0,0.0,1.0000000334486099,1.0000000334486099,0.0,0,0,0,0,0,0,1.0,1.0,0.2,0.2
16,100,1,odam,roi_reg,0.16211514174938202,0.10280244052410126,-0.32214494787280157,0.04246247559785843,0.08666663616895676,0.08666663616895676,2.041017037954512,0.40820340759090246,0.8684994108226978,0.9136387233208518,23.98685855663051,1,1,0,0,0,0,1.0,1.0,0.2,0.2
16,200,1,odam,backbone,0.4221586585044861,0.20243866741657257,-0.2311011880562081,0.8874406218528748,0.4775158762931824,0.4775158762931824,0.5380820581507568,0.10761641163015138,0.9751297160763074,0.9942847177121186,6.128631840764342,1,0,0,0,0,0,1.0,1.0,0.2,0.2
16,200,1,odam,fpn,0.4221586585044861,0.20243866741657257,-0.26752657110822536,0.5681571960449219,0.3028910756111145,0.3028910756111145,0.5331113954370581,0.10662227908741163,0.9714756891228249,0.994454642020143,6.036751815483767,1,0,0,0,0,0,1.0,1.0,0.2,0.2
16,200,1,odam,rpn,0.4221586585044861,0.20243866741657257,0.0,0.4072921872138977,0.0,0.0,0.0,0.0,0.9999999873726518,0.9999999873726518,0.009105288445072388,0,0,0,0,0,0,1.0,1.0,0.2,0.2
16,200,1,odam,roi_shared,0.4221586585044861,0.20243866741657257,-0.12072501033685756,0.7823570370674133,0.04162098094820976,0.04162098094820976,0.05319947156636032,0.010639894313272063,0.9987154717113363,0.9999440544215247,0.6060696540491015,1,0,0,0,0,0,1.0,1.0,0.2,0.2
16,200,1,odam,roi_cls,0.4221586585044861,0.20243866741657257,0.0,0.11457693576812744,0.0,0.0,0.0,0.0,1.0000000284122392,1.0000000284122392,0.0,0,0,0,0,0,0,1.0,1.0,0.2,0.2
16,200,1,odam,roi_reg,0.4221586585044861,0.20243866741657257,-0.42812877945865513,0.16966038942337036,0.03706767037510872,0.03706767037510872,0.2184815825372774,0.043696316507455486,0.9812922339441629,0.9991911548705171,2.3046214250699046,1,0,0,0,0,0,1.0,1.0,0.2,0.2
16,300,1,odam,backbone,0.07019343972206116,3.334053326398134e-05,0.0,0.3540153503417969,0.0,0.0,0.0,0.0,1.000000028679589,1.000000028679589,0.0,0,0,0,0,0,0,1.0,1.0,0.2,0.2
16,300,1,odam,fpn,0.07019343972206116,3.334053326398134e-05,0.0,0.23282352089881897,0.0,0.0,0.0,0.0,0.999999938313333,0.999999938313333,0.020124879339253634,0,0,0,0,0,0,1.0,1.0,0.2,0.2
16,300,1,odam,rpn,0.07019343972206116,3.334053326398134e-05,0.0,0.10834816098213196,0.0,0.0,0.0,0.0,0.9999999879708447,0.9999999879708447,0.00888700034990878,0,0,0,0,0,0,1.0,1.0,0.2,0.2
16,300,1,odam,roi_shared,0.07019343972206116,3.334053326398134e-05,0.0,0.38446271419525146,0.0,0.0,0.0,0.0,0.9999999872653604,0.9999999872653604,0.009143889294834086,0,0,0,0,0,0,1.0,1.0,0.2,0.2
16,300,1,odam,roi_cls,0.07019343972206116,3.334053326398134e-05,0.0,0.07151444256305695,0.0,0.0,0.0,0.0,1.0000000094282382,1.0000000094282382,0.0,0,0,0,0,0,0,1.0,1.0,0.2,0.2
16,300,1,odam,roi_reg,0.07019343972206116,3.334053326398134e-05,0.0,0.052415791898965836,0.0,0.0,0.0,0.0,0.9999999486416553,0.9999999486416553,0.018362979143460127,0,0,0,0,0,0,1.0,1.0,0.2,0.2
16,400,1,odam,backbone,0.6382733583450317,0.5091386437416077,-0.34654279773163144,1.2816847562789917,0.857653796672821,0.857653796672821,0.6691612679882186,0.13383225359764372,0.9536215217331283,0.991445952921652,7.499520838922396,1,0,0,0,0,0,1.0,1.0,0.2,0.2
16,400,1,odam,fpn,0.6382733583450317,0.5091386437416077,-0.27276812286429386,0.6024950742721558,0.5239903926849365,0.5239903926849365,0.8697007080397183,0.17394014160794366,0.9525547135225276,0.9849166258882698,9.964012944441361,1,0,0,0,0,0,1.0,1.0,0.2,0.2
16,400,1,odam,rpn,0.6382733583450317,0.5091386437416077,0.0,0.4461681842803955,0.0,0.0,0.0,0.0,1.0000000459002514,1.0000000459002514,0.0,0,0,0,0,0,0,1.0,1.0,0.2,0.2
16,400,1,odam,roi_shared,0.6382733583450317,0.5091386437416077,0.07529829941864918,1.1497799158096313,0.3147350549697876,0.3147350549697876,0.27373504323926473,0.05474700864785295,1.0041225481499167,0.9985254529253539,3.1118620137688233,0,0,0,0,0,0,1.0,1.0,0.2,0.2
16,400,1,odam,roi_cls,0.6382733583450317,0.5091386437416077,0.0,0.1950906217098236,0.0,0.0,0.0,0.0,0.9999999422447352,0.9999999422447352,0.019473025026112926,0,0,0,0,0,0,1.0,1.0,0.2,0.2
16,400,1,odam,roi_reg,0.6382733583450317,0.5091386437416077,0.39887966109590844,0.30620431900024414,0.15800024569034576,0.15800024569034576,0.5159961368481539,0.10319922736963079,1.0411639973419622,0.9958946320277761,5.193526660236868,0,0,0,0,0,0,1.0,1.0,0.2,0.2
16,500,1,odam,backbone,0.16768068075180054,2.3639919757843018,-0.20286646963172955,0.5532988905906677,9.468936920166016,9.468936920166016,17.113601854609836,3.422720370921967,0.3056449398436534,0.09081823616648585,84.78931864605813,1,1,1,0,0,0,1.0,1.0,0.2,0.2
16,500,1,odam,fpn,0.16768068075180054,2.3639919757843018,0.08677968834550054,0.3753027319908142,4.266420841217041,4.266420841217041,11.367945068200209,2.273589013640042,1.1973013724456016,0.4673319826051451,62.13875133878207,0,1,1,0,0,0,1.0,1.0,0.2,0.2
16,500,1,odam,rpn,0.16768068075180054,2.3639919757843018,0.0,0.20451588928699493,0.0,0.0,0.0,0.0,1.0000000505008226,1.0000000505008226,0.0,0,0,0,0,0,0,1.0,1.0,0.2,0.2
16,500,1,odam,roi_shared,0.16768068075180054,2.3639919757843018,-0.21858636311301255,0.5134726166725159,4.809850215911865,4.809850215911865,9.367296443345694,1.873459288669139,0.5904874028189929,0.30736112024349993,72.09972890633114,1,1,1,0,0,0,1.0,1.0,0.2,0.2
16,500,1,odam,roi_cls,0.16768068075180054,2.3639919757843018,0.0,0.1154692992568016,0.0,0.0,0.0,0.0,1.0000000321014373,1.0000000321014373,0.0,0,0,0,0,0,0,1.0,1.0,0.2,0.2
16,500,1,odam,roi_reg,0.16768068075180054,2.3639919757843018,-0.4684066160461249,0.07860501855611801,2.316997528076172,2.316997528076172,29.476458000223126,5.895291600044625,-1.7613936732768911,-0.32035045367337023,108.68412015573671,1,1,1,1,0,0,1.0,1.0,0.2,0.2
16,600,1,odam,backbone,0.10812759399414062,2.2102720737457275,-0.42661553953574133,0.7831956148147583,40.603572845458984,40.603572845458984,51.84346295792598,10.368692591585196,-3.423446106590023,-0.3429230771725376,110.05506412966935,1,1,1,1,0,0,1.0,1.0,0.2,0.2
16,600,1,odam,fpn,0.10812759399414062,2.2102720737457275,-0.07289972048018416,0.45132482051849365,13.228094100952148,13.228094100952148,29.309476234334667,5.861895246866934,0.5726694731112033,0.09748761869615613,84.40548535657521,1,1,1,0,0,0,1.0,1.0,0.2,0.2
16,600,1,odam,rpn,0.10812759399414062,2.2102720737457275,0.0,0.1139749065041542,0.0,0.0,0.0,0.0,0.9999999854165086,0.9999999854165086,0.009785170242479262,0,0,0,0,0,0,1.0,1.0,0.2,0.2
16,600,1,odam,roi_shared,0.10812759399414062,2.2102720737457275,-0.07790917306298374,0.6226549744606018,12.136480331420898,12.136480331420898,19.49150144015886,3.8983002880317725,0.6962866619925591,0.17634961793819284,79.8427928996517,1,1,1,0,0,0,1.0,1.0,0.2,0.2
16,600,1,odam,roi_cls,0.10812759399414062,2.2102720737457275,0.0,0.16112172603607178,0.0,0.0,0.0,0.0,1.0000000759842107,1.0000000759842107,0.0,0,0,0,0,0,0,1.0,1.0,0.2,0.2
16,600,1,odam,roi_reg,0.10812759399414062,2.2102720737457275,-0.6607880412892834,0.037279486656188965,5.2476959228515625,5.2476959228515625,140.76631395835932,28.153262791671864,-17.60334069745421,-0.6400581802655626,129.79615799208062,1,1,1,1,0,0,1.0,1.0,0.2,0.2
16,700,1,odam,backbone,0.15590903162956238,0.23089268803596497,-0.013644035762900936,0.5904250741004944,1.490566611289978,1.490566611289978,2.5245652271134293,0.504913045422686,0.993110934571406,0.891423384382406,26.9473427462913,1,1,0,0,0,0,1.0,1.0,0.2,0.2
16,700,1,odam,fpn,0.15590903162956238,0.23089268803596497,-0.08741327163814842,0.4759387969970703,0.9857902526855469,0.9857902526855469,2.0712542429938003,0.4142508485987601,0.9637888625479196,0.9192786249671324,23.17915135968413,1,1,0,0,0,0,1.0,1.0,0.2,0.2
16,700,1,odam,rpn,0.15590903162956238,0.23089268803596497,0.0,0.30302032828330994,0.0,0.0,0.0,0.0,1.0000000920548109,1.0000000920548109,0.0,0,0,0,0,0,0,1.0,1.0,0.2,0.2
16,700,1,odam,roi_shared,0.15590903162956238,0.23089268803596497,-0.12371612128712765,0.38283035159111023,0.01631174609065056,0.01631174609065056,0.042608288561385155,0.008521657712277031,0.9989458256726931,0.9999641880300668,0.48490094660273475,1,0,0,0,0,0,1.0,1.0,0.2,0.2
16,700,1,odam,roi_cls,0.15590903162956238,0.23089268803596497,0.0,0.1004931777715683,0.0,0.0,0.0,0.0,0.9999999520344256,0.9999999520344256,0.017746080890445368,0,0,0,0,0,0,1.0,1.0,0.2,0.2
16,700,1,odam,roi_reg,0.15590903162956238,0.23089268803596497,-0.31504511603538243,0.01750892773270607,0.00895253662019968,0.00895253662019968,0.5113126718477827,0.10226253436955654,0.9677827925728409,0.9950091071224675,5.726741058412103,1,0,0,0,0,0,1.0,1.0,0.2,0.2
17,0,1,odam,backbone,0.28092747926712036,0.7478784918785095,-0.3867518181673592,0.6373614072799683,3.430933952331543,3.430933952331543,5.383027452153949,1.0766054904307898,0.5836208937394521,0.5067647658916953,59.5514283181914,1,1,1,0,0,0,1.0,1.0,0.2,0.2
17,0,1,odam,fpn,0.28092747926712036,0.7478784918785095,-0.4774178270944878,0.45635679364204407,2.5916922092437744,2.5916922092437744,5.679091985374582,1.1358183970749163,0.4577400610317107,0.4168923114284707,65.36145900299037,1,1,1,0,0,0,1.0,1.0,0.2,0.2
17,0,1,odam,rpn,0.28092747926712036,0.7478784918785095,0.0,0.19571031630039215,0.0,0.0,0.0,0.0,0.9999999470414337,0.9999999470414337,0.018646861360810098,0,0,0,0,0,0,1.0,1.0,0.2,0.2
17,0,1,odam,roi_shared,0.28092747926712036,0.7478784918785095,-0.08301042842794235,0.599357008934021,0.02661002054810524,0.02661002054810524,0.04439761302772143,0.008879522605544286,0.9992631193287023,0.9999609162002162,0.5065676300220069,1,0,0,0,0,0,1.0,1.0,0.2,0.2
17,0,1,odam,roi_cls,0.28092747926712036,0.7478784918785095,0.0,0.09065397828817368,0.0,0.0,0.0,0.0,1.0000000349420912,1.0000000349420912,0.0,0,0,0,0,0,0,1.0,1.0,0.2,0.2
17,0,1,odam,roi_reg,0.28092747926712036,0.7478784918785095,-0.47178634891309035,0.06916201859712601,0.009889422915875912,0.009889422915875912,0.14298921744147677,0.028597843488295357,0.9865079411831283,0.9996735265424532,1.4641089173260926,1,0,0,0,0,0,1.0,1.0,0.2,0.2
17,100,1,odam,backbone,0.3467118442058563,0.48195257782936096,0.014032796255290587,1.8880916833877563,1.0091993808746338,1.0091993808746338,0.5345076140920509,0.1069015228184102,1.0014998932768464,0.9943522917255998,6.092259129243784,0,0,0,0,0,0,1.0,1.0,0.2,0.2
17,100,1,odam,fpn,0.3467118442058563,0.48195257782936096,-0.34341347130724353,0.7247154116630554,0.6956924200057983,0.6956924200057983,0.9599525673247986,0.1919905134649597,0.9340677976832567,0.9818724673739765,10.926101396306786,1,0,0,0,0,0,1.0,1.0,0.2,0.2
17,100,1,odam,rpn,0.3467118442058563,0.48195257782936096,0.0,0.31115391850471497,0.0,0.0,0.0,0.0,0.9999999466043158,0.9999999466043158,0.018723658442701404,0,0,0,0,0,0,1.0,1.0,0.2,0.2
17,100,1,odam,roi_shared,0.3467118442058563,0.48195257782936096,-0.24955719522074493,0.7479764223098755,0.7111411690711975,0.7111411690711975,0.9507534567400874,0.1901506913480175,0.9525466492672497,0.9818241730046745,10.940690399158296,1,0,0,0,0,0,1.0,1.0,0.2,0.2
17,100,1,odam,roi_cls,0.3467118442058563,0.48195257782936096,0.0,0.16279584169387817,0.0,0.0,0.0,0.0,0.9999999389825713,0.9999999389825713,0.020015414276041157,0,0,0,0,0,0,1.0,1.0,0.2,0.2
17,100,1,odam,roi_reg,0.3467118442058563,0.48195257782936096,-0.4593723991455066,0.13506600260734558,0.39013755321502686,0.39013755321502686,2.888495592404607,0.5776991184809215,0.7346210488240111,0.8198066784703736,34.93455379303737,1,1,0,0,0,0,1.0,1.0,0.2,0.2
17,200,1,odam,backbone,0.2549159526824951,0.3056199848651886,0.6467087227825307,1.3647879362106323,3.0042128562927246,3.0042128562927246,2.2012305183719576,0.4402461036743916,1.2847108887648573,0.9674975359452054,14.64802760607226,0,1,0,0,0,0,1.0,1.0,0.2,0.2
17,200,1,odam,fpn,0.2549159526824951,0.3056199848651886,0.3607816591489837,0.5122205018997192,1.6097743511199951,1.6097743511199951,3.142737053963434,0.6285474107926868,1.226768577494769,0.9022775316166588,25.540927494542917,0,1,0,0,0,0,1.0,1.0,0.2,0.2
17,200,1,odam,rpn,0.2549159526824951,0.3056199848651886,0.0,0.21198637783527374,0.0,0.0,0.0,0.0,1.0000000202811865,1.0000000202811865,0.0,0,0,0,0,0,0,1.0,1.0,0.2,0.2
17,200,1,odam,roi_shared,0.2549159526824951,0.3056199848651886,0.016886593146778855,0.5923039317131042,0.06064288318157196,0.06064288318157196,0.10238473853478607,0.020476947706957214,1.000345804723661,0.9997906343926115,1.1724595769695318,0,0,0,0,0,0,1.0,1.0,0.2,0.2
17,200,1,odam,roi_cls,0.2549159526824951,0.3056199848651886,0.0,0.09708638489246368,0.0,0.0,0.0,0.0,1.000000067324365,1.000000067324365,0.0,0,0,0,0,0,0,1.0,1.0,0.2,0.2
17,200,1,odam,roi_reg,0.2549159526824951,0.3056199848651886,-0.1412601169772446,0.10062499344348907,0.03493540734052658,0.03493540734052658,0.34718419494999797,0.06943683898999961,0.9901912755602091,0.9975990013480375,3.9711886783212966,1,0,0,0,0,0,1.0,1.0,0.2,0.2
17,300,1,odam,backbone,0.24595709145069122,2.5380561351776123,-0.5762348155219106,0.742775022983551,10.12586498260498,10.12586498260498,13.632479107781228,2.726495821556246,-0.5711018249220057,-0.24826814692205118,104.3750536793099,1,1,1,1,0,0,1.0,1.0,0.2,0.2
17,300,1,odam,fpn,0.24595709145069122,2.5380561351776123,-0.5020811714423811,0.4786805808544159,5.588758945465088,5.588758945465088,11.675340861936558,2.3350681723873112,-0.17239376417035002,-0.08505879864214877,94.8794060287108,1,1,1,1,0,0,1.0,1.0,0.2,0.2
17,300,1,odam,rpn,0.24595709145069122,2.5380561351776123,0.0,0.3618602156639099,0.0,0.0,0.0,0.0,1.0000000444648613,1.0000000444648613,0.0,0,0,0,0,0,0,1.0,1.0,0.2,0.2
17,300,1,odam,roi_shared,0.24595709145069122,2.5380561351776123,-0.35894986881275526,0.46781057119369507,4.5822296142578125,4.5822296142578125,9.795053588818023,1.959010717763605,0.29681323216437955,0.16023257302978566,80.77960415559038,1,1,1,0,0,0,1.0,1.0,0.2,0.2
17,300,1,odam,roi_cls,0.24595709145069122,2.5380561351776123,0.0,0.07916470617055893,0.0,0.0,0.0,0.0,0.9999999326790351,0.9999999326790351,0.021023876597221852,0,0,0,0,0,0,1.0,1.0,0.2,0.2
17,300,1,odam,roi_reg,0.24595709145069122,2.5380561351776123,-0.30866494840630204,0.07916932553052902,1.6543697118759155,1.6543697118759155,20.89659979783411,4.179319959566822,-0.29000967476221834,-0.07276049906412829,94.17255669776641,1,1,1,1,0,0,1.0,1.0,0.2,0.2
17,400,1,odam,backbone,0.3138272166252136,0.1567479521036148,-0.12187358777794792,0.5700575709342957,0.5590118765830994,0.5590118765830994,0.9806235459111736,0.19612470918223474,0.9760974519937843,0.9806880542421126,11.27851852312686,1,0,0,0,0,0,1.0,1.0,0.2,0.2
17,400,1,odam,fpn,0.3138272166252136,0.1567479521036148,-0.17900890168444666,0.33559465408325195,0.4489671587944031,0.4489671587944031,1.3378257172208305,0.2675651434441661,0.9521034227193886,0.9638382495805443,15.45538592016998,1,1,0,0,0,0,1.0,1.0,0.2,0.2
17,400,1,odam,rpn,0.3138272166252136,0.1567479521036148,0.0,0.19995366036891937,0.0,0.0,0.0,0.0,0.9999999872882682,0.9999999872882682,0.009135661321422796,0,0,0,0,0,0,1.0,1.0,0.2,0.2
17,400,1,odam,roi_shared,0.3138272166252136,0.1567479521036148,-0.18264116246448303,0.4690687954425812,0.050238803029060364,0.050238803029060364,0.1071032725203101,0.021420654504062022,0.9960878361784681,0.999776621032404,1.21106333105327,1,0,0,0,0,0,1.0,1.0,0.2,0.2
17,400,1,odam,roi_cls,0.3138272166252136,0.1567479521036148,0.0,0.07278092205524445,0.0,0.0,0.0,0.0,1.000000057264237,1.000000057264237,0.0,0,0,0,0,0,0,1.0,1.0,0.2,0.2
17,400,1,odam,roi_reg,0.3138272166252136,0.1567479521036148,-0.6354445062310201,0.08950075507164001,0.03017636574804783,0.03017636574804783,0.33716325324734353,0.06743265064946871,0.957150458755764,0.9985237427732673,3.1136664744786153,1,0,0,0,0,0,1.0,1.0,0.2,0.2
17,500,1,odam,backbone,0.19502511620521545,2.5432748794555664,0.007989126121910302,0.773135781288147,8.074003219604492,8.074003219604492,10.443189171961658,2.0886378343923315,1.0166861945350418,0.4376830960414962,64.04385326212068,0,1,1,0,0,0,1.0,1.0,0.2,0.2
17,500,1,odam,fpn,0.19502511620521545,2.5432748794555664,0.06883845009162035,0.4662967920303345,4.134305477142334,4.134305477142334,8.86625331291874,1.7732506625837483,1.1220678425508095,0.535621981394159,57.6138975043213,0,1,1,0,0,0,1.0,1.0,0.2,0.2
17,500,1,odam,rpn,0.19502511620521545,2.5432748794555664,0.0,0.1851280927658081,0.0,0.0,0.0,0.0,0.999999977953785,0.999999977953785,0.012031080977684617,0,0,0,0,0,0,1.0,1.0,0.2,0.2
17,500,1,odam,roi_shared,0.19502511620521545,2.5432748794555664,-0.04888299964376172,0.6900323033332825,4.350719451904297,4.350719451904297,6.30509532798339,1.261019065596678,0.9383575353754695,0.5974395108863118,53.31326461708142,1,1,1,0,0,0,1.0,1.0,0.2,0.2
17,500,1,odam,roi_cls,0.19502511620521545,2.5432748794555664,0.0,0.15456029772758484,0.0,0.0,0.0,0.0,0.9999999363134469,0.9999999363134469,0.020448502306278614,0,0,0,0,0,0,1.0,1.0,0.2,0.2
17,500,1,odam,roi_reg,0.19502511620521545,2.5432748794555664,-0.6471654016325324,0.07802087068557739,2.955749750137329,2.955749750137329,37.88409081012366,7.576818162024733,-3.903454269433318,-0.5599191279056295,124.05020508331762,1,1,1,1,0,0,1.0,1.0,0.2,0.2
17,600,1,odam,backbone,0.19835253059864044,0.25968408584594727,-0.4587650023840459,1.8763225078582764,0.8457713723182678,0.8457713723182678,0.45076012720418274,0.09015202544083656,0.9586413593802264,0.99652686128363,4.776661567663005,1,0,0,0,0,0,1.0,1.0,0.2,0.2
17,600,1,odam,fpn,0.19835253059864044,0.25968408584594727,-0.17549112454600496,0.4670522212982178,0.6023407578468323,0.6023407578468323,1.2896646892558752,0.25793293785117505,0.9547349945957343,0.9664024892563059,14.894114053057384,1,1,0,0,0,0,1.0,1.0,0.2,0.2
17,600,1,odam,rpn,0.19835253059864044,0.25968408584594727,0.0,0.20767609775066376,0.0,0.0,0.0,0.0,1.0000000136562337,1.0000000136562337,0.0,0,0,0,0,0,0,1.0,1.0,0.2,0.2
17,600,1,odam,roi_shared,0.19835253059864044,0.25968408584594727,-0.464778723073725,0.6267266273498535,0.1372448205947876,0.1372448205947876,0.21898673936215943,0.04379734787243189,0.9796438745897157,0.9992174495328993,2.2668466068803723,1,0,0,0,0,0,1.0,1.0,0.2,0.2
17,600,1,odam,roi_cls,0.19835253059864044,0.25968408584594727,0.0,0.09545659273862839,0.0,0.0,0.0,0.0,0.9999999255104366,0.9999999255104366,0.022114918710950532,0,0,0,0,0,0,1.0,1.0,0.2,0.2
17,600,1,odam,roi_reg,0.19835253059864044,0.25968408584594727,-0.6130360735498123,0.1539817452430725,0.08370764553546906,0.08370764553546906,0.5436205792013192,0.10872411584026384,0.933348046456919,0.9957917070043661,5.2582718567236455,1,0,0,0,0,0,1.0,1.0,0.2,0.2
17,700,1,odam,backbone,0.14583657681941986,1.0304814577102661,-0.09390074779361342,0.467600554227829,5.649425029754639,5.649425029754639,12.081732963477348,2.41634659269547,0.7731034258259681,0.3059562110923263,72.18429890096172,1,1,1,0,0,0,1.0,1.0,0.2,0.2
17,700,1,odam,fpn,0.14583657681941986,1.0304814577102661,-0.20307790149942892,0.2912120521068573,4.184893608093262,4.184893608093262,14.37060581049598,2.8741211620991964,0.41632955402449084,0.14634445498174542,81.58485864567206,1,1,1,0,0,0,1.0,1.0,0.2,0.2
17,700,1,odam,rpn,0.14583657681941986,1.0304814577102661,0.0,0.20641490817070007,0.0,0.0,0.0,0.0,0.9999999860086269,0.9999999860086269,0.00958446330623494,0,0,0,0,0,0,1.0,1.0,0.2,0.2
17,700,1,odam,roi_shared,0.14583657681941986,1.0304814577102661,-0.18764018117862932,0.3340955078601837,2.109265089035034,2.109265089035034,6.313359621458139,1.2626719242916278,0.7630718591987897,0.524020028646891,58.3977045348889,1,1,1,0,0,0,1.0,1.0,0.2,0.2
17,700,1,odam,roi_cls,0.14583657681941986,1.0304814577102661,0.0,0.06330620497465134,0.0,0.0,0.0,0.0,1.0000000241276836,1.0000000241276836,0.0,0,0,0,0,0,0,1.0,1.0,0.2,0.2
17,700,1,odam,roi_reg,0.14583657681941986,1.0304814577102661,-0.30052748286347536,0.059859298169612885,1.2010390758514404,1.2010390758514404,20.06436948940271,4.012873897880543,-0.20597881827442666,-0.05373954128062256,93.08053285486461,1,1,1,1,0,0,1.0,1.0,0.2,0.2
18,0,1,odam,backbone,0.11156199872493744,0.09504558891057968,-0.016914450585914887,0.6314426064491272,0.7055355906486511,0.7055355906486511,1.1173392220334648,0.22346784440669298,0.9962201997088044,0.975759265996719,12.641300051197538,1,1,0,0,0,0,1.0,1.0,0.2,0.2
18,0,1,odam,fpn,0.11156199872493744,0.09504558891057968,0.27763578600636013,0.32480987906455994,0.4614620506763458,0.4614620506763458,1.4207143329671466,0.28414286659342936,1.0788882046989692,0.9694514372382129,14.198578126096011,0,1,0,0,0,0,1.0,1.0,0.2,0.2
18,0,1,odam,rpn,0.11156199872493744,0.09504558891057968,0.0,0.1843865066766739,0.0,0.0,0.0,0.0,0.9999999265270091,0.9999999265270091,0.02196349717503561,0,0,0,0,0,0,1.0,1.0,0.2,0.2
18,0,1,odam,roi_shared,0.11156199872493744,0.09504558891057968,0.06310576450337303,0.46558165550231934,0.2216450273990631,0.2216450273990631,0.47606048215093166,0.09521209643018634,1.0060085036395547,0.9955688243759002,5.395821966482359,0,0,0,0,0,0,1.0,1.0,0.2,0.2
18,0,1,odam,roi_cls,0.11156199872493744,0.09504558891057968,0.0,0.10537822544574738,0.0,0.0,0.0,0.0,0.9999999434738147,0.9999999434738147,0.01926470979557209,0,0,0,0,0,0,1.0,1.0,0.2,0.2
18,0,1,odam,roi_reg,0.11156199872493744,0.09504558891057968,0.12071390118781819,0.034626804292201996,0.10006538778543472,0.10006538778543472,2.889824511122142,0.5779649022244284,1.069768342924159,0.8812575623948569,28.205563521571182,0,1,0,0,0,0,1.0,1.0,0.2,0.2
18,100,1,odam,backbone,0.19313153624534607,2.2077019214630127,0.1414115641030325,0.5869690775871277,3.539620876312256,3.539620876312256,6.030336199076597,1.2060672398153196,1.170551803909369,0.7000759999366514,45.56689819564635,0,1,1,0,0,0,1.0,1.0,0.2,0.2
18,100,1,odam,fpn,0.19313153624534607,2.2077019214630127,0.12735550901356404,0.3619982898235321,1.8246060609817505,1.8246060609817505,5.040372046705564,1.008074409341113,1.1283838201802854,0.7484432702445135,41.54429149819878,0,1,1,0,0,0,1.0,1.0,0.2,0.2
18,100,1,odam,rpn,0.19313153624534607,2.2077019214630127,0.0,0.2865844964981079,0.0,0.0,0.0,0.0,1.0000000531469149,1.0000000531469149,0.0,0,0,0,0,0,0,1.0,1.0,0.2,0.2
18,100,1,odam,roi_shared,0.19313153624534607,2.2077019214630127,0.037742821454089505,0.5486389994621277,4.071680068969727,4.071680068969727,7.421419317550343,1.4842838635100686,1.0560209991025498,0.5799914166840031,54.55006106324379,0,1,1,0,0,0,1.0,1.0,0.2,0.2
18,100,1,odam,roi_cls,0.19313153624534607,2.2077019214630127,0.0,0.11729103326797485,0.0,0.0,0.0,0.0,0.999999965502448,0.999999965502448,0.015049836114640407,0,0,0,0,0,0,1.0,1.0,0.2,0.2
18,100,1,odam,roi_reg,0.19313153624534607,2.2077019214630127,0.14283808188304462,0.04208437353372574,1.8793742656707764,1.8793742656707764,44.65729456955504,8.93145891391101,2.275752231296315,0.24931242900307785,75.56317098269342,0,1,1,0,0,0,1.0,1.0,0.2,0.2
18,200,1,odam,backbone,0.13853274285793304,0.12920312583446503,0.1766077570073545,0.6552667617797852,1.2431361675262451,1.2431361675262451,1.8971451629100404,0.3794290325820081,1.0670098925142317,0.9438550551641235,19.290618769491616,0,1,0,0,0,0,1.0,1.0,0.2,0.2
18,200,1,odam,fpn,0.13853274285793304,0.12920312583446503,0.14297978829587354,0.33425700664520264,0.8628634214401245,0.8628634214401245,2.581437050790117,0.5162874101580235,1.0738186320193808,0.9029777474054383,25.44771793376898,0,1,0,0,0,0,1.0,1.0,0.2,0.2
18,200,1,odam,rpn,0.13853274285793304,0.12920312583446503,0.0,0.191705122590065,0.0,0.0,0.0,0.0,0.9999999737258942,0.9999999737258942,0.013134138850564006,0,0,0,0,0,0,1.0,1.0,0.2,0.2
18,200,1,odam,roi_shared,0.13853274285793304,0.12920312583446503,-0.2088422113578871,0.4486311972141266,0.22926588356494904,0.22926588356494904,0.5110341968829311,0.10220683937658621,0.9786547846271787,0.9948247557189989,5.831637682506276,1,0,0,0,0,0,1.0,1.0,0.2,0.2
18,200,1,odam,roi_cls,0.13853274285793304,0.12920312583446503,0.0,0.09533229470252991,0.0,0.0,0.0,0.0,0.9999999712326145,0.9999999712326145,0.013743198765880317,0,0,0,0,0,0,1.0,1.0,0.2,0.2
18,200,1,odam,roi_reg,0.13853274285793304,0.12920312583446503,-0.24589052185875532,0.0460255965590477,0.08080050349235535,0.08080050349235535,1.755555810964749,0.3511111621929498,0.9136652404164082,0.9371002908161646,20.429845428167578,1,1,0,0,0,0,1.0,1.0,0.2,0.2
18,300,1,odam,backbone,0.2761313021183014,0.4744551181793213,0.17708712024101508,0.7332990169525146,1.2410898208618164,1.2410898208618164,1.6924744097157083,0.3384948819431417,1.0599430562983567,0.9539885612052613,17.44817363121055,0,1,0,0,0,0,1.0,1.0,0.2,0.2
18,300,1,odam,fpn,0.2761313021183014,0.4744551181793213,0.08452817762802768,0.31659236550331116,0.8040338754653931,0.8040338754653931,2.5396502350496,0.5079300470099201,1.0429346498536232,0.8996628361045561,25.886216121426774,0,1,0,0,0,0,1.0,1.0,0.2,0.2
18,300,1,odam,rpn,0.2761313021183014,0.4744551181793213,0.0,0.23297525942325592,0.0,0.0,0.0,0.0,0.9999999441644182,0.9999999441644182,0.019146665729399073,0,0,0,0,0,0,1.0,1.0,0.2,0.2
18,300,1,odam,roi_shared,0.2761313021183014,0.4744551181793213,0.04159842483913162,0.43190401792526245,0.05721607059240341,0.05721607059240341,0.1324740410317373,0.026494808206347458,1.001102122358722,0.9996505477407452,1.5147613120753265,0,0,0,0,0,0,1.0,1.0,0.2,0.2
18,300,1,odam,roi_cls,0.2761313021183014,0.4744551181793213,0.0,0.07146584242582321,0.0,0.0,0.0,0.0,0.9999999699063447,0.9999999699063447,0.014056432218640655,0,0,0,0,0,0,1.0,1.0,0.2,0.2
18,300,1,odam,roi_reg,0.2761313021183014,0.4744551181793213,0.09714036188348871,0.0484556183218956,0.029975321143865585,0.029975321143865585,0.6186139436862921,0.12372278873725841,1.0120182843493892,0.9926785684481408,6.937467495620252,0,0,0,0,0,0,1.0,1.0,0.2,0.2
18,400,1,odam,backbone,0.16516909003257751,0.12830494344234467,-0.4819449981364189,0.4397220015525818,1.0273045301437378,1.0273045301437378,2.336259105790714,0.46725182115814284,0.774810226670197,0.8841588836684723,27.851809688729467,1,1,0,0,0,0,1.0,1.0,0.2,0.2
18,400,1,odam,fpn,0.16516909003257751,0.12830494344234467,-0.047884392935710104,0.21226003766059875,0.6936028003692627,0.6936028003692627,3.267703181501952,0.6535406363003905,0.9687055292015296,0.8292792625646132,33.975228123606435,1,1,0,0,0,0,1.0,1.0,0.2,0.2
18,400,1,odam,rpn,0.16516909003257751,0.12830494344234467,0.0,0.12395815551280975,0.0,0.0,0.0,0.0,1.0000000313808606,1.0000000313808606,0.0,0,0,0,0,0,0,1.0,1.0,0.2,0.2
18,400,1,odam,roi_shared,0.16516909003257751,0.12830494344234467,-0.039956372610480996,0.4080480933189392,0.11843334138393402,0.11843334138393402,0.29024358482019413,0.05804871696403883,0.9976806797223383,0.9983144411839445,3.3271364119714253,1,0,0,0,0,0,1.0,1.0,0.2,0.2
18,400,1,odam,roi_cls,0.16516909003257751,0.12830494344234467,0.0,0.0874064713716507,0.0,0.0,0.0,0.0,0.9999999691990394,0.9999999691990394,0.014220660282237766,0,0,0,0,0,0,1.0,1.0,0.2,0.2
18,400,1,odam,roi_reg,0.16516909003257751,0.12830494344234467,-0.28873529521017566,0.08044319599866867,0.08713964372873306,0.08713964372873306,1.0832444266656838,0.21664888533313673,0.9374457591630545,0.9763851292740484,12.476385679653683,1,1,0,0,0,0,1.0,1.0,0.2,0.2
18,500,1,odam,backbone,0.6628744602203369,0.5281258225440979,-0.6137103410415435,2.575378656387329,0.9559166431427002,0.9559166431427002,0.37117518263649585,0.07423503652729917,0.9544411691574204,0.9981199068880231,3.5139483662019755,1,0,0,0,0,0,1.0,1.0,0.2,0.2
18,500,1,odam,fpn,0.6628744602203369,0.5281258225440979,-0.5062948628899402,1.187187910079956,0.5748327970504761,0.5748327970504761,0.4841969768810749,0.09683939537621497,0.9509706890082648,0.9961663349063155,5.018611276390921,1,0,0,0,0,0,1.0,1.0,0.2,0.2
18,500,1,odam,rpn,0.6628744602203369,0.5281258225440979,0.0,0.5465276837348938,0.0,0.0,0.0,0.0,1.0000000513722556,1.0000000513722556,0.0,0,0,0,0,0,0,1.0,1.0,0.2,0.2
18,500,1,odam,roi_shared,0.6628744602203369,0.5281258225440979,-0.1962929577332846,1.4259915351867676,0.3040924072265625,0.3040924072265625,0.2132497982792965,0.0426499596558593,0.9916280955561487,0.9991118602404129,2.4149627409428707,1,0,0,0,0,0,1.0,1.0,0.2,0.2
18,500,1,odam,roi_cls,0.6628744602203369,0.5281258225440979,0.0,0.29570549726486206,0.0,0.0,0.0,0.0,0.9999999297470141,0.9999999297470141,0.021476822429402655,0,0,0,0,0,0,1.0,1.0,0.2,0.2
18,500,1,odam,roi_reg,0.6628744602203369,0.5281258225440979,-0.4581003181299795,0.13593968749046326,0.1023096889257431,0.1023096889257431,0.752610888066964,0.15052217761339282,0.9310458612284643,0.9898312216306772,8.177879925177194,1,0,0,0,0,0,1.0,1.0,0.2,0.2
18,600,1,odam,backbone,0.17071199417114258,0.4981009364128113,-0.7397081209024189,1.3218202590942383,10.70251750946045,10.70251750946045,8.09680244785643,1.619360489571286,-0.1978541181182873,-0.17864464601233046,100.29082421933516,1,1,1,1,0,0,1.0,1.0,0.2,0.2
18,600,1,odam,fpn,0.17071199417114258,0.4981009364128113,-0.7606098374757558,0.5148162245750427,3.894444227218628,3.894444227218628,7.5647270643680935,1.5129454128736186,-0.15076137948595328,-0.15171399390100423,98.72626809312742,1,1,1,1,0,0,1.0,1.0,0.2,0.2
18,600,1,odam,rpn,0.17071199417114258,0.4981009364128113,0.0,0.2807421088218689,0.0,0.0,0.0,0.0,0.9999999884742093,0.9999999884742093,0.008699073378762396,0,0,0,0,0,0,1.0,1.0,0.2,0.2
18,600,1,odam,roi_shared,0.17071199417114258,0.4981009364128113,-0.5052496522156547,0.5972395539283752,4.557222366333008,4.557222366333008,7.630476475239513,1.5260952950479028,0.22894090658501143,0.17126928585507925,80.13837378678754,1,1,1,0,0,0,1.0,1.0,0.2,0.2
18,600,1,odam,roi_cls,0.17071199417114258,0.4981009364128113,0.0,0.057581827044487,0.0,0.0,0.0,0.0,1.0000000354433134,1.0000000354433134,0.0,0,0,0,0,0,0,1.0,1.0,0.2,0.2
18,600,1,odam,roi_reg,0.17071199417114258,0.4981009364128113,-0.21292185953807297,0.09350109100341797,1.1384656429290771,1.1384656429290771,12.175961057903164,2.4351922115806333,0.48149438598831434,0.19834327983657457,78.55990475583262,1,1,1,0,0,0,1.0,1.0,0.2,0.2
18,700,1,odam,backbone,0.12532590329647064,0.12158144265413284,0.562977421452504,0.7452625632286072,0.6332676410675049,0.6332676410675049,0.8497242076994707,0.16994484153989414,1.095675201376917,0.9918835557320752,7.304907444804037,0,0,0,0,0,0,1.0,1.0,0.2,0.2
18,700,1,odam,fpn,0.12532590329647064,0.12158144265413284,-0.11289121313923368,0.22413775324821472,0.3848588466644287,0.3848588466644287,1.7170639086322426,0.3434127817264485,0.9612316800886295,0.9423859410657628,19.54381619502539,1,1,0,0,0,0,1.0,1.0,0.2,0.2
18,700,1,odam,rpn,0.12532590329647064,0.12158144265413284,0.0,0.10287514328956604,0.0,0.0,0.0,0.0,0.9999999479081055,0.9999999479081055,0.018493653150060126,0,0,0,0,0,0,1.0,1.0,0.2,0.2
18,700,1,odam,roi_shared,0.12532590329647064,0.12158144265413284,-0.08325405222779604,0.3417803645133972,0.09159305691719055,0.09159305691719055,0.26798806024914357,0.05359761204982871,0.9955378219275163,0.9985639246670178,3.0709887712391257,1,0,0,0,0,0,1.0,1.0,0.2,0.2
18,700,1,odam,roi_cls,0.12532590329647064,0.12158144265413284,0.0,0.06609869003295898,0.0,0.0,0.0,0.0,0.9999999853761812,0.9999999853761812,0.009798690260347902,0,0,0,0,0,0,1.0,1.0,0.2,0.2
18,700,1,odam,roi_reg,0.12532590329647064,0.12158144265413284,-0.4622694920812964,0.03973286598920822,0.05247492715716362,0.05247492715716362,1.3206932309241486,0.26413864618482974,0.8778966784550307,0.9662030244166424,14.938512428042023,1,1,0,0,0,0,1.0,1.0,0.2,0.2
19,0,1,odam,backbone,0.6965018510818481,0.5041511654853821,-0.38401672092116107,1.3427071571350098,0.9963957071304321,0.9963957071304321,0.7420796871720585,0.14841593743441173,0.9430056216432027,0.9896054777934077,8.268311030517896,1,0,0,0,0,0,1.0,1.0,0.2,0.2
19,0,1,odam,fpn,0.6965018510818481,0.5041511654853821,-0.3068365858562204,1.0149269104003906,0.5912846326828003,0.5912846326828003,0.5825883880145983,0.11651767760291967,0.9642480224168467,0.9934512985491154,6.560735308864838,1,0,0,0,0,0,1.0,1.0,0.2,0.2
19,0,1,odam,rpn,0.6965018510818481,0.5041511654853821,0.0,0.5087811350822449,0.0,0.0,0.0,0.0,0.9999999624299557,0.9999999624299557,0.015705742947305826,0,0,0,0,0,0,1.0,1.0,0.2,0.2
19,0,1,odam,roi_shared,0.6965018510818481,0.5041511654853821,-0.07462276241569939,1.50715970993042,0.35790058970451355,0.35790058970451355,0.23746693024393314,0.04749338604878663,0.9964559385933031,0.9988723412046308,2.7212428804962334,1,0,0,0,0,0,1.0,1.0,0.2,0.2
19,0,1,odam,roi_cls,0.6965018510818481,0.5041511654853821,0.0,0.25117748975753784,0.0,0.0,0.0,0.0,0.9999999893146826,0.9999999893146826,0.008375897313545185,0,0,0,0,0,0,1.0,1.0,0.2,0.2
19,0,1,odam,roi_reg,0.6965018510818481,0.5041511654853821,0.11133319317483444,0.1668054461479187,0.23356439173221588,0.23356439173221588,1.400220419212794,0.28004408384255886,1.0311782365973374,0.9654561859364683,15.103616504082696,0,1,0,0,0,0,1.0,1.0,0.2,0.2
19,100,1,odam,backbone,0.1160360723733902,0.28552451729774475,-0.2523756739322085,1.038397192955017,1.4674088954925537,1.4674088954925537,1.4131479798367688,0.28262959596735376,0.9286710549698732,0.9592697157123151,16.40897908908897,1,1,0,0,0,0,1.0,1.0,0.2,0.2
19,100,1,odam,fpn,0.1160360723733902,0.28552451729774475,-0.1363235600326469,0.3610003590583801,1.2715433835983276,1.2715433835983276,3.522277337659647,0.7044554675319294,0.9039661156163986,0.7915561850861024,37.66882186059928,1,1,0,0,0,0,1.0,1.0,0.2,0.2
19,100,1,odam,rpn,0.1160360723733902,0.28552451729774475,0.0,0.07633101940155029,0.0,0.0,0.0,0.0,1.0000000488172902,1.0000000488172902,0.0,0,0,0,0,0,0,1.0,1.0,0.2,0.2
19,100,1,odam,roi_shared,0.1160360723733902,0.28552451729774475,-0.20132159886736753,0.36271199584007263,0.19591264426708221,0.19591264426708221,0.5401327954795965,0.10802655909591931,0.9782517781391117,0.9942006066258892,6.173607641781697,1,0,0,0,0,0,1.0,1.0,0.2,0.2
19,100,1,odam,roi_cls,0.1160360723733902,0.28552451729774475,0.0,0.04676859453320503,0.0,0.0,0.0,0.0,0.9999999863589233,0.9999999863589233,0.00946372160992474,0,0,0,0,0,0,1.0,1.0,0.2,0.2
19,100,1,odam,roi_reg,0.1160360723733902,0.28552451729774475,-0.48276411560642357,0.07816571742296219,0.05891616269946098,0.05891616269946098,0.7537340491696632,0.15074680983393265,0.9272247688574193,0.990015769222904,8.10320712972525,1,0,0,0,0,0,1.0,1.0,0.2,0.2
19,200,1,odam,backbone,0.2592211961746216,1.9323992729187012,0.04200751501485572,1.9001439809799194,2.2346949577331543,2.2346949577331543,1.1760661192530812,0.23521322385061624,1.0098808965730315,0.9739762395595226,13.099931169326677,0,1,0,0,0,0,1.0,1.0,0.2,0.2
19,200,1,odam,fpn,0.2592211961746216,1.9323992729187012,0.1705652371119023,1.1148794889450073,1.4927104711532593,1.4927104711532593,1.338898496164628,0.2677796992329256,1.045673826273227,0.9696083531962723,14.16187763809959,0,1,0,0,0,0,1.0,1.0,0.2,0.2
19,200,1,odam,rpn,0.2592211961746216,1.9323992729187012,0.0,0.2457164227962494,0.0,0.0,0.0,0.0,0.9999999672233636,0.9999999672233636,0.014669652396027596,0,0,0,0,0,0,1.0,1.0,0.2,0.2
19,200,1,odam,roi_shared,0.2592211961746216,1.9323992729187012,0.02823277303521584,1.8211873769760132,2.8019909858703613,2.8019909858703613,1.5385517280066598,0.307710345601332,1.0086874779764983,0.9565163798931295,16.95847906566,0,1,0,0,0,0,1.0,1.0,0.2,0.2
19,200,1,odam,roi_cls,0.2592211961746216,1.9323992729187012,0.0,0.46013692021369934,0.0,0.0,0.0,0.0,1.0000000453455165,1.0000000453455165,0.0,0,0,0,0,0,0,1.0,1.0,0.2,0.2
19,200,1,odam,roi_reg,0.2592211961746216,1.9323992729187012,-0.2338134847122111,0.057363443076610565,1.6232140064239502,1.6232140064239502,28.297011465230568,5.659402293046114,-0.32324449010259765,-0.05864358305082391,93.36195868712358,1,1,1,1,0,0,1.0,1.0,0.2,0.2
19,300,1,odam,backbone,0.06722547113895416,0.00010002159251598641,0.3742315783362331,0.4511849284172058,2.7827770643362726e-10,2.7827770643362726e-10,6.16770838090378e-10,1.2335416761807564e-10,1.0000000391942108,1.0000000391942108,0.0,0,0,0,0,0,0,1.0,1.0,0.2,0.2
19,300,1,odam,fpn,0.06722547113895416,0.00010002159251598641,0.32630205773685533,0.2598456144332886,1.95001556568819e-10,1.95001556568819e-10,7.504515979386779e-10,1.5009031958773559e-10,0.9999999397212904,0.9999999397212904,0.019893885119085044,0,0,0,0,0,0,1.0,1.0,0.2,0.2
19,300,1,odam,rpn,0.06722547113895416,0.00010002159251598641,0.0,0.26714709401130676,0.0,0.0,0.0,0.0,1.0000000963973472,1.0000000963973472,0.0,0,0,0,0,0,0,1.0,1.0,0.2,0.2
19,300,1,odam,roi_shared,0.06722547113895416,0.00010002159251598641,0.30758562702877024,0.16186556220054626,2.1988857956678487e-10,2.1988857956678487e-10,1.3584642500691403e-09,2.716928500138281e-10,0.9999999305700412,0.9999999305700412,0.02135064927391344,0,0,0,0,0,0,1.0,1.0,0.2,0.2
19,300,1,odam,roi_cls,0.06722547113895416,0.00010002159251598641,0.0,0.042166244238615036,0.0,0.0,0.0,0.0,1.0000000457677958,1.0000000457677958,0.0,0,0,0,0,0,0,1.0,1.0,0.2,0.2
19,300,1,odam,roi_reg,0.06722547113895416,0.00010002159251598641,0.9898395559454369,0.01751646026968956,7.134725449331469e-11,7.134725449331469e-11,4.073154815232494e-09,8.146309630464987e-10,0.9999999853692839,0.9999999853692839,0.009801000742774056,0,0,0,0,0,0,1.0,1.0,0.2,0.2
19,400,1,odam,backbone,0.014039026573300362,-0.0,0.0,0.1837482899427414,0.0,0.0,0.0,0.0,1.0000000201709045,1.0000000201709045,0.0,0,0,0,0,0,0,1.0,1.0,0.2,0.2
19,400,1,odam,fpn,0.014039026573300362,-0.0,0.0,0.14641211926937103,0.0,0.0,0.0,0.0,1.0000000035456582,1.0000000035456582,0.0,0,0,0,0,0,0,1.0,1.0,0.2,0.2
19,400,1,odam,rpn,0.014039026573300362,-0.0,0.0,0.06022696569561958,0.0,0.0,0.0,0.0,0.9999999523152726,0.9999999523152726,0.01769405137977253,0,0,0,0,0,0,1.0,1.0,0.2,0.2
19,400,1,odam,roi_shared,0.014039026573300362,-0.0,0.0,0.16046416759490967,0.0,0.0,0.0,0.0,0.9999999708853733,0.9999999708853733,0.013825894683817034,0,0,0,0,0,0,1.0,1.0,0.2,0.2
19,400,1,odam,roi_cls,0.014039026573300362,-0.0,0.0,0.04847591370344162,0.0,0.0,0.0,0.0,1.000000031932857,1.000000031932857,0.0,0,0,0,0,0,0,1.0,1.0,0.2,0.2
19,400,1,odam,roi_reg,0.014039026573300362,-0.0,0.0,0.0,0.0,0.0,0.0,0.0,0.0,0.0,90.0,0,0,0,1,0,0,1.0,1.0,0.2,0.2
19,500,1,odam,backbone,0.5761743783950806,0.3694916069507599,0.007892897519003832,1.6407145261764526,1.357405185699463,1.357405185699463,0.8273256340716271,0.16546512681432543,1.0013060912447516,0.9866205938311253,9.382994425337841,0,0,0,0,0,0,1.0,1.0,0.2,0.2
19,500,1,odam,fpn,0.5761743783950806,0.3694916069507599,-0.15131014788933012,0.9660779237747192,0.8439338207244873,0.8439338207244873,0.8735670280374662,0.17471340560749324,0.9735642411273552,0.9846281186708404,10.059098091698262,1,0,0,0,0,0,1.0,1.0,0.2,0.2
19,500,1,odam,rpn,0.5761743783950806,0.3694916069507599,0.0,0.5460837483406067,0.0,0.0,0.0,0.0,1.0000000054734606,1.0000000054734606,0.0,0,0,0,0,0,0,1.0,1.0,0.2,0.2
19,500,1,odam,roi_shared,0.5761743783950806,0.3694916069507599,-0.07357629065647966,1.4799107313156128,0.035115692764520645,0.035115692764520645,0.02372825064475575,0.004745650128951151,0.9996507512993261,0.9999887423262562,0.2718706758508994,1,0,0,0,0,0,1.0,1.0,0.2,0.2
19,500,1,odam,roi_cls,0.5761743783950806,0.3694916069507599,0.0,0.2559051811695099,0.0,0.0,0.0,0.0,1.0000000763982804,1.0000000763982804,0.0,0,0,0,0,0,0,1.0,1.0,0.2,0.2
19,500,1,odam,roi_reg,0.5761743783950806,0.3694916069507599,-0.2841250648015214,0.13836072385311127,0.01843731850385666,0.01843731850385666,0.13325543543289337,0.026651087086578675,0.9924277482128852,0.9996686791802403,1.4749387493415962,1,0,0,0,0,0,1.0,1.0,0.2,0.2
19,600,1,odam,backbone,0.15885458886623383,0.04230577498674393,0.15721351258056168,1.0741723775863647,0.22576147317886353,0.22576147317886353,0.21017248059025986,0.042034496118051975,1.0066083932791816,0.9991506984583477,2.3615618724166136,0,0,0,0,0,0,1.0,1.0,0.2,0.2
19,600,1,odam,fpn,0.15885458886623383,0.04230577498674393,0.20341565360783692,0.667525589466095,0.18974944949150085,0.18974944949150085,0.28425794079784655,0.05685158815956931,1.0115644862987987,0.9984894276369671,3.1496557004583385,0,0,0,0,0,0,1.0,1.0,0.2,0.2
19,600,1,odam,rpn,0.15885458886623383,0.04230577498674393,0.0,0.14904414117336273,0.0,0.0,0.0,0.0,0.99999998316718,0.99999998316718,0.010512743564588537,0,0,0,0,0,0,1.0,1.0,0.2,0.2
19,600,1,odam,roi_shared,0.15885458886623383,0.04230577498674393,0.017776178319055005,0.9920831322669983,0.08990674465894699,0.08990674465894699,0.09062420449937705,0.018124840899875413,1.0003222055240306,0.9998359953902823,1.0376994665218444,0,0,0,0,0,0,1.0,1.0,0.2,0.2
19,600,1,odam,roi_cls,0.15885458886623383,0.04230577498674393,0.0,0.2866209149360657,0.0,0.0,0.0,0.0,0.9999999780348698,0.9999999780348698,0.012008935758787686,0,0,0,0,0,0,1.0,1.0,0.2,0.2
19,600,1,odam,roi_reg,0.15885458886623383,0.04230577498674393,-0.23698940946579236,0.04952402785420418,0.05174991488456726,0.05174991488456726,1.0449455976584934,0.2089891195316987,0.9504718410925534,0.9779365165042454,12.058031806971162,1,1,0,0,0,0,1.0,1.0,0.2,0.2
19,700,1,odam,backbone,0.38358432054519653,1.6622974872589111,-0.6637671228998842,1.6005066633224487,5.4799909591674805,5.4799909591674805,3.4239101184319436,0.6847820236863889,0.545464230829374,0.7290017551384328,43.19722717799139,1,1,0,0,0,0,1.0,1.0,0.2,0.2
19,700,1,odam,fpn,0.38358432054519653,1.6622974872589111,-0.4190800328312864,0.9664502739906311,2.1434085369110107,2.1434085369110107,2.2178156441102,0.44356312882204,0.8141117046189217,0.8963230201100817,26.321123531849768,1,1,0,0,0,0,1.0,1.0,0.2,0.2
19,700,1,odam,rpn,0.38358432054519653,1.6622974872589111,0.0,0.22885145246982574,0.0,0.0,0.0,0.0,0.9999999482671728,0.9999999482671728,0.018429804949903997,0,0,0,0,0,0,1.0,1.0,0.2,0.2
19,700,1,odam,roi_shared,0.38358432054519653,1.6622974872589111,-0.2668068941827989,1.2634961605072021,2.5950698852539062,2.5950698852539062,2.053880309546943,0.4107760619093886,0.8904022600069489,0.9137540393027349,23.970600780597977,1,1,0,0,0,0,1.0,1.0,0.2,0.2
19,700,1,odam,roi_cls,0.38358432054519653,1.6622974872589111,0.0,0.24262619018554688,0.0,0.0,0.0,0.0,1.0000000215062184,1.0000000215062184,0.0,0,0,0,0,0,0,1.0,1.0,0.2,0.2
19,700,1,odam,roi_reg,0.38358432054519653,1.6622974872589111,-0.6550684016856458,0.20754382014274597,1.2636840343475342,1.2636840343475342,6.08875770658162,1.217751541316324,0.20228951656316435,0.21472852776247175,77.60039888189394,1,1,1,0,0,0,1.0,1.0,0.2,0.2
20,0,1,odam,backbone,0.2126007080078125,1.273661732673645,-0.12000661633126575,0.48383358120918274,2.1538286209106445,2.1538286209106445,4.451589770862657,0.8903179541725315,0.8931557823950216,0.7107864775959888,44.70105861597674,1,1,0,0,0,0,1.0,1.0,0.2,0.2
20,0,1,odam,fpn,0.2126007080078125,1.273661732673645,-0.09497252195684083,0.29080796241760254,1.5434848070144653,1.5434848070144653,5.307574091791919,1.061514818358384,0.8991853475634823,0.6480567586994422,49.60475046794035,1,1,1,0,0,0,1.0,1.0,0.2,0.2
20,0,1,odam,rpn,0.2126007080078125,1.273661732673645,0.0,0.14538797736167908,0.0,0.0,0.0,0.0,1.0000000063037804,1.0000000063037804,0.0,0,0,0,0,0,0,1.0,1.0,0.2,0.2
20,0,1,odam,roi_shared,0.2126007080078125,1.273661732673645,-0.08603568643496963,0.43146345019340515,1.7239187955856323,1.7239187955856323,3.9955152512058185,0.7991030502411638,0.9312487492082547,0.7600920990395934,40.52768219098623,1,1,0,0,0,0,1.0,1.0,0.2,0.2
20,0,1,odam,roi_cls,0.2126007080078125,1.273661732673645,0.0,0.05981539562344551,0.0,0.0,0.0,0.0,0.9999999829745752,0.9999999829745752,0.010572717054790251,0,0,0,0,0,0,1.0,1.0,0.2,0.2
20,0,1,odam,roi_reg,0.2126007080078125,1.273661732673645,-0.36911228952343283,0.04023611545562744,0.9484046697616577,0.9484046697616577,23.570979927412782,4.714195985482557,-0.7400676408188217,-0.16655559050264981,99.58761381611049,1,1,1,1,0,0,1.0,1.0,0.2,0.2
20,100,1,odam,backbone,0.3234212398529053,0.5670639872550964,0.31844047059453,1.539870262145996,1.2224621772766113,1.2224621772766113,0.7938734887788286,0.15877469775576575,1.0505601311899597,0.9898927094791432,8.153075791108275,0,0,0,0,0,0,1.0,1.0,0.2,0.2
20,100,1,odam,fpn,0.3234212398529053,0.5670639872550964,0.25658731636876453,0.6474509239196777,0.8064284324645996,0.8064284324645996,1.245543720259861,0.24910874405197223,1.0639183567204393,0.9753367755532983,12.751439458937327,0,1,0,0,0,0,1.0,1.0,0.2,0.2
20,100,1,odam,rpn,0.3234212398529053,0.5670639872550964,0.0,0.25397878885269165,0.0,0.0,0.0,0.0,1.000000026711544,1.000000026711544,0.0,0,0,0,0,0,0,1.0,1.0,0.2,0.2
20,100,1,odam,roi_shared,0.3234212398529053,0.5670639872550964,-0.010324899250293467,0.6399440169334412,0.839408814907074,0.839408814907074,1.3116910115504348,0.262338202310087,0.9972914148858674,0.9671033899386514,14.737065640573814,1,1,0,0,0,0,1.0,1.0,0.2,0.2
20,100,1,odam,roi_cls,0.3234212398529053,0.5670639872550964,0.0,0.10912361741065979,0.0,0.0,0.0,0.0,0.9999999332720747,0.9999999332720747,0.02093107065213135,0,0,0,0,0,0,1.0,1.0,0.2,0.2
20,100,1,odam,roi_reg,0.3234212398529053,0.5670639872550964,0.10758949897569187,0.09441860020160675,0.3848777711391449,0.3848777711391449,4.076291856872872,0.8152583713745744,1.0877131466557322,0.8018569484106592,36.69220445983931,0,1,0,0,0,0,1.0,1.0,0.2,0.2
20,200,1,odam,backbone,0.134015291929245,0.15414737164974213,0.34294669305419395,0.5407910346984863,0.9599716067314148,0.9599716067314148,1.7751248544026608,0.35502497088053214,1.1217547207275282,0.9585364982727094,16.557042826539007,0,1,0,0,0,0,1.0,1.0,0.2,0.2
20,200,1,odam,fpn,0.134015291929245,0.15414737164974213,0.2913171836244111,0.28989261388778687,0.608126699924469,0.608126699924469,2.097765416540988,0.4195530833081976,1.1222229815645832,0.9415924862021533,19.679263250036293,0,1,0,0,0,0,1.0,1.0,0.2,0.2
20,200,1,odam,rpn,0.134015291929245,0.15414737164974213,0.0,0.15511205792427063,0.0,0.0,0.0,0.0,0.9999999844641365,0.9999999844641365,0.010099626867575703,0,0,0,0,0,0,1.0,1.0,0.2,0.2
20,200,1,odam,roi_shared,0.134015291929245,0.15414737164974213,0.20657261147129405,0.42389488220214844,0.399053156375885,0.399053156375885,0.9413964950527126,0.18827929901054255,1.0388932304596397,0.9846397672468058,10.055276238084403,0,0,0,0,0,0,1.0,1.0,0.2,0.2
20,200,1,odam,roi_cls,0.134015291929245,0.15414737164974213,0.0,0.060021910816431046,0.0,0.0,0.0,0.0,0.9999999950660069,0.9999999950660069,0.00569163314043959,0,0,0,0,0,0,1.0,1.0,0.2,0.2
20,200,1,odam,roi_reg,0.134015291929245,0.15414737164974213,0.1592137971461973,0.0626017227768898,0.13849030435085297,0.13849030435085297,2.2122442994808185,0.44244885989616367,1.0704441862776768,0.9258813702852322,22.198364433256693,0,1,0,0,0,0,1.0,1.0,0.2,0.2
20,300,1,odam,backbone,0.09046454727649689,0.07684297114610672,-0.20180191812716533,0.6296945810317993,1.2324942350387573,1.2324942350387573,1.9572889336592796,0.39145778673185594,0.9210032474669607,0.923200590503229,22.601435217870463,1,1,0,0,0,0,1.0,1.0,0.2,0.2
20,300,1,odam,fpn,0.09046454727649689,0.07684297114610672,-0.043732168223991744,0.3095957934856415,0.8338924050331116,0.8338924050331116,2.6934875168831582,0.5386975033766317,0.9764416330621593,0.8757841055686165,28.862089483808703,1,1,0,0,0,0,1.0,1.0,0.2,0.2
20,300,1,odam,rpn,0.09046454727649689,0.07684297114610672,0.0,0.12547926604747772,0.0,0.0,0.0,0.0,0.9999999624903667,0.9999999624903667,0.01569311078883038,0,0,0,0,0,0,1.0,1.0,0.2,0.2
20,300,1,odam,roi_shared,0.09046454727649689,0.07684297114610672,-0.07497081762639471,0.4168548583984375,0.4227713346481323,0.4227713346481323,1.0141931325268128,0.2028386265053626,0.9847931035222472,0.9795519546561829,11.606635862834631,1,1,0,0,0,0,1.0,1.0,0.2,0.2
20,300,1,odam,roi_cls,0.09046454727649689,0.07684297114610672,0.0,0.08490447700023651,0.0,0.0,0.0,0.0,1.0000000543758645,1.0000000543758645,0.0,0,0,0,0,0,0,1.0,1.0,0.2,0.2
20,300,1,odam,roi_reg,0.09046454727649689,0.07684297114610672,-0.5872235888077827,0.04299457371234894,0.16961410641670227,0.16961410641670227,3.9450119345638623,0.7890023869127725,0.5366791786980024,0.6433489260158846,49.958003803869815,1,1,0,0,0,0,1.0,1.0,0.2,0.2
20,400,1,odam,backbone,0.24532726407051086,1.2440857887268066,-0.4242829149181383,0.8180358409881592,3.251615524291992,3.251615524291992,3.97490594099661,0.7949811881993221,0.6627032292346307,0.6772859580138327,47.36807945409034,1,1,0,0,0,0,1.0,1.0,0.2,0.2
20,400,1,odam,fpn,0.24532726407051086,1.2440857887268066,-0.2936025421441057,0.33176687359809875,1.5827473402023315,1.5827473402023315,4.770661166490258,0.9541322332980516,0.7198642839262223,0.6195382806772405,51.717574882623644,1,1,0,0,0,0,1.0,1.0,0.2,0.2
20,400,1,odam,rpn,0.24532726407051086,1.2440857887268066,0.0,0.18131932616233826,0.0,0.0,0.0,0.0,1.0000000645722744,1.0000000645722744,0.0,0,0,0,0,0,0,1.0,1.0,0.2,0.2
20,400,1,odam,roi_shared,0.24532726407051086,1.2440857887268066,-0.3700937484634946,0.43419981002807617,2.2337701320648193,2.2337701320648193,5.144567271736898,1.0289134543473797,0.6192055549579754,0.5436913644561151,57.06471865067187,1,1,1,0,0,0,1.0,1.0,0.2,0.2
20,400,1,odam,roi_cls,0.24532726407051086,1.2440857887268066,0.0,0.05935900658369064,0.0,0.0,0.0,0.0,1.0000000357749932,1.0000000357749932,0.0,0,0,0,0,0,0,1.0,1.0,0.2,0.2
20,400,1,odam,roi_reg,0.24532726407051086,1.2440857887268066,-0.736658370943123,0.09794875979423523,1.4015206098556519,1.4015206098556519,14.308712155211365,2.861742431042273,-1.1081267135428852,-0.49689699158959005,119.79491808307083,1,1,1,1,0,0,1.0,1.0,0.2,0.2
20,500,1,odam,backbone,0.13780857622623444,3.6777615547180176,-0.2261774136265322,0.514404296875,4.571784973144531,4.571784973144531,8.887532629330803,1.7775065258661604,0.5979682951645576,0.3264387685729664,70.94723484774336,1,1,1,0,0,0,1.0,1.0,0.2,0.2
20,500,1,odam,fpn,0.13780857622623444,3.6777615547180176,-0.09513419173202106,0.27911531925201416,2.1752471923828125,2.1752471923828125,7.793363682839545,1.5586727365679092,0.8517170044267078,0.48119645757262647,61.23642626488126,1,1,1,0,0,0,1.0,1.0,0.2,0.2
20,500,1,odam,rpn,0.13780857622623444,3.6777615547180176,0.0,0.2153363674879074,0.0,0.0,0.0,0.0,1.0000000563965437,1.0000000563965437,0.0,0,0,0,0,0,0,1.0,1.0,0.2,0.2
20,500,1,odam,roi_shared,0.13780857622623444,3.6777615547180176,-0.26213658560790615,0.26244398951530457,5.447078227996826,5.447078227996826,20.75520280748962,4.151040561497925,-0.0881395252575406,-0.02199720248048995,91.26044852749094,1,1,1,1,0,0,1.0,1.0,0.2,0.2
20,500,1,odam,roi_cls,0.13780857622623444,3.6777615547180176,0.0,0.05597209557890892,0.0,0.0,0.0,0.0,0.9999999447033758,0.9999999447033758,0.01905403425143723,0,0,0,0,0,0,1.0,1.0,0.2,0.2
20,500,1,odam,roi_reg,0.13780857622623444,3.6777615547180176,-0.5398278089720238,0.04860112443566322,3.6381337642669678,3.6381337642669678,74.85698749795439,14.97139749959088,-7.081976786236958,-0.4898954328632019,119.33370891300474,1,1,1,1,0,0,1.0,1.0,0.2,0.2
20,600,1,odam,backbone,0.5472824573516846,1.0086493492126465,-0.21441092132387166,2.4049160480499268,1.0957045555114746,1.0957045555114746,0.4556103138818289,0.09112206277636578,0.9804627612203374,0.9959054456992437,5.186677510918091,1,0,0,0,0,0,1.0,1.0,0.2,0.2
20,600,1,odam,fpn,0.5472824573516846,1.0086493492126465,-0.2504014234457652,1.2891560792922974,0.706648051738739,0.706648051738739,0.5481477868270727,0.10962955736541453,0.9725485434932839,0.9940976013034889,6.228245855435174,1,0,0,0,0,0,1.0,1.0,0.2,0.2
20,600,1,odam,rpn,0.5472824573516846,1.0086493492126465,0.0,0.22825400531291962,0.0,0.0,0.0,0.0,1.0000000012582795,1.0000000012582795,0.0,0,0,0,0,0,0,1.0,1.0,0.2,0.2
20,600,1,odam,roi_shared,0.5472824573516846,1.0086493492126465,-0.10201803487007713,1.4662501811981201,1.0145334005355835,1.0145334005355835,0.6919238023258594,0.13838476046517187,0.985882175718525,0.9903913485944772,7.949086301464238,1,0,0,0,0,0,1.0,1.0,0.2,0.2
20,600,1,odam,roi_cls,0.5472824573516846,1.0086493492126465,0.0,0.24182428419589996,0.0,0.0,0.0,0.0,0.9999999457860899,0.9999999457860899,0.018866572029447592,0,0,0,0,0,0,1.0,1.0,0.2,0.2
20,600,1,odam,roi_reg,0.5472824573516846,1.0086493492126465,-0.40692573913216945,0.11948039382696152,0.3212735056877136,0.3212735056877136,2.68892238632056,0.5377844772641119,0.781161701421607,0.8465245864639808,32.16434749498983,1,1,0,0,0,0,1.0,1.0,0.2,0.2
20,700,1,odam,backbone,0.15348093211650848,0.43570101261138916,0.4224151143599847,0.9474188685417175,2.1440176963806152,2.1440176963806152,2.2630092850913157,0.45260185701826317,1.1911860621580894,0.9454987952028853,19.003480786579466,0,1,0,0,0,0,1.0,1.0,0.2,0.2
20,700,1,odam,fpn,0.15348093211650848,0.43570101261138916,0.13783389051540498,0.3283478617668152,1.645210862159729,1.645210862159729,5.010572791024047,1.0021145582048094,1.1381253471771176,0.7536618941265014,41.0914140003279,0,1,1,0,0,0,1.0,1.0,0.2,0.2
20,700,1,odam,rpn,0.15348093211650848,0.43570101261138916,0.0,0.18254020810127258,0.0,0.0,0.0,0.0,1.000000068469053,1.000000068469053,0.0,0,0,0,0,0,0,1.0,1.0,0.2,0.2
20,700,1,odam,roi_shared,0.15348093211650848,0.43570101261138916,0.24115983795309567,0.43827885389328003,0.07693632692098618,0.07693632692098618,0.17554195516747428,0.035108391033494855,1.008466621670398,0.9994296727099254,1.9351754673297983,0,0,0,0,0,0,1.0,1.0,0.2,0.2
20,700,1,odam,roi_cls,0.15348093211650848,0.43570101261138916,0.0,0.05417671427130699,0.0,0.0,0.0,0.0,1.0000000146104049,1.0000000146104049,0.0,0,0,0,0,0,0,1.0,1.0,0.2,0.2
20,700,1,odam,roi_reg,0.15348093211650848,0.43570101261138916,0.03651407800967313,0.058914560824632645,0.025167573243379593,0.025167573243379593,0.4271876577047627,0.08543753154095254,1.0031196748715776,0.9963973076838967,4.864987053337218,0,0,0,0,0,0,1.0,1.0,0.2,0.2
21,0,1,odam,backbone,0.15182140469551086,0.7925087213516235,-0.3831906049043626,0.7381322383880615,7.488236904144287,7.488236904144287,10.14484466969923,2.0289689339398462,0.22251818423528236,0.11790542036383125,83.22876619473932,1,1,1,0,0,0,1.0,1.0,0.2,0.2
21,0,1,odam,fpn,0.15182140469551086,0.7925087213516235,-0.2979858459078302,0.3985527753829956,3.374021053314209,3.374021053314209,8.465681991730932,1.6931363983461865,0.49546933529021925,0.2930976281770418,72.9565021700785,1,1,1,0,0,0,1.0,1.0,0.2,0.2
21,0,1,odam,rpn,0.15182140469551086,0.7925087213516235,0.0,0.1455899327993393,0.0,0.0,0.0,0.0,1.0000000072589708,1.0000000072589708,0.0,0,0,0,0,0,0,1.0,1.0,0.2,0.2
21,0,1,odam,roi_shared,0.15182140469551086,0.7925087213516235,-0.1921616375020631,0.5110762715339661,3.229597330093384,3.229597330093384,6.3192081299331955,1.2638416259866392,0.7571380454583615,0.5210412676011753,58.597876381728476,1,1,1,0,0,0,1.0,1.0,0.2,0.2
21,0,1,odam,roi_cls,0.15182140469551086,0.7925087213516235,0.0,0.10431055724620819,0.0,0.0,0.0,0.0,1.0000000467764134,1.0000000467764134,0.0,0,0,0,0,0,0,1.0,1.0,0.2,0.2
21,0,1,odam,roi_reg,0.15182140469551086,0.7925087213516235,-0.3905470040046642,0.059760287404060364,0.9541388750076294,0.9541388750076294,15.966102514808208,3.193220502961642,-0.2471026635508205,-0.0837638466376748,94.80494498704914,1,1,1,1,0,0,1.0,1.0,0.2,0.2
21,100,1,odam,backbone,0.22186660766601562,0.3575184643268585,-0.28778785948666136,0.5918049216270447,2.0834035873413086,2.0834035873413086,3.5204228812653726,0.7040845762530745,0.7973729922253104,0.7635763651061143,40.21949509680384,1,1,0,0,0,0,1.0,1.0,0.2,0.2
21,100,1,odam,fpn,0.22186660766601562,0.3575184643268585,-0.12045536500707126,0.34021323919296265,1.1378469467163086,1.1378469467163086,3.3445110760987844,0.6689022152197569,0.9194272047700823,0.8106788332244058,35.83769162591213,1,1,0,0,0,0,1.0,1.0,0.2,0.2
21,100,1,odam,rpn,0.22186660766601562,0.3575184643268585,0.0,0.15185204148292542,0.0,0.0,0.0,0.0,0.9999999048298105,0.9999999048298105,0.024997012117476312,0,0,0,0,0,0,1.0,1.0,0.2,0.2
21,100,1,odam,roi_shared,0.22186660766601562,0.3575184643268585,-0.1238078526613076,0.5176984667778015,0.7615925073623657,0.7615925073623657,1.471112155503533,0.2942224311007066,0.9635728723294024,0.957033494195985,16.856602841240765,1,1,0,0,0,0,1.0,1.0,0.2,0.2
21,100,1,odam,roi_cls,0.22186660766601562,0.3575184643268585,0.0,0.06827501207590103,0.0,0.0,0.0,0.0,0.9999999778868766,0.9999999778868766,0.012049323825539216,0,0,0,0,0,0,1.0,1.0,0.2,0.2
21,100,1,odam,roi_reg,0.22186660766601562,0.3575184643268585,-0.3980623181376193,0.06945280730724335,0.3182741701602936,0.3182741701602936,4.582596190134135,0.9165192380268271,0.6351682715122406,0.6027816051852283,52.930623718460886,1,1,0,0,0,0,1.0,1.0,0.2,0.2
21,200,1,odam,backbone,0.3782413601875305,2.2453670501708984,-0.28791302718605694,1.4174423217773438,2.157238006591797,2.157238006591797,1.521922954781551,0.3043845909563102,0.9123634959227509,0.9525634747085067,17.718460256857202,1,1,0,0,0,0,1.0,1.0,0.2,0.2
21,200,1,odam,fpn,0.3782413601875305,2.2453670501708984,-0.28194354895832874,0.755982518196106,1.481823444366455,1.481823444366455,1.9601292473036553,0.3920258494607311,0.8894708026159241,0.921038865789566,22.921567347937227,1,1,0,0,0,0,1.0,1.0,0.2,0.2
21,200,1,odam,rpn,0.3782413601875305,2.2453670501708984,0.0,0.34063562750816345,0.0,0.0,0.0,0.0,0.9999999312839293,0.9999999312839293,0.02124060055172805,0,0,0,0,0,0,1.0,1.0,0.2,0.2
21,200,1,odam,roi_shared,0.3782413601875305,2.2453670501708984,-0.09630033558395265,0.9470802545547485,2.321366786956787,2.321366786956787,2.4510771666843936,0.4902154333368787,0.9527920936261378,0.8900731170366692,27.11756382730563,1,1,0,0,0,0,1.0,1.0,0.2,0.2
21,200,1,odam,roi_cls,0.3782413601875305,2.2453670501708984,0.0,0.18998931348323822,0.0,0.0,0.0,0.0,1.0000000093859218,1.0000000093859218,0.0,0,0,0,0,0,0,1.0,1.0,0.2,0.2
21,200,1,odam,roi_reg,0.3782413601875305,2.2453670501708984,-0.08342639207819671,0.12383057177066803,1.5836347341537476,1.5836347341537476,12.788721811659,2.5577443623318,0.7866165304200067,0.29489456831910743,72.8487846637076,1,1,1,0,0,0,1.0,1.0,0.2,0.2
21,300,1,odam,backbone,0.11766744405031204,1.2912940979003906,-0.04146749836753625,0.49546167254447937,1.5573583841323853,1.5573583841323853,3.143246936003058,0.6286493872006117,0.9739314520850624,0.8403886929975984,32.818812572145475,1,1,0,0,0,0,1.0,1.0,0.2,0.2
21,300,1,odam,fpn,0.11766744405031204,1.2912940979003906,-0.03184860369311672,0.231074258685112,1.197879672050476,1.197879672050476,5.183959818228143,1.0367919636456286,0.966979504987777,0.6822419577380991,46.98091308329616,1,1,1,0,0,0,1.0,1.0,0.2,0.2
21,300,1,odam,rpn,0.11766744405031204,1.2912940979003906,0.0,0.10202176868915558,0.0,0.0,0.0,0.0,1.0000000239867766,1.0000000239867766,0.0,0,0,0,0,0,0,1.0,1.0,0.2,0.2
21,300,1,odam,roi_shared,0.11766744405031204,1.2912940979003906,-0.05038896191811516,0.4026806354522705,2.7437026500701904,2.7437026500701904,6.813594716290746,1.3627189432581492,0.931334164085915,0.5647384331864816,55.6158703843758,1,1,1,0,0,0,1.0,1.0,0.2,0.2
21,300,1,odam,roi_cls,0.11766744405031204,1.2912940979003906,0.0,0.060384608805179596,0.0,0.0,0.0,0.0,0.9999999704449137,0.9999999704449137,0.013930084375274345,0,0,0,0,0,0,1.0,1.0,0.2,0.2
21,300,1,odam,roi_reg,0.11766744405031204,1.2912940979003906,0.10588053463812395,0.04510832205414772,1.7696475982666016,1.7696475982666016,39.23106685596349,7.846213371192698,1.8307612504561708,0.22844466458181392,76.79448006930978,0,1,1,0,0,0,1.0,1.0,0.2,0.2
21,400,1,odam,backbone,0.36848995089530945,0.5159619450569153,-0.5148210647585706,1.1654117107391357,3.073622465133667,3.073622465133667,2.6373704990353084,0.5274740998070617,0.7284451618202176,0.8496068250666977,31.831068767339207,1,1,0,0,0,0,1.0,1.0,0.2,0.2
21,400,1,odam,fpn,0.36848995089530945,0.5159619450569153,-0.2540824016089202,0.5280858874320984,1.2215638160705566,1.2215638160705566,2.3131915567950605,0.46263831135901207,0.8824517885763752,0.8918943934018156,26.887730697510662,1,1,0,0,0,0,1.0,1.0,0.2,0.2
21,400,1,odam,rpn,0.36848995089530945,0.5159619450569153,0.0,0.6270280480384827,0.0,0.0,0.0,0.0,0.9999999614422699,0.9999999614422699,0.015910849260356928,0,0,0,0,0,0,1.0,1.0,0.2,0.2
21,400,1,odam,roi_shared,0.36848995089530945,0.5159619450569153,-0.1687771584068692,0.7020784616470337,1.2513238191604614,1.2513238191604614,1.7823133560099982,0.35646267120199965,0.9398372629118277,0.9366858773577159,20.49776043586298,1,1,0,0,0,0,1.0,1.0,0.2,0.2
21,400,1,odam,roi_cls,0.36848995089530945,0.5159619450569153,0.0,0.10317930579185486,0.0,0.0,0.0,0.0,0.9999999714292881,0.9999999714292881,0.013696139231234241,0,0,0,0,0,0,1.0,1.0,0.2,0.2
21,400,1,odam,roi_reg,0.36848995089530945,0.5159619450569153,-0.21155250465763537,0.11977458745241165,0.4829651713371277,0.4829651713371277,4.03228415651206,0.8064568313024121,0.8293920859925874,0.7248765989597291,43.54141671020664,1,1,0,0,0,0,1.0,1.0,0.2,0.2
21,500,1,odam,backbone,0.03823816776275635,-0.0,0.0,0.6310651898384094,0.0,0.0,0.0,0.0,0.9999999363125195,0.9999999363125195,0.020448651185777884,0,0,0,0,0,0,1.0,1.0,0.2,0.2
21,500,1,odam,fpn,0.03823816776275635,-0.0,0.0,0.31208547949790955,0.0,0.0,0.0,0.0,1.0000000334854848,1.0000000334854848,0.0,0,0,0,0,0,0,1.0,1.0,0.2,0.2
21,500,1,odam,rpn,0.03823816776275635,-0.0,0.0,0.1899658441543579,0.0,0.0,0.0,0.0,0.9999999802248439,0.9999999802248439,0.01139456081884382,0,0,0,0,0,0,1.0,1.0,0.2,0.2
21,500,1,odam,roi_shared,0.03823816776275635,-0.0,0.0,0.31807777285575867,0.0,0.0,0.0,0.0,1.0000000573256274,1.0000000573256274,0.0,0,0,0,0,0,0,1.0,1.0,0.2,0.2
21,500,1,odam,roi_cls,0.03823816776275635,-0.0,0.0,0.07174625247716904,0.0,0.0,0.0,0.0,0.9999999804122768,0.9999999804122768,0.011340432300642503,0,0,0,0,0,0,1.0,1.0,0.2,0.2
21,500,1,odam,roi_reg,0.03823816776275635,-0.0,0.0,0.0,0.0,0.0,0.0,0.0,0.0,0.0,90.0,0,0,0,1,0,0,1.0,1.0,0.2,0.2
21,600,1,odam,backbone,0.31099992990493774,1.3881230354309082,-0.5201717798140502,1.7626633644104004,4.47525691986084,4.47525691986084,2.5389175325362165,0.5077835065072434,0.7358652574275844,0.8615161198561704,30.512758689756048,1,1,0,0,0,0,1.0,1.0,0.2,0.2
21,600,1,odam,fpn,0.31099992990493774,1.3881230354309082,-0.3289943112592525,0.7402856349945068,1.9710623025894165,1.9710623025894165,2.6625699722027463,0.5325139944405494,0.8248058873996451,0.8538240328605546,31.369939178491883,1,1,0,0,0,0,1.0,1.0,0.2,0.2
21,600,1,odam,rpn,0.31099992990493774,1.3881230354309082,0.0,0.352001816034317,0.0,0.0,0.0,0.0,0.99999994189332,0.99999994189332,0.019532177554253297,0,0,0,0,0,0,1.0,1.0,0.2,0.2
21,600,1,odam,roi_shared,0.31099992990493774,1.3881230354309082,-0.14439139022894815,0.7857590317726135,2.6883602142333984,2.6883602142333984,3.421354519042128,0.6842709038084256,0.9011973306264699,0.7994878803648457,36.918773678881905,1,1,0,0,0,0,1.0,1.0,0.2,0.2
21,600,1,odam,roi_cls,0.31099992990493774,1.3881230354309082,0.0,0.10792873054742813,0.0,0.0,0.0,0.0,0.9999999447729181,0.9999999447729181,0.019042049093928443,0,0,0,0,0,0,1.0,1.0,0.2,0.2
21,600,1,odam,roi_reg,0.31099992990493774,1.3881230354309082,-0.0989203973511333,0.08479064702987671,1.0913145542144775,1.0913145542144775,12.870694969811275,2.574138993962255,0.7453651916295418,0.27939781031868255,73.77573255603183,1,1,1,0,0,0,1.0,1.0,0.2,0.2
21,700,1,odam,backbone,0.09160128235816956,0.20906150341033936,0.15296764445126898,0.5741832256317139,1.7478463649749756,1.7478463649749756,3.044056821848118,0.6088113643696236,1.093128548359985,0.8760717874020244,28.827923803053654,0,1,0,0,0,0,1.0,1.0,0.2,0.2
21,700,1,odam,fpn,0.09160128235816956,0.20906150341033936,0.23356129058593286,0.2529757618904114,1.1611906290054321,1.1611906290054321,4.590126027601244,0.9180252055202488,1.2144151844712858,0.8057516213457887,36.31709399309664,0,1,0,0,0,0,1.0,1.0,0.2,0.2
21,700,1,odam,rpn,0.09160128235816956,0.20906150341033936,0.0,0.16448663175106049,0.0,0.0,0.0,0.0,1.0000000033392142,1.0000000033392142,0.0,0,0,0,0,0,0,1.0,1.0,0.2,0.2
21,700,1,odam,roi_shared,0.09160128235816956,0.20906150341033936,0.044813672100927945,0.374553382396698,0.4207219183444977,0.4207219183444977,1.1232628995428522,0.22465257990857043,1.0100674932686153,0.9761937287296113,12.527046287743827,0,1,0,0,0,0,1.0,1.0,0.2,0.2
21,700,1,odam,roi_cls,0.09160128235816956,0.20906150341033936,0.0,0.08375302702188492,0.0,0.0,0.0,0.0,0.9999999751138328,0.9999999751138328,0.012782524646986182,0,0,0,0,0,0,1.0,1.0,0.2,0.2
21,700,1,odam,roi_reg,0.09160128235816956,0.20906150341033936,0.16357833233358576,0.04939688742160797,0.1986691653728485,0.1986691653728485,4.021896434023969,0.8043792868047938,1.1315790574192652,0.8187423401792505,35.04090537146236,0,1,0,0,0,0,1.0,1.0,0.2,0.2
22,0,1,odam,backbone,0.22737562656402588,1.3664602041244507,-0.5899319191697229,0.9617764353752136,4.635822772979736,4.635822772979736,4.82006275311911,0.9640125506238221,0.43129820021980253,0.4846609304477811,61.009740115062215,1,1,0,0,0,0,1.0,1.0,0.2,0.2
22,0,1,odam,fpn,0.22737562656402588,1.3664602041244507,-0.28855896483890375,0.5828707218170166,1.6582914590835571,1.6582914590835571,2.845041613883211,0.5690083227766423,0.8358076211911807,0.8377427753152845,33.09747573098803,1,1,0,0,0,0,1.0,1.0,0.2,0.2
22,0,1,odam,rpn,0.22737562656402588,1.3664602041244507,0.0,0.28229400515556335,0.0,0.0,0.0,0.0,1.0000000897381924,1.0000000897381924,0.0,0,0,0,0,0,0,1.0,1.0,0.2,0.2
22,0,1,odam,roi_shared,0.22737562656402588,1.3664602041244507,-0.14134465971963775,0.4941331744194031,2.550788164138794,2.550788164138794,5.162147162323033,1.0324294324646066,0.8540716093328408,0.6412256451430373,50.116726399724335,1,1,1,0,0,0,1.0,1.0,0.2,0.2
22,0,1,odam,roi_cls,0.22737562656402588,1.3664602041244507,0.0,0.08990979939699173,0.0,0.0,0.0,0.0,0.9999999859763986,0.9999999859763986,0.009595495589578517,0,0,0,0,0,0,1.0,1.0,0.2,0.2
22,0,1,odam,roi_reg,0.22737562656402588,1.3664602041244507,-0.24297199144307077,0.13307201862335205,1.2549734115600586,1.2549734115600586,9.430783605320844,1.8861567210641688,0.5417167917792104,0.283896948888419,73.50707479858313,1,1,1,0,0,0,1.0,1.0,0.2,0.2
22,100,1,odam,backbone,0.5021512508392334,0.49918755888938904,-0.5310593000031951,1.4939494132995605,1.4000617265701294,1.4000617265701294,0.9371547082561054,0.1874309416512211,0.9004630604778182,0.9848001819147003,10.00249779940699,1,0,0,0,0,0,1.0,1.0,0.2,0.2
22,100,1,odam,fpn,0.5021512508392334,0.49918755888938904,-0.3838277626693266,0.8072608709335327,0.7183681130409241,0.7183681130409241,0.88988347993405,0.17797669598680999,0.9316876524574154,0.9847964289445936,10.003735722164452,1,0,0,0,0,0,1.0,1.0,0.2,0.2
22,100,1,odam,rpn,0.5021512508392334,0.49918755888938904,0.0,0.37451332807540894,0.0,0.0,0.0,0.0,1.0000000111864702,1.0000000111864702,0.0,0,0,0,0,0,0,1.0,1.0,0.2,0.2
22,100,1,odam,roi_shared,0.5021512508392334,0.49918755888938904,-0.007644033940430444,1.0548824071884155,0.2995480000972748,0.2995480000972748,0.2839634048838314,0.05679268097676629,0.9995657954857743,0.998389818205286,3.251871515644435,1,0,0,0,0,0,1.0,1.0,0.2,0.2
22,100,1,odam,roi_cls,0.5021512508392334,0.49918755888938904,0.0,0.17730280756950378,0.0,0.0,0.0,0.0,0.9999999226799905,0.9999999226799905,0.022531161597245965,0,0,0,0,0,0,1.0,1.0,0.2,0.2
22,100,1,odam,roi_reg,0.5021512508392334,0.49918755888938904,-0.12314738660761845,0.08328447490930557,0.13661348819732666,0.13661348819732666,1.6403235818691884,0.3280647163738377,0.9595998181740175,0.946982063369195,18.740740712944202,1,1,0,0,0,0,1.0,1.0,0.2,0.2
22,200,1,odam,backbone,0.06163252145051956,0.06642337143421173,-0.07508531872282877,0.6968637108802795,0.6730534434318542,0.6730534434318542,0.9658322465689193,0.19316644931378388,0.9854960695379208,0.9814290525889393,11.059336320773395,1,0,0,0,0,0,1.0,1.0,0.2,0.2
22,200,1,odam,fpn,0.06163252145051956,0.06642337143421173,0.09102991643739125,0.42689239978790283,0.5301792621612549,0.5301792621612549,1.2419505768307637,0.24839011536615274,1.022610958533965,0.9719690166392493,13.59804663314131,0,1,0,0,0,0,1.0,1.0,0.2,0.2
22,200,1,odam,rpn,0.06163252145051956,0.06642337143421173,0.0,0.10022523999214172,0.0,0.0,0.0,0.0,0.9999999412005139,0.9999999412005139,0.01964827361881953,0,0,0,0,0,0,1.0,1.0,0.2,0.2
22,200,1,odam,roi_shared,0.06163252145051956,0.06642337143421173,-0.012936134036298882,0.5002935528755188,0.12297116965055466,0.12297116965055466,0.24579802986418234,0.04915960597283647,0.9993639439934485,0.9987925276759216,2.815917536454895,1,0,0,0,0,0,1.0,1.0,0.2,0.2
22,200,1,odam,roi_cls,0.06163252145051956,0.06642337143421173,0.0,0.10581215471029282,0.0,0.0,0.0,0.0,0.9999999845754062,0.9999999845754062,0.010063394525042898,0,0,0,0,0,0,1.0,1.0,0.2,0.2
22,200,1,odam,roi_reg,0.06163252145051956,0.06642337143421173,-0.6234960932096086,0.017787978053092957,0.09987729787826538,0.09987729787826538,5.6148763833728035,1.1229752766745609,0.29982928432298445,0.3231766840738638,71.1448535178283,1,1,1,0,0,0,1.0,1.0,0.2,0.2
22,300,1,odam,backbone,1.1422208547592163,0.6720029711723328,-0.08969657464648619,6.660537242889404,0.7789725661277771,0.7789725661277771,0.11695341347417365,0.02339068269483473,0.9979020980895453,0.9997276825490851,1.3371656843948885,1,0,0,0,0,0,1.0,1.0,0.2,0.2
22,300,1,odam,fpn,1.1422208547592163,0.6720029711723328,-0.10284930025142587,3.7907798290252686,0.5130702257156372,0.5130702257156372,0.13534688081517096,0.027069376163034193,0.9972160032159835,0.9996357357705634,1.5465325932111338,1,0,0,0,0,0,1.0,1.0,0.2,0.2
22,300,1,odam,rpn,1.1422208547592163,0.6720029711723328,0.0,2.718557119369507,0.0,0.0,0.0,0.0,0.9999999606899936,0.9999999606899936,0.016065312903697466,0,0,0,0,0,0,1.0,1.0,0.2,0.2
22,300,1,odam,roi_shared,1.1422208547592163,0.6720029711723328,-0.06969185454682096,2.9886538982391357,0.3879121243953705,0.3879121243953705,0.1297949302941775,0.025958986058835502,0.9981908387654439,0.9996636199401335,1.4861578053507452,1,0,0,0,0,0,1.0,1.0,0.2,0.2
22,300,1,odam,roi_cls,1.1422208547592163,0.6720029711723328,0.0,0.5636687278747559,0.0,0.0,0.0,0.0,0.999999921880437,0.999999921880437,0.022647357503638645,0,0,0,0,0,0,1.0,1.0,0.2,0.2
22,300,1,odam,roi_reg,1.1422208547592163,0.6720029711723328,-0.16471148007660102,0.20106340944766998,0.2815569341182709,0.2815569341182709,1.4003390019681858,0.28006780039363716,0.9538696164666141,0.9605312634679997,16.151137458924627,1,1,0,0,0,0,1.0,1.0,0.2,0.2
22,400,1,odam,backbone,0.2231559306383133,1.456428050994873,0.4945931453635221,1.1494626998901367,3.6918785572052,3.6918785572052,3.211829803227249,0.6423659606454498,1.3177100949240532,0.9207657863735299,22.961707337776176,0,1,0,0,0,0,1.0,1.0,0.2,0.2
22,400,1,odam,fpn,0.2231559306383133,1.456428050994873,0.31255347364873515,0.6320955157279968,2.67197322845459,2.67197322845459,4.227166879007559,0.8454333758015119,1.2642431649773809,0.8440970816134165,32.42467568752724,0,1,0,0,0,0,1.0,1.0,0.2,0.2
22,400,1,odam,rpn,0.2231559306383133,1.456428050994873,0.0,0.4082167446613312,0.0,0.0,0.0,0.0,1.0000000708426455,1.0000000708426455,0.0,0,0,0,0,0,0,1.0,1.0,0.2,0.2
22,400,1,odam,roi_shared,0.2231559306383133,1.456428050994873,0.027039287338663908,0.6144598722457886,1.4248141050338745,1.4248141050338745,2.318807410199666,0.4637614820399331,1.0125397637168079,0.909231011056038,24.600701664523147,0,1,0,0,0,0,1.0,1.0,0.2,0.2
22,400,1,odam,roi_cls,0.2231559306383133,1.456428050994873,0.0,0.06283532828092575,0.0,0.0,0.0,0.0,1.0000000620461655,1.0000000620461655,0.0,0,0,0,0,0,0,1.0,1.0,0.2,0.2
22,400,1,odam,roi_reg,0.2231559306383133,1.456428050994873,0.13936566017925991,0.07317989319562912,0.7343699932098389,0.7343699932098389,10.03513343817918,2.0070266876358365,1.279710561083492,0.5413772158248412,57.22255880756023,0,1,1,0,0,0,1.0,1.0,0.2,0.2
22,500,1,odam,backbone,0.14736317098140717,2.0970616340637207,0.07542606827861155,0.5750211477279663,7.736170768737793,7.736170768737793,13.453715223005426,2.690743044601086,1.2029520122214332,0.4091105021432493,65.85102982276423,0,1,1,0,0,0,1.0,1.0,0.2,0.2
22,500,1,odam,fpn,0.14736317098140717,2.0970616340637207,0.11016346144239826,0.36446428298950195,3.656965494155884,3.656965494155884,10.03381034805328,2.006762069610656,1.2210717691256985,0.5221289527862466,58.524833913682905,0,1,1,0,0,0,1.0,1.0,0.2,0.2
22,500,1,odam,rpn,0.14736317098140717,2.0970616340637207,0.0,0.19958369433879852,0.0,0.0,0.0,0.0,0.9999999735655628,0.9999999735655628,0.01317415186372315,0,0,0,0,0,0,1.0,1.0,0.2,0.2
22,500,1,odam,roi_shared,0.14736317098140717,2.0970616340637207,0.007614148658751114,0.491791307926178,5.53085470199585,5.53085470199585,11.246344969614789,2.249268993922958,1.0171262024798198,0.41204317375702143,65.66675143845642,0,1,1,0,0,0,1.0,1.0,0.2,0.2
22,500,1,odam,roi_cls,0.14736317098140717,2.0970616340637207,0.0,0.08574505150318146,0.0,0.0,0.0,0.0,0.9999999977759642,0.9999999977759642,0.0038212770104467915,0,0,0,0,0,0,1.0,1.0,0.2,0.2
22,500,1,odam,roi_reg,0.14736317098140717,2.0970616340637207,0.16263473836007405,0.03319736197590828,2.8900108337402344,2.8900108337402344,87.05543638791389,17.41108727758278,3.8316476123034446,0.21768994873347713,77.42661129547868,0,1,1,0,0,0,1.0,1.0,0.2,0.2
22,600,1,odam,backbone,0.03346520662307739,-0.0,0.0,0.7087786793708801,0.0,0.0,0.0,0.0,1.000000083088962,1.000000083088962,0.0,0,0,0,0,0,0,1.0,1.0,0.2,0.2
22,600,1,odam,fpn,0.03346520662307739,-0.0,0.0,0.34456416964530945,0.0,0.0,0.0,0.0,0.9999999862439192,0.9999999862439192,0.009503530881044636,0,0,0,0,0,0,1.0,1.0,0.2,0.2
22,600,1,odam,rpn,0.03346520662307739,-0.0,0.0,0.09852395206689835,0.0,0.0,0.0,0.0,0.9999999289917475,0.9999999289917475,0.021591958918520768,0,0,0,0,0,0,1.0,1.0,0.2,0.2
22,600,1,odam,roi_shared,0.03346520662307739,-0.0,0.0,0.480562686920166,0.0,0.0,0.0,0.0,1.000000042445161,1.000000042445161,0.0,0,0,0,0,0,0,1.0,1.0,0.2,0.2
22,600,1,odam,roi_cls,0.03346520662307739,-0.0,0.0,0.12339051812887192,0.0,0.0,0.0,0.0,0.9999999721637202,0.9999999721637202,0.013518958290683194,0,0,0,0,0,0,1.0,1.0,0.2,0.2
22,600,1,odam,roi_reg,0.03346520662307739,-0.0,0.0,0.0,0.0,0.0,0.0,0.0,0.0,0.0,90.0,0,0,0,1,0,0,1.0,1.0,0.2,0.2
22,700,1,odam,backbone,0.45376861095428467,0.23241521418094635,0.26964757142698886,4.439875602722168,0.4223470091819763,0.4223470091819763,0.09512586544610117,0.019025173089220238,1.0051296663394522,0.9998335336067125,1.0454588421310445,0,0,0,0,0,0,1.0,1.0,0.2,0.2
22,700,1,odam,fpn,0.45376861095428467,0.23241521418094635,-0.06926674130053621,1.453931212425232,0.36663269996643066,0.36663269996643066,0.25216646897267475,0.050433293794534956,0.9965065653606816,0.9987279061539592,2.8903022130506817,1,0,0,0,0,0,1.0,1.0,0.2,0.2
22,700,1,odam,rpn,0.45376861095428467,0.23241521418094635,0.0,0.8537485003471375,0.0,0.0,0.0,0.0,1.0000000588012687,1.0000000588012687,0.0,0,0,0,0,0,0,1.0,1.0,0.2,0.2
22,700,1,odam,roi_shared,0.45376861095428467,0.23241521418094635,-0.09111624936989902,2.179980754852295,0.04725853353738785,0.04725853353738785,0.02167841777144031,0.0043356835542880615,0.9996050505758607,0.9999906760313685,0.24742203215094527,1,0,0,0,0,0,1.0,1.0,0.2,0.2
22,700,1,odam,roi_cls,0.45376861095428467,0.23241521418094635,0.0,0.33930063247680664,0.0,0.0,0.0,0.0,1.000000058821932,1.000000058821932,0.0,0,0,0,0,0,0,1.0,1.0,0.2,0.2
22,700,1,odam,roi_reg,0.45376861095428467,0.23241521418094635,0.27731283625848224,0.18740379810333252,0.02972331829369068,0.02972331829369068,0.1586057411563321,0.03172114823126642,1.0087966580565926,0.9995439002946048,1.7305495321712876,0,0,0,0,0,0,1.0,1.0,0.2,0.2
23,0,1,odam,backbone,0.2548253536224365,1.0505071878433228,-0.6697752487243434,1.2049092054367065,11.523181915283203,11.523181915283203,9.563527163116618,1.9127054326233233,-0.2810828388146107,-0.1941378123743245,101.19436139919094,1,1,1,1,0,0,1.0,1.0,0.2,0.2
23,0,1,odam,fpn,0.2548253536224365,1.0505071878433228,-0.4517793196341152,0.6521406769752502,3.6871068477630615,3.6871068477630615,5.653851964678156,1.1307703929356314,0.48914133921856773,0.43629453885601677,64.13230396156361,1,1,1,0,0,0,1.0,1.0,0.2,0.2
23,0,1,odam,rpn,0.2548253536224365,1.0505071878433228,0.0,0.2010696828365326,0.0,0.0,0.0,0.0,0.9999999346159792,0.9999999346159792,0.020719222034471872,0,0,0,0,0,0,1.0,1.0,0.2,0.2
23,0,1,odam,roi_shared,0.2548253536224365,1.0505071878433228,-0.29512654378778114,0.8098816275596619,3.829221725463867,3.829221725463867,4.728125191581505,0.945625038316301,0.7209210599993952,0.6237012097513125,51.4130769304779,1,1,0,0,0,0,1.0,1.0,0.2,0.2
23,0,1,odam,roi_cls,0.2548253536224365,1.0505071878433228,0.0,0.1247929111123085,0.0,0.0,0.0,0.0,0.9999999971124259,0.9999999971124259,0.0043541581261051995,0,0,0,0,0,0,1.0,1.0,0.2,0.2
23,0,1,odam,roi_reg,0.2548253536224365,1.0505071878433228,-0.24240544940844047,0.07825765013694763,1.483217716217041,1.483217716217041,18.953006046328657,3.790601209265731,0.08113750485959105,0.022057575215518283,88.73609153009976,1,1,1,0,0,0,1.0,1.0,0.2,0.2
23,100,1,odam,backbone,0.1960153430700302,0.6948950290679932,-0.6628671476159145,0.8460296392440796,12.058295249938965,12.058295249938965,14.252804737092841,2.8505609474185687,-0.8895430471063986,-0.3847048375777452,112.62541744379315,1,1,1,1,0,0,1.0,1.0,0.2,0.2
23,100,1,odam,fpn,0.1960153430700302,0.6948950290679932,-0.31927078350327925,0.4060288667678833,4.180561065673828,4.180561065673828,10.296216372378646,2.0592432744757296,0.34254370664748646,0.17288789787864026,80.04422981321588,1,1,1,0,0,0,1.0,1.0,0.2,0.2
23,100,1,odam,rpn,0.1960153430700302,0.6948950290679932,0.0,0.1930045187473297,0.0,0.0,0.0,0.0,1.0000000479090558,1.0000000479090558,0.0,0,0,0,0,0,0,1.0,1.0,0.2,0.2
23,100,1,odam,roi_shared,0.1960153430700302,0.6948950290679932,-0.19247030067714488,0.6375333666801453,3.2304065227508545,3.2304065227508545,5.067039141139684,1.0134078282279368,0.8049490020645105,0.6291556804456588,51.01214239446926,1,1,1,0,0,0,1.0,1.0,0.2,0.2
23,100,1,odam,roi_cls,0.1960153430700302,0.6948950290679932,0.0,0.10684389621019363,0.0,0.0,0.0,0.0,0.9999999459603576,0.9999999459603576,0.018836224829373298,0,0,0,0,0,0,1.0,1.0,0.2,0.2
23,100,1,odam,roi_reg,0.1960153430700302,0.6948950290679932,-0.6749727161067991,0.06480380147695541,1.0784679651260376,1.0784679651260376,16.642047851306174,3.3284095702612344,-1.2465855783349558,-0.4526268508256585,116.91234529057317,1,1,1,1,0,0,1.0,1.0,0.2,0.2
23,200,1,odam,backbone,0.13461321592330933,0.36825814843177795,0.4401294500504768,1.0779653787612915,3.4702563285827637,3.4702563285827637,3.2192651053139523,0.6438530210627905,1.283378512446131,0.9117571466648088,24.25068311617925,0,1,0,0,0,0,1.0,1.0,0.2,0.2
23,200,1,odam,fpn,0.13461321592330933,0.36825814843177795,0.09737623251795535,0.38181304931640625,2.043780565261841,2.043780565261841,5.352830577480268,1.0705661154960537,1.1042477731676021,0.7196267035712925,43.97633101065084,0,1,1,0,0,0,1.0,1.0,0.2,0.2
23,200,1,odam,rpn,0.13461321592330933,0.36825814843177795,0.0,0.23629307746887207,0.0,0.0,0.0,0.0,0.9999999613204171,0.9999999613204171,0.015935970700267046,0,0,0,0,0,0,1.0,1.0,0.2,0.2
23,200,1,odam,roi_shared,0.13461321592330933,0.36825814843177795,0.16385635827703357,0.5550752878189087,0.10821814835071564,0.10821814835071564,0.19496120747141138,0.03899224149428228,1.00638916215279,0.9992703697636648,2.188847231903752,0,0,0,0,0,0,1.0,1.0,0.2,0.2
23,200,1,odam,roi_cls,0.13461321592330933,0.36825814843177795,0.0,0.07153433561325073,0.0,0.0,0.0,0.0,0.9999999144369365,0.9999999144369365,0.023701770915532227,0,0,0,0,0,0,1.0,1.0,0.2,0.2
23,200,1,odam,roi_reg,0.13461321592330933,0.36825814843177795,0.17091038289813446,0.05877765640616417,0.05186488479375839,0.05186488479375839,0.8823911663874912,0.17647823327749826,1.0301619700029652,0.9860521843874364,9.580690551306452,0,0,0,0,0,0,1.0,1.0,0.2,0.2
23,300,1,odam,backbone,0.17178276181221008,0.3703848719596863,-0.21710474918069833,0.8719450831413269,1.6440932750701904,1.6440932750701904,1.8855468158006827,0.37710936316013655,0.9181275370904786,0.9281752319946421,21.847869550095805,1,1,0,0,0,0,1.0,1.0,0.2,0.2
23,300,1,odam,fpn,0.17178276181221008,0.3703848719596863,-0.23261380781096774,0.38663262128829956,1.0967135429382324,1.0967135429382324,2.83657788441097,0.5673155768821939,0.8680345405960717,0.8439396691435164,32.44149245181595,1,1,0,0,0,0,1.0,1.0,0.2,0.2
23,300,1,odam,rpn,0.17178276181221008,0.3703848719596863,0.0,0.12281390279531479,0.0,0.0,0.0,0.0,1.000000034903912,1.000000034903912,0.0,0,0,0,0,0,0,1.0,1.0,0.2,0.2
23,300,1,odam,roi_shared,0.17178276181221008,0.3703848719596863,-0.14424834593524904,0.45952022075653076,0.5404450297355652,0.5404450297355652,1.1761071772767777,0.23522143545535557,0.9660696493547274,0.9721802411379423,13.546475515891702,1,1,0,0,0,0,1.0,1.0,0.2,0.2
23,300,1,odam,roi_cls,0.17178276181221008,0.3703848719596863,0.0,0.059519212692976,0.0,0.0,0.0,0.0,1.0000000536489586,1.0000000536489586,0.0,0,0,0,0,0,0,1.0,1.0,0.2,0.2
23,300,1,odam,roi_reg,0.17178276181221008,0.3703848719596863,-0.1422325118900805,0.04800104349851608,0.14226236939430237,0.14226236939430237,2.9637349321103885,0.5927469864220778,0.9156921014770782,0.8419883509994064,32.649315964697045,1,1,0,0,0,0,1.0,1.0,0.2,0.2
23,400,1,odam,backbone,0.18603463470935822,1.9807180166244507,-0.32624585612962537,0.9379423260688782,3.4393718242645264,3.4393718242645264,3.666933167074022,0.7333866334148045,0.7607356324610748,0.7391262773135411,42.342959101182,1,1,0,0,0,0,1.0,1.0,0.2,0.2
23,400,1,odam,fpn,0.18603463470935822,1.9807180166244507,-0.24243794062292578,0.415607750415802,1.7739219665527344,1.7739219665527344,4.268260071613158,0.8536520143226316,0.7930423804641396,0.6916166904170828,46.241779441775314,1,1,0,0,0,0,1.0,1.0,0.2,0.2
23,400,1,odam,rpn,0.18603463470935822,1.9807180166244507,0.0,0.21642005443572998,0.0,0.0,0.0,0.0,1.0000000603557886,1.0000000603557886,0.0,0,0,0,0,0,0,1.0,1.0,0.2,0.2
23,400,1,odam,roi_shared,0.18603463470935822,1.9807180166244507,-0.2087487513558597,0.6499645709991455,2.9998247623443604,2.9998247623443604,4.615366584878522,0.9230733169757045,0.8073096878205305,0.6666101774764398,48.194027301147074,1,1,0,0,0,0,1.0,1.0,0.2,0.2
23,400,1,odam,roi_cls,0.18603463470935822,1.9807180166244507,0.0,0.08385047316551208,0.0,0.0,0.0,0.0,1.0000000825406048,1.0000000825406048,0.0,0,0,0,0,0,0,1.0,1.0,0.2,0.2
23,400,1,odam,roi_reg,0.18603463470935822,1.9807180166244507,-0.5262205478486643,0.051457010209560394,1.4491007328033447,1.4491007328033447,28.161386114386232,5.632277222877247,-1.9638200282639982,-0.3793809778388793,112.29534427526723,1,1,1,1,0,0,1.0,1.0,0.2,0.2
23,500,1,odam,backbone,0.1977452039718628,0.10175168514251709,-0.12771046356415697,1.3445528745651245,0.809885561466217,0.809885561466217,0.6023456397935726,0.1204691279587145,0.9846150365786808,0.9927177216528336,6.918870063700342,1,0,0,0,0,0,1.0,1.0,0.2,0.2
23,500,1,odam,fpn,0.1977452039718628,0.10175168514251709,0.07408835820266392,0.7315621376037598,0.5073577761650085,0.5073577761650085,0.6935265647110508,0.13870531294221017,1.010276501020786,0.9907566929236232,7.7962618220063895,0,0,0,0,0,0,1.0,1.0,0.2,0.2
23,500,1,odam,rpn,0.1977452039718628,0.10175168514251709,0.0,0.5644209384918213,0.0,0.0,0.0,0.0,0.9999999236621162,0.9999999236621162,0.022387607860033517,0,0,0,0,0,0,1.0,1.0,0.2,0.2
23,500,1,odam,roi_shared,0.1977452039718628,0.10175168514251709,-0.02899859603000311,0.8914347290992737,0.33021336793899536,0.33021336793899536,0.37042910395991707,0.0740858207919834,0.9978515573026422,0.9972573687889821,4.244442419685584,1,0,0,0,0,0,1.0,1.0,0.2,0.2
23,500,1,odam,roi_cls,0.1977452039718628,0.10175168514251709,0.0,0.17345501482486725,0.0,0.0,0.0,0.0,0.99999999878067,0.99999999878067,0.0028294254434983565,0,0,0,0,0,0,1.0,1.0,0.2,0.2
23,500,1,odam,roi_reg,0.1977452039718628,0.10175168514251709,0.2133459282371321,0.042407285422086716,0.11611199378967285,0.11611199378967285,2.7380199565709287,0.5476039913141858,1.1168289677587642,0.9018635090405902,25.595891308349817,0,1,0,0,0,0,1.0,1.0,0.2,0.2
23,600,1,odam,backbone,0.04127690941095352,0.08202670514583588,0.2923502877703684,0.3356187343597412,1.5849043130874634,1.5849043130874634,4.722335647057904,0.944467129411581,1.2761152014824875,0.816238790366271,35.28996454085076,0,1,0,0,0,0,1.0,1.0,0.2,0.2
23,600,1,odam,fpn,0.04127690941095352,0.08202670514583588,0.08284361597992822,0.1851775050163269,1.4201146364212036,1.4201146364212036,7.668937089826292,1.5337874179652584,1.1270645462273952,0.5934687216667426,53.5964524463127,0,1,1,0,0,0,1.0,1.0,0.2,0.2
23,600,1,odam,rpn,0.04127690941095352,0.08202670514583588,0.0,0.07872584462165833,0.0,0.0,0.0,0.0,1.0000000546809897,1.0000000546809897,0.0,0,0,0,0,0,0,1.0,1.0,0.2,0.2
23,600,1,odam,roi_shared,0.04127690941095352,0.08202670514583588,0.0036910282601099313,0.25525128841400146,0.13608407974243164,0.13608407974243164,0.533137680079843,0.1066275360159686,1.0003937014576423,0.9943678047804566,6.083878423619932,0,0,0,0,0,0,1.0,1.0,0.2,0.2
23,600,1,odam,roi_cls,0.04127690941095352,0.08202670514583588,0.0,0.05746345594525337,0.0,0.0,0.0,0.0,0.9999999666207359,0.9999999666207359,0.014803895491114008,0,0,0,0,0,0,1.0,1.0,0.2,0.2
23,600,1,odam,roi_reg,0.04127690941095352,0.08202670514583588,-0.3370686214614314,0.00717961834743619,0.09187983721494675,0.09187983721494675,12.797314950279583,2.5594629900559167,0.13728537544411173,0.05688013044479432,86.73924869468209,1,1,1,0,0,0,1.0,1.0,0.2,0.2
23,700,1,odam,backbone,0.29148855805397034,0.22651271522045135,-0.05013974786361748,0.8629835844039917,0.6568982005119324,0.6568982005119324,0.7611943174627249,0.152238863492545,0.9923668256147592,0.9884651141433823,8.710891974008375,1,0,0,0,0,0,1.0,1.0,0.2,0.2
23,700,1,odam,fpn,0.29148855805397034,0.22651271522045135,-0.0548162819812714,0.4058869481086731,0.43247658014297485,0.43247658014297485,1.0655099459546618,0.21310198919093234,0.9883183370423776,0.9775993684190123,12.150154989464049,1,1,0,0,0,0,1.0,1.0,0.2,0.2
23,700,1,odam,rpn,0.29148855805397034,0.22651271522045135,0.0,0.22734564542770386,0.0,0.0,0.0,0.0,0.9999999721814761,0.9999999721814761,0.013514645938759787,0,0,0,0,0,0,1.0,1.0,0.2,0.2
23,700,1,odam,roi_shared,0.29148855805397034,0.22651271522045135,-0.18059989690130196,0.7441063523292542,0.13075466454029083,0.13075466454029083,0.1757203982078548,0.03514407964157096,0.9936528783679554,0.999395383940973,1.9925046955587666,1,0,0,0,0,0,1.0,1.0,0.2,0.2
23,700,1,odam,roi_cls,0.29148855805397034,0.22651271522045135,0.0,0.10656072199344635,0.0,0.0,0.0,0.0,0.9999999419485649,0.9999999419485649,0.019522890238310824,0,0,0,0,0,0,1.0,1.0,0.2,0.2
23,700,1,odam,roi_reg,0.29148855805397034,0.22651271522045135,-0.5296017177215359,0.09929320961236954,0.07836249470710754,0.07836249470710754,0.7892029577151011,0.15784059154302024,0.9164073184762457,0.9894951822504298,8.312139201755977,1,0,0,0,0,0,1.0,1.0,0.2,0.2
24,0,1,odam,backbone,0.1619996875524521,2.2470009326934814,-0.18864118254868661,0.7112154364585876,3.9789464473724365,3.9789464473724365,5.594572675735393,1.1189145351470788,0.7889266154527739,0.5832195273589131,54.32269287930771,1,1,1,0,0,0,1.0,1.0,0.2,0.2
24,0,1,odam,fpn,0.1619996875524521,2.2470009326934814,0.008496137923057007,0.34445255994796753,2.1426591873168945,2.1426591873168945,6.220476885526882,1.2440953771053764,1.0105700099264316,0.630509552179708,50.9122736155201,0,1,1,0,0,0,1.0,1.0,0.2,0.2
24,0,1,odam,rpn,0.1619996875524521,2.2470009326934814,0.0,0.23050467669963837,0.0,0.0,0.0,0.0,0.9999999559879588,0.9999999559879588,0.016999000529376394,0,0,0,0,0,0,1.0,1.0,0.2,0.2
24,0,1,odam,roi_shared,0.1619996875524521,2.2470009326934814,0.023415707685099256,0.6227391958236694,5.403322696685791,5.403322696685791,8.67670243485968,1.735340486971936,1.0406342060109504,0.5143922886068243,59.04315664167409,0,1,1,0,0,0,1.0,1.0,0.2,0.2
24,0,1,odam,roi_cls,0.1619996875524521,2.2470009326934814,0.0,0.0999506488442421,0.0,0.0,0.0,0.0,0.99999992773839,0.99999992773839,0.02178168382482932,0,0,0,0,0,0,1.0,1.0,0.2,0.2
24,0,1,odam,roi_reg,0.1619996875524521,2.2470009326934814,0.12618684093874152,0.04150799661874771,2.436152458190918,2.436152458190918,58.691159695493305,11.738231939098661,2.4812107372682926,0.20840320719046587,77.9712074956672,0,1,1,0,0,0,1.0,1.0,0.2,0.2
24,100,1,odam,backbone,0.1437414139509201,0.18653976917266846,0.1743811339287419,1.1650489568710327,0.944857120513916,0.944857120513916,0.8110020741544759,0.1622004148308952,1.0282850306276063,0.9881517566686221,8.82865100109248,0,0,0,0,0,0,1.0,1.0,0.2,0.2
24,100,1,odam,fpn,0.1437414139509201,0.18653976917266846,-0.020607100960488033,0.3863521218299866,0.6291918158531189,0.6291918158531189,1.628544998984096,0.3257089997968192,0.9932880104531652,0.9502375100951576,18.151240266785724,1,1,0,0,0,0,1.0,1.0,0.2,0.2
24,100,1,odam,rpn,0.1437414139509201,0.18653976917266846,0.0,0.1094585433602333,0.0,0.0,0.0,0.0,1.0000000587520286,1.0000000587520286,0.0,0,0,0,0,0,0,1.0,1.0,0.2,0.2
24,100,1,odam,roi_shared,0.1437414139509201,0.18653976917266846,-0.13339455157381228,0.6134631633758545,0.08962869644165039,0.08962869644165039,0.14610281723914528,0.029220563447829057,0.9961023185941412,0.9995777539747445,1.66508227633686,1,0,0,0,0,0,1.0,1.0,0.2,0.2
24,100,1,odam,roi_cls,0.1437414139509201,0.18653976917266846,0.0,0.09032860398292542,0.0,0.0,0.0,0.0,0.9999999807255345,0.9999999807255345,0.011249385568562965,0,0,0,0,0,0,1.0,1.0,0.2,0.2
24,100,1,odam,roi_reg,0.1437414139509201,0.18653976917266846,-0.41713983556951173,0.05249355733394623,0.052846990525722504,0.052846990525722504,1.006732887038458,0.2013465774076916,0.9160103869803223,0.980623928128136,11.297289200124627,1,1,0,0,0,0,1.0,1.0,0.2,0.2
24,200,1,odam,backbone,0.10045509040355682,2.435504674911499,-0.2952240622374979,0.6669220328330994,4.392795562744141,4.392795562744141,6.586670324990537,1.3173340649981076,0.6110911676835663,0.4367665738912388,64.1022429039591,1,1,1,0,0,0,1.0,1.0,0.2,0.2
24,200,1,odam,fpn,0.10045509040355682,2.435504674911499,0.009889442142000791,0.305097758769989,1.9860336780548096,1.9860336780548096,6.509499401311781,1.3018998802623563,1.0128748852102458,0.6140673739854177,52.11581476123623,0,1,1,0,0,0,1.0,1.0,0.2,0.2
24,200,1,odam,rpn,0.10045509040355682,2.435504674911499,0.0,0.1300303339958191,0.0,0.0,0.0,0.0,0.9999999866478182,0.9999999866478182,0.009362972531451352,0,0,0,0,0,0,1.0,1.0,0.2,0.2
24,200,1,odam,roi_shared,0.10045509040355682,2.435504674911499,0.011545967606274778,0.46281468868255615,6.002722263336182,6.002722263336182,12.970034033326542,2.5940068066653086,1.0299503981647091,0.369047122215983,68.34313715484136,0,1,1,0,0,0,1.0,1.0,0.2,0.2
24,200,1,odam,roi_cls,0.10045509040355682,2.435504674911499,0.0,0.08632546663284302,0.0,0.0,0.0,0.0,1.000000047791837,1.000000047791837,0.0,0,0,0,0,0,0,1.0,1.0,0.2,0.2
24,200,1,odam,roi_reg,0.10045509040355682,2.435504674911499,-0.2257520412206428,0.0346580408513546,4.559715747833252,4.559715747833252,131.56299767172317,26.31259953434464,-4.940123663138016,-0.18924028192118025,100.9084512487703,1,1,1,1,0,0,1.0,1.0,0.2,0.2
24,300,1,odam,backbone,0.12209940701723099,1.1191396713256836,-0.2208680520828921,0.6915609240531921,3.9045934677124023,3.9045934677124023,5.6460585494447,1.12921170988894,0.7505929724753309,0.5631780466394246,55.72413296287309,1,1,1,0,0,0,1.0,1.0,0.2,0.2
24,300,1,odam,fpn,0.12209940701723099,1.1191396713256836,-0.184130385253061,0.37578803300857544,1.8261247873306274,1.8261247873306274,4.859454338422095,0.971890867684419,0.82104546833709,0.6518158021810206,49.32135411427278,1,1,0,0,0,0,1.0,1.0,0.2,0.2
24,300,1,odam,rpn,0.12209940701723099,1.1191396713256836,0.0,0.15331298112869263,0.0,0.0,0.0,0.0,0.9999999927604651,0.9999999927604651,0.00689434420953809,0,0,0,0,0,0,1.0,1.0,0.2,0.2
24,300,1,odam,roi_shared,0.12209940701723099,1.1191396713256836,-0.1328032152933484,0.6035740375518799,3.075615167617798,3.075615167617798,5.095671742430497,1.0191343484860993,0.8646556902344378,0.6502923982647987,49.436348922167895,1,1,1,0,0,0,1.0,1.0,0.2,0.2
24,300,1,odam,roi_cls,0.12209940701723099,1.1191396713256836,0.0,0.11046000570058823,0.0,0.0,0.0,0.0,1.0000000535065852,1.0000000535065852,0.0,0,0,0,0,0,0,1.0,1.0,0.2,0.2
24,300,1,odam,roi_reg,0.12209940701723099,1.1191396713256836,-0.5624406395824023,0.11649835109710693,1.8828258514404297,1.8828258514404297,16.161824040505127,3.2323648081010257,-0.8180135048890089,-0.29266785807062023,107.0177444903908,1,1,1,1,0,0,1.0,1.0,0.2,0.2
24,400,1,odam,backbone,0.13228678703308105,0.26499301195144653,-0.04413776229013933,0.6033823490142822,2.498547077178955,2.498547077178955,4.140901836556399,0.8281803673112798,0.9634458488411691,0.7586482551973336,40.65482446416688,1,1,0,0,0,0,1.0,1.0,0.2,0.2
24,400,1,odam,fpn,0.13228678703308105,0.26499301195144653,-0.025728478119754608,0.35982590913772583,1.6239815950393677,1.6239815950393677,4.513242525895426,0.9026485051790851,0.9767762268778357,0.73453718368588,42.73187681207435,1,1,0,0,0,0,1.0,1.0,0.2,0.2
24,400,1,odam,rpn,0.13228678703308105,0.26499301195144653,0.0,0.2219344824552536,0.0,0.0,0.0,0.0,1.000000042750096,1.000000042750096,0.0,0,0,0,0,0,0,1.0,1.0,0.2,0.2
24,400,1,odam,roi_shared,0.13228678703308105,0.26499301195144653,0.03097014023894068,0.4306776821613312,0.047905948013067245,0.047905948013067245,0.11123387627762367,0.022246775255524737,1.000689028683737,0.9997532784131656,1.2727705991654497,0,0,0,0,0,0,1.0,1.0,0.2,0.2
24,400,1,odam,roi_cls,0.13228678703308105,0.26499301195144653,0.0,0.07623808085918427,0.0,0.0,0.0,0.0,0.9999999168475329,0.9999999168475329,0.023365506667307027,0,0,0,0,0,0,1.0,1.0,0.2,0.2
24,400,1,odam,roi_reg,0.13228678703308105,0.26499301195144653,0.019603001852697127,0.02067713625729084,0.04183056950569153,0.04183056950569153,2.0230349592507957,0.4046069918501592,1.0079315788610839,0.9280453540467124,21.8678570649987,0,1,0,0,0,0,1.0,1.0,0.2,0.2
24,500,1,odam,backbone,0.7969508171081543,1.4010430574417114,-0.303608805952018,2.9199812412261963,1.2721749544143677,1.2721749544143677,0.4356791531578948,0.08713583063157895,0.9735449361131743,0.9963835219072161,4.874291759912576,1,0,0,0,0,0,1.0,1.0,0.2,0.2
24,500,1,odam,fpn,0.7969508171081543,1.4010430574417114,-0.4519301225825699,1.6820199489593506,0.5511950254440308,0.5511950254440308,0.32769826884933784,0.06553965376986758,0.9703806554815871,0.9981900029232981,3.447800233120797,1,0,0,0,0,0,1.0,1.0,0.2,0.2
24,500,1,odam,rpn,0.7969508171081543,1.4010430574417114,0.0,0.6364595293998718,0.0,0.0,0.0,0.0,1.00000000770102,1.00000000770102,0.0,0,0,0,0,0,0,1.0,1.0,0.2,0.2
24,500,1,odam,roi_shared,0.7969508171081543,1.4010430574417114,-0.14094534086357202,2.336872100830078,1.010515809059143,1.010515809059143,0.4324223857609489,0.08648447715218978,0.9878102712195665,0.996264472914838,4.953918540419967,1,0,0,0,0,0,1.0,1.0,0.2,0.2
24,500,1,odam,roi_cls,0.7969508171081543,1.4010430574417114,0.0,0.3689468204975128,0.0,0.0,0.0,0.0,1.0000000618847946,1.0000000618847946,0.0,0,0,0,0,0,0,1.0,1.0,0.2,0.2
24,500,1,odam,roi_reg,0.7969508171081543,1.4010430574417114,-0.4124482289117065,0.1875407099723816,0.6566951870918274,0.6566951870918274,3.5016140612272206,0.700322812245444,0.7111530704858973,0.7443637766957091,41.895518763504924,1,1,0,0,0,0,1.0,1.0,0.2,0.2
24,600,1,odam,backbone,0.2675057649612427,0.28728607296943665,-0.24540506906871573,0.8977291584014893,0.5850286483764648,0.5850286483764648,0.6516761128915275,0.1303352225783055,0.968015189935404,0.9915891225192238,7.436407049579262,1,0,0,0,0,0,1.0,1.0,0.2,0.2
24,600,1,odam,fpn,0.2675057649612427,0.28728607296943665,-0.09351016958103166,0.4801916778087616,0.3576440215110779,0.3576440215110779,0.7447942936935095,0.1489588587387019,0.9860707491402508,0.9888780170221938,8.553268088849075,1,0,0,0,0,0,1.0,1.0,0.2,0.2
24,600,1,odam,rpn,0.2675057649612427,0.28728607296943665,0.0,0.19035513699054718,0.0,0.0,0.0,0.0,0.9999999245287428,0.9999999245287428,0.022260167368619774,0,0,0,0,0,0,1.0,1.0,0.2,0.2
24,600,1,odam,roi_shared,0.2675057649612427,0.28728607296943665,0.06851507458957144,0.8262746930122375,0.04252566769719124,0.04252566769719124,0.051466743513783754,0.01029334870275675,1.0007051958746784,0.9999472965930001,0.5882458651538643,0,0,0,0,0,0,1.0,1.0,0.2,0.2
24,600,1,odam,roi_cls,0.2675057649612427,0.28728607296943665,0.0,0.13056580722332,0.0,0.0,0.0,0.0,0.9999999672343397,0.9999999672343397,0.014667195933082449,0,0,0,0,0,0,1.0,1.0,0.2,0.2
24,600,1,odam,roi_reg,0.2675057649612427,0.28728607296943665,-0.21122039336786644,0.18911822140216827,0.02460024319589138,0.02460024319589138,0.1300786514038638,0.02601573028077276,0.9945049857852363,0.9996732095141135,1.4648196591196099,1,0,0,0,0,0,1.0,1.0,0.2,0.2
24,700,1,odam,backbone,0.1611541211605072,2.972126007080078,0.18516532927767498,1.0292813777923584,8.361823081970215,8.361823081970215,8.123942842437282,1.6247885684874568,1.3008543319608454,0.6316280798356844,50.82965828470328,0,1,1,0,0,0,1.0,1.0,0.2,0.2
24,700,1,odam,fpn,0.1611541211605072,2.972126007080078,0.10687224402357422,0.5771198272705078,3.3987293243408203,3.3987293243408203,5.889122438255386,1.1778244876510773,1.1258765847794634,0.693057239823001,46.12739420350058,0,1,1,0,0,0,1.0,1.0,0.2,0.2
24,700,1,odam,rpn,0.1611541211605072,2.972126007080078,0.0,0.21422693133354187,0.0,0.0,0.0,0.0,0.9999999843443509,0.9999999843443509,0.01013848750528354,0,0,0,0,0,0,1.0,1.0,0.2,0.2
24,700,1,odam,roi_shared,0.1611541211605072,2.972126007080078,-0.026562671141558757,0.8333357572555542,7.660399436950684,7.660399436950684,9.192452586192715,1.838490517238543,0.9511648348675432,0.45963526247808517,62.63642583771857,1,1,1,0,0,0,1.0,1.0,0.2,0.2
24,700,1,odam,roi_cls,0.1611541211605072,2.972126007080078,0.0,0.12895940244197845,0.0,0.0,0.0,0.0,1.0000000611239501,1.0000000611239501,0.0,0,0,0,0,0,0,1.0,1.0,0.2,0.2
24,700,1,odam,roi_reg,0.1611541211605072,2.972126007080078,-0.3456199542922644,0.18482981622219086,2.860013484954834,2.860013484954834,15.47376685976198,3.0947533719523963,-0.06960848220735974,-0.023962667630106904,91.37309114944847,1,1,1,1,0,0,1.0,1.0,0.2,0.2
25,0,1,odam,backbone,0.12275892496109009,0.228018656373024,-0.0817468799044678,0.6839160323143005,0.9679998755455017,0.9679998755455017,1.4153782479259787,0.28307564958519577,0.9768594997917376,0.9607338800694804,16.109351402630477,1,1,0,0,0,0,1.0,1.0,0.2,0.2
25,0,1,odam,fpn,0.12275892496109009,0.228018656373024,-0.04855675450280435,0.2666929364204407,0.6872832179069519,0.6872832179069519,2.5770581970849493,0.51541163941699,0.9749732863083079,0.884297049288479,27.834860298148776,1,1,0,0,0,0,1.0,1.0,0.2,0.2
25,0,1,odam,rpn,0.12275892496109009,0.228018656373024,0.0,0.1504589468240738,0.0,0.0,0.0,0.0,0.9999999866464139,0.9999999866464139,0.00936346489571184,0,0,0,0,0,0,1.0,1.0,0.2,0.2
25,0,1,odam,roi_shared,0.12275892496109009,0.228018656373024,-0.28559650629179956,0.4701758921146393,0.38620325922966003,0.38620325922966003,0.8214016620305473,0.16428033240610948,0.9530821097574967,0.9866293532639812,9.379915541130105,1,0,0,0,0,0,1.0,1.0,0.2,0.2
25,0,1,odam,roi_cls,0.12275892496109009,0.228018656373024,0.0,0.07108987122774124,0.0,0.0,0.0,0.0,1.000000001169401,1.000000001169401,0.0,0,0,0,0,0,0,1.0,1.0,0.2,0.2
25,0,1,odam,roi_reg,0.12275892496109009,0.228018656373024,-0.6274493578611127,0.07003574073314667,0.17568600177764893,0.17568600177764893,2.5085192208797453,0.501703844175949,0.6852062652621849,0.868729360238592,29.688682966631053,1,1,0,0,0,0,1.0,1.0,0.2,0.2
25,100,1,odam,backbone,0.18992140889167786,1.25715970993042,-0.3209317972030135,1.3896284103393555,2.876861095428467,2.876861095428467,2.070237679385038,0.4140475358770076,0.8671187282236164,0.9111561451884714,24.33438564282952,1,1,0,0,0,0,1.0,1.0,0.2,0.2
25,100,1,odam,fpn,0.18992140889167786,1.25715970993042,-0.27758810655889377,0.5268682241439819,1.4251049757003784,1.4251049757003784,2.7048603624099514,0.5409720724819902,0.8498325551622364,0.8531166081452798,31.44771552611722,1,1,0,0,0,0,1.0,1.0,0.2,0.2
25,100,1,odam,rpn,0.18992140889167786,1.25715970993042,0.0,0.19181843101978302,0.0,0.0,0.0,0.0,1.0000000494480423,1.0000000494480423,0.0,0,0,0,0,0,0,1.0,1.0,0.2,0.2
25,100,1,odam,roi_shared,0.18992140889167786,1.25715970993042,-0.16816346723110234,0.6328018307685852,3.0378682613372803,3.0378682613372803,4.800662883113915,0.9601325766227832,0.8385407687217309,0.6631452133948066,48.459811923362956,1,1,0,0,0,0,1.0,1.0,0.2,0.2
25,100,1,odam,roi_cls,0.18992140889167786,1.25715970993042,0.0,0.07895804196596146,0.0,0.0,0.0,0.0,1.0000000922134467,1.0000000922134467,0.0,0,0,0,0,0,0,1.0,1.0,0.2,0.2
25,100,1,odam,roi_reg,0.18992140889167786,1.25715970993042,-0.23520551148141697,0.13184751570224762,1.937079668045044,1.937079668045044,14.691817723889221,2.9383635447778444,0.30888082207312023,0.10752714579920465,83.82721411405336,1,1,1,0,0,0,1.0,1.0,0.2,0.2
25,200,1,odam,backbone,0.11783100664615631,0.20545175671577454,0.032136043427592034,1.0780714750289917,0.7883281707763672,0.7883281707763672,0.7312392443693655,0.14624784887387313,1.0046999180310392,0.9895817321026376,8.27776632736901,0,0,0,0,0,0,1.0,1.0,0.2,0.2
25,200,1,odam,fpn,0.11783100664615631,0.20545175671577454,-0.006210862789657296,0.3504670262336731,0.5329877138137817,0.5329877138137817,1.5207927534341372,0.30415855068682746,0.998111003906443,0.9565724105128182,16.947469242898368,1,1,0,0,0,0,1.0,1.0,0.2,0.2
25,200,1,odam,rpn,0.11783100664615631,0.20545175671577454,0.0,0.19064386188983917,0.0,0.0,0.0,0.0,0.9999999302501035,0.9999999302501035,0.0213997853207647,0,0,0,0,0,0,1.0,1.0,0.2,0.2
25,200,1,odam,roi_shared,0.11783100664615631,0.20545175671577454,-0.0738004838029447,0.5578888058662415,0.0644911676645279,0.0644911676645279,0.11559860493058574,0.02311972098611715,0.9982937944243956,0.9997333953208374,1.323064946033487,1,0,0,0,0,0,1.0,1.0,0.2,0.2
25,200,1,odam,roi_cls,0.11783100664615631,0.20545175671577454,0.0,0.08117595314979553,0.0,0.0,0.0,0.0,0.9999999678808533,0.9999999678808533,0.014521772565929368,0,0,0,0,0,0,1.0,1.0,0.2,0.2
25,200,1,odam,roi_reg,0.11783100664615631,0.20545175671577454,0.1484233362397959,0.03148609399795532,0.03554811701178551,0.03554811701178551,1.1290100643825165,0.2258020128765033,1.0335141611193868,0.9774456580144523,12.191927630525052,0,1,0,0,0,0,1.0,1.0,0.2,0.2
25,300,1,odam,backbone,0.11621887236833572,0.1692190021276474,-0.054185325867523275,0.4554341435432434,1.4178379774093628,1.4178379774093628,3.113156967939843,0.6226313935879685,0.9662626580687642,0.8409615482005715,32.75820354812692,1,1,0,0,0,0,1.0,1.0,0.2,0.2
25,300,1,odam,fpn,0.11621887236833572,0.1692190021276474,0.02672939820012751,0.22813604772090912,0.7625716328620911,0.7625716328620911,3.3426178829703637,0.6685235765940728,1.0178691596788423,0.8359318578502709,33.28700535852873,0,1,0,0,0,0,1.0,1.0,0.2,0.2
25,300,1,odam,rpn,0.11621887236833572,0.1692190021276474,0.0,0.19430077075958252,0.0,0.0,0.0,0.0,0.9999999734094089,0.9999999734094089,0.013213005833415297,0,0,0,0,0,0,1.0,1.0,0.2,0.2
25,300,1,odam,roi_shared,0.11621887236833572,0.1692190021276474,-0.05899944755065341,0.3279033601284027,0.09202077239751816,0.09202077239751816,0.2806338195542858,0.056126763910857164,0.996688524896523,0.9984236456354272,3.217522730348274,1,0,0,0,0,0,1.0,1.0,0.2,0.2
25,300,1,odam,roi_cls,0.11621887236833572,0.1692190021276474,0.0,0.04978980869054794,0.0,0.0,0.0,0.0,0.9999999517892875,0.9999999517892875,0.017791370633789046,0,0,0,0,0,0,1.0,1.0,0.2,0.2
25,300,1,odam,roi_reg,0.11621887236833572,0.1692190021276474,0.030798794883349596,0.05928638204932213,0.06336558610200882,0.06336558610200882,1.0688050765063228,0.21376101530126457,1.0065835724577734,0.9782061554032014,11.98385294731059,0,1,0,0,0,0,1.0,1.0,0.2,0.2
25,400,1,odam,backbone,0.049921244382858276,0.00882126297801733,0.06108296056679475,0.7003504633903503,0.24507522583007812,0.24507522583007812,0.3499322676873592,0.06998645353747183,1.004275073728512,0.9975896555547925,3.9789131216622438,0,0,0,0,0,0,1.0,1.0,0.2,0.2
25,400,1,odam,fpn,0.049921244382858276,0.00882126297801733,-0.0395002807848726,0.34692904353141785,0.1800081729888916,0.1800081729888916,0.5188616414370337,0.10377232828740676,0.9959010151496607,0.9946234105697261,5.94409640630394,1,0,0,0,0,0,1.0,1.0,0.2,0.2
25,400,1,odam,rpn,0.049921244382858276,0.00882126297801733,0.0,0.132132425904274,0.0,0.0,0.0,0.0,1.0000000610021869,1.0000000610021869,0.0,0,0,0,0,0,0,1.0,1.0,0.2,0.2
25,400,1,odam,roi_shared,0.049921244382858276,0.00882126297801733,-0.047556502106422434,0.4847237467765808,0.015345253981649876,0.015345253981649876,0.03165773099357317,0.0063315461987146346,0.9996988916818476,0.9999799868250979,0.3624902668922212,1,0,0,0,0,0,1.0,1.0,0.2,0.2
25,400,1,odam,roi_cls,0.049921244382858276,0.00882126297801733,0.0,0.10354258865118027,0.0,0.0,0.0,0.0,1.0000000217690932,1.0000000217690932,0.0,0,0,0,0,0,0,1.0,1.0,0.2,0.2
25,400,1,odam,roi_reg,0.049921244382858276,0.00882126297801733,-0.5984421363536171,0.006761739030480385,0.012389684095978737,0.012389684095978737,1.8323221349018135,0.36646442698036275,0.7806922520746898,0.9359979636748742,20.610024391901543,1,1,0,0,0,0,1.0,1.0,0.2,0.2
25,500,1,odam,backbone,0.3623337745666504,1.1366890668869019,-0.03837556562593891,1.1121275424957275,3.56498384475708,3.56498384475708,3.2055530580214686,0.6411106116042937,0.975396912236093,0.8358378586011969,33.29681718761875,1,1,0,0,0,0,1.0,1.0,0.2,0.2
25,500,1,odam,fpn,0.3623337745666504,1.1366890668869019,0.0024822520717778036,0.513795793056488,2.661123037338257,2.661123037338257,5.179339872574017,1.0358679745148036,1.0025713519693584,0.6954650323566214,45.935714130754164,0,1,1,0,0,0,1.0,1.0,0.2,0.2
25,500,1,odam,rpn,0.3623337745666504,1.1366890668869019,0.0,0.19099880754947662,0.0,0.0,0.0,0.0,1.0000000414549082,1.0000000414549082,0.0,0,0,0,0,0,0,1.0,1.0,0.2,0.2
25,500,1,odam,roi_shared,0.3623337745666504,1.1366890668869019,0.027337774944820308,1.0226801633834839,1.6518023014068604,1.6518023014068604,1.6151699823158383,0.3230339964631677,1.0088310910207625,0.9524002266500379,17.749167975530167,0,1,0,0,0,0,1.0,1.0,0.2,0.2
25,500,1,odam,roi_cls,0.3623337745666504,1.1366890668869019,0.0,0.1460593342781067,0.0,0.0,0.0,0.0,1.0000000117091359,1.0000000117091359,0.0,0,0,0,0,0,0,1.0,1.0,0.2,0.2
25,500,1,odam,roi_reg,0.3623337745666504,1.1366890668869019,-0.01072522394956369,0.14842738211154938,0.9285274147987366,0.9285274147987366,6.255768993492787,1.2511537986985575,0.9865810515634991,0.6192130076207715,51.74131312953907,1,1,1,0,0,0,1.0,1.0,0.2,0.2
25,600,1,odam,backbone,0.14957372844219208,0.17158208787441254,-0.662844592286088,0.9965172410011292,2.842275619506836,2.842275619506836,2.852209176683593,0.5704418353367186,0.6218859122404207,0.8243044340098293,34.48196515657145,1,1,0,0,0,0,1.0,1.0,0.2,0.2
25,600,1,odam,fpn,0.14957372844219208,0.17158208787441254,-0.5116754328812974,0.44593358039855957,1.3551075458526611,1.3551075458526611,3.0388102744841827,0.6077620548968365,0.6890232121149676,0.7969869233186189,37.15666958952451,1,1,0,0,0,0,1.0,1.0,0.2,0.2
25,600,1,odam,rpn,0.14957372844219208,0.17158208787441254,0.0,0.18594592809677124,0.0,0.0,0.0,0.0,0.9999999667002913,0.9999999667002913,0.014786243311944842,0,0,0,0,0,0,1.0,1.0,0.2,0.2
25,600,1,odam,roi_shared,0.14957372844219208,0.17158208787441254,-0.4418029950859254,0.49499455094337463,0.7299225926399231,0.7299225926399231,1.474607329007594,0.29492146580151885,0.8697028507759242,0.9567090097175767,16.920598831663394,1,1,0,0,0,0,1.0,1.0,0.2,0.2
25,600,1,odam,roi_cls,0.14957372844219208,0.17158208787441254,0.0,0.07167704403400421,0.0,0.0,0.0,0.0,1.000000084066094,1.000000084066094,0.0,0,0,0,0,0,0,1.0,1.0,0.2,0.2
25,600,1,odam,roi_reg,0.14957372844219208,0.17158208787441254,-0.5584259487127645,0.07960975915193558,0.169724702835083,0.169724702835083,2.1319585016098674,0.4263917003219735,0.761891836042202,0.9070182782721834,24.90350200188479,1,1,0,0,0,0,1.0,1.0,0.2,0.2
25,700,1,odam,backbone,0.23562505841255188,1.9172658920288086,0.2012572062123977,1.2162184715270996,6.5012593269348145,6.5012593269348145,5.345469978573627,1.0690939957147254,1.2151627571597698,0.7575133095332499,40.75453553524749,0,1,1,0,0,0,1.0,1.0,0.2,0.2
25,700,1,odam,fpn,0.23562505841255188,1.9172658920288086,0.030272462987903412,0.5384690165519714,2.509748697280884,2.509748697280884,4.660897136388256,0.9321794272776512,1.0282191372418743,0.7410124463774689,42.18226797566907,0,1,0,0,0,0,1.0,1.0,0.2,0.2
25,700,1,odam,rpn,0.23562505841255188,1.9172658920288086,0.0,0.3004356026649475,0.0,0.0,0.0,0.0,1.0000000538378016,1.0000000538378016,0.0,0,0,0,0,0,0,1.0,1.0,0.2,0.2
25,700,1,odam,roi_shared,0.23562505841255188,1.9172658920288086,-0.14530855155161032,0.778420627117157,6.045595645904541,6.045595645904541,7.76648952417167,1.5532979048343338,0.7742923842608922,0.44994807529775477,63.259647435468096,1,1,1,0,0,0,1.0,1.0,0.2,0.2
25,700,1,odam,roi_cls,0.23562505841255188,1.9172658920288086,0.0,0.0931791141629219,0.0,0.0,0.0,0.0,1.0000000596524659,1.0000000596524659,0.0,0,0,0,0,0,0,1.0,1.0,0.2,0.2
25,700,1,odam,roi_reg,0.23562505841255188,1.9172658920288086,-0.1733007028369113,0.20305047929286957,3.309436559677124,3.309436559677124,16.298590238261703,3.2597180476523406,0.43508853824776506,0.1342972137449581,82.28201686077794,1,1,1,0,0,0,1.0,1.0,0.2,0.2
26,0,1,odam,backbone,0.3310237526893616,0.41135498881340027,-0.2530891148769294,2.1269397735595703,3.1282005310058594,3.1282005310058594,1.470751814364078,0.29415036287281565,0.9255538777243484,0.9558406643046827,17.090712719252362,1,1,0,0,0,0,1.0,1.0,0.2,0.2
26,0,1,odam,fpn,0.3310237526893616,0.41135498881340027,-0.42853739129964974,0.8438712954521179,1.4439705610275269,1.4439705610275269,1.7111265293766105,0.34222530587532213,0.8533436845121453,0.9401814003802895,19.917957422896585,1,1,0,0,0,0,1.0,1.0,0.2,0.2
26,0,1,odam,rpn,0.3310237526893616,0.41135498881340027,0.0,0.17250077426433563,0.0,0.0,0.0,0.0,0.9999999696332118,0.9999999696332118,0.014120076885127134,0,0,0,0,0,0,1.0,1.0,0.2,0.2
26,0,1,odam,roi_shared,0.3310237526893616,0.41135498881340027,-0.39158310757588916,0.8595826625823975,1.4456368684768677,1.4456368684768677,1.681789234945502,0.3363578469891004,0.8682878644376766,0.9419497175190437,19.618393102378626,1,1,0,0,0,0,1.0,1.0,0.2,0.2
26,0,1,odam,roi_cls,0.3310237526893616,0.41135498881340027,0.0,0.15411671996116638,0.0,0.0,0.0,0.0,1.0000000598275018,1.0000000598275018,0.0,0,0,0,0,0,0,1.0,1.0,0.2,0.2
26,0,1,odam,roi_reg,0.3310237526893616,0.41135498881340027,-0.7439104583995464,0.14221550524234772,0.3776014745235443,0.3776014745235443,2.655135766526148,0.5310271533052296,0.6049633215379374,0.8625481395171788,30.396096865296165,1,1,0,0,0,0,1.0,1.0,0.2,0.2
26,100,1,odam,backbone,0.13987930119037628,1.1722157001495361,0.09274564999472264,0.832423746585846,1.3222330808639526,1.3222330808639526,1.5884134568325818,0.3176826913665164,1.0294636609380297,0.9558949945641315,17.08011732708334,0,1,0,0,0,0,1.0,1.0,0.2,0.2
26,100,1,odam,fpn,0.13987930119037628,1.1722157001495361,-0.10624853560665862,0.5587140917778015,0.9585660696029663,0.9585660696029663,1.7156647446511595,0.3431329489302319,0.963542665890079,0.9426469187605409,19.499068354585514,1,1,0,0,0,0,1.0,1.0,0.2,0.2
26,100,1,odam,rpn,0.13987930119037628,1.1722157001495361,0.0,0.16937054693698883,0.0,0.0,0.0,0.0,0.9999999897768189,0.9999999897768189,0.008192768008695983,0,0,0,0,0,0,1.0,1.0,0.2,0.2
26,100,1,odam,roi_shared,0.13987930119037628,1.1722157001495361,-0.05144982086593893,0.8915933966636658,1.8233156204223633,1.8233156204223633,2.045007990464256,0.4090015980928512,0.9789569127549274,0.922889008054562,22.64784207390198,1,1,0,0,0,0,1.0,1.0,0.2,0.2
26,100,1,odam,roi_cls,0.13987930119037628,1.1722157001495361,0.0,0.15255329012870789,0.0,0.0,0.0,0.0,0.9999999441805824,0.9999999441805824,0.019143894086591246,0,0,0,0,0,0,1.0,1.0,0.2,0.2
26,100,1,odam,roi_reg,0.13987930119037628,1.1722157001495361,-0.3754251483033993,0.040558598935604095,1.294033408164978,1.294033408164978,31.905278834201038,6.381055766840208,-1.3956088609505923,-0.22966442208428686,103.27731568432307,1,1,1,1,0,0,1.0,1.0,0.2,0.2
26,200,1,odam,backbone,0.1592830866575241,0.1240168884396553,-0.30830852923975255,1.3411040306091309,0.6650350689888,0.6650350689888,0.4958862652040054,0.09917725304080108,0.9694227950546809,0.9952976229106014,5.558616193002103,1,0,0,0,0,0,1.0,1.0,0.2,0.2
26,200,1,odam,fpn,0.1592830866575241,0.1240168884396553,-0.105713876734366,0.4363843500614166,0.4123571515083313,0.4123571515083313,0.9449402836061748,0.18898805672123498,0.9800213063210743,0.9821059617061002,10.855293079188296,1,0,0,0,0,0,1.0,1.0,0.2,0.2
26,200,1,odam,rpn,0.1592830866575241,0.1240168884396553,0.0,0.10548678785562515,0.0,0.0,0.0,0.0,1.0000000178391717,1.0000000178391717,0.0,0,0,0,0,0,0,1.0,1.0,0.2,0.2
26,200,1,odam,roi_shared,0.1592830866575241,0.1240168884396553,-0.03725804301414278,0.6218865513801575,0.07696832716464996,0.07696832716464996,0.12376586532356035,0.02475317306471207,0.9990778439261396,0.9996936502898003,1.4182652268212002,1,0,0,0,0,0,1.0,1.0,0.2,0.2
26,200,1,odam,roi_cls,0.1592830866575241,0.1240168884396553,0.0,0.09085128456354141,0.0,0.0,0.0,0.0,1.000000037163744,1.000000037163744,0.0,0,0,0,0,0,0,1.0,1.0,0.2,0.2
26,200,1,odam,roi_reg,0.1592830866575241,0.1240168884396553,-0.26734411204756997,0.0888785719871521,0.03377438336610794,0.03377438336610794,0.3800059183105487,0.07600118366210974,0.9796815072635344,0.997217589288111,4.275126783891602,1,0,0,0,0,0,1.0,1.0,0.2,0.2
26,300,1,odam,backbone,0.08827472478151321,0.1299748718738556,0.5453185006731779,0.7928429841995239,1.6981028318405151,1.6981028318405151,2.141789567016181,0.42835791340323626,1.2335916148249604,0.960153789478393,16.228705419854318,0,1,0,0,0,0,1.0,1.0,0.2,0.2
26,300,1,odam,fpn,0.08827472478151321,0.1299748718738556,0.24166231946552166,0.3818168640136719,1.065065860748291,1.065065860748291,2.7894678342708135,0.5578935668541627,1.1348217997784709,0.9025619075449723,25.50311099072227,0,1,0,0,0,0,1.0,1.0,0.2,0.2
26,300,1,odam,rpn,0.08827472478151321,0.1299748718738556,0.0,0.17437057197093964,0.0,0.0,0.0,0.0,0.9999999499297905,0.9999999499297905,0.01813123289666444,0,0,0,0,0,0,1.0,1.0,0.2,0.2
26,300,1,odam,roi_shared,0.08827472478151321,0.1299748718738556,0.014413009647732764,0.5509132146835327,0.3964301347732544,0.3964301347732544,0.7195872674809229,0.1439174534961846,1.0020742144533024,0.9898456006093035,8.172086158754214,0,0,0,0,0,0,1.0,1.0,0.2,0.2
26,300,1,odam,roi_cls,0.08827472478151321,0.1299748718738556,0.0,0.10627484321594238,0.0,0.0,0.0,0.0,1.0000000245153091,1.0000000245153091,0.0,0,0,0,0,0,0,1.0,1.0,0.2,0.2
26,300,1,odam,roi_reg,0.08827472478151321,0.1299748718738556,-0.03209006753457976,0.050079114735126495,0.2078183889389038,0.2078183889389038,4.14980156973773,0.829960313947546,0.9733665088583419,0.7611008797753732,40.43865463255848,1,1,0,0,0,0,1.0,1.0,0.2,0.2
26,400,1,odam,backbone,0.4159908890724182,1.2410919666290283,-0.037037639404232665,1.0943551063537598,1.46376633644104,1.46376633644104,1.3375606582749062,0.2675121316549813,0.9900918991139479,0.965428048135488,15.109802492478487,1,1,0,0,0,0,1.0,1.0,0.2,0.2
26,400,1,odam,fpn,0.4159908890724182,1.2410919666290283,-0.21392781541658942,0.6393011212348938,0.8222389221191406,0.8222389221191406,1.2861527921785567,0.25723055843571135,0.9449711321883645,0.9664171793364723,14.890839110333705,1,1,0,0,0,0,1.0,1.0,0.2,0.2
26,400,1,odam,rpn,0.4159908890724182,1.2410919666290283,0.0,0.3265450596809387,0.0,0.0,0.0,0.0,0.9999999101567383,0.9999999101567383,0.024287364389479378,0,0,0,0,0,0,1.0,1.0,0.2,0.2
26,400,1,odam,roi_shared,0.4159908890724182,1.2410919666290283,-0.06260957287726024,1.1487174034118652,1.1518034934997559,1.1518034934997559,1.0026865529143412,0.20053731058286825,0.9874443773605012,0.9800705621445042,11.4580067818438,1,1,0,0,0,0,1.0,1.0,0.2,0.2
26,400,1,odam,roi_cls,0.4159908890724182,1.2410919666290283,0.0,0.13006675243377686,0.0,0.0,0.0,0.0,1.0000000507092515,1.0000000507092515,0.0,0,0,0,0,0,0,1.0,1.0,0.2,0.2
26,400,1,odam,roi_reg,0.4159908890724182,1.2410919666290283,0.13565147951330125,0.09545082598924637,0.9832377433776855,0.9832377433776855,10.300987269491609,2.0601974538983217,1.2794687683052643,0.5311170837033157,57.91903721458144,0,1,1,0,0,0,1.0,1.0,0.2,0.2
26,500,1,odam,backbone,0.17249047756195068,1.364057183265686,-0.17602970598069834,1.0379866361618042,8.080657958984375,8.080657958984375,7.7849344851533715,1.5569868970306744,0.7259241061313453,0.42804804425973186,64.65625223323643,1,1,1,0,0,0,1.0,1.0,0.2,0.2
26,500,1,odam,fpn,0.17249047756195068,1.364057183265686,0.0023811160379489517,0.45717668533325195,3.0925936698913574,3.0925936698913574,6.7645480819676065,1.3529096163935213,1.0032212928163802,0.5956372246637582,53.44192825807917,0,1,1,0,0,0,1.0,1.0,0.2,0.2
26,500,1,odam,rpn,0.17249047756195068,1.364057183265686,0.0,0.18151144683361053,0.0,0.0,0.0,0.0,0.9999999616963211,0.9999999616963211,0.015858345506968456,0,0,0,0,0,0,1.0,1.0,0.2,0.2
26,500,1,odam,roi_shared,0.17249047756195068,1.364057183265686,-0.046149845150951316,0.8050546050071716,4.5047173500061035,4.5047173500061035,5.595542615355854,1.119108523071171,0.9483534435567654,0.6469054920477848,49.69130648753416,1,1,1,0,0,0,1.0,1.0,0.2,0.2
26,500,1,odam,roi_cls,0.17249047756195068,1.364057183265686,0.0,0.12141026556491852,0.0,0.0,0.0,0.0,1.000000035083763,1.000000035083763,0.0,0,0,0,0,0,0,1.0,1.0,0.2,0.2
26,500,1,odam,roi_reg,0.17249047756195068,1.364057183265686,-0.017129356946889808,0.06612548232078552,2.167618989944458,2.167618989944458,32.78038834452631,6.556077668905261,0.8876987771955175,0.13419585823069302,82.28787715154068,1,1,1,0,0,0,1.0,1.0,0.2,0.2
26,600,1,odam,backbone,0.032293930649757385,-0.0,0.0,0.7141253352165222,0.0,0.0,0.0,0.0,0.9999999257107516,0.9999999257107516,0.02208516332151217,0,0,0,0,0,0,1.0,1.0,0.2,0.2
26,600,1,odam,fpn,0.032293930649757385,-0.0,0.0,0.3153802454471588,0.0,0.0,0.0,0.0,0.9999999291917449,0.9999999291917449,0.0215615302043641,0,0,0,0,0,0,1.0,1.0,0.2,0.2
26,600,1,odam,rpn,0.032293930649757385,-0.0,0.0,0.15131337940692902,0.0,0.0,0.0,0.0,1.0000000680290422,1.0000000680290422,0.0,0,0,0,0,0,0,1.0,1.0,0.2,0.2
26,600,1,odam,roi_shared,0.032293930649757385,-0.0,0.0,0.3735876977443695,0.0,0.0,0.0,0.0,0.9999999620783369,0.9999999620783369,0.01577906697847457,0,0,0,0,0,0,1.0,1.0,0.2,0.2
26,600,1,odam,roi_cls,0.032293930649757385,-0.0,0.0,0.08058490604162216,0.0,0.0,0.0,0.0,1.0000000559793163,1.0000000559793163,0.0,0,0,0,0,0,0,1.0,1.0,0.2,0.2
26,600,1,odam,roi_reg,0.032293930649757385,-0.0,0.0,0.0,0.0,0.0,0.0,0.0,0.0,0.0,90.0,0,0,0,1,0,0,1.0,1.0,0.2,0.2
26,700,1,odam,backbone,0.09915733337402344,0.972500205039978,-0.1086128296803437,0.7673623561859131,1.3760358095169067,1.3760358095169067,1.7932021272926855,0.3586404254585371,0.9610471178445569,0.9375658140158778,20.35329576561248,1,1,0,0,0,0,1.0,1.0,0.2,0.2
26,700,1,odam,fpn,0.09915733337402344,0.972500205039978,-0.014813328223043142,0.3715771734714508,0.9333864450454712,0.9333864450454712,2.511958515441976,0.5023917030883952,0.9925579527979367,0.8922385039332462,26.844101793418506,1,1,0,0,0,0,1.0,1.0,0.2,0.2
26,700,1,odam,rpn,0.09915733337402344,0.972500205039978,0.0,0.18168216943740845,0.0,0.0,0.0,0.0,1.0000000253025452,1.0000000253025452,0.0,0,0,0,0,0,0,1.0,1.0,0.2,0.2
26,700,1,odam,roi_shared,0.09915733337402344,0.972500205039978,-0.06901019799063103,0.5388385057449341,3.0849361419677734,3.0849361419677734,5.725159039447092,1.1450318078894186,0.920981133770558,0.6276573524925468,51.12250304514234,1,1,1,0,0,0,1.0,1.0,0.2,0.2
26,700,1,odam,roi_cls,0.09915733337402344,0.972500205039978,0.0,0.10274845361709595,0.0,0.0,0.0,0.0,1.0000000703240628,1.0000000703240628,0.0,0,0,0,0,0,0,1.0,1.0,0.2,0.2
26,700,1,odam,roi_reg,0.09915733337402344,0.972500205039978,-0.4067645638138473,0.05839579552412033,1.6632956266403198,1.6632956266403198,28.48314012527318,5.696628025054636,-1.317186724652523,-0.24536999479616456,104.2037003179591,1,1,1,1,0,0,1.0,1.0,0.2,0.2
27,0,1,odam,backbone,0.04143764078617096,0.07817357033491135,0.30618892869925607,0.37695321440696716,1.8107266426086426,1.8107266426086426,4.803584565414374,0.9607169130828748,1.2941609114027504,0.8166559805936386,35.248567897646474,0,1,0,0,0,0,1.0,1.0,0.2,0.2
27,0,1,odam,fpn,0.04143764078617096,0.07817357033491135,0.07815149967940967,0.1784982979297638,1.5346156358718872,1.5346156358718872,8.597368454884279,1.7194736909768562,1.134379412902151,0.551857607799432,56.50545380804471,0,1,1,0,0,0,1.0,1.0,0.2,0.2
27,0,1,odam,rpn,0.04143764078617096,0.07817357033491135,0.0,0.08690514415502548,0.0,0.0,0.0,0.0,0.9999999991026419,0.9999999991026419,0.0024272835816934787,0,0,0,0,0,0,1.0,1.0,0.2,0.2
27,0,1,odam,roi_shared,0.04143764078617096,0.07817357033491135,-0.0053516655760682,0.2433936595916748,0.10095179826021194,0.10095179826021194,0.41476757623666943,0.0829535152473339,0.9995561302078777,0.9965741329967928,4.744024726648747,1,0,0,0,0,0,1.0,1.0,0.2,0.2
27,0,1,odam,roi_cls,0.04143764078617096,0.07817357033491135,0.0,0.04917805269360542,0.0,0.0,0.0,0.0,0.9999999779895855,0.9999999779895855,0.012021308474750532,0,0,0,0,0,0,1.0,1.0,0.2,0.2
27,0,1,odam,roi_reg,0.04143764078617096,0.07817357033491135,-0.05111561694968858,0.007711350452154875,0.0759129747748375,0.0759129747748375,9.844316536492544,1.9688633072985091,0.8993603838920359,0.4159453399669322,65.42113683993175,1,1,1,0,0,0,1.0,1.0,0.2,0.2
27,100,1,odam,backbone,0.34466201066970825,2.6004397869110107,-0.07261635696337715,0.7619752287864685,1.4303785562515259,1.4303785562515259,1.8771982371783464,0.37543964743566927,0.9727369220453498,0.9332429834329156,21.053884314248954,1,1,0,0,0,0,1.0,1.0,0.2,0.2
27,100,1,odam,fpn,0.34466201066970825,2.6004397869110107,0.01878475761615865,0.4622436761856079,0.9830754995346069,0.9830754995346069,2.126747320043089,0.42534946400861773,1.007990086117725,0.9213548390721809,22.87503922936823,0,1,0,0,0,0,1.0,1.0,0.2,0.2
27,100,1,odam,rpn,0.34466201066970825,2.6004397869110107,0.0,0.3359617590904236,0.0,0.0,0.0,0.0,1.0000000195398098,1.0000000195398098,0.0,0,0,0,0,0,0,1.0,1.0,0.2,0.2
27,100,1,odam,roi_shared,0.34466201066970825,2.6004397869110107,-0.047539496087455044,0.8682907223701477,2.1108202934265137,2.1108202934265137,2.43100638881027,0.4862012777620541,0.9768861578778884,0.8954483409277963,26.433924036545086,1,1,0,0,0,0,1.0,1.0,0.2,0.2
27,100,1,odam,roi_cls,0.34466201066970825,2.6004397869110107,0.0,0.10649988055229187,0.0,0.0,0.0,0.0,1.0000000094631962,1.0000000094631962,0.0,0,0,0,0,0,0,1.0,1.0,0.2,0.2
27,100,1,odam,roi_reg,0.34466201066970825,2.6004397869110107,-0.271832951191484,0.07461490482091904,1.1215473413467407,1.1215473413467407,15.031143496577961,3.0062286993155927,0.18280804359247146,0.06306339748879465,86.38433419704454,1,1,1,0,0,0,1.0,1.0,0.2,0.2
27,200,1,odam,backbone,0.5507255792617798,0.35258734226226807,0.020850987590245305,3.075901508331299,0.9153493046760559,0.9153493046760559,0.2975873259259983,0.05951746518519965,1.0012409450392852,0.9982387078863809,3.4010818941479446,0,0,0,0,0,0,1.0,1.0,0.2,0.2
27,200,1,odam,fpn,0.5507255792617798,0.35258734226226807,0.0683599032760103,1.6258529424667358,0.6960703730583191,0.6960703730583191,0.4281262805984437,0.08562525611968874,1.0058532354502325,0.9964128912336895,4.854447517008462,0,0,0,0,0,0,1.0,1.0,0.2,0.2
27,200,1,odam,rpn,0.5507255792617798,0.35258734226226807,0.0,0.2677489221096039,0.0,0.0,0.0,0.0,1.0000000169166559,1.0000000169166559,0.0,0,0,0,0,0,0,1.0,1.0,0.2,0.2
27,200,1,odam,roi_shared,0.5507255792617798,0.35258734226226807,-0.14730985016999043,2.030831813812256,0.04275618866086006,0.04275618866086006,0.02105353499490369,0.004210706998980737,0.999379765648054,0.9999912941646558,0.2390799574130068,1,0,0,0,0,0,1.0,1.0,0.2,0.2
27,200,1,odam,roi_cls,0.5507255792617798,0.35258734226226807,0.0,0.27312999963760376,0.0,0.0,0.0,0.0,1.000000093266596,1.000000093266596,0.0,0,0,0,0,0,0,1.0,1.0,0.2,0.2
27,200,1,odam,roi_reg,0.5507255792617798,0.35258734226226807,-0.15264764817001814,0.11954442411661148,0.019746512174606323,0.019746512174606323,0.1651813735398004,0.03303627470796008,0.9949570804163552,0.9994620464653909,1.879444407029421,1,0,0,0,0,0,1.0,1.0,0.2,0.2
27,300,1,odam,backbone,0.3611776828765869,0.33866816759109497,0.14613399523775852,1.7281725406646729,1.0613564252853394,1.0613564252853394,0.614149571475734,0.12282991429514681,1.017949380575299,0.9929506171585293,6.807201946339485,0,0,0,0,0,0,1.0,1.0,0.2,0.2
27,300,1,odam,fpn,0.3611776828765869,0.33866816759109497,-0.1875719210019716,0.980290949344635,0.6337870955467224,0.6337870955467224,0.6465295797848948,0.12930591595697896,0.9757459259953196,0.9916343943835577,7.416338610183074,1,0,0,0,0,0,1.0,1.0,0.2,0.2
27,300,1,odam,rpn,0.3611776828765869,0.33866816759109497,0.0,0.25179606676101685,0.0,0.0,0.0,0.0,0.9999998863588476,0.9999998863588476,0.02731526692940975,0,0,0,0,0,0,1.0,1.0,0.2,0.2
27,300,1,odam,roi_shared,0.3611776828765869,0.33866816759109497,-0.05877309795553432,1.5734971761703491,0.06257256865501404,0.06257256865501404,0.03976655923038011,0.007953311846076023,0.9995324408610468,0.9999683542873377,0.45582297970059404,1,0,0,0,0,0,1.0,1.0,0.2,0.2
27,300,1,odam,roi_cls,0.3611776828765869,0.33866816759109497,0.0,0.22788408398628235,0.0,0.0,0.0,0.0,1.0000000380099578,1.0000000380099578,0.0,0,0,0,0,0,0,1.0,1.0,0.2,0.2
27,300,1,odam,roi_reg,0.3611776828765869,0.33866816759109497,-0.22713693212076008,0.15853404998779297,0.042274970561265945,0.042274970561265945,0.26666177117484285,0.05333235423496857,0.9878862846585451,0.9986208315878623,3.0095128879475177,1,0,0,0,0,0,1.0,1.0,0.2,0.2
27,400,1,odam,backbone,0.34957611560821533,0.25533804297447205,0.10061841436484252,2.3339767456054688,1.1646665334701538,1.1646665334701538,0.4990052003144623,0.09980104006289248,1.0100417042214325,0.99520253031606,5.614583291195264,0,0,0,0,0,0,1.0,1.0,0.2,0.2
27,400,1,odam,fpn,0.34957611560821533,0.25533804297447205,-0.09751870438283626,0.7707837224006653,0.7805296778678894,0.7805296778678894,1.0126442154705468,0.20252884309410935,0.9802495893236578,0.9795068320251756,11.619478989869402,1,1,0,0,0,0,1.0,1.0,0.2,0.2
27,400,1,odam,rpn,0.34957611560821533,0.25533804297447205,0.0,0.3224654793739319,0.0,0.0,0.0,0.0,0.999999980858823,0.999999980858823,0.011210421716107788,0,0,0,0,0,0,1.0,1.0,0.2,0.2
27,400,1,odam,roi_shared,0.34957611560821533,0.25533804297447205,-0.07729063468302395,0.8983246684074402,0.07398940622806549,0.07398940622806549,0.08236376983750733,0.016472753967501464,0.998726956877689,0.9998649864417511,0.9415235952894784,1,0,0,0,0,0,1.0,1.0,0.2,0.2
27,400,1,odam,roi_cls,0.34957611560821533,0.25533804297447205,0.0,0.09513213485479355,0.0,0.0,0.0,0.0,0.9999999315128004,0.9999999315128004,0.021205198241758857,0,0,0,0,0,0,1.0,1.0,0.2,0.2
27,400,1,odam,roi_reg,0.34957611560821533,0.25533804297447205,-0.2525631996821709,0.0912618488073349,0.036884505301713943,0.036884505301713943,0.40416127641224664,0.08083225528244933,0.979584763814421,0.9968276876998523,4.564996768563802,1,0,0,0,0,0,1.0,1.0,0.2,0.2
27,500,1,odam,backbone,0.39415496587753296,0.27012282609939575,-0.055609020098336875,1.03555166721344,2.1243855953216553,2.1243855953216553,2.0514530202420054,0.41029060404840106,0.9771839594477381,0.9222383518832338,22.74446104313044,1,1,0,0,0,0,1.0,1.0,0.2,0.2
27,500,1,odam,fpn,0.39415496587753296,0.27012282609939575,0.02732090636045372,0.5308616161346436,1.2225397825241089,1.2225397825241089,2.3029349747035273,0.4605869949407055,1.0125837613476059,0.9103157913831922,24.45097190606222,0,1,0,0,0,0,1.0,1.0,0.2,0.2
27,500,1,odam,rpn,0.39415496587753296,0.27012282609939575,0.0,0.4193359613418579,0.0,0.0,0.0,0.0,1.0000000523808061,1.0000000523808061,0.0,0,0,0,0,0,0,1.0,1.0,0.2,0.2
27,500,1,odam,roi_shared,0.39415496587753296,0.27012282609939575,-0.03856058359670092,0.9373525977134705,0.034886330366134644,0.034886330366134644,0.037217937466898325,0.007443587493379665,0.9997129434905079,0.9999723129264567,0.42636069298950074,1,0,0,0,0,0,1.0,1.0,0.2,0.2
27,500,1,odam,roi_cls,0.39415496587753296,0.27012282609939575,0.0,0.09574849903583527,0.0,0.0,0.0,0.0,0.9999999468577403,0.9999999468577403,0.018679172848657832,0,0,0,0,0,0,1.0,1.0,0.2,0.2
27,500,1,odam,roi_reg,0.39415496587753296,0.27012282609939575,0.1088380172934639,0.104069784283638,0.01745571941137314,0.01745571941137314,0.16773090798188145,0.03354618159637629,1.0036510477116107,0.9994484729275914,1.9030097364346144,0,0,0,0,0,0,1.0,1.0,0.2,0.2
27,600,1,odam,backbone,0.030868731439113617,-0.0,0.0,0.5525466203689575,0.0,0.0,0.0,0.0,0.9999999287681924,0.9999999287681924,0.02162592115811417,0,0,0,0,0,0,1.0,1.0,0.2,0.2
27,600,1,odam,fpn,0.030868731439113617,-0.0,0.0,0.26861321926116943,0.0,0.0,0.0,0.0,0.9999998976607805,0.9999998976607805,0.02592141375395525,0,0,0,0,0,0,1.0,1.0,0.2,0.2
27,600,1,odam,rpn,0.030868731439113617,-0.0,0.0,0.1270071566104889,0.0,0.0,0.0,0.0,0.999999898402771,0.999999898402771,0.025827273724925527,0,0,0,0,0,0,1.0,1.0,0.2,0.2
27,600,1,odam,roi_shared,0.030868731439113617,-0.0,0.0,0.4392354190349579,0.0,0.0,0.0,0.0,0.9999999721659744,0.9999999721659744,0.013518410893361853,0,0,0,0,0,0,1.0,1.0,0.2,0.2
27,600,1,odam,roi_cls,0.030868731439113617,-0.0,0.0,0.09799067676067352,0.0,0.0,0.0,0.0,0.999999955031504,0.999999955031504,0.017182716051329754,0,0,0,0,0,0,1.0,1.0,0.2,0.2
27,600,1,odam,roi_reg,0.030868731439113617,-0.0,0.0,0.0,0.0,0.0,0.0,0.0,0.0,0.0,90.0,0,0,0,1,0,0,1.0,1.0,0.2,0.2
27,700,1,odam,backbone,0.26544737815856934,0.4836249351501465,-0.1773517734191453,1.397683024406433,1.8449150323867798,1.8449150323867798,1.3199809972438328,0.26399619944876657,0.9531798666793933,0.9648016440937172,15.24688032204432,1,1,0,0,0,0,1.0,1.0,0.2,0.2
27,700,1,odam,fpn,0.26544737815856934,0.4836249351501465,-0.06878903162229694,0.6336601376533508,1.0007827281951904,1.0007827281951904,1.5793682902342787,0.31587365804685574,0.9782713484301455,0.9518353305640267,17.855033097873527,1,1,0,0,0,0,1.0,1.0,0.2,0.2
27,700,1,odam,rpn,0.26544737815856934,0.4836249351501465,0.0,0.23622360825538635,0.0,0.0,0.0,0.0,0.9999999940869857,0.9999999940869857,0.006230775379076525,0,0,0,0,0,0,1.0,1.0,0.2,0.2
27,700,1,odam,roi_shared,0.26544737815856934,0.4836249351501465,-0.08140103622838106,0.8796625137329102,0.1548459380865097,0.1548459380865097,0.17602880157915335,0.03520576031583067,0.9971341223035272,0.9993813660226378,2.0154726376090486,1,0,0,0,0,0,1.0,1.0,0.2,0.2
27,700,1,odam,roi_cls,0.26544737815856934,0.4836249351501465,0.0,0.1160692572593689,0.0,0.0,0.0,0.0,0.9999999530931977,0.9999999530931977,0.017549128169540996,0,0,0,0,0,0,1.0,1.0,0.2,0.2
27,700,1,odam,roi_reg,0.26544737815856934,0.4836249351501465,0.15327746481100532,0.17909744381904602,0.07232232391834259,0.07232232391834259,0.40381550052391935,0.08076310010478387,1.012379077850788,0.9969070214501097,4.507524401602724,0,0,0,0,0,0,1.0,1.0,0.2,0.2
28,0,1,odam,backbone,0.49736613035202026,0.6721360683441162,-0.5429585178228712,5.203570365905762,2.031669855117798,2.031669855117798,0.3904376634223057,0.07808753268446114,0.957601820757588,0.9976636838726834,3.9173107469344237,1,0,0,0,0,0,1.0,1.0,0.2,0.2
28,0,1,odam,fpn,0.49736613035202026,0.6721360683441162,-0.07508659996494868,1.1849786043167114,0.914226770401001,0.914226770401001,0.7715133143084615,0.15430266286169228,0.988413709093318,0.9880990981621738,8.84828734149569,1,0,0,0,0,0,1.0,1.0,0.2,0.2
28,0,1,odam,rpn,0.49736613035202026,0.6721360683441162,0.0,0.6115330457687378,0.0,0.0,0.0,0.0,1.0000000483398555,1.0000000483398555,0.0,0,0,0,0,0,0,1.0,1.0,0.2,0.2
28,0,1,odam,roi_shared,0.49736613035202026,0.6721360683441162,-0.020614406890717425,1.5396273136138916,0.5748797655105591,0.5748797655105591,0.37338891069759733,0.07467778213951948,0.9984606915688601,0.9972159600372802,4.2763788400277125,1,0,0,0,0,0,1.0,1.0,0.2,0.2
28,0,1,odam,roi_cls,0.49736613035202026,0.6721360683441162,0.0,0.26061519980430603,0.0,0.0,0.0,0.0,1.000000001679359,1.000000001679359,0.0,0,0,0,0,0,0,1.0,1.0,0.2,0.2
28,0,1,odam,roi_reg,0.49736613035202026,0.6721360683441162,-0.6025723112438163,0.12672144174575806,0.4935624599456787,0.4935624599456787,3.8948614626395734,0.7789722925279147,0.5306129183411032,0.649205100161814,49.51830338905943,1,1,0,0,0,0,1.0,1.0,0.2,0.2
28,100,1,odam,backbone,0.11534673720598221,0.22974470257759094,-0.28433760932075874,0.9460658431053162,0.6038263440132141,0.6038263440132141,0.638249809369765,0.12764996187395303,0.9637039400261853,0.9920326844179816,7.237397215321789,1,0,0,0,0,0,1.0,1.0,0.2,0.2
28,100,1,odam,fpn,0.11534673720598221,0.22974470257759094,-0.12451894543972665,0.34342414140701294,0.3986891806125641,0.3986891806125641,1.1609235710079366,0.23218471420158737,0.9710887146817317,0.9729941901558362,13.345918891315229,1,1,0,0,0,0,1.0,1.0,0.2,0.2
28,100,1,odam,rpn,0.11534673720598221,0.22974470257759094,0.0,0.13888053596019745,0.0,0.0,0.0,0.0,1.0000000452643028,1.0000000452643028,0.0,0,0,0,0,0,0,1.0,1.0,0.2,0.2
28,100,1,odam,roi_shared,0.11534673720598221,0.22974470257759094,-0.19025205602898787,0.6098333597183228,0.12252012640237808,0.12252012640237808,0.20090755031664578,0.04018151006332916,0.992355390639714,0.9992107814179424,2.27648528915092,1,0,0,0,0,0,1.0,1.0,0.2,0.2
28,100,1,odam,roi_cls,0.11534673720598221,0.22974470257759094,0.0,0.12616674602031708,0.0,0.0,0.0,0.0,1.0000000186786826,1.0000000186786826,0.0,0,0,0,0,0,0,1.0,1.0,0.2,0.2
28,100,1,odam,roi_reg,0.11534673720598221,0.22974470257759094,-0.22999629963729937,0.05418774485588074,0.06666824221611023,0.06666824221611023,1.2303195564499496,0.24606391128998992,0.9434061403233683,0.969262058483965,14.242747859282007,1,1,0,0,0,0,1.0,1.0,0.2,0.2
28,200,1,odam,backbone,0.2303050011396408,0.9287015199661255,-0.9089818826316433,1.6559175252914429,24.326719284057617,24.326719284057617,14.690779530083235,2.9381559060166476,-1.6707302419286443,-0.8065141056418892,143.75673497323555,1,1,1,1,0,0,1.0,1.0,0.2,0.2
28,200,1,odam,fpn,0.2303050011396408,0.9287015199661255,-0.7958703488203358,0.6402692198753357,7.835592746734619,7.835592746734619,12.237965692400858,2.4475931384801717,-0.9479667965178462,-0.5388629502535102,122.60626844249494,1,1,1,1,0,0,1.0,1.0,0.2,0.2
28,200,1,odam,rpn,0.2303050011396408,0.9287015199661255,0.0,0.1150381937623024,0.0,0.0,0.0,0.0,0.9999999617207594,0.9999999617207594,0.015853285764764635,0,0,0,0,0,0,1.0,1.0,0.2,0.2
28,200,1,odam,roi_shared,0.2303050011396408,0.9287015199661255,-0.536185978330915,0.7270652651786804,6.312039375305176,6.312039375305176,8.681530637767375,1.7363061275534752,0.06901706512705931,0.04703870654583329,87.30388576215078,1,1,1,0,0,0,1.0,1.0,0.2,0.2
28,200,1,odam,roi_cls,0.2303050011396408,0.9287015199661255,0.0,0.06628745049238205,0.0,0.0,0.0,0.0,0.9999999805925754,0.9999999805925754,0.011288119132689185,0,0,0,0,0,0,1.0,1.0,0.2,0.2
28,200,1,odam,roi_reg,0.2303050011396408,0.9287015199661255,-0.7038998386334399,0.12545225024223328,1.6869542598724365,1.6869542598724365,13.446982868901353,2.6893965737802707,-0.8930657913875629,-0.42350977532187895,115.05637344731855,1,1,1,1,0,0,1.0,1.0,0.2,0.2
28,300,1,odam,backbone,0.17582252621650696,0.11239976435899734,0.2146079694395786,0.6780681014060974,0.9032225012779236,0.9032225012779236,1.3320527826112563,0.26641055652225126,1.0571735384334158,0.9710198083979655,13.827469270349411,0,1,0,0,0,0,1.0,1.0,0.2,0.2
28,300,1,odam,fpn,0.17582252621650696,0.11239976435899734,-0.024375283479438178,0.2571644186973572,0.4991835951805115,0.4991835951805115,1.9411067740594918,0.3882213548118984,0.9905370129895431,0.931081627942596,21.395946421315617,1,1,0,0,0,0,1.0,1.0,0.2,0.2
28,300,1,odam,rpn,0.17582252621650696,0.11239976435899734,0.0,0.13980303704738617,0.0,0.0,0.0,0.0,0.9999999549810616,0.9999999549810616,0.01719235049731829,0,0,0,0,0,0,1.0,1.0,0.2,0.2
28,300,1,odam,roi_shared,0.17582252621650696,0.11239976435899734,0.05047137499626685,0.4774720370769501,0.1655714511871338,0.1655714511871338,0.3467668016764929,0.06935336033529857,1.0035003641089213,0.9976263669643166,3.9484838060195564,0,0,0,0,0,0,1.0,1.0,0.2,0.2
28,300,1,odam,roi_cls,0.17582252621650696,0.11239976435899734,0.0,0.05508149415254593,0.0,0.0,0.0,0.0,0.9999999835963346,0.9999999835963346,0.010377866560245605,0,0,0,0,0,0,1.0,1.0,0.2,0.2
28,300,1,odam,roi_reg,0.17582252621650696,0.11239976435899734,-0.12769044890353673,0.0735044926404953,0.06472752243280411,0.06472752243280411,0.880592738043664,0.17611854760873283,0.9775112106143564,0.9844064218123812,10.1315639986,1,0,0,0,0,0,1.0,1.0,0.2,0.2
28,400,1,odam,backbone,0.5811676979064941,0.6546065807342529,0.2367960551781119,3.3701305389404297,0.8663784861564636,0.8663784861564636,0.25707564622373746,0.051415129244747504,1.012175128509358,0.9987846812003979,2.825053858602443,0,0,0,0,0,0,1.0,1.0,0.2,0.2
28,400,1,odam,fpn,0.5811676979064941,0.6546065807342529,0.16164443586590713,1.7813581228256226,0.652382493019104,0.652382493019104,0.3662275904321154,0.07324551808642307,1.0118396727639782,0.9974580444680823,4.086143778588675,0,0,0,0,0,0,1.0,1.0,0.2,0.2
28,400,1,odam,rpn,0.5811676979064941,0.6546065807342529,0.0,0.34542596340179443,0.0,0.0,0.0,0.0,1.0000000625728966,1.0000000625728966,0.0,0,0,0,0,0,0,1.0,1.0,0.2,0.2
28,400,1,odam,roi_shared,0.5811676979064941,0.6546065807342529,-0.07669757634332408,2.3966481685638428,0.38941529393196106,0.38941529393196106,0.16248329606314832,0.03249665921262967,0.9975076586422741,0.9994729441199014,1.8603087908613345,1,0,0,0,0,0,1.0,1.0,0.2,0.2
28,400,1,odam,roi_cls,0.5811676979064941,0.6546065807342529,0.0,0.4002315104007721,0.0,0.0,0.0,0.0,1.0000000040151078,1.0000000040151078,0.0,0,0,0,0,0,0,1.0,1.0,0.2,0.2
28,400,1,odam,roi_reg,0.5811676979064941,0.6546065807342529,-0.2640551250953211,0.21353402733802795,0.21856112778186798,0.21856112778186798,1.0235423857570112,0.20470847715140225,0.9459457628713661,0.9789037458902693,11.789809107988162,1,1,0,0,0,0,1.0,1.0,0.2,0.2
28,500,1,odam,backbone,0.09789997339248657,4.213564872741699,-0.7963143281683878,0.8002508878707886,19.370849609375,19.370849609375,24.20597078113169,4.841194156226338,-2.85511264583623,-0.6980959397847851,134.27443990190443,1,1,1,1,0,0,1.0,1.0,0.2,0.2
28,500,1,odam,fpn,0.09789997339248657,4.213564872741699,-0.5967019780486891,0.3760068714618683,8.006394386291504,8.006394386291504,21.293212954230412,4.258642590846083,-1.5411405562332297,-0.41109862780401685,114.27386758490817,1,1,1,1,0,0,1.0,1.0,0.2,0.2
28,500,1,odam,rpn,0.09789997339248657,4.213564872741699,0.0,0.07530806213617325,0.0,0.0,0.0,0.0,1.0000000754498397,1.0000000754498397,0.0,0,0,0,0,0,0,1.0,1.0,0.2,0.2
28,500,1,odam,roi_shared,0.09789997339248657,4.213564872741699,-0.21467675909050185,0.5471209287643433,14.8900785446167,14.8900785446167,27.2153335063338,5.44306670126676,-0.16850002640650008,-0.0316798911867183,91.81542781207705,1,1,1,1,0,0,1.0,1.0,0.2,0.2
28,500,1,odam,roi_cls,0.09789997339248657,4.213564872741699,0.0,0.06092796102166176,0.0,0.0,0.0,0.0,0.9999999886596934,0.9999999886596934,0.008628792561076742,0,0,0,0,0,0,1.0,1.0,0.2,0.2
28,500,1,odam,roi_reg,0.09789997339248657,4.213564872741699,-0.2470354311824372,0.09581688791513443,7.4436726570129395,7.4436726570129395,77.68643731787493,15.537287463574987,-2.838260564028127,-0.18525382952848327,100.6759315677131,1,1,1,1,0,0,1.0,1.0,0.2,0.2
28,600,1,odam,backbone,0.45422953367233276,0.43958428502082825,-0.09341975260723372,1.513770580291748,1.1959054470062256,1.1959054470062256,0.7900176305287552,0.15800352610575105,0.9852393485172755,0.9874915746183406,9.071783727593566,1,0,0,0,0,0,1.0,1.0,0.2,0.2
28,600,1,odam,fpn,0.45422953367233276,0.43958428502082825,-0.01711010139583993,0.698777973651886,0.8309457302093506,0.8309457302093506,1.1891412745406702,0.23782825490813406,0.9959308871991337,0.9726593412479876,13.42878146516602,1,1,0,0,0,0,1.0,1.0,0.2,0.2
28,600,1,odam,rpn,0.45422953367233276,0.43958428502082825,0.0,0.3097047805786133,0.0,0.0,0.0,0.0,1.0000000250991086,1.0000000250991086,0.0,0,0,0,0,0,0,1.0,1.0,0.2,0.2
28,600,1,odam,roi_shared,0.45422953367233276,0.43958428502082825,-0.09634745487152672,1.182114839553833,0.05622537434101105,0.05622537434101105,0.047563377482201526,0.009512675496440305,0.9990836177107353,0.9999551740687104,0.5425052097226957,1,0,0,0,0,0,1.0,1.0,0.2,0.2
28,600,1,odam,roi_cls,0.45422953367233276,0.43958428502082825,0.0,0.1233639121055603,0.0,0.0,0.0,0.0,1.0000000505171907,1.0000000505171907,0.0,0,0,0,0,0,0,1.0,1.0,0.2,0.2
28,600,1,odam,roi_reg,0.45422953367233276,0.43958428502082825,0.17470021836934393,0.121461883187294,0.029454795643687248,0.029454795643687248,0.24250237910660422,0.048500475821320846,1.00847304114857,0.9988806889049753,2.7111500350941826,0,0,0,0,0,0,1.0,1.0,0.2,0.2
28,700,1,odam,backbone,0.17078322172164917,0.24914753437042236,-0.40753792498730096,1.2675292491912842,13.681856155395508,13.681856155395508,10.79411474261827,2.158822948523654,0.12019756323501546,0.06085728800191518,86.51097831829787,1,1,1,0,0,0,1.0,1.0,0.2,0.2
28,700,1,odam,fpn,0.17078322172164917,0.24914753437042236,-0.28690418359899655,0.6218001842498779,3.219434976577759,3.219434976577759,5.1776037674572155,1.0355207534914432,0.7029048439523911,0.5781529126713738,54.67926704900507,1,1,1,0,0,0,1.0,1.0,0.2,0.2
28,700,1,odam,rpn,0.17078322172164917,0.24914753437042236,0.0,0.29923367500305176,0.0,0.0,0.0,0.0,0.9999999417623567,0.9999999417623567,0.0195541763810442,0,0,0,0,0,0,1.0,1.0,0.2,0.2
28,700,1,odam,roi_shared,0.17078322172164917,0.24914753437042236,-0.11766127249388442,0.6216198801994324,3.1285617351531982,3.1285617351531982,5.032917760206561,1.0065835520413124,0.8815640701343465,0.6614408241515527,48.59014898334254,1,1,1,0,0,0,1.0,1.0,0.2,0.2
28,700,1,odam,roi_cls,0.17078322172164917,0.24914753437042236,0.0,0.10346657037734985,0.0,0.0,0.0,0.0,1.0000000144583174,1.0000000144583174,0.0,0,0,0,0,0,0,1.0,1.0,0.2,0.2
28,700,1,odam,roi_reg,0.17078322172164917,0.24914753437042236,-0.6458320937293988,0.09648634493350983,0.6006625890731812,0.6006625890731812,6.225363697703615,1.245072739540723,0.19589196507128986,0.2018335675037735,78.35579841386601,1,1,1,0,0,0,1.0,1.0,0.2,0.2
29,0,1,odam,backbone,0.3282441794872284,2.2032392024993896,-0.027957152920387855,1.1689159870147705,2.3782174587249756,2.3782174587249756,2.034549518651527,0.4069099037303054,0.9886237952220441,0.9247865395487048,22.36381103516734,1,1,0,0,0,0,1.0,1.0,0.2,0.2
29,0,1,odam,fpn,0.3282441794872284,2.2032392024993896,0.002673490176892577,0.6152881383895874,1.3626376390457153,1.3626376390457153,2.214633362853685,0.442926672570737,1.0011842961397015,0.9145037398249581,23.86465044836519,0,1,0,0,0,0,1.0,1.0,0.2,0.2
29,0,1,odam,rpn,0.3282441794872284,2.2032392024993896,0.0,0.45473936200141907,0.0,0.0,0.0,0.0,0.999999984921382,0.999999984921382,0.00994989277456542,0,0,0,0,0,0,1.0,1.0,0.2,0.2
29,0,1,odam,roi_shared,0.3282441794872284,2.2032392024993896,-0.06183507771694478,0.8313314914703369,3.585042953491211,3.585042953491211,4.312410861701527,0.8624821723403053,0.9466682597523731,0.7398528671528974,42.28111638165476,1,1,0,0,0,0,1.0,1.0,0.2,0.2
29,0,1,odam,roi_cls,0.3282441794872284,2.2032392024993896,0.0,0.11045783013105392,0.0,0.0,0.0,0.0,1.0000000583988697,1.0000000583988697,0.0,0,0,0,0,0,0,1.0,1.0,0.2,0.2
29,0,1,odam,roi_reg,0.3282441794872284,2.2032392024993896,-0.235833695597245,0.10002923756837845,1.919826626777649,1.919826626777649,19.192654802205055,3.838530960441011,0.09474505534043998,0.025390864045167993,88.54505429051463,1,1,1,0,0,0,1.0,1.0,0.2,0.2
29,100,1,odam,backbone,0.18643827736377716,3.468658208847046,-0.007587501797386577,0.8428750038146973,4.900750637054443,4.900750637054443,5.814326697166896,1.1628653394333792,0.9911771298703363,0.648700470486533,49.55630557405156,1,1,1,0,0,0,1.0,1.0,0.2,0.2
29,100,1,odam,fpn,0.18643827736377716,3.468658208847046,0.03351628779754344,0.3927157521247864,2.869431257247925,2.869431257247925,7.306636522021037,1.4613273044042074,1.0489781143981174,0.5833570421539768,54.312992824113984,0,1,1,0,0,0,1.0,1.0,0.2,0.2
29,100,1,odam,rpn,0.18643827736377716,3.468658208847046,0.0,0.14614570140838623,0.0,0.0,0.0,0.0,0.9999999277054069,0.9999999277054069,0.021786654269355908,0,0,0,0,0,0,1.0,1.0,0.2,0.2
29,100,1,odam,roi_shared,0.18643827736377716,3.468658208847046,-0.037833256591388524,0.5929421186447144,5.297590255737305,5.297590255737305,8.934413814026211,1.7868827628052422,0.932396388978661,0.46286921241774126,62.42759192463297,1,1,1,0,0,0,1.0,1.0,0.2,0.2
29,100,1,odam,roi_cls,0.18643827736377716,3.468658208847046,0.0,0.07513503730297089,0.0,0.0,0.0,0.0,0.9999999802426074,0.9999999802426074,0.01138944196491849,0,0,0,0,0,0,1.0,1.0,0.2,0.2
29,100,1,odam,roi_reg,0.18643827736377716,3.468658208847046,-0.10496861614492639,0.03555649146437645,3.394132614135742,3.394132614135742,95.45746709953866,19.091493419907735,-1.0040077732834012,-0.05280763064709819,93.02706237620039,1,1,1,1,0,0,1.0,1.0,0.2,0.2
29,200,1,odam,backbone,0.2139277458190918,1.1185716390609741,-0.48067965791159123,0.9845819473266602,2.377894639968872,2.377894639968872,2.415131260963436,0.48302625219268724,0.7678192527613542,0.875606958845409,28.883109412626343,1,1,0,0,0,0,1.0,1.0,0.2,0.2
29,200,1,odam,fpn,0.2139277458190918,1.1185716390609741,-0.2569403773409338,0.41593411564826965,1.2002023458480835,1.2002023458480835,2.885558795718075,0.577111759143615,0.8517167010567486,0.8365892674291525,33.218311949850985,1,1,0,0,0,0,1.0,1.0,0.2,0.2
29,200,1,odam,rpn,0.2139277458190918,1.1185716390609741,0.0,0.18411041796207428,0.0,0.0,0.0,0.0,0.999999931150813,0.999999931150813,0.02126116416991687,0,0,0,0,0,0,1.0,1.0,0.2,0.2
29,200,1,odam,roi_shared,0.2139277458190918,1.1185716390609741,-0.17611885181545778,0.67862468957901,3.132044553756714,3.132044553756714,4.615282352458619,0.9230564704917241,0.8374324920496341,0.6777114199419394,47.334936858249854,1,1,0,0,0,0,1.0,1.0,0.2,0.2
29,200,1,odam,roi_cls,0.2139277458190918,1.1185716390609741,0.0,0.0862458348274231,0.0,0.0,0.0,0.0,1.0000000524576564,1.0000000524576564,0.0,0,0,0,0,0,0,1.0,1.0,0.2,0.2
29,200,1,odam,roi_reg,0.2139277458190918,1.1185716390609741,-0.7074185523335887,0.09072365611791611,1.4127601385116577,1.4127601385116577,15.57212527541277,3.114425055082554,-1.2032023399929117,-0.4796247140480217,118.66089436769349,1,1,1,1,0,0,1.0,1.0,0.2,0.2
29,300,1,odam,backbone,0.27375826239585876,0.34246689081192017,-0.14017171440513213,1.5267277956008911,1.9150959253311157,1.9150959253311157,1.2543794190747475,0.2508758838149495,0.9648342429322412,0.9684204726364604,14.437434252294029,1,1,0,0,0,0,1.0,1.0,0.2,0.2
29,300,1,odam,fpn,0.27375826239585876,0.34246689081192017,-0.10902444873655481,0.7586143612861633,1.2923990488052368,1.2923990488052368,1.7036311395609345,0.34072622791218693,0.9628524652020621,0.9433388368408984,19.37994988353358,1,1,0,0,0,0,1.0,1.0,0.2,0.2
29,300,1,odam,rpn,0.27375826239585876,0.34246689081192017,0.0,0.2153283953666687,0.0,0.0,0.0,0.0,0.9999999457332568,0.9999999457332568,0.018875762809279904,0,0,0,0,0,0,1.0,1.0,0.2,0.2
29,300,1,odam,roi_shared,0.27375826239585876,0.34246689081192017,-0.08061853120657987,1.1012237071990967,0.07102737575769424,0.07102737575769424,0.06449858942680099,0.012899717885360198,0.9989600041826905,0.9999171943062912,0.7373449786753654,1,0,0,0,0,0,1.0,1.0,0.2,0.2
29,300,1,odam,roi_cls,0.27375826239585876,0.34246689081192017,0.0,0.14866825938224792,0.0,0.0,0.0,0.0,0.9999999293515588,0.9999999293515588,0.021537184316799282,0,0,0,0,0,0,1.0,1.0,0.2,0.2
29,300,1,odam,roi_reg,0.27375826239585876,0.34246689081192017,-0.5289331275614226,0.12862420082092285,0.036650750786066055,0.036650750786066055,0.28494443932128366,0.05698888786425674,0.969856795247548,0.9987590318795937,2.854715710107063,1,0,0,0,0,0,1.0,1.0,0.2,0.2
29,400,1,odam,backbone,0.30163854360580444,0.7327356934547424,-0.4938400479535601,1.3036870956420898,1.1508997678756714,1.1508997678756714,0.8828036817445309,0.1765607363489062,0.9128073062039702,0.9861485007707723,9.547476579996147,1,0,0,0,0,0,1.0,1.0,0.2,0.2
29,400,1,odam,fpn,0.30163854360580444,0.7327356934547424,-0.3380113958947759,0.5410296320915222,0.7459167242050171,0.7459167242050171,1.3786984667021631,0.27573969334043263,0.9067967536608725,0.9614046486185882,15.97025800067053,1,1,0,0,0,0,1.0,1.0,0.2,0.2
29,400,1,odam,rpn,0.30163854360580444,0.7327356934547424,0.0,0.25158068537712097,0.0,0.0,0.0,0.0,1.0000000762932906,1.0000000762932906,0.0,0,0,0,0,0,0,1.0,1.0,0.2,0.2
29,400,1,odam,roi_shared,0.30163854360580444,0.7327356934547424,-0.2051324088861111,0.825049102306366,1.3064755201339722,1.3064755201339722,1.583512443661611,0.31670248873232226,0.935034055546667,0.9492028798259812,18.34057510233799,1,1,0,0,0,0,1.0,1.0,0.2,0.2
29,400,1,odam,roi_cls,0.30163854360580444,0.7327356934547424,0.0,0.14259500801563263,0.0,0.0,0.0,0.0,0.9999999258657274,0.9999999258657274,0.022062115215151237,0,0,0,0,0,0,1.0,1.0,0.2,0.2
29,400,1,odam,roi_reg,0.30163854360580444,0.7327356934547424,-0.5348025857165422,0.14761750400066376,0.7053132057189941,0.7053132057189941,4.777978129990754,0.9555956259981508,0.4889449102344216,0.5179742767303324,58.80353218110302,1,1,0,0,0,0,1.0,1.0,0.2,0.2
29,500,1,odam,backbone,0.28218236565589905,1.634692907333374,-0.4071874067309522,0.8987248539924622,2.1384763717651367,2.1384763717651367,2.3794561397353684,0.4758912279470737,0.8062233270751387,0.8802283924762689,28.330073449781544,1,1,0,0,0,0,1.0,1.0,0.2,0.2
29,500,1,odam,fpn,0.28218236565589905,1.634692907333374,-0.31764941207211245,0.47684937715530396,1.234220027923584,1.234220027923584,2.5882806753076952,0.5176561350615391,0.8355668012287699,0.8622335464665231,30.431702009093318,1,1,0,0,0,0,1.0,1.0,0.2,0.2
29,500,1,odam,rpn,0.28218236565589905,1.634692907333374,0.0,0.20904472470283508,0.0,0.0,0.0,0.0,0.9999999939120333,0.9999999939120333,0.006322280556385151,0,0,0,0,0,0,1.0,1.0,0.2,0.2
29,500,1,odam,roi_shared,0.28218236565589905,1.634692907333374,-0.16223349514682114,0.8576946258544922,2.5855607986450195,2.5855607986450195,3.0145470435577377,0.6029094087115476,0.902187804317698,0.8348312548276763,33.4017286190647,1,1,0,0,0,0,1.0,1.0,0.2,0.2
29,500,1,odam,roi_cls,0.28218236565589905,1.634692907333374,0.0,0.13080061972141266,0.0,0.0,0.0,0.0,0.9999999785387235,0.9999999785387235,0.011870401436863251,0,0,0,0,0,0,1.0,1.0,0.2,0.2
29,500,1,odam,roi_reg,0.28218236565589905,1.634692907333374,-0.5152618629848903,0.12402110546827316,1.6429764032363892,1.6429764032363892,13.247554898280537,2.649510979656107,-0.365191920777959,-0.1587862266741487,99.13645150560463,1,1,1,1,0,0,1.0,1.0,0.2,0.2
29,600,1,odam,backbone,0.5924323797225952,1.390782356262207,-0.7154353504443817,3.393266439437866,5.535543441772461,5.535543441772461,1.631331798009203,0.32626635960184064,0.7665777542560429,0.9585180847193989,16.56074463739825,1,1,0,0,0,0,1.0,1.0,0.2,0.2
29,600,1,odam,fpn,0.5924323797225952,1.390782356262207,-0.4845853849081675,1.5274714231491089,1.96354341506958,1.96354341506958,1.2854861867212182,0.2570972373442436,0.8754144308131534,0.968549584248932,14.407733760193919,1,1,0,0,0,0,1.0,1.0,0.2,0.2
29,600,1,odam,rpn,0.5924323797225952,1.390782356262207,0.0,0.434649795293808,0.0,0.0,0.0,0.0,0.9999999668680282,0.9999999668680282,0.014748955767887428,0,0,0,0,0,0,1.0,1.0,0.2,0.2
29,600,1,odam,roi_shared,0.5924323797225952,1.390782356262207,-0.16995787477379742,1.6615829467773438,1.9909006357192993,1.9909006357192993,1.1981951545546796,0.2396390309109359,0.9592714779569739,0.9710092472618994,13.830000888319727,1,1,0,0,0,0,1.0,1.0,0.2,0.2
29,600,1,odam,roi_cls,0.5924323797225952,1.390782356262207,0.0,0.20000030100345612,0.0,0.0,0.0,0.0,1.000000040975805,1.000000040975805,0.0,0,0,0,0,0,0,1.0,1.0,0.2,0.2
29,600,1,odam,roi_reg,0.5924323797225952,1.390782356262207,-0.4434731889721458,0.2779983878135681,0.8171029090881348,0.8171029090881348,2.9392361427509504,0.5878472285501901,0.7393055552631225,0.8143556396372871,35.47630126327428,1,1,0,0,0,0,1.0,1.0,0.2,0.2
29,700,1,odam,backbone,0.26240265369415283,0.3137965798377991,-0.2050671838848208,0.9425748586654663,0.7282041311264038,0.7282041311264038,0.7725690160645948,0.15451380321291897,0.9683142570586643,0.98802275241498,8.876680117443895,1,0,0,0,0,0,1.0,1.0,0.2,0.2
29,700,1,odam,fpn,0.26240265369415283,0.3137965798377991,-0.15016213608010176,0.43448877334594727,0.5284464359283447,0.5284464359283447,1.2162487694649518,0.24324975389299036,0.963473029575419,0.9702315640782452,14.015187835664344,1,1,0,0,0,0,1.0,1.0,0.2,0.2
29,700,1,odam,rpn,0.26240265369415283,0.3137965798377991,0.0,0.234903946518898,0.0,0.0,0.0,0.0,1.0000000014138095,1.0000000014138095,0.0,0,0,0,0,0,0,1.0,1.0,0.2,0.2
29,700,1,odam,roi_shared,0.26240265369415283,0.3137965798377991,-0.10710933000897563,0.856907308101654,0.0680881142616272,0.0680881142616272,0.07945796892836159,0.015891593785672318,0.9982979454240092,0.9998748335497839,0.9065382392614618,1,0,0,0,0,0,1.0,1.0,0.2,0.2
29,700,1,odam,roi_cls,0.26240265369415283,0.3137965798377991,0.0,0.10960432142019272,0.0,0.0,0.0,0.0,0.9999999444706346,0.9999999444706346,0.01909409097930296,0,0,0,0,0,0,1.0,1.0,0.2,0.2
29,700,1,odam,roi_reg,0.26240265369415283,0.3137965798377991,-0.244847341096205,0.16427651047706604,0.04211343452334404,0.04211343452334404,0.25635700686023105,0.05127140137204622,0.9874463241095094,0.9987351263304021,2.8820863877289815,1,0,0,0,0,0,1.0,1.0,0.2,0.2
