epoch,step,rank,method,module,loss_det,loss_odam,cosine_raw,det_norm,odam_norm_raw,odam_norm_safe,aux_to_det_raw,aux_to_det_effective,directional_margin,final_cosine_to_det,final_angle_deg,conflict_raw,dominance_raw,dominance_effective,unsafe_descent,projected,cap_active,norm_scale,gate,alpha,effective_weight
0,0,0,odam,backbone,16.616779327392578,1.2327778339385986,-0.03006212369025805,524.3538818359375,38.739139556884766,38.739139556884766,0.07387976116672607,0.014775952233345215,0.9995557338347025,0.9998908148456216,0.8466879483223863,1,0,0,0,0,0,1.0,1.0,0.2,0.2
0,0,0,odam,fpn,16.616779327392578,1.2327778339385986,-0.0041566154987198985,204.1015167236328,12.587602615356445,12.587602615356445,0.061673243871092374,0.012334648774218476,0.9999488145588445,0.9999239958655817,0.7064134989533905,1,0,0,0,0,0,1.0,1.0,0.2,0.2
0,0,0,odam,rpn,16.616779327392578,1.2327778339385986,0.0,422.72674560546875,0.0,0.0,0.0,0.0,1.0000000268599087,1.0000000268599087,0.0,0,0,0,0,0,0,1.0,1.0,0.2,0.2
0,0,0,odam,roi_shared,16.616779327392578,1.2327778339385986,0.0014862090183186223,525.3853759765625,38.5415153503418,38.5415153503418,0.07335856137735577,0.014671712275471155,1.0000218063778346,0.9998924045112934,0.8405016214143209,0,0,0,0,0,0,1.0,1.0,0.2,0.2
0,0,0,odam,roi_cls,16.616779327392578,1.2327778339385986,0.0,752.1109619140625,0.0,0.0,0.0,0.0,1.0000000680054493,1.0000000680054493,0.0,0,0,0,0,0,0,1.0,1.0,0.2,0.2
0,0,0,odam,roi_reg,16.616779327392578,1.2327778339385986,-0.744693081045967,215.95838928222656,319.9901123046875,319.9901123046875,1.4817211471535214,0.2963442294307043,0.7793145336621001,0.969271929899976,14.240448815358748,1,1,0,0,0,0,1.0,1.0,0.2,0.2
0,100,0,odam,backbone,0.14958705008029938,0.10600602626800537,-0.04108703201622008,4.030667781829834,9.898796081542969,9.898796081542969,2.455869999052399,0.49117399981047977,0.9798192033081172,0.8941168999568786,26.604777273684427,1,1,0,0,0,0,1.0,1.0,0.2,0.2
0,100,0,odam,fpn,0.14958705008029938,0.10600602626800537,0.05584350743734725,0.9892045855522156,2.4198873043060303,2.4198873043060303,2.446296084399111,0.4892592168798222,1.0273218299219475,0.9031008718760891,25.43129520573735,0,1,0,0,0,0,1.0,1.0,0.2,0.2
0,100,0,odam,rpn,0.14958705008029938,0.10600602626800537,0.0,2.1354382038116455,0.0,0.0,0.0,0.0,1.0000000917577876,1.0000000917577876,0.0,0,0,0,0,0,0,1.0,1.0,0.2,0.2
0,100,0,odam,roi_shared,0.14958705008029938,0.10600602626800537,0.07392821472784751,1.0571348667144775,0.8958679437637329,0.8958679437637329,0.847449054961214,0.1694898109922428,1.0125299043928129,0.9863510140292671,9.47726529594666,0,0,0,0,0,0,1.0,1.0,0.2,0.2
0,100,0,odam,roi_cls,0.14958705008029938,0.10600602626800537,0.0,0.9920727610588074,0.0,0.0,0.0,0.0,0.9999999818924141,0.9999999818924141,0.010903549703999314,0,0,0,0,0,0,1.0,1.0,0.2,0.2
0,100,0,odam,roi_reg,0.14958705008029938,0.10600602626800537,0.30936757424651046,0.24973905086517334,0.5244494676589966,0.5244494676589966,2.099989832755996,0.41999796655119925,1.1299338429507222,0.9428347673709236,19.466798214368314,0,1,0,0,0,0,1.0,1.0,0.2,0.2
0,200,0,odam,backbone,0.2873467206954956,1.8132573366165161,-0.18311281205169874,2.6591553688049316,41.1104736328125,41.1104736328125,15.459974289237648,3.09199485784753,0.4338158323841247,0.1412843770837916,81.87782557538515,1,1,1,0,0,0,1.0,1.0,0.2,0.2
0,200,0,odam,fpn,0.2873467206954956,1.8132573366165161,-0.23897485846071295,0.7084577083587646,7.60792875289917,7.60792875289917,10.738719704982724,2.147743940996545,0.4867430137872119,0.2272840439478283,76.86277539064733,1,1,1,0,0,0,1.0,1.0,0.2,0.2
0,200,0,odam,rpn,0.2873467206954956,1.8132573366165161,0.0,0.9351069331169128,0.0,0.0,0.0,0.0,1.0000000201601438,1.0000000201601438,0.0,0,0,0,0,0,0,1.0,1.0,0.2,0.2
0,200,0,odam,roi_shared,0.2873467206954956,1.8132573366165161,-0.17842615132551917,1.156009316444397,18.77077293395996,18.77077293395996,16.23756198755758,3.247512397511516,0.4205587412430009,0.13048845714615806,82.50218071134532,1,1,1,0,0,0,1.0,1.0,0.2,0.2
0,200,0,odam,roi_cls,0.2873467206954956,1.8132573366165161,0.0,0.9788674116134644,0.0,0.0,0.0,0.0,1.0000000326779324,1.0000000326779324,0.0,0,0,0,0,0,0,1.0,1.0,0.2,0.2
0,200,0,odam,roi_reg,0.2873467206954956,1.8132573366165161,-0.14223995364742217,0.41222286224365234,12.460257530212402,12.460257530212402,30.226992899892885,6.045398579978578,0.1401027674097805,0.023406753808110112,88.65876930429762,1,1,1,0,0,0,1.0,1.0,0.2,0.2
0,300,0,odam,backbone,0.08997411280870438,0.3438652455806732,0.10523393328842506,1.5056520700454712,14.912633895874023,14.912633895874023,9.904435554904564,1.980887110980913,1.2084565956414577,0.5229098372208816,58.4723591917115,0,1,1,0,0,0,1.0,1.0,0.2,0.2
0,300,0,odam,fpn,0.08997411280870438,0.3438652455806732,0.03473898690418385,0.43180105090141296,5.976624011993408,5.976624011993408,13.841152075746027,2.7682304151492056,1.0961653832309257,0.36835896716861605,68.38555391392904,0,1,1,0,0,0,1.0,1.0,0.2,0.2
0,300,0,odam,rpn,0.08997411280870438,0.3438652455806732,0.0,0.7309414148330688,0.0,0.0,0.0,0.0,1.0000000019403779,1.0000000019403779,0.0,0,0,0,0,0,0,1.0,1.0,0.2,0.2
0,300,0,odam,roi_shared,0.08997411280870438,0.3438652455806732,-0.024665373830624893,0.6641884446144104,0.24659310281276703,0.24659310281276703,0.3712697876819052,0.07425395753638105,0.9981684615780745,0.9972461422886522,4.253124487338811,1,0,0,0,0,0,1.0,1.0,0.2,0.2
0,300,0,odam,roi_cls,0.08997411280870438,0.3438652455806732,0.0,0.3943368196487427,0.0,0.0,0.0,0.0,1.0000000144288566,1.0000000144288566,0.0,0,0,0,0,0,0,1.0,1.0,0.2,0.2
0,300,0,odam,roi_reg,0.08997411280870438,0.3438652455806732,0.03614129180774272,0.18471121788024902,0.05070017650723457,0.05070017650723457,0.27448347257449324,0.05489669451489864,1.001984081310412,0.9985044723399519,3.1339278580402508,0,0,0,0,0,0,1.0,1.0,0.2,0.2
0,400,0,odam,backbone,0.22426825761795044,0.7316387891769409,-0.34205083448497026,2.2524564266204834,11.762407302856445,11.762407302856445,5.22203544709826,1.044407089419652,0.6427596361272068,0.5478871419143654,56.77781751694148,1,1,1,0,0,0,1.0,1.0,0.2,0.2
0,400,0,odam,fpn,0.22426825761795044,0.7316387891769409,-0.19564178439407406,0.5754296779632568,2.520082473754883,2.520082473754883,4.379479492046287,0.8758958984092574,0.8286382251517894,0.6942858510368765,46.029663946481215,1,1,0,0,0,0,1.0,1.0,0.2,0.2
0,400,0,odam,rpn,0.22426825761795044,0.7316387891769409,0.0,0.6706119775772095,0.0,0.0,0.0,0.0,1.0000000396358666,1.0000000396358666,0.0,0,0,0,0,0,0,1.0,1.0,0.2,0.2
0,400,0,odam,roi_shared,0.22426825761795044,0.7316387891769409,-0.380974175134109,0.743217408657074,3.648693799972534,3.648693799972534,4.909322302562034,0.9818644605124067,0.6259349634588462,0.5676429706829059,55.4139740593946,1,1,0,0,0,0,1.0,1.0,0.2,0.2
0,400,0,odam,roi_cls,0.22426825761795044,0.7316387891769409,0.0,0.32031381130218506,0.0,0.0,0.0,0.0,0.99999994552043,0.99999994552043,0.018912740671596307,0,0,0,0,0,0,1.0,1.0,0.2,0.2
0,400,0,odam,roi_reg,0.22426825761795044,0.7316387891769409,-0.8244567748066817,0.5067636966705322,2.4214651584625244,2.4214651584625244,4.778292475115513,0.9556584950231026,0.2121009450035451,0.36510294795355086,68.58608156737608,1,1,0,0,0,0,1.0,1.0,0.2,0.2
0,500,0,odam,backbone,0.20873719453811646,0.5912320613861084,-0.03457889732529079,1.3359633684158325,9.070775985717773,9.070775985717773,6.789689148792888,1.3579378297585776,0.9530439402529733,0.5746984737311152,54.921481138634206,1,1,1,0,0,0,1.0,1.0,0.2,0.2
0,500,0,odam,fpn,0.20873719453811646,0.5912320613861084,-0.06185627007160931,0.4817389249801636,3.1188011169433594,3.1188011169433594,6.4740484009503305,1.2948096801900661,0.9199078332427499,0.57990786310586,54.55593751781558,1,1,1,0,0,0,1.0,1.0,0.2,0.2
0,500,0,odam,rpn,0.20873719453811646,0.5912320613861084,0.0,0.7851905822753906,0.0,0.0,0.0,0.0,0.9999999497488906,0.9999999497488906,0.018163956747631747,0,0,0,0,0,0,1.0,1.0,0.2,0.2
0,500,0,odam,roi_shared,0.20873719453811646,0.5912320613861084,-0.5167322557340431,0.48675093054771423,5.402945041656494,5.402945041656494,11.100019953894808,2.2200039907789617,-0.14714776392741963,-0.07718873413724207,94.4269922135298,1,1,1,1,0,0,1.0,1.0,0.2,0.2
0,500,0,odam,roi_cls,0.20873719453811646,0.5912320613861084,0.0,0.15804262459278107,0.0,0.0,0.0,0.0,1.0000000942417062,1.0000000942417062,0.0,0,0,0,0,0,0,1.0,1.0,0.2,0.2
0,500,0,odam,roi_reg,0.20873719453811646,0.5912320613861084,-0.7659521231875861,0.2457457035779953,2.9756219387054443,2.9756219387054443,12.108541046216237,2.4217082092432474,-0.8549126570974387,-0.4813186292696468,118.77155923403068,1,1,1,1,0,0,1.0,1.0,0.2,0.2
0,600,0,odam,backbone,0.18700747191905975,0.6445655822753906,0.07004439535114985,2.1556055545806885,4.404102802276611,4.404102802276611,2.043093084872526,0.40861861697450524,1.0286215540439643,0.9296667223954451,21.6170774229139,0,1,0,0,0,0,1.0,1.0,0.2,0.2
0,600,0,odam,fpn,0.18700747191905975,0.6445655822753906,0.05998706727993796,0.521266520023346,1.990582823753357,1.990582823753357,3.81874290269823,0.763748580539646,1.0458150247674955,0.808081151298683,36.09112385481814,0,1,0,0,0,0,1.0,1.0,0.2,0.2
0,600,0,odam,rpn,0.18700747191905975,0.6445655822753906,0.0,0.49926745891571045,0.0,0.0,0.0,0.0,0.9999999992993999,0.9999999992993999,0.0021447305505448446,0,0,0,0,0,0,1.0,1.0,0.2,0.2
0,600,0,odam,roi_shared,0.18700747191905975,0.6445655822753906,-0.02828279276581087,0.7382659912109375,1.3011044263839722,1.3011044263839722,1.7623789282909286,0.3524757856581857,0.9900310553350541,0.9421174998857662,19.58974125973558,1,1,0,0,0,0,1.0,1.0,0.2,0.2
0,600,0,odam,roi_cls,0.18700747191905975,0.6445655822753906,0.0,0.5031653046607971,0.0,0.0,0.0,0.0,0.9999999779865063,0.9999999779865063,0.012022149321283983,0,0,0,0,0,0,1.0,1.0,0.2,0.2
0,600,0,odam,roi_reg,0.18700747191905975,0.6445655822753906,0.017994095851677213,0.21842750906944275,0.8289088606834412,0.8289088606834412,3.79489224692808,0.758978449385616,1.0136569617352083,0.8005255035028438,36.8196864162483,0,1,0,0,0,0,1.0,1.0,0.2,0.2
0,700,0,odam,backbone,0.24724218249320984,0.5289403200149536,-0.22872725279742517,2.1669604778289795,6.361227989196777,6.361227989196777,2.935553303477839,0.5871106606955679,0.8657117212053296,0.8345309781562511,33.432968023137576,1,1,0,0,0,0,1.0,1.0,0.2,0.2
0,700,0,odam,fpn,0.24724218249320984,0.5289403200149536,-0.11479257098078025,0.7315793633460999,1.6140284538269043,1.6140284538269043,2.206224689614885,0.44124493792297703,0.9493484991882398,0.9078986317435658,24.783445692661424,1,1,0,0,0,0,1.0,1.0,0.2,0.2
0,700,0,odam,rpn,0.24724218249320984,0.5289403200149536,0.0,1.2046459913253784,0.0,0.0,0.0,0.0,0.9999999383833854,0.9999999383833854,0.020113449018712384,0,0,0,0,0,0,1.0,1.0,0.2,0.2
0,700,0,odam,roi_shared,0.24724218249320984,0.5289403200149536,-0.157435065760767,0.893057644367218,2.6126792430877686,2.6126792430877686,2.9255437871975216,0.5851087574395044,0.9078834211111247,0.8436328960169992,32.474243493757136,1,1,0,0,0,0,1.0,1.0,0.2,0.2
0,700,0,odam,roi_cls,0.24724218249320984,0.5289403200149536,0.0,0.3887350559234619,0.0,0.0,0.0,0.0,0.9999999797471617,0.9999999797471617,0.01153136127142508,0,0,0,0,0,0,1.0,1.0,0.2,0.2
0,700,0,odam,roi_reg,0.24724218249320984,0.5289403200149536,-0.39191503356619445,0.5394330024719238,1.1549988985061646,1.1549988985061646,2.1411350310667716,0.42822700621335436,0.8321712800821809,0.9038289800547907,25.33397471651459,1,1,0,0,0,0,1.0,1.0,0.2,0.2
1,0,0,odam,backbone,0.1538296937942505,0.5491346716880798,-0.2714818020487766,0.4943828880786896,8.901609420776367,8.901609420776367,18.005496620990495,3.601099324198099,0.022367027074525408,0.006453403464641238,89.63024465145314,1,1,1,0,0,0,1.0,1.0,0.2,0.2
1,0,0,odam,fpn,0.1538296937942505,0.5491346716880798,-0.03564772520810395,0.19530120491981506,4.394585609436035,4.394585609436035,22.501579604899636,4.5003159209799275,0.8395738614784735,0.18350741442678653,79.4258761635322,1,1,1,0,0,0,1.0,1.0,0.2,0.2
1,0,0,odam,rpn,0.1538296937942505,0.5491346716880798,0.0,0.30438825488090515,0.0,0.0,0.0,0.0,0.9999999934557909,0.9999999934557909,0.006554902149236143,0,0,0,0,0,0,1.0,1.0,0.2,0.2
1,0,0,odam,roi_shared,0.1538296937942505,0.5491346716880798,-0.135545849868439,0.4020896852016449,3.1533596515655518,3.1533596515655518,7.842428611378494,1.568485722275699,0.7873983794525231,0.45197998757804436,63.12921096718174,1,1,1,0,0,0,1.0,1.0,0.2,0.2
1,0,0,odam,roi_cls,0.1538296937942505,0.5491346716880798,0.0,0.18863871693611145,0.0,0.0,0.0,0.0,0.999999992265278,0.999999992265278,0.007126232447038637,0,0,0,0,0,0,1.0,1.0,0.2,0.2
1,0,0,odam,roi_reg,0.1538296937942505,0.5491346716880798,0.23707893604711547,0.2077484279870987,2.120845317840576,2.120845317840576,10.208718970293639,2.0417437940587275,1.4840544356311578,0.5990704178322965,53.19664980289494,0,1,1,0,0,0,1.0,1.0,0.2,0.2
1,100,0,odam,backbone,0.1773691624403,3.0410871505737305,-0.029980592330513554,1.4346095323562622,8.539383888244629,8.539383888244629,5.952409833928254,1.1904819667856508,0.9643085956543653,0.6295998225078515,50.979395665870236,1,1,1,0,0,0,1.0,1.0,0.2,0.2
1,100,0,odam,fpn,0.1773691624403,3.0410871505737305,-0.0030849686779451245,0.5146316289901733,2.787978172302246,2.787978172302246,5.417424843810914,1.0834849687621828,0.9966574400713925,0.67700353363087,47.390069980628596,1,1,1,0,0,0,1.0,1.0,0.2,0.2
1,100,0,odam,rpn,0.1773691624403,3.0410871505737305,0.0,0.6725337505340576,0.0,0.0,0.0,0.0,1.0000000124518431,1.0000000124518431,0.0,0,0,0,0,0,0,1.0,1.0,0.2,0.2
1,100,0,odam,roi_shared,0.1773691624403,3.0410871505737305,0.00572569581248433,0.728973388671875,7.118866920471191,7.118866920471191,9.765606030476828,1.9531212060953658,1.0111828892306851,0.4597687876988292,62.62781119713685,0,1,1,0,0,0,1.0,1.0,0.2,0.2
1,100,0,odam,roi_cls,0.1773691624403,3.0410871505737305,0.0,0.49891018867492676,0.0,0.0,0.0,0.0,1.0000000176937323,1.0000000176937323,0.0,0,0,0,0,0,0,1.0,1.0,0.2,0.2
1,100,0,odam,roi_reg,0.1773691624403,3.0410871505737305,-0.31428709049602094,0.019580882042646408,6.522886276245117,6.522886276245117,333.12525258252015,66.62505051650403,-19.939394650334492,-0.30066540983061385,107.4975735543073,1,1,1,1,0,0,1.0,1.0,0.2,0.2
1,200,0,odam,backbone,0.06044448912143707,0.00010002159251598641,0.0,0.7889631390571594,0.0,0.0,0.0,0.0,1.0000000544603824,1.0000000544603824,0.0,0,0,0,0,0,0,1.0,1.0,0.2,0.2
1,200,0,odam,fpn,0.06044448912143707,0.00010002159251598641,0.0,0.29249459505081177,0.0,0.0,0.0,0.0,1.0000000772706643,1.0000000772706643,0.0,0,0,0,0,0,0,1.0,1.0,0.2,0.2
1,200,0,odam,rpn,0.06044448912143707,0.00010002159251598641,0.0,0.3936924934387207,0.0,0.0,0.0,0.0,0.9999999555899385,0.9999999555899385,0.01707569225723512,0,0,0,0,0,0,1.0,1.0,0.2,0.2
1,200,0,odam,roi_shared,0.06044448912143707,0.00010002159251598641,0.0,0.4315561354160309,0.0,0.0,0.0,0.0,1.0000000260538562,1.0000000260538562,0.0,0,0,0,0,0,0,1.0,1.0,0.2,0.2
1,200,0,odam,roi_cls,0.06044448912143707,0.00010002159251598641,0.0,0.281984806060791,0.0,0.0,0.0,0.0,1.0000000497065358,1.0000000497065358,0.0,0,0,0,0,0,0,1.0,1.0,0.2,0.2
1,200,0,odam,roi_reg,0.06044448912143707,0.00010002159251598641,0.0,0.01637507975101471,0.0,0.0,0.0,0.0,1.0000000582431519,1.0000000582431519,0.0,0,0,0,0,0,0,1.0,1.0,0.2,0.2
1,300,0,odam,backbone,0.1791984587907791,0.1600421965122223,0.07274017510630836,1.0295815467834473,1.6706267595291138,1.6706267595291138,1.6226269446537567,0.32452538893075134,1.0236061205839222,0.9534698469704666,17.547021385980244,0,1,0,0,0,0,1.0,1.0,0.2,0.2
1,300,0,odam,fpn,0.1791984587907791,0.1600421965122223,0.05386596517635304,0.36243709921836853,0.8916013240814209,0.8916013240814209,2.4600167201543313,0.49200334403086626,1.0265021719800462,0.9020132998960566,25.576018453405283,0,1,0,0,0,0,1.0,1.0,0.2,0.2
1,300,0,odam,rpn,0.1791984587907791,0.1600421965122223,0.0,0.6579053997993469,0.0,0.0,0.0,0.0,0.9999999947783734,0.9999999947783734,0.00585518383905843,0,0,0,0,0,0,1.0,1.0,0.2,0.2
1,300,0,odam,roi_shared,0.1791984587907791,0.1600421965122223,0.12820947714539785,0.2266802042722702,0.7551120519638062,0.7551120519638062,3.3311777461468393,0.6662355492293679,1.085417801576217,0.8541817743689933,31.330542035407788,0,1,0,0,0,0,1.0,1.0,0.2,0.2
1,300,0,odam,roi_cls,0.1791984587907791,0.1600421965122223,0.0,0.07304449379444122,0.0,0.0,0.0,0.0,0.9999999243162428,0.9999999243162428,0.02229148365182043,0,0,0,0,0,0,1.0,1.0,0.2,0.2
1,300,0,odam,roi_reg,0.1791984587907791,0.1600421965122223,-0.1399707778428358,0.1385522037744522,0.6356792449951172,0.6356792449951172,4.588012515700821,0.9176025031401641,0.871562317624124,0.6922572028451754,46.19094730665099,1,1,0,0,0,0,1.0,1.0,0.2,0.2
1,400,0,odam,backbone,0.2088339924812317,0.1720958948135376,-0.136914090789322,0.680233895778656,2.811204433441162,2.811204433441162,4.132702664314027,0.8265405328628056,0.8868347870569412,0.7347454536542155,42.71428835280142,1,1,0,0,0,0,1.0,1.0,0.2,0.2
1,400,0,odam,fpn,0.2088339924812317,0.1720958948135376,-0.05728123892318969,0.19582107663154602,1.7219737768173218,1.7219737768173218,8.793607952924095,1.758721590584819,0.8992583789509614,0.45584730254004285,62.88053557398892,1,1,1,0,0,0,1.0,1.0,0.2,0.2
1,400,0,odam,rpn,0.2088339924812317,0.1720958948135376,0.0,0.3303964138031006,0.0,0.0,0.0,0.0,1.0000000360170784,1.0000000360170784,0.0,0,0,0,0,0,0,1.0,1.0,0.2,0.2
1,400,0,odam,roi_shared,0.2088339924812317,0.1720958948135376,-0.3656677346224916,0.4481221139431,0.75885009765625,0.75885009765625,1.6934002452568198,0.338680049051364,0.8761557304295217,0.9409528595061807,19.787802647092647,1,1,0,0,0,0,1.0,1.0,0.2,0.2
1,400,0,odam,roi_cls,0.2088339924812317,0.1720958948135376,0.0,0.17598393559455872,0.0,0.0,0.0,0.0,1.0000000793623731,1.0000000793623731,0.0,0,0,0,0,0,0,1.0,1.0,0.2,0.2
1,400,0,odam,roi_reg,0.2088339924812317,0.1720958948135376,-0.5821119054122895,0.15867653489112854,0.6948724389076233,0.6948724389076233,4.379175782886805,0.875835156577361,0.49016594043161044,0.5669711770495073,55.46071437072432,1,1,0,0,0,0,1.0,1.0,0.2,0.2
1,500,0,odam,backbone,0.7091264724731445,0.3499404489994049,-0.0991075291768031,4.500941276550293,1.5691115856170654,1.5691115856170654,0.3486185420352112,0.06972370840704224,0.9930897211798552,0.9975682934818423,3.9965132333044817,1,0,0,0,0,0,1.0,1.0,0.2,0.2
1,500,0,odam,fpn,0.7091264724731445,0.3499404489994049,-0.15535275532551387,1.2043616771697998,0.6824432015419006,0.6824432015419006,0.566643072823119,0.1133286145646238,0.9823941580028354,0.9935692723165288,6.501307390515706,1,0,0,0,0,0,1.0,1.0,0.2,0.2
1,500,0,odam,rpn,0.7091264724731445,0.3499404489994049,0.0,1.2869983911514282,0.0,0.0,0.0,0.0,1.0000000355771628,1.0000000355771628,0.0,0,0,0,0,0,0,1.0,1.0,0.2,0.2
1,500,0,odam,roi_shared,0.7091264724731445,0.3499404489994049,-0.3598188313607531,1.502751111984253,0.5762407779693604,0.5762407779693604,0.3834572294599631,0.07669144589199263,0.9724049450496345,0.9973035343984993,4.208552111187681,1,0,0,0,0,0,1.0,1.0,0.2,0.2
1,500,0,odam,roi_cls,0.7091264724731445,0.3499404489994049,0.0,0.8522578477859497,0.0,0.0,0.0,0.0,0.9999999369624191,0.9999999369624191,0.020344049407640386,0,0,0,0,0,0,1.0,1.0,0.2,0.2
1,500,0,odam,roi_reg,0.7091264724731445,0.3499404489994049,-0.5496558948514786,0.6066052317619324,0.43249964714050293,0.43249964714050293,0.7129837075164582,0.14259674150329163,0.9216209957645303,0.9917498636724006,7.36490633185227,1,0,0,0,0,0,1.0,1.0,0.2,0.2
1,600,0,odam,backbone,0.2738216817378998,2.3431732654571533,-0.12315130818212609,1.522702693939209,7.153999328613281,7.153999328613281,4.698224648244361,0.9396449296488724,0.8842816009339807,0.6881004799346838,46.52006714945224,1,1,0,0,0,0,1.0,1.0,0.2,0.2
1,600,0,odam,fpn,0.2738216817378998,2.3431732654571533,-0.07742272372766396,0.4813125729560852,3.798128128051758,3.798128128051758,7.891188266129706,1.5782376532259415,0.87780854523654,0.48718667927030407,60.844162712367776,1,1,1,0,0,0,1.0,1.0,0.2,0.2
1,600,0,odam,rpn,0.2738216817378998,2.3431732654571533,0.0,0.8432032465934753,0.0,0.0,0.0,0.0,1.0000000353885536,1.0000000353885536,0.0,0,0,0,0,0,0,1.0,1.0,0.2,0.2
1,600,0,odam,roi_shared,0.2738216817378998,2.3431732654571533,-0.021632667856952444,0.4012690484523773,11.376996994018555,11.376996994018555,28.35254061557349,5.670508123114699,0.8773318702430782,0.15293414192006066,81.20299713805525,1,1,1,0,0,0,1.0,1.0,0.2,0.2
1,600,0,odam,roi_cls,0.2738216817378998,2.3431732654571533,0.0,0.2383134663105011,0.0,0.0,0.0,0.0,0.9999999612270538,0.9999999612270538,0.01595519193077923,0,0,0,0,0,0,1.0,1.0,0.2,0.2
1,600,0,odam,roi_reg,0.2738216817378998,2.3431732654571533,-0.11238623110445259,0.21745799481868744,7.877002716064453,7.877002716064453,36.223100110125436,7.244620022025088,0.18580440926730635,0.025802154619776654,88.52148135273033,1,1,1,0,0,0,1.0,1.0,0.2,0.2
1,700,0,odam,backbone,0.15494856238365173,0.00010002159251598641,0.004920202710006459,1.2859138250350952,1.1104376307358166e-09,1.1104376307358166e-09,8.635396938091948e-10,1.7270793876183896e-10,1.0000000612545374,1.0000000612545374,0.0,0,0,0,0,0,0,1.0,1.0,0.2,0.2
1,700,0,odam,fpn,0.15494856238365173,0.00010002159251598641,-0.136802987890701,0.5926284790039062,2.8278154817762413e-10,2.8278154817762413e-10,4.771649662414556e-10,9.543299324829114e-11,0.9999999825977898,0.9999999825977898,0.010689067911440205,1,0,0,0,0,0,1.0,1.0,0.2,0.2
1,700,0,odam,rpn,0.15494856238365173,0.00010002159251598641,0.0,0.6833457350730896,0.0,0.0,0.0,0.0,0.9999999151421852,0.9999999151421852,0.023603888541136712,0,0,0,0,0,0,1.0,1.0,0.2,0.2
1,700,0,odam,roi_shared,0.15494856238365173,0.00010002159251598641,0.3442234209018222,0.8607740998268127,3.6718975082727923e-10,3.6718975082727923e-10,4.265808542579959e-10,8.531617085159919e-11,0.9999999951877316,0.9999999951877316,0.005620986594542356,0,0,0,0,0,0,1.0,1.0,0.2,0.2
1,700,0,odam,roi_cls,0.15494856238365173,0.00010002159251598641,0.0,0.5666818618774414,0.0,0.0,0.0,0.0,1.0000000186669284,1.0000000186669284,0.0,0,0,0,0,0,0,1.0,1.0,0.2,0.2
1,700,0,odam,roi_reg,0.15494856238365173,0.00010002159251598641,0.9292345557762631,0.10456089675426483,2.407916366298224e-10,2.407916366298224e-10,2.3028841957593576e-09,4.6057683915187157e-10,0.9999999914522326,0.9999999914522326,0.007491417099939754,0,0,0,0,0,0,1.0,1.0,0.2,0.2
2,0,0,odam,backbone,0.13826356828212738,1.4594504833221436,-0.43862931637915936,0.8294916749000549,44.69355392456055,44.69355392456055,53.88065399203151,10.776130798406301,-3.726727672999061,-0.3591510881148059,111.04807059512237,1,1,1,1,0,0,1.0,1.0,0.2,0.2
2,0,0,odam,fpn,0.13826356828212738,1.4594504833221436,-0.06997583507111599,0.21311154961585999,9.157647132873535,9.157647132873535,42.971144217103536,8.594228843420707,0.3986116407805443,0.046445116999963974,87.33793315220964,1,1,1,0,0,0,1.0,1.0,0.2,0.2
2,0,0,odam,rpn,0.13826356828212738,1.4594504833221436,0.0,0.3274921178817749,0.0,0.0,0.0,0.0,0.9999999819702188,0.9999999819702188,0.010880099307256946,0,0,0,0,0,0,1.0,1.0,0.2,0.2
2,0,0,odam,roi_shared,0.13826356828212738,1.4594504833221436,-0.26684122378824043,0.30893954634666443,13.899481773376465,13.899481773376465,44.99094381973263,8.998188763946526,-1.4010879948015387,-0.15949776413129577,99.1777458673808,1,1,1,1,0,0,1.0,1.0,0.2,0.2
2,0,0,odam,roi_cls,0.13826356828212738,1.4594504833221436,0.0,0.1430193930864334,0.0,0.0,0.0,0.0,1.0000000733578138,1.0000000733578138,0.0,0,0,0,0,0,0,1.0,1.0,0.2,0.2
2,0,0,odam,roi_reg,0.13826356828212738,1.4594504833221436,0.00533337733519268,0.09974752366542816,4.641843795776367,4.641843795776367,46.53593016851204,9.30718603370241,1.0496387626672918,0.11206839318023938,83.56543685173675,0,1,1,0,0,0,1.0,1.0,0.2,0.2
2,100,0,odam,backbone,0.11217477917671204,0.00010002159251598641,0.0,0.9848046898841858,0.0,0.0,0.0,0.0,1.0000000112846872,1.0000000112846872,0.0,0,0,0,0,0,0,1.0,1.0,0.2,0.2
2,100,0,odam,fpn,0.11217477917671204,0.00010002159251598641,0.0,0.27349743247032166,0.0,0.0,0.0,0.0,0.9999999457551281,0.9999999457551281,0.018871958649250935,0,0,0,0,0,0,1.0,1.0,0.2,0.2
2,100,0,odam,rpn,0.11217477917671204,0.00010002159251598641,0.0,0.408537358045578,0.0,0.0,0.0,0.0,1.0000000456192308,1.0000000456192308,0.0,0,0,0,0,0,0,1.0,1.0,0.2,0.2
2,100,0,odam,roi_shared,0.11217477917671204,0.00010002159251598641,0.0,0.3803822696208954,0.0,0.0,0.0,0.0,0.9999999418104034,0.9999999418104034,0.019546108514414132,0,0,0,0,0,0,1.0,1.0,0.2,0.2
2,100,0,odam,roi_cls,0.11217477917671204,0.00010002159251598641,0.0,0.2620067596435547,0.0,0.0,0.0,0.0,1.0000000940661848,1.0000000940661848,0.0,0,0,0,0,0,0,1.0,1.0,0.2,0.2
2,100,0,odam,roi_reg,0.11217477917671204,0.00010002159251598641,0.0,0.04942306503653526,0.0,0.0,0.0,0.0,0.9999999850502681,0.9999999850502681,0.009907277620444048,0,0,0,0,0,0,1.0,1.0,0.2,0.2
2,200,0,odam,backbone,0.31990087032318115,2.4434759616851807,0.4764676487194454,0.914673388004303,2.875657081604004,2.875657081604004,3.1439168552594596,0.628783371051892,1.2995950259704314,0.9202052102016752,23.043899278663243,0,1,0,0,0,0,1.0,1.0,0.2,0.2
2,200,0,odam,fpn,0.31990087032318115,2.4434759616851807,0.20366083077414562,0.5359163284301758,1.341797947883606,1.341797947883606,2.503745224210738,0.5007490448421476,1.101982859079661,0.9136625749574092,23.983496694110304,0,1,0,0,0,0,1.0,1.0,0.2,0.2
2,200,0,odam,rpn,0.31990087032318115,2.4434759616851807,0.0,1.200378656387329,0.0,0.0,0.0,0.0,0.9999999104207468,0.9999999104207468,0.02425165337651995,0,0,0,0,0,0,1.0,1.0,0.2,0.2
2,200,0,odam,roi_shared,0.31990087032318115,2.4434759616851807,-0.004044955963003334,0.7334426641464233,4.586695671081543,4.586695671081543,6.253652664751259,1.2507305329502518,0.9949408456574569,0.6225426378957524,51.49794996163897,1,1,1,0,0,0,1.0,1.0,0.2,0.2
2,200,0,odam,roi_cls,0.31990087032318115,2.4434759616851807,0.0,0.2677396833896637,0.0,0.0,0.0,0.0,1.0000000175280108,1.0000000175280108,0.0,0,0,0,0,0,0,1.0,1.0,0.2,0.2
2,200,0,odam,roi_reg,0.31990087032318115,2.4434759616851807,-0.26480916657858844,0.3270901143550873,3.76389741897583,3.76389741897583,11.507218511928988,2.301443702385798,0.39055665159164865,0.173319775043663,80.01910579138857,1,1,1,0,0,0,1.0,1.0,0.2,0.2
2,300,0,odam,backbone,0.4534990191459656,0.4505675137042999,-0.2413064920904366,1.1562169790267944,1.9737334251403809,1.9737334251403809,1.707061443434002,0.3414122886868004,0.9176149138454665,0.940566198811925,19.853139484868894,1,1,0,0,0,0,1.0,1.0,0.2,0.2
2,300,0,odam,fpn,0.4534990191459656,0.4505675137042999,-0.03803864912732297,0.4080927073955536,0.8987443447113037,0.8987443447113037,2.202304350026462,0.4404608700052924,0.9832453977131417,0.9127251112421674,24.115299266325472,1,1,0,0,0,0,1.0,1.0,0.2,0.2
2,300,0,odam,rpn,0.4534990191459656,0.4505675137042999,0.0,0.6162228584289551,0.0,0.0,0.0,0.0,0.9999999235955503,0.9999999235955503,0.022397366617247234,0,0,0,0,0,0,1.0,1.0,0.2,0.2
2,300,0,odam,roi_shared,0.4534990191459656,0.4505675137042999,-0.1147198051952591,0.7894914150238037,0.5931528806686401,0.5931528806686401,0.751310108483898,0.1502620216967796,0.9827620622829504,0.9886608261293733,8.63653568376542,1,0,0,0,0,0,1.0,1.0,0.2,0.2
2,300,0,odam,roi_cls,0.4534990191459656,0.4505675137042999,0.0,0.4411686956882477,0.0,0.0,0.0,0.0,1.0000000007490906,1.0000000007490906,0.0,0,0,0,0,0,0,1.0,1.0,0.2,0.2
2,300,0,odam,roi_reg,0.4534990191459656,0.4505675137042999,-0.17511065672569123,0.20597949624061584,0.29219114780426025,0.29219114780426025,1.4185448218736096,0.28370896437472193,0.9503195587015538,0.9594148451654687,16.379517803177283,1,1,0,0,0,0,1.0,1.0,0.2,0.2
2,400,0,odam,backbone,0.24072906374931335,0.35221755504608154,-0.2412990168841094,0.6687245965003967,3.0124545097351074,3.0124545097351074,4.504775995230378,0.9009551990460756,0.782600035230676,0.6669378547678282,48.16883538516785,1,1,0,0,0,0,1.0,1.0,0.2,0.2
2,400,0,odam,fpn,0.24072906374931335,0.35221755504608154,-0.3104253158732883,0.23972968757152557,0.6691508293151855,0.6691508293151855,2.791272270421402,0.5582544540842804,0.8267038410590203,0.8415381600716602,32.69709626817785,1,1,0,0,0,0,1.0,1.0,0.2,0.2
2,400,0,odam,rpn,0.24072906374931335,0.35221755504608154,0.0,0.38431400060653687,0.0,0.0,0.0,0.0,0.9999999258754709,0.9999999258754709,0.022060665344898336,0,0,0,0,0,0,1.0,1.0,0.2,0.2
2,400,0,odam,roi_shared,0.24072906374931335,0.35221755504608154,-0.18671447155578277,0.20876450836658478,0.5386641025543213,0.5386641025543213,2.5802475083956407,0.5160495016791282,0.9036462215539381,0.8721222189570961,29.29380054412998,1,1,0,0,0,0,1.0,1.0,0.2,0.2
2,400,0,odam,roi_cls,0.24072906374931335,0.35221755504608154,0.0,0.08041759580373764,0.0,0.0,0.0,0.0,1.0000000241628915,1.0000000241628915,0.0,0,0,0,0,0,0,1.0,1.0,0.2,0.2
2,400,0,odam,roi_reg,0.24072906374931335,0.35221755504608154,0.10350589627742254,0.06749670952558517,0.3358204960823059,0.3358204960823059,4.975360998227779,0.9950721996455559,1.102995824343485,0.7442894034421863,41.90189967515685,0,1,0,0,0,0,1.0,1.0,0.2,0.2
2,500,0,odam,backbone,0.26706188917160034,1.331871509552002,-0.6629492012125384,1.9495526552200317,39.799747467041016,39.799747467041016,20.414810218372434,4.082962043674487,-1.7067960132632989,-0.487516998825691,119.1775113522323,1,1,1,1,0,0,1.0,1.0,0.2,0.2
2,500,0,odam,fpn,0.26706188917160034,1.331871509552002,-0.6236534585911095,0.31890052556991577,5.283311367034912,5.283311367034912,16.567270805192194,3.3134541610384387,-1.0664471225860512,-0.3807262486799739,112.3786754248615,1,1,1,1,0,0,1.0,1.0,0.2,0.2
2,500,0,odam,rpn,0.26706188917160034,1.331871509552002,0.0,0.41891366243362427,0.0,0.0,0.0,0.0,1.0000000520056764,1.0000000520056764,0.0,0,0,0,0,0,0,1.0,1.0,0.2,0.2
2,500,0,odam,roi_shared,0.26706188917160034,1.331871509552002,-0.5130620761548567,0.2919439971446991,6.15897274017334,6.15897274017334,21.096418492621744,4.219283698524349,-1.1647546204079149,-0.30616634213176247,107.8283476035805,1,1,1,1,0,0,1.0,1.0,0.2,0.2
2,500,0,odam,roi_cls,0.26706188917160034,1.331871509552002,0.0,0.11043877899646759,0.0,0.0,0.0,0.0,0.9999999561778672,0.9999999561778672,0.01696228622061463,0,0,0,0,0,0,1.0,1.0,0.2,0.2
2,500,0,odam,roi_reg,0.26706188917160034,1.331871509552002,-0.6648792418681403,0.1614883989095688,3.183852195739746,3.183852195739746,19.715671325236546,3.9431342650473096,-1.621707812156556,-0.4823246260964706,118.83733738828005,1,1,1,1,0,0,1.0,1.0,0.2,0.2
2,600,0,odam,backbone,0.3594316244125366,0.348227322101593,-0.24781520432275317,1.9565041065216064,4.603890895843506,4.603890895843506,2.353120998058413,0.47062419961168256,0.8833722068459028,0.8886164602710618,27.300096488188558,1,1,0,0,0,0,1.0,1.0,0.2,0.2
2,600,0,odam,fpn,0.3594316244125366,0.348227322101593,-0.3942723809289971,0.5984662771224976,0.8331708908081055,0.8331708908081055,1.3921768404630879,0.2784353680926176,0.8902206236312943,0.9610859626895433,16.036488542854375,1,1,0,0,0,0,1.0,1.0,0.2,0.2
2,600,0,odam,rpn,0.3594316244125366,0.348227322101593,0.0,0.3994811475276947,0.0,0.0,0.0,0.0,0.9999999415256706,0.9999999415256706,0.019593871575948763,0,0,0,0,0,0,1.0,1.0,0.2,0.2
2,600,0,odam,roi_shared,0.3594316244125366,0.348227322101593,-0.5983850914543547,0.6345928907394409,1.0878114700317383,1.0878114700317383,1.714187924110208,0.34283758482204163,0.7948511005971166,0.9451536454578264,19.064118798087215,1,1,0,0,0,0,1.0,1.0,0.2,0.2
2,600,0,odam,roi_cls,0.3594316244125366,0.348227322101593,0.0,0.15376070141792297,0.0,0.0,0.0,0.0,1.0000000962520896,1.0000000962520896,0.0,0,0,0,0,0,0,1.0,1.0,0.2,0.2
2,600,0,odam,roi_reg,0.3594316244125366,0.348227322101593,-0.7806568465155173,0.2719408869743347,0.6523741483688354,0.6523741483688354,2.398955727574741,0.4797911455149481,0.625447731901807,0.9017280778433148,25.613846679572074,1,1,0,0,0,0,1.0,1.0,0.2,0.2
2,700,0,odam,backbone,0.3162669837474823,0.37472769618034363,-0.6587384110530198,2.8837757110595703,2.5604305267333984,2.5604305267333984,0.8878743644708184,0.1775748728941637,0.8830245697803389,0.98874680716505,8.60366754077196,1,0,0,0,0,0,1.0,1.0,0.2,0.2
2,700,0,odam,fpn,0.3162669837474823,0.37472769618034363,-0.708891490364783,0.6130906343460083,0.6964371204376221,0.6964371204376221,1.1359448039530413,0.22718896079060827,0.8389477007606694,0.9822436083461,10.813336440316183,1,1,0,0,0,0,1.0,1.0,0.2,0.2
2,700,0,odam,rpn,0.3162669837474823,0.37472769618034363,0.0,0.2670569121837616,0.0,0.0,0.0,0.0,1.0000000970152,1.0000000970152,0.0,0,0,0,0,0,0,1.0,1.0,0.2,0.2
2,700,0,odam,roi_shared,0.3162669837474823,0.37472769618034363,-0.6991104451075807,0.829010546207428,1.2758198976516724,1.2758198976516724,1.5389670294163513,0.3077934058832703,0.7848183922187479,0.962859605735974,15.664418881649816,1,1,0,0,0,0,1.0,1.0,0.2,0.2
2,700,0,odam,roi_cls,0.3162669837474823,0.37472769618034363,0.0,0.09116865694522858,0.0,0.0,0.0,0.0,1.0000000338142794,1.0000000338142794,0.0,0,0,0,0,0,0,1.0,1.0,0.2,0.2
2,700,0,odam,roi_reg,0.3162669837474823,0.37472769618034363,-0.43219422949188113,0.3018454611301422,0.8224025368690491,0.8224025368690491,2.7245814258391845,0.544916285167837,0.7644902451260635,0.8412100398150073,32.73188172133471,1,1,0,0,0,0,1.0,1.0,0.2,0.2
3,0,0,odam,backbone,0.30533790588378906,0.4572726786136627,-0.7279079332231378,0.9441921710968018,4.778280258178711,4.778280258178711,5.060707347984169,1.0121414695968338,0.2632539794371284,0.354669142742946,69.22683172866493,1,1,1,0,0,0,1.0,1.0,0.2,0.2
3,0,0,odam,fpn,0.30533790588378906,0.4572726786136627,-0.349070159556714,0.33824393153190613,1.176142692565918,1.176142692565918,3.477202642599292,0.6954405285198584,0.7572424702159225,0.7579543056149456,40.71581561581144,1,1,0,0,0,0,1.0,1.0,0.2,0.2
3,0,0,odam,rpn,0.30533790588378906,0.4572726786136627,0.0,0.47084900736808777,0.0,0.0,0.0,0.0,1.000000013753512,1.000000013753512,0.0,0,0,0,0,0,0,1.0,1.0,0.2,0.2
3,0,0,odam,roi_shared,0.30533790588378906,0.4572726786136627,-0.10737695724684318,0.6289753913879395,1.284904956817627,1.284904956817627,2.042854099557487,0.4085708199114974,0.9561290000363943,0.9203816716739491,23.018056347795824,1,1,0,0,0,0,1.0,1.0,0.2,0.2
3,0,0,odam,roi_cls,0.30533790588378906,0.4572726786136627,0.0,0.2673535943031311,0.0,0.0,0.0,0.0,1.0000000732042595,1.0000000732042595,0.0,0,0,0,0,0,0,1.0,1.0,0.2,0.2
3,0,0,odam,roi_reg,0.30533790588378906,0.4572726786136627,-0.02114820998671519,0.09403503686189651,0.5211518406867981,0.5211518406867981,5.542102795707751,1.1084205591415504,0.976558948532724,0.6611493548792491,48.612411860040865,1,1,1,0,0,0,1.0,1.0,0.2,0.2
3,100,0,odam,backbone,0.10066670924425125,0.10919959098100662,-0.1909069749239865,0.2163209617137909,0.7426559329032898,0.7426559329032898,3.433120521560366,0.6866241043120733,0.8689188341169195,0.7901580039239582,37.79972034319362,1,1,0,0,0,0,1.0,1.0,0.2,0.2
3,100,0,odam,fpn,0.10066670924425125,0.10919959098100662,-0.07500315880581675,0.12310083955526352,0.8227017521858215,0.8227017521858215,6.683153056941475,1.336630611388295,0.8997483846908036,0.5595001700640043,55.97876178222508,1,1,1,0,0,0,1.0,1.0,0.2,0.2
3,100,0,odam,rpn,0.10066670924425125,0.10919959098100662,0.0,0.18088608980178833,0.0,0.0,0.0,0.0,0.9999999557018544,0.9999999557018544,0.017054162819113906,0,0,0,0,0,0,1.0,1.0,0.2,0.2
3,100,0,odam,roi_shared,0.10066670924425125,0.10919959098100662,-0.205414957564655,0.09783586859703064,0.27952396869659424,0.27952396869659424,2.8570704456859897,0.5714140891371979,0.882623155587008,0.844717884471925,32.35827787757911,1,1,0,0,0,0,1.0,1.0,0.2,0.2
3,100,0,odam,roi_cls,0.10066670924425125,0.10919959098100662,0.0,0.040600743144750595,0.0,0.0,0.0,0.0,0.9999999340193167,0.9999999340193167,0.020813544067954323,0,0,0,0,0,0,1.0,1.0,0.2,0.2
3,100,0,odam,roi_reg,0.10066670924425125,0.10919959098100662,-0.27320009681939006,0.03136326000094414,0.2727341949939728,0.2727341949939728,8.695977235330849,1.73919544706617,0.5248516247983005,0.29932914783658143,72.58268534678646,1,1,1,0,0,0,1.0,1.0,0.2,0.2
3,200,0,odam,backbone,0.07173120230436325,0.00010002159251598641,0.0,0.6065807938575745,0.0,0.0,0.0,0.0,0.99999996624991,0.99999996624991,0.014885900053951764,0,0,0,0,0,0,1.0,1.0,0.2,0.2
3,200,0,odam,fpn,0.07173120230436325,0.00010002159251598641,0.0,0.28887540102005005,0.0,0.0,0.0,0.0,0.9999999264816992,0.9999999264816992,0.021970268437210692,0,0,0,0,0,0,1.0,1.0,0.2,0.2
3,200,0,odam,rpn,0.07173120230436325,0.00010002159251598641,0.0,0.3045530617237091,0.0,0.0,0.0,0.0,1.000000091307912,1.000000091307912,0.0,0,0,0,0,0,0,1.0,1.0,0.2,0.2
3,200,0,odam,roi_shared,0.07173120230436325,0.00010002159251598641,0.0,0.4772458076477051,0.0,0.0,0.0,0.0,1.00000001087635,1.00000001087635,0.0,0,0,0,0,0,0,1.0,1.0,0.2,0.2
3,200,0,odam,roi_cls,0.07173120230436325,0.00010002159251598641,0.0,0.24678806960582733,0.0,0.0,0.0,0.0,0.9999999808220505,0.9999999808220505,0.011221184824987573,0,0,0,0,0,0,1.0,1.0,0.2,0.2
3,200,0,odam,roi_reg,0.07173120230436325,0.00010002159251598641,0.0,0.02958187647163868,0.0,0.0,0.0,0.0,0.9999999784296929,0.9999999784296929,0.011900516069579363,0,0,0,0,0,0,1.0,1.0,0.2,0.2
3,300,0,odam,backbone,0.5453370213508606,0.5901457071304321,-0.5655990041052585,0.8884368538856506,2.678607702255249,2.678607702255249,3.014966894428277,0.6029933788856554,0.6589473898402533,0.7982135850288686,37.04015069189523,1,1,0,0,0,0,1.0,1.0,0.2,0.2
3,300,0,odam,fpn,0.5453370213508606,0.5901457071304321,-0.3141918109387511,0.4145793914794922,1.0053271055221558,1.0053271055221558,2.4249326574929033,0.4849865314985807,0.8476212268017075,0.8787275798493613,28.51074897215244,1,1,0,0,0,0,1.0,1.0,0.2,0.2
3,300,0,odam,rpn,0.5453370213508606,0.5901457071304321,0.0,0.36035993695259094,0.0,0.0,0.0,0.0,0.9999999954258149,0.9999999954258149,0.005480175917063323,0,0,0,0,0,0,1.0,1.0,0.2,0.2
3,300,0,odam,roi_shared,0.5453370213508606,0.5901457071304321,-0.4185021596396309,0.6646127104759216,1.1462103128433228,1.1462103128433228,1.7246289376899435,0.34492578753798875,0.8556478398709672,0.9390431991722403,20.10850994038962,1,1,0,0,0,0,1.0,1.0,0.2,0.2
3,300,0,odam,roi_cls,0.5453370213508606,0.5901457071304321,0.0,0.2891986072063446,0.0,0.0,0.0,0.0,1.0000000290495854,1.0000000290495854,0.0,0,0,0,0,0,0,1.0,1.0,0.2,0.2
3,300,0,odam,roi_reg,0.5453370213508606,0.5901457071304321,-0.4519220788651519,0.27880701422691345,0.47916463017463684,0.47916463017463684,1.7186247322481556,0.34372494644963114,0.8446630227701822,0.9399818667396644,19.951488609467148,1,1,0,0,0,0,1.0,1.0,0.2,0.2
3,400,0,odam,backbone,0.2330714464187622,0.6084636449813843,-0.7398599033861757,1.1065014600753784,18.85741424560547,18.85741424560547,17.04237628780069,3.408475257560138,-1.521794495857959,-0.5529553386653528,123.56999874858651,1,1,1,1,0,0,1.0,1.0,0.2,0.2
3,400,0,odam,fpn,0.2330714464187622,0.6084636449813843,-0.8077725199285845,0.38847920298576355,4.346325874328613,4.346325874328613,11.18805290199252,2.2376105803985045,-0.8074803012621659,-0.5221036202447449,121.47346425557747,1,1,1,1,0,0,1.0,1.0,0.2,0.2
3,400,0,odam,rpn,0.2330714464187622,0.6084636449813843,0.0,0.31164905428886414,0.0,0.0,0.0,0.0,1.0000000239176496,1.0000000239176496,0.0,0,0,0,0,0,0,1.0,1.0,0.2,0.2
3,400,0,odam,roi_shared,0.2330714464187622,0.6084636449813843,-0.7498338141553617,0.5186564326286316,5.8214192390441895,5.8214192390441895,11.224037479956298,2.24480749599126,-0.6832323051683677,-0.4179204451293681,114.70336595008152,1,1,1,1,0,0,1.0,1.0,0.2,0.2
3,400,0,odam,roi_cls,0.2330714464187622,0.6084636449813843,0.0,0.17707236111164093,0.0,0.0,0.0,0.0,0.9999999994607058,0.9999999994607058,0.0018817004592410096,0,0,0,0,0,0,1.0,1.0,0.2,0.2
3,400,0,odam,roi_reg,0.2330714464187622,0.6084636449813843,-0.9226610141184165,0.14964520931243896,1.6163287162780762,1.6163287162780762,10.801072240831983,2.1602144481663967,-0.9931457748468931,-0.7661749549407064,140.01163476307462,1,1,1,1,0,0,1.0,1.0,0.2,0.2
3,500,0,odam,backbone,0.43894344568252563,0.42397913336753845,0.2100656019619627,1.529899001121521,3.0059258937835693,3.0059258937835693,1.9647871471123384,0.3929574294224677,1.0825470733239402,0.9424114210099953,19.539451682874976,0,1,0,0,0,0,1.0,1.0,0.2,0.2
3,500,0,odam,fpn,0.43894344568252563,0.42397913336753845,-0.17122761405000006,0.7035384178161621,1.7925148010253906,1.7925148010253906,2.547856315493752,0.5095712630987504,0.9127472962224701,0.8762018438433592,28.812465880045362,1,1,0,0,0,0,1.0,1.0,0.2,0.2
3,500,0,odam,rpn,0.43894344568252563,0.42397913336753845,0.0,0.8228729963302612,0.0,0.0,0.0,0.0,1.000000003296481,1.000000003296481,0.0,0,0,0,0,0,0,1.0,1.0,0.2,0.2
3,500,0,odam,roi_shared,0.43894344568252563,0.42397913336753845,-0.02973479877716129,0.6814432144165039,0.059872932732105255,0.059872932732105255,0.08786195454799908,0.017572390909599816,0.9994774615277452,0.9998455585296705,1.0069900599128423,1,0,0,0,0,0,1.0,1.0,0.2,0.2
3,500,0,odam,roi_cls,0.43894344568252563,0.42397913336753845,0.0,0.286878764629364,0.0,0.0,0.0,0.0,1.0000000978538572,1.0000000978538572,0.0,0,0,0,0,0,0,1.0,1.0,0.2,0.2
3,500,0,odam,roi_reg,0.43894344568252563,0.42397913336753845,-0.06427323226188436,0.044694989919662476,0.03432020917534828,0.03432020917534828,0.7678759797694895,0.15357519595389793,0.9901293134558895,0.9882318771494899,8.798690703576067,1,0,0,0,0,0,1.0,1.0,0.2,0.2
3,600,0,odam,backbone,0.7024128437042236,0.42660167813301086,-0.08909850607285259,0.9533241987228394,0.9372889995574951,0.9372889995574951,0.9831796998473065,0.1966359399694613,0.9824801559070471,0.9807038781257277,11.273881889526528,1,0,0,0,0,0,1.0,1.0,0.2,0.2
3,600,0,odam,fpn,0.7024128437042236,0.42660167813301086,-0.0669777049949484,0.7083054184913635,0.5879664421081543,0.5879664421081543,0.8301029848966537,0.16602059697933075,0.9888804971809264,0.9862587772299061,9.509307460024331,1,0,0,0,0,0,1.0,1.0,0.2,0.2
3,600,0,odam,rpn,0.7024128437042236,0.42660167813301086,0.0,0.6090015769004822,0.0,0.0,0.0,0.0,0.999999940417405,0.999999940417405,0.019778681607057206,0,0,0,0,0,0,1.0,1.0,0.2,0.2
3,600,0,odam,roi_shared,0.7024128437042236,0.42660167813301086,0.1939712803443835,1.7120497226715088,0.18569643795490265,0.18569643795490265,0.10846439533609986,0.02169287906721997,1.0042078112038981,0.9997755609730695,1.2139336268353238,0,0,0,0,0,0,1.0,1.0,0.2,0.2
3,600,0,odam,roi_cls,0.7024128437042236,0.42660167813301086,0.0,0.8018082976341248,0.0,0.0,0.0,0.0,1.0000000722699507,1.0000000722699507,0.0,0,0,0,0,0,0,1.0,1.0,0.2,0.2
3,600,0,odam,roi_reg,0.7024128437042236,0.42660167813301086,0.5273601143201324,0.16456177830696106,0.1065872311592102,0.1065872311592102,0.6477034476401347,0.12954068952802694,1.0683146216889334,0.9947346985732406,5.8822027706296485,0,0,0,0,0,0,1.0,1.0,0.2,0.2
3,700,0,odam,backbone,0.11113202571868896,0.06541470438241959,0.5207877247221647,0.7698792815208435,0.9990581274032593,0.9990581274032593,1.297681534473416,0.2595363068946832,1.1351629991318535,0.9814794358820059,11.044277360431149,0,1,0,0,0,0,1.0,1.0,0.2,0.2
3,700,0,odam,fpn,0.11113202571868896,0.06541470438241959,0.033508369858510745,0.3502500355243683,0.6085806488990784,0.6085806488990784,1.7375605629502842,0.3475121125900568,1.0116445485478138,0.9458118503494913,18.94831974443275,0,1,0,0,0,0,1.0,1.0,0.2,0.2
3,700,0,odam,rpn,0.11113202571868896,0.06541470438241959,0.0,0.38999807834625244,0.0,0.0,0.0,0.0,1.0000000366558641,1.0000000366558641,0.0,0,0,0,0,0,0,1.0,1.0,0.2,0.2
3,700,0,odam,roi_shared,0.11113202571868896,0.06541470438241959,-0.07522224500855454,0.40079766511917114,0.1670697033405304,0.1670697033405304,0.41684300553710746,0.08336860110742149,0.9937287133219072,0.9965188990762781,4.782136883963181,1,0,0,0,0,0,1.0,1.0,0.2,0.2
3,700,0,odam,roi_cls,0.11113202571868896,0.06541470438241959,0.0,0.19706663489341736,0.0,0.0,0.0,0.0,0.9999999666174069,0.9999999666174069,0.014804633688858983,0,0,0,0,0,0,1.0,1.0,0.2,0.2
3,700,0,odam,roi_reg,0.11113202571868896,0.06541470438241959,-0.3202045685075746,0.040951188653707504,0.18798139691352844,0.18798139691352844,4.59037705848154,0.9180754116963079,0.7060279589234654,0.6302518835823745,50.93129150445838,1,1,0,0,0,0,1.0,1.0,0.2,0.2
4,0,0,odam,backbone,0.03393812105059624,0.00010002159251598641,0.6067944279282238,0.36699092388153076,8.512349713996059e-10,8.512349713996059e-10,2.3194987014839505e-09,4.6389974029679013e-10,1.0000000311746005,1.0000000311746005,0.0,0,0,0,0,0,0,1.0,1.0,0.2,0.2
4,0,0,odam,fpn,0.03393812105059624,0.00010002159251598641,0.2873157854710272,0.13734585046768188,1.6916400225053252e-10,1.6916400225053252e-10,1.2316644563669405e-09,2.463328912733881e-10,0.999999913387187,0.999999913387187,0.023846722907809224,0,0,0,0,0,0,1.0,1.0,0.2,0.2
4,0,0,odam,rpn,0.03393812105059624,0.00010002159251598641,0.0,0.08129769563674927,0.0,0.0,0.0,0.0,1.0000000306301446,1.0000000306301446,0.0,0,0,0,0,0,0,1.0,1.0,0.2,0.2
4,0,0,odam,roi_shared,0.03393812105059624,0.00010002159251598641,0.40264613881479566,0.2098826915025711,2.0988762117202242e-10,2.0988762117202242e-10,1.000023487736964e-09,2.0000469754739284e-10,0.9999999488856158,0.9999999488856158,0.018319313653014778,0,0,0,0,0,0,1.0,1.0,0.2,0.2
4,0,0,odam,roi_cls,0.03393812105059624,0.00010002159251598641,0.0,0.12684208154678345,0.0,0.0,0.0,0.0,0.9999999137537636,0.9999999137537636,0.023796205433046214,0,0,0,0,0,0,1.0,1.0,0.2,0.2
4,0,0,odam,roi_reg,0.03393812105059624,0.00010002159251598641,0.97384811434561,0.029516158625483513,9.822514329682619e-11,9.822514329682619e-11,3.3278430483843877e-09,6.655686096768775e-10,1.0000000518262455,1.0000000518262455,0.0,0,0,0,0,0,0,1.0,1.0,0.2,0.2
4,100,0,odam,backbone,0.14557066559791565,1.3736015558242798,-0.23156432030006008,0.2877568006515503,4.437777996063232,4.437777996063232,15.421974340884526,3.084394868176905,0.28576416091471446,0.09480796023682882,84.55973314380732,1,1,1,0,0,0,1.0,1.0,0.2,0.2
4,100,0,odam,fpn,0.14557066559791565,1.3736015558242798,-0.07928889848581923,0.15591582655906677,1.6729658842086792,1.6729658842086792,10.729929867478186,2.145985973495637,0.8298471548912005,0.36166037464605905,68.79779962103336,1,1,1,0,0,0,1.0,1.0,0.2,0.2
4,100,0,odam,rpn,0.14557066559791565,1.3736015558242798,0.0,0.2574102580547333,0.0,0.0,0.0,0.0,1.0000000951575354,1.0000000951575354,0.0,0,0,0,0,0,0,1.0,1.0,0.2,0.2
4,100,0,odam,roi_shared,0.14557066559791565,1.3736015558242798,0.20011826806308997,0.1428709477186203,2.5403692722320557,2.5403692722320557,17.780866668815207,3.5561733337630415,1.7116554603879564,0.44092457740256086,63.837112300480754,0,1,1,0,0,0,1.0,1.0,0.2,0.2
4,100,0,odam,roi_cls,0.14557066559791565,1.3736015558242798,0.0,0.04561992734670639,0.0,0.0,0.0,0.0,0.999999948077128,0.999999948077128,0.018463625613292917,0,0,0,0,0,0,1.0,1.0,0.2,0.2
4,100,0,odam,roi_reg,0.14557066559791565,1.3736015558242798,-0.2828472609135694,0.045542553067207336,0.7476326823234558,0.7476326823234558,16.416134625131164,3.2832269250262325,0.07134817606805353,0.022650467188750852,88.70211283115056,1,1,1,0,0,0,1.0,1.0,0.2,0.2
4,200,0,odam,backbone,0.14176900684833527,2.369684934616089,-0.9366810308172238,1.8157482147216797,49.10877990722656,49.10877990722656,27.046029570104256,5.409205914020852,-4.066702195187047,-0.9064891172834609,155.02459487280274,1,1,1,1,0,0,1.0,1.0,0.2,0.2
4,200,0,odam,fpn,0.14176900684833527,2.369684934616089,-0.6066298032264986,0.34258344769477844,7.9972453117370605,7.9972453117370605,23.343933764313483,4.668786752862697,-1.8322253288218144,-0.4426501699980568,116.27309505464045,1,1,1,1,0,0,1.0,1.0,0.2,0.2
4,200,0,odam,rpn,0.14176900684833527,2.369684934616089,0.0,0.36124685406684875,0.0,0.0,0.0,0.0,0.9999999913145546,0.9999999913145546,0.007551507827096899,0,0,0,0,0,0,1.0,1.0,0.2,0.2
4,200,0,odam,roi_shared,0.14176900684833527,2.369684934616089,-0.31580793997463585,0.44956842064857483,9.658119201660156,9.658119201660156,21.483090800120625,4.296618160024125,-0.3569062361234929,-0.08721359468477868,95.00332734179611,1,1,1,1,0,0,1.0,1.0,0.2,0.2
4,200,0,odam,roi_cls,0.14176900684833527,2.369684934616089,0.0,0.2056756317615509,0.0,0.0,0.0,0.0,1.0000000337674362,1.0000000337674362,0.0,0,0,0,0,0,0,1.0,1.0,0.2,0.2
4,200,0,odam,roi_reg,0.14176900684833527,2.369684934616089,-0.6065064910839483,0.03614893928170204,4.727388858795166,4.727388858795166,130.77531326591614,26.15506265318323,-14.863216151068569,-0.5814819377299946,125.55484188578154,1,1,1,1,0,0,1.0,1.0,0.2,0.2
4,300,0,odam,backbone,0.1635902225971222,1.5658740997314453,0.027214665211542137,0.7068760991096497,6.852567195892334,6.852567195892334,9.694156026103483,1.9388312052206969,1.0527645527854175,0.47731799724916285,61.48961779851593,0,1,1,0,0,0,1.0,1.0,0.2,0.2
4,300,0,odam,fpn,0.1635902225971222,1.5658740997314453,-0.0060103315101678505,0.3116267919540405,2.1062827110290527,2.1062827110290527,6.75899109258774,1.3517982185175481,0.9918751791675616,0.5915863816792482,53.730336347363014,1,1,1,0,0,0,1.0,1.0,0.2,0.2
4,300,0,odam,rpn,0.1635902225971222,1.5658740997314453,0.0,0.32796674966812134,0.0,0.0,0.0,0.0,0.9999999576610429,0.9999999576610429,0.016672768112147355,0,0,0,0,0,0,1.0,1.0,0.2,0.2
4,300,0,odam,roi_shared,0.1635902225971222,1.5658740997314453,-0.0677181443453486,0.2826281189918518,4.488011837005615,4.488011837005615,15.879565886843004,3.175913177368601,0.7849329217052865,0.2404526334816502,76.08674331234175,1,1,1,0,0,0,1.0,1.0,0.2,0.2
4,300,0,odam,roi_cls,0.1635902225971222,1.5658740997314453,0.0,0.09431266039609909,0.0,0.0,0.0,0.0,1.000000059429182,1.000000059429182,0.0,0,0,0,0,0,0,1.0,1.0,0.2,0.2
4,300,0,odam,roi_reg,0.1635902225971222,1.5658740997314453,-0.07137551895651054,0.06220023334026337,1.8810369968414307,1.8810369968414307,30.24163891076274,6.048327782152549,0.568297336583705,0.09378448620236125,84.61863635092845,1,1,1,0,0,0,1.0,1.0,0.2,0.2
4,400,0,odam,backbone,0.29218369722366333,1.3615416288375854,-0.7146249025070818,1.1410646438598633,18.18557357788086,18.18557357788086,15.937373641132877,3.187474728226576,-1.2778489882423034,-0.4972401050130208,119.81757418062021,1,1,1,1,0,0,1.0,1.0,0.2,0.2
4,400,0,odam,fpn,0.29218369722366333,1.3615416288375854,-0.7230302563628561,0.5484727025032043,5.766378402709961,5.766378402709961,10.513519408336046,2.102703881667209,-0.5203184860313218,-0.33722085734208135,109.70764385026241,1,1,1,1,0,0,1.0,1.0,0.2,0.2
4,400,0,odam,rpn,0.29218369722366333,1.3615416288375854,0.0,0.4810323715209961,0.0,0.0,0.0,0.0,0.9999999472954685,0.9999999472954685,0.01860208441318904,0,0,0,0,0,0,1.0,1.0,0.2,0.2
4,400,0,odam,roi_shared,0.29218369722366333,1.3615416288375854,-0.434033572670474,0.48483070731163025,6.990898609161377,6.990898609161377,14.419257080323298,2.88385141606466,-0.25168822533047175,-0.09642432101293508,95.53330378638424,1,1,1,1,0,0,1.0,1.0,0.2,0.2
4,400,0,odam,roi_cls,0.29218369722366333,1.3615416288375854,0.0,0.17931780219078064,0.0,0.0,0.0,0.0,1.0000000794982045,1.0000000794982045,0.0,0,0,0,0,0,0,1.0,1.0,0.2,0.2
4,400,0,odam,roi_reg,0.29218369722366333,1.3615416288375854,-0.4350213537646164,0.15218502283096313,3.024186849594116,3.024186849594116,19.871777086456,3.9743554172912003,-0.7289295283460525,-0.19959333029233173,101.51317910917459,1,1,1,1,0,0,1.0,1.0,0.2,0.2
4,500,0,odam,backbone,0.05293168127536774,-0.0,0.0,0.4234112501144409,0.0,0.0,0.0,0.0,0.999999947532415,0.999999947532415,0.018560222137276507,0,0,0,0,0,0,1.0,1.0,0.2,0.2
4,500,0,odam,fpn,0.05293168127536774,-0.0,0.0,0.2704976201057434,0.0,0.0,0.0,0.0,0.9999999078904769,0.9999999078904769,0.024591776350499726,0,0,0,0,0,0,1.0,1.0,0.2,0.2
4,500,0,odam,rpn,0.05293168127536774,-0.0,0.0,0.22143135964870453,0.0,0.0,0.0,0.0,1.0000000594445901,1.0000000594445901,0.0,0,0,0,0,0,0,1.0,1.0,0.2,0.2
4,500,0,odam,roi_shared,0.05293168127536774,-0.0,0.0,0.3143611550331116,0.0,0.0,0.0,0.0,1.0000000816865116,1.0000000816865116,0.0,0,0,0,0,0,0,1.0,1.0,0.2,0.2
4,500,0,odam,roi_cls,0.05293168127536774,-0.0,0.0,0.17408403754234314,0.0,0.0,0.0,0.0,0.9999999171582467,0.9999999171582467,0.023321811151168225,0,0,0,0,0,0,1.0,1.0,0.2,0.2
4,500,0,odam,roi_reg,0.05293168127536774,-0.0,0.0,0.0,0.0,0.0,0.0,0.0,0.0,0.0,90.0,0,0,0,1,0,0,1.0,1.0,0.2,0.2
4,600,0,odam,backbone,0.1204148605465889,0.8131945729255676,-0.29267430898790664,0.5910261869430542,3.4674875736236572,3.4674875736236572,5.86689329547043,1.173378659094086,0.6565822462692142,0.505065938521086,59.66427039337406,1,1,1,0,0,0,1.0,1.0,0.2,0.2
4,600,0,odam,fpn,0.1204148605465889,0.8131945729255676,-0.06367107450433866,0.38049355149269104,1.272739291191101,1.272739291191101,3.344969411960059,0.6689938823920119,0.9574044678793117,0.820255684856878,34.88960301806394,1,1,0,0,0,0,1.0,1.0,0.2,0.2
4,600,0,odam,rpn,0.1204148605465889,0.8131945729255676,0.0,0.29158324003219604,0.0,0.0,0.0,0.0,0.9999999376115063,0.9999999376115063,0.020239038783033934,0,0,0,0,0,0,1.0,1.0,0.2,0.2
4,600,0,odam,roi_shared,0.1204148605465889,0.8131945729255676,-0.1622339176194132,0.3966234028339386,2.155925989151001,2.155925989151001,5.43570039928698,1.0871400798573962,0.8236289967910753,0.6089885995280603,52.48359199900643,1,1,1,0,0,0,1.0,1.0,0.2,0.2
4,600,0,odam,roi_cls,0.1204148605465889,0.8131945729255676,0.0,0.1790837049484253,0.0,0.0,0.0,0.0,0.9999999578229138,0.9999999578229138,0.01664086579684598,0,0,0,0,0,0,1.0,1.0,0.2,0.2
4,600,0,odam,roi_reg,0.1204148605465889,0.8131945729255676,-0.31141463875085185,0.017779909074306488,1.21076238155365,1.21076238155365,68.09722009789728,13.619444019579456,-3.2412947198309,-0.24294075480253768,104.06017133236854,1,1,1,1,0,0,1.0,1.0,0.2,0.2
4,700,0,odam,backbone,0.12005379796028137,0.24411199986934662,0.10407890025798625,0.3490600883960724,2.746833086013794,2.746833086013794,7.869227039491866,1.5738454078983735,1.1638041669539065,0.5966580249931388,53.36908058854409,0,1,1,0,0,0,1.0,1.0,0.2,0.2
4,700,0,odam,fpn,0.12005379796028137,0.24411199986934662,-0.043203611558076206,0.1249668300151825,1.5118141174316406,1.5118141174316406,12.097723189809384,2.419544637961877,0.8954670536969482,0.34737443351716873,69.67319242261588,1,1,1,0,0,0,1.0,1.0,0.2,0.2
4,700,0,odam,rpn,0.12005379796028137,0.24411199986934662,0.0,0.11135011911392212,0.0,0.0,0.0,0.0,1.0000000173202273,1.0000000173202273,0.0,0,0,0,0,0,0,1.0,1.0,0.2,0.2
4,700,0,odam,roi_shared,0.12005379796028137,0.24411199986934662,0.03442386446522512,0.20370669662952423,0.045906368643045425,0.045906368643045425,0.22535522593316643,0.04507104518663328,1.0015513846531112,0.9989900637284443,2.575260537140154,0,0,0,0,0,0,1.0,1.0,0.2,0.2
4,700,0,odam,roi_cls,0.12005379796028137,0.24411199986934662,0.0,0.07216233015060425,0.0,0.0,0.0,0.0,1.0000000524665362,1.0000000524665362,0.0,0,0,0,0,0,0,1.0,1.0,0.2,0.2
4,700,0,odam,roi_reg,0.12005379796028137,0.24411199986934662,0.10404076346165156,0.03968292102217674,0.0635027214884758,0.0635027214884758,1.6002532034621997,0.32005064069244,1.0332984085985852,0.9556812975558936,17.121755447694767,0,1,0,0,0,0,1.0,1.0,0.2,0.2
5,0,0,odam,backbone,0.10716038942337036,1.235924482345581,-0.11262250152575172,0.5969228744506836,12.446236610412598,12.446236610412598,20.850661187789473,4.170132237557895,0.530349091964024,0.1269566337429654,82.7062370150401,1,1,1,0,0,0,1.0,1.0,0.2,0.2
5,0,0,odam,fpn,0.10716038942337036,1.235924482345581,-0.16289198315093825,0.3318207859992981,4.364006996154785,4.364006996154785,13.151698688833847,2.6303397377667697,0.5715387635346638,0.21507457788578196,77.58009733920917,1,1,1,0,0,0,1.0,1.0,0.2,0.2
5,0,0,odam,rpn,0.10716038942337036,1.235924482345581,0.0,0.2760891020298004,0.0,0.0,0.0,0.0,1.000000085873324,1.000000085873324,0.0,0,0,0,0,0,0,1.0,1.0,0.2,0.2
5,0,0,odam,roi_shared,0.10716038942337036,1.235924482345581,-0.17367688823762126,0.31391119956970215,6.586550712585449,6.586550712585449,20.98221000593177,4.196442001186354,0.27117498944941243,0.06547661591880789,86.24578047840384,1,1,1,0,0,0,1.0,1.0,0.2,0.2
5,0,0,odam,roi_cls,0.10716038942337036,1.235924482345581,0.0,0.12526141107082367,0.0,0.0,0.0,0.0,0.9999999183882594,0.9999999183882594,0.023148025569413786,0,0,0,0,0,0,1.0,1.0,0.2,0.2
5,0,0,odam,roi_reg,0.10716038942337036,1.235924482345581,-0.2514931147704314,0.04824523255228996,3.2381913661956787,3.2381913661956787,67.11940630996043,13.423881261992085,-2.3760135969598135,-0.17989339183257747,100.36355024480325,1,1,1,1,0,0,1.0,1.0,0.2,0.2
5,100,0,odam,backbone,0.07728670537471771,0.260206937789917,-0.186157780939461,0.5887693166732788,1.9576730728149414,1.9576730728149414,3.325025638014519,0.665005127602904,0.8762040401699922,0.801653482515616,36.711710337219934,1,1,0,0,0,0,1.0,1.0,0.2,0.2
5,100,0,odam,fpn,0.07728670537471771,0.260206937789917,-0.11654057594798649,0.2786162197589874,1.0073349475860596,1.0073349475860596,3.615492839783121,0.7230985679566242,0.915729619669185,0.786873414478305,38.105720289860415,1,1,0,0,0,0,1.0,1.0,0.2,0.2
5,100,0,odam,rpn,0.07728670537471771,0.260206937789917,0.0,0.34764745831489563,0.0,0.0,0.0,0.0,0.9999999666104896,0.9999999666104896,0.014806167451791929,0,0,0,0,0,0,1.0,1.0,0.2,0.2
5,100,0,odam,roi_shared,0.07728670537471771,0.260206937789917,-0.10517980791552704,0.3220749795436859,3.947577507934508e-12,3.947577507934508e-12,1.225670343448415e-11,2.45134068689683e-12,1.000000027824252,1.000000027824252,0.0,1,0,0,0,0,0,1.0,1.0,0.2,0.2
5,100,0,odam,roi_cls,0.07728670537471771,0.260206937789917,0.0,0.10248399525880814,0.0,0.0,0.0,0.0,1.0000000535012523,1.0000000535012523,0.0,0,0,0,0,0,0,1.0,1.0,0.2,0.2
5,100,0,odam,roi_reg,0.07728670537471771,0.260206937789917,0.0,0.0074202436953783035,2.47787315839354e-12,2.47787315839354e-12,3.339342021794894e-10,6.678684043589788e-11,0.9999999939548088,0.9999999939548088,0.006300030507569055,0,0,0,0,0,0,1.0,1.0,0.2,0.2
5,200,0,odam,backbone,0.25522083044052124,2.3700945377349854,-0.2751818043149167,0.799362301826477,3.6548357009887695,3.6548357009887695,4.572189222130905,0.914437844426181,0.7483633176752882,0.6482013233293761,49.593873762556896,1,1,0,0,0,0,1.0,1.0,0.2,0.2
5,200,0,odam,fpn,0.25522083044052124,2.3700945377349854,-0.06038355070510462,0.30615270137786865,1.993456482887268,1.993456482887268,6.511314366705021,1.302262873341004,0.9213647047549642,0.5782729234735452,54.67083926225824,1,1,1,0,0,0,1.0,1.0,0.2,0.2
5,200,0,odam,rpn,0.25522083044052124,2.3700945377349854,0.0,0.3541995584964752,0.0,0.0,0.0,0.0,1.0000000342674478,1.0000000342674478,0.0,0,0,0,0,0,0,1.0,1.0,0.2,0.2
5,200,0,odam,roi_shared,0.25522083044052124,2.3700945377349854,-0.019786502134424986,0.6474813222885132,5.903598785400391,5.903598785400391,9.117790092437273,1.823558018487455,0.9639180807444133,0.4673930516500617,62.13479349008941,1,1,1,0,0,0,1.0,1.0,0.2,0.2
5,200,0,odam,roi_cls,0.25522083044052124,2.3700945377349854,0.0,0.29413655400276184,0.0,0.0,0.0,0.0,1.0000000098734396,1.0000000098734396,0.0,0,0,0,0,0,0,1.0,1.0,0.2,0.2
5,200,0,odam,roi_reg,0.25522083044052124,2.3700945377349854,0.09694868907802112,0.12208901345729828,6.415035247802734,6.415035247802734,52.5439191139541,10.508783822790821,2.0188128954452886,0.18951841627014784,79.07531913568874,0,1,1,0,0,0,1.0,1.0,0.2,0.2
5,300,0,odam,backbone,0.10655167698860168,0.0630587562918663,0.11583581582604718,1.5567775964736938,1.0301631689071655,1.0301631689071655,0.6617278995025498,0.13234557990050996,1.0153304778661538,0.9917228335922507,7.376978025147014,0,0,0,0,0,0,1.0,1.0,0.2,0.2
5,300,0,odam,fpn,0.10655167698860168,0.0630587562918663,-0.017312833446520393,0.5973573327064514,0.9058620929718018,0.9058620929718018,1.5164492731136412,0.3032898546227283,0.9947491190327065,0.9565412719678481,16.953588715885825,1,1,0,0,0,0,1.0,1.0,0.2,0.2
5,300,0,odam,rpn,0.10655167698860168,0.0630587562918663,0.0,0.11431765556335449,0.0,0.0,0.0,0.0,1.000000046658616,1.000000046658616,0.0,0,0,0,0,0,0,1.0,1.0,0.2,0.2
5,300,0,odam,roi_shared,0.10655167698860168,0.0630587562918663,0.060351940525402145,1.0229482650756836,0.1727912575006485,0.1727912575006485,0.16891495239777782,0.03378299047955556,1.0020387672146707,0.9994341693107747,1.9275309486459482,0,0,0,0,0,0,1.0,1.0,0.2,0.2
5,300,0,odam,roi_cls,0.10655167698860168,0.0630587562918663,0.0,0.5500849485397339,0.0,0.0,0.0,0.0,0.9999999643332231,0.9999999643332231,0.015302752842140959,0,0,0,0,0,0,1.0,1.0,0.2,0.2
5,300,0,odam,roi_reg,0.10655167698860168,0.0630587562918663,0.4231105209183443,0.024142686277627945,0.12589743733406067,0.12589743733406067,5.214723659426613,1.0429447318853227,1.4412809150218326,0.836274415633527,33.25122681387616,0,1,1,0,0,0,1.0,1.0,0.2,0.2
5,400,0,odam,backbone,0.43358761072158813,0.39353397488594055,-0.3688449334329702,0.6772763729095459,0.9809889197349548,0.9809889197349548,1.4484322190669,0.28968644381338,0.8931506232513707,0.9574372401912549,16.776643694394973,1,1,0,0,0,0,1.0,1.0,0.2,0.2
5,400,0,odam,fpn,0.43358761072158813,0.39353397488594055,-0.16724789444039365,0.31528663635253906,0.730523407459259,0.730523407459259,2.317013546500021,0.46340270930000427,0.9224968466148374,0.8961197840412154,26.347373274326614,1,1,0,0,0,0,1.0,1.0,0.2,0.2
5,400,0,odam,rpn,0.43358761072158813,0.39353397488594055,0.0,0.35430094599723816,0.0,0.0,0.0,0.0,1.0000000772870465,1.0000000772870465,0.0,0,0,0,0,0,0,1.0,1.0,0.2,0.2
5,400,0,odam,roi_shared,0.43358761072158813,0.39353397488594055,-0.06599233488531046,0.784736692905426,0.23405155539512634,0.23405155539512634,0.2982548892018402,0.05965097784036805,0.9960634846653712,0.9982194183132241,3.4196609089192793,1,0,0,0,0,0,1.0,1.0,0.2,0.2
5,400,0,odam,roi_cls,0.43358761072158813,0.39353397488594055,0.0,0.22886724770069122,0.0,0.0,0.0,0.0,0.9999999676695874,0.9999999676695874,0.014569453267230992,0,0,0,0,0,0,1.0,1.0,0.2,0.2
5,400,0,odam,roi_reg,0.43358761072158813,0.39353397488594055,-0.7966697685846877,0.15323463082313538,0.0976189523935318,0.0976189523935318,0.6370554219313803,0.12741108438627607,0.8984955144533492,0.9963471658458408,4.898745716752894,1,0,0,0,0,0,1.0,1.0,0.2,0.2
5,500,0,odam,backbone,0.06927496939897537,0.13557805120944977,-0.7949869112868586,0.6032886505126953,7.036097049713135,7.036097049713135,11.662903062627846,2.3325806125255695,-0.8543709400922795,-0.5168815251930265,121.12330187435593,1,1,1,1,0,0,1.0,1.0,0.2,0.2
5,500,0,odam,fpn,0.06927496939897537,0.13557805120944977,-0.4190024500552973,0.16253149509429932,2.4527812004089355,2.4527812004089355,15.091113257684942,3.0182226515369885,-0.2646426690632214,-0.09612012292437719,95.51579318368697,1,1,1,1,0,0,1.0,1.0,0.2,0.2
5,500,0,odam,rpn,0.06927496939897537,0.13557805120944977,0.0,0.15833640098571777,0.0,0.0,0.0,0.0,0.9999999973131897,0.9999999973131897,0.004200066193721147,0,0,0,0,0,0,1.0,1.0,0.2,0.2
5,500,0,odam,roi_shared,0.06927496939897537,0.13557805120944977,-0.7308754687571147,0.22279198467731476,1.8732473850250244,1.8732473850250244,8.408055557915064,1.681611111583013,-0.22904833210194148,-0.19570925804324493,101.28615944408264,1,1,1,1,0,0,1.0,1.0,0.2,0.2
5,500,0,odam,roi_cls,0.06927496939897537,0.13557805120944977,0.0,0.0631195604801178,0.0,0.0,0.0,0.0,1.0000000791584485,1.0000000791584485,0.0,0,0,0,0,0,0,1.0,1.0,0.2,0.2
5,500,0,odam,roi_reg,0.06927496939897537,0.13557805120944977,-0.787793509201729,0.06891786307096481,0.6502993702888489,0.6502993702888489,9.435860911984964,1.8871721823969927,-0.48670226386773874,-0.3862212267532951,112.7195764583846,1,1,1,1,0,0,1.0,1.0,0.2,0.2
5,600,0,odam,backbone,0.14291881024837494,0.10387784987688065,0.02059374255682574,0.8176385164260864,0.8246005773544312,0.8246005773544312,1.0085148397347719,0.2017029679469544,1.0041540002963334,0.9804248103933423,11.355378765057585,0,1,0,0,0,0,1.0,1.0,0.2,0.2
5,600,0,odam,fpn,0.14291881024837494,0.10387784987688065,-0.02164014125620158,0.41053506731987,0.6759452819824219,0.6759452819824219,1.6464982794167897,0.3292996558833579,0.9928738893988065,0.9491798819084679,18.34476222043235,1,1,0,0,0,0,1.0,1.0,0.2,0.2
5,600,0,odam,rpn,0.14291881024837494,0.10387784987688065,0.0,0.15019184350967407,0.0,0.0,0.0,0.0,1.0000000132974831,1.0000000132974831,0.0,0,0,0,0,0,0,1.0,1.0,0.2,0.2
5,600,0,odam,roi_shared,0.14291881024837494,0.10387784987688065,-0.018040409441499705,0.7698838710784912,0.14021316170692444,0.14021316170692444,0.1821224823303636,0.03642449646607272,0.9993429162214962,0.9993366493366233,2.087051782015152,1,0,0,0,0,0,1.0,1.0,0.2,0.2
5,600,0,odam,roi_cls,0.14291881024837494,0.10387784987688065,0.0,0.37321391701698303,0.0,0.0,0.0,0.0,1.0000000445596597,1.0000000445596597,0.0,0,0,0,0,0,0,1.0,1.0,0.2,0.2
5,600,0,odam,roi_reg,0.14291881024837494,0.10387784987688065,-0.2212894518425175,0.04009956121444702,0.16453047096729279,0.16453047096729279,4.103049160249064,0.8206098320498129,0.8184076827154558,0.7149871454655322,44.35785430397555,1,1,0,0,0,0,1.0,1.0,0.2,0.2
5,700,0,odam,backbone,0.09760139137506485,0.00010002159251598641,0.08749212841135505,0.5414746999740601,1.188357856563016e-09,1.188357856563016e-09,2.194669218377046e-09,4.389338436754093e-10,0.9999999307819859,0.9999999307819859,0.02131803644045025,0,0,0,0,0,0,1.0,1.0,0.2,0.2
5,700,0,odam,fpn,0.09760139137506485,0.00010002159251598641,-0.3146091737547526,0.5044777989387512,6.753006487336677e-10,6.753006487336677e-10,1.3386132157931812e-09,2.6772264315863627e-10,1.0000000246745937,1.0000000246745937,0.0,1,0,0,0,0,0,1.0,1.0,0.2,0.2
5,700,0,odam,rpn,0.09760139137506485,0.00010002159251598641,0.0,0.5913263559341431,0.0,0.0,0.0,0.0,0.9999999275173248,0.9999999275173248,0.021814976015169074,0,0,0,0,0,0,1.0,1.0,0.2,0.2
5,700,0,odam,roi_shared,0.09760139137506485,0.00010002159251598641,0.13297756340454722,0.3463170826435089,1.010909911336455e-09,1.010909911336455e-09,2.9190298775329635e-09,5.838059755065927e-10,1.0000000476353856,1.0000000476353856,0.0,0,0,0,0,0,0,1.0,1.0,0.2,0.2
5,700,0,odam,roi_cls,0.09760139137506485,0.00010002159251598641,0.0,0.19632059335708618,0.0,0.0,0.0,0.0,0.9999999953482243,0.9999999953482243,0.005526459799502701,0,0,0,0,0,0,1.0,1.0,0.2,0.2
5,700,0,odam,roi_reg,0.09760139137506485,0.00010002159251598641,0.9815051817819036,0.027137313038110733,7.765663667669287e-10,7.765663667669287e-10,2.8616184869752762e-08,5.723236973950553e-09,0.9999999493297592,0.9999999493297592,0.018239549862712177,0,0,0,0,0,0,1.0,1.0,0.2,0.2
6,0,0,odam,backbone,0.10780069977045059,0.6345843076705933,-0.18529915708197353,0.7157711982727051,2.176786422729492,2.176786422729492,3.041176325594688,0.6082352651189377,0.8872945566218049,0.8293779150965025,33.96511222140598,1,1,0,0,0,0,1.0,1.0,0.2,0.2
6,0,0,odam,fpn,0.10780069977045059,0.6345843076705933,0.015464252416587441,0.4268583655357361,1.5337148904800415,1.5337148904800415,3.593029946959399,0.7186059893918798,1.0111127972728786,0.8151431980872806,35.39847654869316,0,1,0,0,0,0,1.0,1.0,0.2,0.2
6,0,0,odam,rpn,0.10780069977045059,0.6345843076705933,0.0,0.2092621922492981,0.0,0.0,0.0,0.0,0.9999999867290839,0.9999999867290839,0.009334436017632716,0,0,0,0,0,0,1.0,1.0,0.2,0.2
6,0,0,odam,roi_shared,0.10780069977045059,0.6345843076705933,-0.037442307974709786,0.7447620630264282,1.8679714025582328e-11,1.8679714025582328e-11,2.5081452121332704e-11,5.0162904242665405e-12,1.0000000752834342,1.0000000752834342,0.0,1,0,0,0,0,0,1.0,1.0,0.2,0.2
6,0,0,odam,roi_cls,0.10780069977045059,0.6345843076705933,0.0,0.3261656165122986,0.0,0.0,0.0,0.0,0.9999999974432312,0.9999999974432312,0.004097164103335192,0,0,0,0,0,0,1.0,1.0,0.2,0.2
6,0,0,odam,roi_reg,0.10780069977045059,0.6345843076705933,0.0,0.0361025407910347,1.125121003309193e-11,1.125121003309193e-11,3.1164593368137483e-10,6.232918673627498e-11,0.9999999556439653,0.9999999556439653,0.017065302432879254,0,0,0,0,0,0,1.0,1.0,0.2,0.2
6,100,0,odam,backbone,0.5135294198989868,0.6232454776763916,0.6717317005632699,2.303328275680542,1.6870993375778198,1.6870993375778198,0.7324615233490107,0.14649230466980215,1.0984033585663562,0.9951546354983749,5.642562424356473,0,0,0,0,0,0,1.0,1.0,0.2,0.2
6,100,0,odam,fpn,0.5135294198989868,0.6232454776763916,0.3153853926385718,1.1245945692062378,1.2253048419952393,1.2253048419952393,1.0895525156769028,0.2179105031353806,1.068725932970052,0.9817904191556747,10.950875530758212,0,1,0,0,0,0,1.0,1.0,0.2,0.2
6,100,0,odam,rpn,0.5135294198989868,0.6232454776763916,0.0,0.9435415863990784,0.0,0.0,0.0,0.0,0.9999999828445056,0.9999999828445056,0.010613026522013921,0,0,0,0,0,0,1.0,1.0,0.2,0.2
6,100,0,odam,roi_shared,0.5135294198989868,0.6232454776763916,-0.2668052890004807,0.7556062936782837,0.029193390160799026,0.029193390160799026,0.03863571598733767,0.007727143197467534,0.9979385392491019,0.9999723285968888,0.42624001875638096,1,0,0,0,0,0,1.0,1.0,0.2,0.2
6,100,0,odam,roi_cls,0.5135294198989868,0.6232454776763916,0.0,0.2276841551065445,0.0,0.0,0.0,0.0,0.9999999975653898,0.9999999975653898,0.003998087983613711,0,0,0,0,0,0,1.0,1.0,0.2,0.2
6,100,0,odam,roi_reg,0.5135294198989868,0.6232454776763916,-0.5100015247531393,0.18639177083969116,0.020395537838339806,0.020395537838339806,0.1094229522390303,0.021884590447806062,0.9888386039572071,0.9998187100446346,1.0910158566045676,1,0,0,0,0,0,1.0,1.0,0.2,0.2
6,200,0,odam,backbone,0.3622802197933197,0.3369746506214142,0.2816868053641516,1.1995667219161987,1.4766359329223633,1.4766359329223633,1.2309744059618224,0.24619488119236446,1.0693496544995527,0.9764584069611439,12.456936598702107,0,1,0,0,0,0,1.0,1.0,0.2,0.2
6,200,0,odam,fpn,0.3622802197933197,0.3369746506214142,0.12281074437197487,0.47404971718788147,0.6792005300521851,0.6792005300521851,1.4327622302599023,0.28655244605198055,1.03519181456579,0.9642755209706282,15.361090457716966,0,1,0,0,0,0,1.0,1.0,0.2,0.2
6,200,0,odam,rpn,0.3622802197933197,0.3369746506214142,0.0,0.540556788444519,0.0,0.0,0.0,0.0,0.9999999886663478,0.9999999886663478,0.008626260558210658,0,0,0,0,0,0,1.0,1.0,0.2,0.2
6,200,0,odam,roi_shared,0.3622802197933197,0.3369746506214142,-0.03785995719995923,0.806897759437561,0.43735072016716003,0.43735072016716003,0.5420150385248441,0.10840300770496882,0.9958957009913251,0.9941361806657264,6.207837899646646,1,0,0,0,0,0,1.0,1.0,0.2,0.2
6,200,0,odam,roi_cls,0.3622802197933197,0.3369746506214142,0.0,0.28180310130119324,0.0,0.0,0.0,0.0,0.9999999240026032,0.9999999240026032,0.022337624762956493,0,0,0,0,0,0,1.0,1.0,0.2,0.2
6,200,0,odam,roi_reg,0.3622802197933197,0.3369746506214142,-0.14708373705352706,0.08465859293937683,0.17764298617839813,0.17764298617839813,2.0983456021482247,0.419669120429645,0.9382735863703259,0.9144996367730593,23.865231511063378,1,1,0,0,0,0,1.0,1.0,0.2,0.2
6,300,0,odam,backbone,0.09071991592645645,0.022848771885037422,0.09837864195009619,0.741621732711792,0.10778916627168655,0.10778916627168655,0.14534251292440944,0.029068502584881892,1.0028594172195435,0.9995840673878715,1.6525863880524112,0,0,0,0,0,0,1.0,1.0,0.2,0.2
6,300,0,odam,fpn,0.09071991592645645,0.022848771885037422,-0.015180886789511547,0.4034360945224762,0.07198059558868408,0.07198059558868408,0.17841882906853765,0.03568376581370753,0.9994581462749348,0.9993633559958057,2.0446030320921613,1,0,0,0,0,0,1.0,1.0,0.2,0.2
6,300,0,odam,rpn,0.09071991592645645,0.022848771885037422,0.0,0.23523026704788208,0.0,0.0,0.0,0.0,1.0000000097196564,1.0000000097196564,0.0,0,0,0,0,0,0,1.0,1.0,0.2,0.2
6,300,0,odam,roi_shared,0.09071991592645645,0.022848771885037422,0.07074889701629737,0.555290937423706,0.06845681369304657,0.06845681369304657,0.12328098493855244,0.024656196987710488,1.0017442861157404,0.9996986900050828,1.406550419791513,0,0,0,0,0,0,1.0,1.0,0.2,0.2
6,300,0,odam,roi_cls,0.09071991592645645,0.022848771885037422,0.0,0.18176527321338654,0.0,0.0,0.0,0.0,1.0000000494597878,1.0000000494597878,0.0,0,0,0,0,0,0,1.0,1.0,0.2,0.2
6,300,0,odam,roi_reg,0.09071991592645645,0.022848771885037422,-0.0734227870316762,0.02080119401216507,0.04549040272831917,0.04549040272831917,2.186913054208101,0.4373826108416201,0.9678861506643167,0.9116910762331677,24.2598981328702,1,1,0,0,0,0,1.0,1.0,0.2,0.2
6,400,0,odam,backbone,0.11048504710197449,2.176625967025757,0.1641220482781427,0.7021303176879883,3.706973075866699,3.706973075866699,5.279608332642885,1.055921666528577,1.1733000510026221,0.7478301359533851,41.59723445287728,0,1,1,0,0,0,1.0,1.0,0.2,0.2
6,400,0,odam,fpn,0.11048504710197449,2.176625967025757,0.1261161624276138,0.4193466603755951,2.0299582481384277,2.0299582481384277,4.840764074096263,0.9681528148192527,1.122099712903435,0.7597170868672004,40.56073676306808,0,1,0,0,0,0,1.0,1.0,0.2,0.2
6,400,0,odam,rpn,0.11048504710197449,2.176625967025757,0.0,0.39542531967163086,0.0,0.0,0.0,0.0,1.0000000577343868,1.0000000577343868,0.0,0,0,0,0,0,0,1.0,1.0,0.2,0.2
6,400,0,odam,roi_shared,0.11048504710197449,2.176625967025757,-0.05398913472162193,0.5426737666130066,6.615926742553711,6.615926742553711,12.191351691543408,2.438270338308682,0.8683598324489631,0.3359311680367744,70.3708282653614,1,1,1,0,0,0,1.0,1.0,0.2,0.2
6,400,0,odam,roi_cls,0.11048504710197449,2.176625967025757,0.0,0.19445529580116272,0.0,0.0,0.0,0.0,1.0000000126976412,1.0000000126976412,0.0,0,0,0,0,0,0,1.0,1.0,0.2,0.2
6,400,0,odam,roi_reg,0.11048504710197449,2.176625967025757,-0.8382520775799926,0.05890347808599472,5.86679220199585,5.86679220199585,99.60009820524974,19.920019641049947,-15.69799801546952,-0.8223342667851502,145.31915010770464,1,1,1,1,0,0,1.0,1.0,0.2,0.2
6,500,0,odam,backbone,0.6774149537086487,0.3541845977306366,0.19949309615095423,0.8139169812202454,1.1235616207122803,1.1235616207122803,1.3804376203428115,0.2760875240685623,1.0550776034908815,0.9686626309033441,14.381679513338117,0,1,0,0,0,0,1.0,1.0,0.2,0.2
6,500,0,odam,fpn,0.6774149537086487,0.3541845977306366,-0.1398141765614796,0.6012802124023438,0.7175226807594299,0.7175226807594299,1.1933249522592024,0.23866499045184048,0.9666314364547138,0.9713914220506737,13.738098260176917,1,1,0,0,0,0,1.0,1.0,0.2,0.2
6,500,0,odam,rpn,0.6774149537086487,0.3541845977306366,0.0,0.7003992795944214,0.0,0.0,0.0,0.0,1.0000000808369776,1.0000000808369776,0.0,0,0,0,0,0,0,1.0,1.0,0.2,0.2
6,500,0,odam,roi_shared,0.6774149537086487,0.3541845977306366,0.1722071968705187,1.2979459762573242,0.01918213814496994,0.01918213814496994,0.014778841720579429,0.002955768344115886,1.0005091378828799,0.9999959125257704,0.16381938528638507,0,0,0,0,0,0,1.0,1.0,0.2,0.2
6,500,0,odam,roi_cls,0.6774149537086487,0.3541845977306366,0.0,0.525531530380249,0.0,0.0,0.0,0.0,0.9999999179954524,0.9999999179954524,0.02320366579918878,0,0,0,0,0,0,1.0,1.0,0.2,0.2
6,500,0,odam,roi_reg,0.6774149537086487,0.3541845977306366,0.3413694607188876,0.13024361431598663,0.020260460674762726,0.020260460674762726,0.1555581882548838,0.031111637650976756,1.0106206016036514,0.9995816895136019,1.6573038775585067,0,0,0,0,0,0,1.0,1.0,0.2,0.2
6,600,0,odam,backbone,0.0978819876909256,0.09935811161994934,0.49104450157628154,0.5712648034095764,1.233603596687317,1.233603596687317,2.1594251725724947,0.431885034514499,1.2120747750589973,0.9550488250894038,17.244419002037652,0,1,0,0,0,0,1.0,1.0,0.2,0.2
6,600,0,odam,fpn,0.0978819876909256,0.09935811161994934,0.336661172436401,0.3676985204219818,0.658155083656311,0.658155083656311,1.7899312809336099,0.357986256186722,1.1205199756051807,0.9576065277966175,16.743007095963645,0,1,0,0,0,0,1.0,1.0,0.2,0.2
6,600,0,odam,rpn,0.0978819876909256,0.09935811161994934,0.0,0.268751859664917,0.0,0.0,0.0,0.0,0.9999999710689264,0.9999999710689264,0.013782243122355526,0,0,0,0,0,0,1.0,1.0,0.2,0.2
6,600,0,odam,roi_shared,0.0978819876909256,0.09935811161994934,0.047791138022838714,0.38342568278312683,0.10801562666893005,0.10801562666893005,0.2817120279603853,0.056342405592077066,1.0026927049341134,0.9984285802132213,3.2124814374184147,0,0,0,0,0,0,1.0,1.0,0.2,0.2
6,600,0,odam,roi_cls,0.0978819876909256,0.09935811161994934,0.0,0.12873917818069458,0.0,0.0,0.0,0.0,0.9999999735137692,0.9999999735137692,0.013187051749678179,0,0,0,0,0,0,1.0,1.0,0.2,0.2
6,600,0,odam,roi_reg,0.0978819876909256,0.09935811161994934,0.05140772340546488,0.01589788869023323,0.11236982047557831,0.11236982047557831,7.068222873180136,1.4136445746360273,1.0726723058089818,0.6049842961538092,52.77228815329188,0,1,1,0,0,0,1.0,1.0,0.2,0.2
6,700,0,odam,backbone,0.2374952882528305,1.4128673076629639,-0.44409958329962057,1.2553164958953857,7.878859519958496,7.878859519958496,6.276392882369241,1.2552785764738483,0.44253105723647657,0.36614266416893415,68.522078863535,1,1,1,0,0,0,1.0,1.0,0.2,0.2
6,700,0,odam,fpn,0.2374952882528305,1.4128673076629639,-0.3361990331500306,0.3765204846858978,1.5216197967529297,1.5216197967529297,4.041266965919,0.8082533931838002,0.7282660697962533,0.691300133562211,46.26688598090468,1,1,0,0,0,0,1.0,1.0,0.2,0.2
6,700,0,odam,rpn,0.2374952882528305,1.4128673076629639,0.0,0.19873179495334625,0.0,0.0,0.0,0.0,0.9999999531615748,0.9999999531615748,0.01753633262878742,0,0,0,0,0,0,1.0,1.0,0.2,0.2
6,700,0,odam,roi_shared,0.2374952882528305,1.4128673076629639,-0.20850168371970407,0.42306792736053467,2.458634853363037,2.458634853363037,5.811442310699697,1.1622884621399394,0.7576609360570369,0.5546149223032268,56.315804317315894,1,1,1,0,0,0,1.0,1.0,0.2,0.2
6,700,0,odam,roi_cls,0.2374952882528305,1.4128673076629639,0.0,0.11529912054538727,0.0,0.0,0.0,0.0,1.0000000218148566,1.0000000218148566,0.0,0,0,0,0,0,0,1.0,1.0,0.2,0.2
6,700,0,odam,roi_reg,0.2374952882528305,1.4128673076629639,-0.2034151777600463,0.09212840348482132,0.8972382545471191,0.8972382545471191,9.738997101962635,1.947799420392527,0.6037879704769643,0.3018374514288542,72.43200180853842,1,1,1,0,0,0,1.0,1.0,0.2,0.2
7,0,0,odam,backbone,0.07428182661533356,0.00010002159251598641,-0.41236061457157175,0.45708397030830383,1.8850004890325067e-10,1.8850004890325067e-10,4.1239697987244465e-10,8.247939597448893e-11,0.999999990039816,0.999999990039816,0.008086699620058126,1,0,0,0,0,0,1.0,1.0,0.2,0.2
7,0,0,odam,fpn,0.07428182661533356,0.00010002159251598641,-0.09962078402856808,0.1984097808599472,6.428702015170984e-11,6.428702015170984e-11,3.2401134597839476e-10,6.480226919567895e-11,0.9999999452319971,0.9999999452319971,0.01896273974791219,1,0,0,0,0,0,1.0,1.0,0.2,0.2
7,0,0,odam,rpn,0.07428182661533356,0.00010002159251598641,0.0,0.19513091444969177,0.0,0.0,0.0,0.0,1.00000007570652,1.00000007570652,0.0,0,0,0,0,0,0,1.0,1.0,0.2,0.2
7,0,0,odam,roi_shared,0.07428182661533356,0.00010002159251598641,-0.25533515232693466,0.2904890179634094,8.734888506944927e-11,8.734888506944927e-11,3.006959976726277e-10,6.013919953452554e-11,1.000000066058372,1.000000066058372,0.0,1,0,0,0,0,0,1.0,1.0,0.2,0.2
7,0,0,odam,roi_cls,0.07428182661533356,0.00010002159251598641,0.0,0.1286705732345581,0.0,0.0,0.0,0.0,0.9999999640310655,0.9999999640310655,0.015367436173904757,0,0,0,0,0,0,1.0,1.0,0.2,0.2
7,0,0,odam,roi_reg,0.07428182661533356,0.00010002159251598641,-0.9428855479346124,0.04701545834541321,4.278291262926892e-11,4.278291262926892e-11,9.099754449898453e-10,1.8199508899796906e-10,1.0000000280747454,1.0000000280747454,0.0,1,0,0,0,0,0,1.0,1.0,0.2,0.2
7,100,0,odam,backbone,0.5414886474609375,0.20517262816429138,0.2982161055559028,1.3931987285614014,0.4539870619773865,0.4539870619773865,0.325859514992644,0.06517190299852879,1.0194354628452718,0.9981434127207218,3.4919058894801682,0,0,0,0,0,0,1.0,1.0,0.2,0.2
7,100,0,odam,fpn,0.5414886474609375,0.20517262816429138,-0.0365214749971819,0.5042123198509216,0.29974398016929626,0.29974398016929626,0.5944796831975869,0.11889593663951739,0.995657794892089,0.9929547557659675,6.805201086902879,1,0,0,0,0,0,1.0,1.0,0.2,0.2
7,100,0,odam,rpn,0.5414886474609375,0.20517262816429138,0.0,0.4560126066207886,0.0,0.0,0.0,0.0,1.0000000485870835,1.0000000485870835,0.0,0,0,0,0,0,0,1.0,1.0,0.2,0.2
7,100,0,odam,roi_shared,0.5414886474609375,0.20517262816429138,0.12338004198609824,0.5681170225143433,0.02763976715505123,0.02763976715505123,0.048651538432565464,0.009730307686513095,1.0012004538032657,0.9999534785831526,0.552669859471434,0,0,0,0,0,0,1.0,1.0,0.2,0.2
7,100,0,odam,roi_cls,0.5414886474609375,0.20517262816429138,0.0,0.1811409741640091,0.0,0.0,0.0,0.0,0.9999999681203074,0.9999999681203074,0.014467540060683348,0,0,0,0,0,0,1.0,1.0,0.2,0.2
7,100,0,odam,roi_reg,0.5414886474609375,0.20517262816429138,-0.20163616223704597,0.11898446828126907,0.025976357981562614,0.025976357981562614,0.21831721700143866,0.04366344340028773,0.9911958065810994,0.9990704069182995,2.470686945482778,1,0,0,0,0,0,1.0,1.0,0.2,0.2
7,200,0,odam,backbone,0.18882670998573303,0.11156635731458664,0.3711721095909604,0.6816641092300415,0.502937376499176,0.502937376499176,0.7378082103622233,0.14756164207244465,1.0547708760336074,0.9916677439332062,7.401520570166595,0,0,0,0,0,0,1.0,1.0,0.2,0.2
7,200,0,odam,fpn,0.18882670998573303,0.11156635731458664,0.2317325296233577,0.46604594588279724,0.36188024282455444,0.36188024282455444,0.7764904855873616,0.1552980971174723,1.035987712213355,0.9895344928237759,8.296544717101542,0,0,0,0,0,0,1.0,1.0,0.2,0.2
7,200,0,odam,rpn,0.18882670998573303,0.11156635731458664,0.0,0.4318034052848816,0.0,0.0,0.0,0.0,1.0000000589330442,1.0000000589330442,0.0,0,0,0,0,0,0,1.0,1.0,0.2,0.2
7,200,0,odam,roi_shared,0.18882670998573303,0.11156635731458664,-0.0841254350640224,0.44642457365989685,0.08152452856302261,0.08152452856302261,0.1826165793129728,0.03652331586259455,0.9969274007918909,0.9993342853332915,2.090767732227569,1,0,0,0,0,0,1.0,1.0,0.2,0.2
7,200,0,odam,roi_cls,0.18882670998573303,0.11156635731458664,0.0,0.15636003017425537,0.0,0.0,0.0,0.0,1.0000000381159728,1.0000000381159728,0.0,0,0,0,0,0,0,1.0,1.0,0.2,0.2
7,200,0,odam,roi_reg,0.18882670998573303,0.11156635731458664,-0.28240259264292533,0.04663028195500374,0.06789945811033249,0.06789945811033249,1.45612368751818,0.29122473750363603,0.917757302807448,0.9566583795929863,16.930563104956594,1,1,0,0,0,0,1.0,1.0,0.2,0.2
7,300,0,odam,backbone,0.09865079820156097,0.013571009039878845,0.11171897371657853,0.46127593517303467,0.13065668940544128,0.13065668940544128,0.283250608676191,0.0566501217352382,1.0063290090817645,0.9984390845347764,3.201723543873235,0,0,0,0,0,0,1.0,1.0,0.2,0.2
7,300,0,odam,fpn,0.09865079820156097,0.013571009039878845,0.06764819586719119,0.2920284867286682,0.10616134107112885,0.10616134107112885,0.36353077146808044,0.0727061542936161,1.004918556583055,0.9974048753162511,4.128675117693748,0,0,0,0,0,0,1.0,1.0,0.2,0.2
7,300,0,odam,rpn,0.09865079820156097,0.013571009039878845,0.0,0.3590031862258911,0.0,0.0,0.0,0.0,0.9999999968208324,0.9999999968208324,0.00456871788950127,0,0,0,0,0,0,1.0,1.0,0.2,0.2
7,300,0,odam,roi_shared,0.09865079820156097,0.013571009039878845,-0.01591370312686978,0.3294040262699127,0.02725302241742611,0.02725302241742611,0.08273433305000061,0.016546866610000124,0.9997365553720802,0.9998630199453311,0.9483556925990577,1,0,0,0,0,0,1.0,1.0,0.2,0.2
7,300,0,odam,roi_cls,0.09865079820156097,0.013571009039878845,0.0,0.11311925202608109,0.0,0.0,0.0,0.0,1.0000000006495422,1.0000000006495422,0.0,0,0,0,0,0,0,1.0,1.0,0.2,0.2
7,300,0,odam,roi_reg,0.09865079820156097,0.013571009039878845,-0.5627114558473454,0.019204983487725258,0.0241760965436697,0.0241760965436697,1.2588449534008554,0.2517689906801711,0.8583266661665518,0.9718380337942353,13.62993032444424,1,1,0,0,0,0,1.0,1.0,0.2,0.2
7,400,0,odam,backbone,0.24890387058258057,1.81875479221344,-0.7295350497648012,0.7673236727714539,9.16865062713623,9.16865062713623,11.948869756644532,2.3897739513289067,-0.7434238791837386,-0.41402578231296244,114.45798032770658,1,1,1,1,0,0,1.0,1.0,0.2,0.2
7,400,0,odam,fpn,0.24890387058258057,1.81875479221344,-0.6759347605551793,0.26999324560165405,3.1956894397735596,3.1956894397735596,11.836182911362364,2.367236582272473,-0.6000973835565858,-0.3252756534788966,108.98227620295509,1,1,1,1,0,0,1.0,1.0,0.2,0.2
7,400,0,odam,rpn,0.24890387058258057,1.81875479221344,0.0,0.22926713526248932,0.0,0.0,0.0,0.0,0.9999999693978187,0.9999999693978187,0.014174698286345183,0,0,0,0,0,0,1.0,1.0,0.2,0.2
7,400,0,odam,roi_shared,0.24890387058258057,1.81875479221344,-0.3573411518394998,0.35776999592781067,3.8894073963165283,3.8894073963165283,10.87125091703139,2.1742501834062784,0.2230509772764441,0.1091831756887839,83.73176861975178,1,1,1,0,0,0,1.0,1.0,0.2,0.2
7,400,0,odam,roi_cls,0.24890387058258057,1.81875479221344,0.0,0.09999379515647888,0.0,0.0,0.0,0.0,1.0000000185040296,1.0000000185040296,0.0,0,0,0,0,0,0,1.0,1.0,0.2,0.2
7,400,0,odam,roi_reg,0.24890387058258057,1.81875479221344,-0.20601814146502004,0.06956927478313446,1.4647433757781982,1.4647433757781982,21.054458025388143,4.210891605077628,0.1324799871599039,0.03213436017596582,88.15851976779328,1,1,1,0,0,0,1.0,1.0,0.2,0.2
7,500,0,odam,backbone,0.22133491933345795,0.49543413519859314,-0.6151160301454497,0.7187408804893494,12.736035346984863,12.736035346984863,17.719926183012756,3.543985236602551,-1.179962044700328,-0.38902385327934624,112.89377433030226,1,1,1,1,0,0,1.0,1.0,0.2,0.2
7,500,0,odam,fpn,0.22133491933345795,0.49543413519859314,-0.42200974369104366,0.28149914741516113,2.9384310245513916,2.9384310245513916,10.438507723853704,2.0877015447707405,0.11896945278970895,0.06273346175822092,86.40327562729667,1,1,1,0,0,0,1.0,1.0,0.2,0.2
7,500,0,odam,rpn,0.22133491933345795,0.49543413519859314,0.0,0.28425726294517517,0.0,0.0,0.0,0.0,0.999999947853986,0.999999947853986,0.01850325740052006,0,0,0,0,0,0,1.0,1.0,0.2,0.2
7,500,0,odam,roi_shared,0.22133491933345795,0.49543413519859314,-0.4023192039734677,0.47422653436660767,3.773413896560669,3.773413896560669,7.956986003747266,1.5913972007494532,0.35975027158546075,0.2397245523505744,76.12971620437865,1,1,1,0,0,0,1.0,1.0,0.2,0.2
7,500,0,odam,roi_cls,0.22133491933345795,0.49543413519859314,0.0,0.10537292063236237,0.0,0.0,0.0,0.0,1.0000000641273208,1.0000000641273208,0.0,0,0,0,0,0,0,1.0,1.0,0.2,0.2
7,500,0,odam,roi_reg,0.22133491933345795,0.49543413519859314,-0.588740633527429,0.100244902074337,0.9780148267745972,0.9780148267745972,9.756254996881003,1.9512509993762006,-0.14878082459805356,-0.09391300448804372,95.38875984780488,1,1,1,1,0,0,1.0,1.0,0.2,0.2
7,600,0,odam,backbone,0.4199412763118744,0.8502225875854492,-0.6247636621228642,1.505617380142212,46.27372360229492,46.27372360229492,30.734052497404203,6.146810499480841,-2.8403041484109948,-0.5092909422567674,120.61661129724229,1,1,1,1,0,0,1.0,1.0,0.2,0.2
7,600,0,odam,fpn,0.4199412763118744,0.8502225875854492,-0.5496120460445036,0.8538491725921631,12.096124649047852,12.096124649047852,14.16658238635491,2.8333164772709822,-0.557225014420806,-0.2291490921979063,103.24698043476107,1,1,1,1,0,0,1.0,1.0,0.2,0.2
7,600,0,odam,rpn,0.4199412763118744,0.8502225875854492,0.0,0.5604742169380188,0.0,0.0,0.0,0.0,1.000000004688786,1.000000004688786,0.0,0,0,0,0,0,0,1.0,1.0,0.2,0.2
7,600,0,odam,roi_shared,0.4199412763118744,0.8502225875854492,-0.6548824673595477,0.5808309316635132,19.707962036132812,19.707962036132812,33.93063447858873,6.786126895717746,-3.4441159283515703,-0.5575128905513095,123.88397145943492,1,1,1,1,0,0,1.0,1.0,0.2,0.2
7,600,0,odam,roi_cls,0.4199412763118744,0.8502225875854492,0.0,0.1516892910003662,0.0,0.0,0.0,0.0,1.0000000849403634,1.0000000849403634,0.0,0,0,0,0,0,0,1.0,1.0,0.2,0.2
7,600,0,odam,roi_reg,0.4199412763118744,0.8502225875854492,-0.8876223492893076,0.34416934847831726,10.093424797058105,10.093424797058105,29.326913746631895,5.865382749326379,-4.206245045184615,-0.8414135991245796,147.28969461294608,1,1,1,1,0,0,1.0,1.0,0.2,0.2
7,700,0,odam,backbone,0.18834121525287628,3.250635862350464,-0.9480706110973288,1.4742088317871094,85.56227111816406,85.56227111816406,58.039450906315096,11.60789018126302,-10.005101247481301,-0.9381632526279341,159.74535163807448,1,1,1,1,0,0,1.0,1.0,0.2,0.2
7,700,0,odam,fpn,0.18834121525287628,3.250635862350464,-0.3309844427428459,0.3298763930797577,13.532544136047363,13.532544136047363,41.02307536985666,8.204615073971334,-1.7155999393776582,-0.21634368115365088,102.49437006423533,1,1,1,1,0,0,1.0,1.0,0.2,0.2
7,700,0,odam,rpn,0.18834121525287628,3.250635862350464,0.0,0.2545126974582672,0.0,0.0,0.0,0.0,1.000000084119769,1.000000084119769,0.0,0,0,0,0,0,0,1.0,1.0,0.2,0.2
7,700,0,odam,roi_shared,0.18834121525287628,3.250635862350464,-0.5752181042991099,0.3240751326084137,13.873385429382324,13.873385429382324,42.80916378161544,8.561832756323088,-3.9249216250576295,-0.48887991579087725,119.26698824522617,1,1,1,1,0,0,1.0,1.0,0.2,0.2
7,700,0,odam,roi_cls,0.18834121525287628,3.250635862350464,0.0,0.07817953079938889,0.0,0.0,0.0,0.0,1.0000000848900947,1.0000000848900947,0.0,0,0,0,0,0,0,1.0,1.0,0.2,0.2
7,700,0,odam,roi_reg,0.18834121525287628,3.250635862350464,-0.7011592659189216,0.0850650817155838,7.3579182624816895,7.3579182624816895,86.49751594999913,17.29950318999983,-11.129707599648336,-0.6699133890477381,132.06038048025673,1,1,1,1,0,0,1.0,1.0,0.2,0.2
8,0,0,odam,backbone,0.13619104027748108,1.7069449424743652,-0.6030152996094432,0.6939560770988464,1.8315989971160889,1.8315989971160889,2.6393586821420656,0.5278717364284131,0.6816853019778928,0.8507656248635372,31.70495914622814,1,1,0,0,0,0,1.0,1.0,0.2,0.2
8,0,0,odam,fpn,0.13619104027748108,1.7069449424743652,-0.3141284513062796,0.4794212579727173,1.099624514579773,1.099624514579773,2.2936498878452944,0.45872997756905887,0.8558998125286396,0.8912563562735774,26.968452945365616,1,1,0,0,0,0,1.0,1.0,0.2,0.2
8,0,0,odam,rpn,0.13619104027748108,1.7069449424743652,0.0,0.37033405900001526,0.0,0.0,0.0,0.0,1.0000000513438374,1.0000000513438374,0.0,0,0,0,0,0,0,1.0,1.0,0.2,0.2
8,0,0,odam,roi_shared,0.13619104027748108,1.7069449424743652,-0.09478468966091287,0.29885146021842957,1.844322919845581,1.844322919845581,6.171369945783673,1.2342739891567347,0.8830095784563027,0.583579082884223,54.29732796564474,1,1,1,0,0,0,1.0,1.0,0.2,0.2
8,0,0,odam,roi_cls,0.13619104027748108,1.7069449424743652,0.0,0.08460104465484619,0.0,0.0,0.0,0.0,1.0000000879474908,1.0000000879474908,0.0,0,0,0,0,0,0,1.0,1.0,0.2,0.2
8,0,0,odam,roi_reg,0.13619104027748108,1.7069449424743652,-0.5567630695680644,0.04973417893052101,1.2945243120193481,1.2945243120193481,26.028866663865255,5.205773332773051,-1.8983826834301005,-0.4019750492166661,113.70170653781405,1,1,1,1,0,0,1.0,1.0,0.2,0.2
8,100,0,odam,backbone,0.6368696093559265,0.4302925765514374,-0.41838685511839624,2.428232192993164,1.2555450201034546,1.2555450201034546,0.5170613517629898,0.10341227035259797,0.9567337115956863,0.9952154640187914,5.607003832423592,1,0,0,0,0,0,1.0,1.0,0.2,0.2
8,100,0,odam,fpn,0.6368696093559265,0.4302925765514374,-0.4617998330603328,1.4178509712219238,0.6557316780090332,0.6557316780090332,0.46248279355051997,0.09249655871010398,0.9572851633283945,0.9963475319087577,4.898500100999569,1,0,0,0,0,0,1.0,1.0,0.2,0.2
8,100,0,odam,rpn,0.6368696093559265,0.4302925765514374,0.0,0.5914733409881592,0.0,0.0,0.0,0.0,1.0000000495339731,1.0000000495339731,0.0,0,0,0,0,0,0,1.0,1.0,0.2,0.2
8,100,0,odam,roi_shared,0.6368696093559265,0.4302925765514374,-0.29421689095368797,1.916363000869751,0.7268613576889038,0.7268613576889038,0.3792921055974333,0.07585842111948667,0.9776811175831145,0.9972617465437134,4.241052054302001,1,0,0,0,0,0,1.0,1.0,0.2,0.2
8,100,0,odam,roi_cls,0.6368696093559265,0.4302925765514374,0.0,0.5479775667190552,0.0,0.0,0.0,0.0,1.0000000828171973,1.0000000828171973,0.0,0,0,0,0,0,0,1.0,1.0,0.2,0.2
8,100,0,odam,roi_reg,0.6368696093559265,0.4302925765514374,-0.5310585595082722,0.40693145990371704,0.264614075422287,0.264614075422287,0.6502669404938527,0.13005338809877054,0.9309340292507763,0.9930664958264587,6.750955920989482,1,0,0,0,0,0,1.0,1.0,0.2,0.2
8,200,0,odam,backbone,0.08080089837312698,0.10075658559799194,-0.6346143709021058,0.49647676944732666,2.0984485149383545,2.0984485149383545,4.226680167280189,0.8453360334560379,0.4635377359526449,0.5786683447352972,54.64306449107986,1,1,0,0,0,0,1.0,1.0,0.2,0.2
8,200,0,odam,fpn,0.08080089837312698,0.10075658559799194,-0.23478310511777348,0.2937910854816437,0.7858529686927795,0.7858529686927795,2.6748700267894288,0.5349740053578858,0.8743971715104699,0.85948906244731,30.740736831683286,1,1,0,0,0,0,1.0,1.0,0.2,0.2
8,200,0,odam,rpn,0.08080089837312698,0.10075658559799194,0.0,0.13188746571540833,0.0,0.0,0.0,0.0,1.0000000380975118,1.0000000380975118,0.0,0,0,0,0,0,0,1.0,1.0,0.2,0.2
8,200,0,odam,roi_shared,0.08080089837312698,0.10075658559799194,0.036910166957628866,0.3756166696548462,0.11302968114614487,0.11302968114614487,0.30091763831995993,0.06018352766399199,1.002221264251701,0.9982041661651487,3.434280151941606,0,0,0,0,0,0,1.0,1.0,0.2,0.2
8,200,0,odam,roi_cls,0.08080089837312698,0.10075658559799194,0.0,0.15533091127872467,0.0,0.0,0.0,0.0,0.9999999993989314,0.9999999993989314,0.0019865507524865485,0,0,0,0,0,0,1.0,1.0,0.2,0.2
8,200,0,odam,roi_reg,0.08080089837312698,0.10075658559799194,-0.32400241494572757,0.0071083903312683105,0.054791368544101715,0.054791368544101715,7.70798535121039,1.5415970702420783,0.5005188021113262,0.3246046513631158,71.05837536160706,1,1,1,0,0,0,1.0,1.0,0.2,0.2
8,300,0,odam,backbone,0.07206854224205017,0.00010002159251598641,0.0,0.6384125351905823,0.0,0.0,0.0,0.0,1.0000000869080845,1.0000000869080845,0.0,0,0,0,0,0,0,1.0,1.0,0.2,0.2
8,300,0,odam,fpn,0.07206854224205017,0.00010002159251598641,0.0,0.4075932204723358,0.0,0.0,0.0,0.0,1.0000000488315406,1.0000000488315406,0.0,0,0,0,0,0,0,1.0,1.0,0.2,0.2
8,300,0,odam,rpn,0.07206854224205017,0.00010002159251598641,0.0,0.31522130966186523,0.0,0.0,0.0,0.0,1.0000000785131533,1.0000000785131533,0.0,0,0,0,0,0,0,1.0,1.0,0.2,0.2
8,300,0,odam,roi_shared,0.07206854224205017,0.00010002159251598641,0.0,0.5140538811683655,0.0,0.0,0.0,0.0,0.9999999561575393,0.9999999561575393,0.01696621992741759,0,0,0,0,0,0,1.0,1.0,0.2,0.2
8,300,0,odam,roi_cls,0.07206854224205017,0.00010002159251598641,0.0,0.14299367368221283,0.0,0.0,0.0,0.0,1.0000000067411687,1.0000000067411687,0.0,0,0,0,0,0,0,1.0,1.0,0.2,0.2
8,300,0,odam,roi_reg,0.07206854224205017,0.00010002159251598641,0.0,0.006940403021872044,0.0,0.0,0.0,0.0,1.0000000562631517,1.0000000562631517,0.0,0,0,0,0,0,0,1.0,1.0,0.2,0.2
8,400,0,odam,backbone,0.14310342073440552,2.534414291381836,-0.4822170234999604,0.9550707340240479,25.52867889404297,25.52867889404297,26.72962115222785,5.34592423044557,-1.577895823268633,-0.3192844470736104,108.61965680430224,1,1,1,1,0,0,1.0,1.0,0.2,0.2
8,400,0,odam,fpn,0.14310342073440552,2.534414291381836,-0.6268373365695067,0.3376696705818176,5.802120685577393,5.802120685577393,17.182830414055605,3.436566082811121,-1.1541680599287905,-0.3958379364113587,113.31824425993783,1,1,1,1,0,0,1.0,1.0,0.2,0.2
8,400,0,odam,rpn,0.14310342073440552,2.534414291381836,0.0,0.3105260133743286,0.0,0.0,0.0,0.0,0.9999999230488087,0.9999999230488087,0.02247736028569236,0,0,0,0,0,0,1.0,1.0,0.2,0.2
8,400,0,odam,roi_shared,0.14310342073440552,2.534414291381836,-0.47050830883526146,0.393576443195343,8.247729301452637,8.247729301452637,20.9558510018829,4.19117020037658,-0.9719807504309753,-0.254187999826829,104.7254756640748,1,1,1,1,0,0,1.0,1.0,0.2,0.2
8,400,0,odam,roi_cls,0.14310342073440552,2.534414291381836,0.0,0.09201277792453766,0.0,0.0,0.0,0.0,1.0000000562136908,1.0000000562136908,0.0,0,0,0,0,0,0,1.0,1.0,0.2,0.2
8,400,0,odam,roi_reg,0.14310342073440552,2.534414291381836,-0.8251071358096062,0.08486085385084152,4.911498069763184,4.911498069763184,57.87707578804286,11.575415157608573,-8.550957836741679,-0.7943189645716788,142.59097738449984,1,1,1,1,0,0,1.0,1.0,0.2,0.2
8,500,0,odam,backbone,0.7597322463989258,0.5672261118888855,-0.5331415748093872,2.90570330619812,1.9236669540405273,1.9236669540405273,0.6620314434502577,0.13240628869005153,0.9294086690994354,0.9928147425013261,6.87257020421569,1,0,0,0,0,0,1.0,1.0,0.2,0.2
8,500,0,odam,fpn,0.7597322463989258,0.5672261118888855,-0.4074255232818733,1.5610893964767456,0.9679462313652039,0.9679462313652039,0.6200453564989816,0.12400907129979634,0.9494754870562443,0.9929615085696315,6.80193510521483,1,0,0,0,0,0,1.0,1.0,0.2,0.2
8,500,0,odam,rpn,0.7597322463989258,0.5672261118888855,0.0,1.0350139141082764,0.0,0.0,0.0,0.0,1.0000000871519408,1.0000000871519408,0.0,0,0,0,0,0,0,1.0,1.0,0.2,0.2
8,500,0,odam,roi_shared,0.7597322463989258,0.5672261118888855,-0.14403939903771562,1.4187811613082886,0.8628997802734375,0.8628997802734375,0.6081979404616136,0.12163958809232273,0.9824791201185887,0.9925782055628579,6.984913960543141,1,0,0,0,0,0,1.0,1.0,0.2,0.2
8,500,0,odam,roi_cls,0.7597322463989258,0.5672261118888855,0.0,0.3640510141849518,0.0,0.0,0.0,0.0,0.9999999403986493,0.9999999403986493,0.01978179438949943,0,0,0,0,0,0,1.0,1.0,0.2,0.2
8,500,0,odam,roi_reg,0.7597322463989258,0.5672261118888855,-0.5484272000203245,0.20653168857097626,0.36323726177215576,0.36323726177215576,1.7587483271233044,0.35174966542466085,0.8070908626143598,0.9395521134156135,20.023524758679997,1,1,0,0,0,0,1.0,1.0,0.2,0.2
8,600,0,odam,backbone,0.32486388087272644,1.0724092721939087,-0.13026977968296588,0.4902734160423279,4.230208396911621,4.230208396911621,8.628263859499992,1.7256527718999983,0.7751997218954509,0.41269793003805894,65.62557239843248,1,1,1,0,0,0,1.0,1.0,0.2,0.2
8,600,0,odam,fpn,0.32486388087272644,1.0724092721939087,-0.29758831213164877,0.31915855407714844,2.624375581741333,2.624375581741333,8.222795686394033,1.6445591372788069,0.5105984643298837,0.3092678036435155,71.98488951161471,1,1,1,0,0,0,1.0,1.0,0.2,0.2
8,600,0,odam,rpn,0.32486388087272644,1.0724092721939087,0.0,0.16444501280784607,0.0,0.0,0.0,0.0,1.000000048020565,1.000000048020565,0.0,0,0,0,0,0,0,1.0,1.0,0.2,0.2
8,600,0,odam,roi_shared,0.32486388087272644,1.0724092721939087,-0.057314571106326484,0.6517919898033142,1.4579483270645142,1.4579483270645142,2.236830691191015,0.4473661382382029,0.974359408259634,0.9090473544832885,24.625966824176675,1,1,0,0,0,0,1.0,1.0,0.2,0.2
8,600,0,odam,roi_cls,0.32486388087272644,1.0724092721939087,0.0,0.1923106610774994,0.0,0.0,0.0,0.0,1.0000000748612214,1.0000000748612214,0.0,0,0,0,0,0,0,1.0,1.0,0.2,0.2
8,600,0,odam,roi_reg,0.32486388087272644,1.0724092721939087,-0.3780398824881103,0.09510885179042816,1.38857102394104,1.38857102394104,14.599808512048371,2.9199617024096742,-0.10386201265566851,-0.03839256338604804,92.20027260219571,1,1,1,1,0,0,1.0,1.0,0.2,0.2
8,700,0,odam,backbone,0.44130581617355347,0.5912704467773438,-0.6891198980751583,4.675262451171875,5.211526870727539,5.211526870727539,1.114702527431641,0.22294050548632827,0.8463675830405261,0.9822660756637023,10.806472805007191,1,1,0,0,0,0,1.0,1.0,0.2,0.2
8,700,0,odam,fpn,0.44130581617355347,0.5912704467773438,-0.2533144730593678,1.498033881187439,1.3851228952407837,1.3851228952407837,0.9246272148016074,0.18492544296032148,0.9531556383590785,0.9828390309713627,10.629958609518237,1,0,0,0,0,0,1.0,1.0,0.2,0.2
8,700,0,odam,rpn,0.44130581617355347,0.5912704467773438,0.0,0.7408303022384644,0.0,0.0,0.0,0.0,0.999999925645575,0.999999925645575,0.022094849237030062,0,0,0,0,0,0,1.0,1.0,0.2,0.2
8,700,0,odam,roi_shared,0.44130581617355347,0.5912704467773438,-0.1626333036718164,1.7363669872283936,1.6473031044006348,1.6473031044006348,0.9487067633266149,0.18974135266532297,0.9691419228618634,0.9818481034571591,10.93346377280411,1,0,0,0,0,0,1.0,1.0,0.2,0.2
8,700,0,odam,roi_cls,0.44130581617355347,0.5912704467773438,0.0,0.6092570424079895,0.0,0.0,0.0,0.0,1.0000000277493426,1.0000000277493426,0.0,0,0,0,0,0,0,1.0,1.0,0.2,0.2
8,700,0,odam,roi_reg,0.44130581617355347,0.5912704467773438,-0.009343875521889575,0.7768962383270264,0.39255577325820923,0.39255577325820923,0.5052872621748581,0.10105745243497163,0.9990558374649395,0.9949235269375611,5.775672617741943,1,0,0,0,0,0,1.0,1.0,0.2,0.2
9,0,0,odam,backbone,0.06042078509926796,0.21834635734558105,0.0683295624570813,0.16916809976100922,7.860141277313232,7.860141277313232,46.46349570881023,9.292699141762046,1.634966048892643,0.17367311530500681,79.99854913347457,0,1,1,0,0,0,1.0,1.0,0.2,0.2
9,0,0,odam,fpn,0.06042078509926796,0.21834635734558105,-0.12468050686738893,0.156590536236763,2.0261142253875732,2.0261142253875732,12.938931522171385,2.587786304434277,0.6773535102666051,0.2550817637347198,75.22156991139654,1,1,1,0,0,0,1.0,1.0,0.2,0.2
9,0,0,odam,rpn,0.06042078509926796,0.21834635734558105,0.0,0.05625707283616066,0.0,0.0,0.0,0.0,0.9999999518239103,0.9999999518239103,0.01778498098776014,0,0,0,0,0,0,1.0,1.0,0.2,0.2
9,0,0,odam,roi_shared,0.06042078509926796,0.21834635734558105,0.02087534796760052,0.23212812840938568,0.44274255633354187,0.44274255633354187,1.9073197176376337,0.3814639435275267,1.007963207897366,0.935289548862714,20.72502597427455,0,1,0,0,0,0,1.0,1.0,0.2,0.2
9,0,0,odam,roi_cls,0.06042078509926796,0.21834635734558105,0.0,0.11051350831985474,0.0,0.0,0.0,0.0,0.9999999401065273,0.9999999401065273,0.019830213039086192,0,0,0,0,0,0,1.0,1.0,0.2,0.2
9,0,0,odam,roi_reg,0.06042078509926796,0.21834635734558105,0.33987632368433335,0.034278754144907,0.2812274098396301,0.2812274098396301,8.204131592729247,1.6408263185458496,1.5576780872115183,0.710412377456903,44.73152259788076,0,1,1,0,0,0,1.0,1.0,0.2,0.2
9,100,0,odam,backbone,0.3262297809123993,0.3348180949687958,-0.17226223702366067,1.7552045583724976,1.6334556341171265,1.6334556341171265,0.9306354785403121,0.18612709570806243,0.9679371182361011,0.9825289892246263,10.725831698299773,1,0,0,0,0,0,1.0,1.0,0.2,0.2
9,100,0,odam,fpn,0.3262297809123993,0.3348180949687958,-0.03592163198503284,0.8650327920913696,0.9641100168228149,0.9641100168228149,1.1145358021537064,0.2229071604307413,0.9919927065528918,0.9757012164657778,12.656488900413807,1,1,0,0,0,0,1.0,1.0,0.2,0.2
9,100,0,odam,rpn,0.3262297809123993,0.3348180949687958,0.0,1.0592083930969238,0.0,0.0,0.0,0.0,1.0000000650437038,1.0000000650437038,0.0,0,0,0,0,0,0,1.0,1.0,0.2,0.2
9,100,0,odam,roi_shared,0.3262297809123993,0.3348180949687958,0.23918846460406978,0.6639596223831177,0.04541987180709839,0.04541987180709839,0.06840758123826125,0.013681516247652252,1.0032724869251592,0.9999123652195026,0.7585409888855881,0,0,0,0,0,0,1.0,1.0,0.2,0.2
9,100,0,odam,roi_cls,0.3262297809123993,0.3348180949687958,0.0,0.14148028194904327,0.0,0.0,0.0,0.0,1.0000000953862522,1.0000000953862522,0.0,0,0,0,0,0,0,1.0,1.0,0.2,0.2
9,100,0,odam,roi_reg,0.3262297809123993,0.3348180949687958,-0.004538148744317226,0.21684539318084717,0.03153853118419647,0.03153853118419647,0.14544247734095792,0.02908849546819158,0.9998680311773219,0.9995771339109948,1.6663044916581806,1,0,0,0,0,0,1.0,1.0,0.2,0.2
9,200,0,odam,backbone,0.22176745533943176,0.8186718821525574,-0.3961291234782836,0.36370450258255005,2.5686631202697754,2.5686631202697754,7.062500194609951,1.4125000389219906,0.4404677550021461,0.3215785765939023,71.2415826011125,1,1,1,0,0,0,1.0,1.0,0.2,0.2
9,200,0,odam,fpn,0.22176745533943176,0.8186718821525574,-0.33159524321584144,0.2041771560907364,1.4393600225448608,1.4393600225448608,7.049564457177613,1.4099128914355226,0.5324794406748985,0.37164481614661815,68.18290682976523,1,1,1,0,0,0,1.0,1.0,0.2,0.2
9,200,0,odam,rpn,0.22176745533943176,0.8186718821525574,0.0,0.21441654860973358,0.0,0.0,0.0,0.0,0.9999999881699563,0.9999999881699563,0.008813142768547352,0,0,0,0,0,0,1.0,1.0,0.2,0.2
9,200,0,odam,roi_shared,0.22176745533943176,0.8186718821525574,-0.24395689150709396,0.29906994104385376,2.1669676303863525,2.1669676303863525,7.245688492875323,1.4491376985750648,0.6464728567265918,0.4179110603382663,65.29722592370447,1,1,1,0,0,0,1.0,1.0,0.2,0.2
9,200,0,odam,roi_cls,0.22176745533943176,0.8186718821525574,0.0,0.08224600553512573,0.0,0.0,0.0,0.0,1.0000000659612835,1.0000000659612835,0.0,0,0,0,0,0,0,1.0,1.0,0.2,0.2
9,200,0,odam,roi_reg,0.22176745533943176,0.8186718821525574,-0.460798734461584,0.07430742681026459,1.1814507246017456,1.1814507246017456,15.899497201248042,3.179899440249609,-0.4652937842630486,-0.16267447158191248,99.36216634806593,1,1,1,1,0,0,1.0,1.0,0.2,0.2
9,300,0,odam,backbone,0.0370771586894989,-0.0,0.0,0.6407760381698608,0.0,0.0,0.0,0.0,0.9999999898048243,0.9999999898048243,0.00818153868124391,0,0,0,0,0,0,1.0,1.0,0.2,0.2
9,300,0,odam,fpn,0.0370771586894989,-0.0,0.0,0.28597283363342285,0.0,0.0,0.0,0.0,0.9999999318932384,0.9999999318932384,0.021146220081999317,0,0,0,0,0,0,1.0,1.0,0.2,0.2
9,300,0,odam,rpn,0.0370771586894989,-0.0,0.0,0.1540900021791458,0.0,0.0,0.0,0.0,0.9999999749066437,0.9999999749066437,0.012835624619735468,0,0,0,0,0,0,1.0,1.0,0.2,0.2
9,300,0,odam,roi_shared,0.0370771586894989,-0.0,0.0,0.25437992811203003,0.0,0.0,0.0,0.0,1.000000022790758,1.000000022790758,0.0,0,0,0,0,0,0,1.0,1.0,0.2,0.2
9,300,0,odam,roi_cls,0.0370771586894989,-0.0,0.0,0.10541129857301712,0.0,0.0,0.0,0.0,1.0000000644070957,1.0000000644070957,0.0,0,0,0,0,0,0,1.0,1.0,0.2,0.2
9,300,0,odam,roi_reg,0.0370771586894989,-0.0,0.0,0.0,0.0,0.0,0.0,0.0,0.0,0.0,90.0,0,0,0,1,0,0,1.0,1.0,0.2,0.2
9,400,0,odam,backbone,0.25993838906288147,0.70438152551651,-0.24945270989348517,0.42679062485694885,0.8996903300285339,0.8996903300285339,2.108036769388013,0.4216073538776027,0.894828901946804,0.9097761182368203,24.525568956862625,1,1,0,0,0,0,1.0,1.0,0.2,0.2
9,400,0,odam,fpn,0.25993838906288147,0.70438152551651,-0.30059930664656415,0.2721864879131317,0.4793093502521515,0.4793093502521515,1.7609593846007632,0.35219187692015264,0.8941315100602619,0.9361212770005712,20.58994337398942,1,1,0,0,0,0,1.0,1.0,0.2,0.2
9,400,0,odam,rpn,0.25993838906288147,0.70438152551651,0.0,0.2299300730228424,0.0,0.0,0.0,0.0,1.0000000471975672,1.0000000471975672,0.0,0,0,0,0,0,0,1.0,1.0,0.2,0.2
9,400,0,odam,roi_shared,0.25993838906288147,0.70438152551651,-0.16775192161366909,0.44285762310028076,0.8621805906295776,0.8621805906295776,1.946857286984863,0.3893714573969726,0.9346822276952823,0.925031478178698,22.32689789117658,1,1,0,0,0,0,1.0,1.0,0.2,0.2
9,400,0,odam,roi_cls,0.25993838906288147,0.70438152551651,0.0,0.11068272590637207,0.0,0.0,0.0,0.0,0.999999980507247,0.999999980507247,0.011312907091299477,0,0,0,0,0,0,1.0,1.0,0.2,0.2
9,400,0,odam,roi_reg,0.25993838906288147,0.70438152551651,-0.7371093940474756,0.12591679394245148,0.6384889483451843,0.6384889483451843,5.070721135395147,1.0141442270790293,0.2524648048913721,0.345674202398431,69.77704298696862,1,1,1,0,0,0,1.0,1.0,0.2,0.2
9,500,0,odam,backbone,0.08059123158454895,0.00010002159251598641,0.0,0.5463822484016418,1.2832593061090636e-12,1.2832593061090636e-12,2.3486475079727487e-12,4.697295015945498e-13,1.0000000913780307,1.0000000913780307,0.0,0,0,0,0,0,0,1.0,1.0,0.2,0.2
9,500,0,odam,fpn,0.08059123158454895,0.00010002159251598641,0.0,0.34119293093681335,1.0797621477487418e-12,1.0797621477487418e-12,3.16466740616237e-12,6.32933481232474e-13,1.0000000738365473,1.0000000738365473,0.0,0,0,0,0,0,0,1.0,1.0,0.2,0.2
9,500,0,odam,rpn,0.08059123158454895,0.00010002159251598641,0.0,0.1524302214384079,0.0,0.0,0.0,0.0,0.9999999337150818,0.9999999337150818,0.020861474197648187,0,0,0,0,0,0,1.0,1.0,0.2,0.2
9,500,0,odam,roi_shared,0.08059123158454895,0.00010002159251598641,0.011069616896843135,0.47056999802589417,3.8555985661103964e-12,3.8555985661103964e-12,8.193464484104729e-12,1.6386928968209458e-12,0.9999999551881394,0.9999999551881394,0.01715276429538295,0,0,0,0,0,0,1.0,1.0,0.2,0.2
9,500,0,odam,roi_cls,0.08059123158454895,0.00010002159251598641,0.0,0.16976122558116913,0.0,0.0,0.0,0.0,1.0000000638610371,1.0000000638610371,0.0,0,0,0,0,0,0,1.0,1.0,0.2,0.2
9,500,0,odam,roi_reg,0.08059123158454895,0.00010002159251598641,0.0,0.000833692611195147,3.0828271792987527e-12,3.0828271792987527e-12,3.697798370648074e-09,7.395596741296148e-10,1.0000000594325469,1.0000000594325469,0.0,0,0,0,0,0,0,1.0,1.0,0.2,0.2
9,600,0,odam,backbone,0.29198193550109863,0.6722767353057861,0.26918307909411227,0.6184152960777283,1.5996384620666504,1.5996384620666504,2.586673505995545,0.517334701199109,1.1392576259132625,0.916212111854267,23.62154631593118,0,1,0,0,0,0,1.0,1.0,0.2,0.2
9,600,0,odam,fpn,0.29198193550109863,0.6722767353057861,0.012296296504751135,0.3877883851528168,0.9370702505111694,0.9370702505111694,2.416447439863099,0.4832894879726198,1.0059426675048262,0.9013830760877329,25.65953382546956,0,1,0,0,0,0,1.0,1.0,0.2,0.2
9,600,0,odam,rpn,0.29198193550109863,0.6722767353057861,0.0,0.4389728307723999,0.0,0.0,0.0,0.0,1.0000000328964402,1.0000000328964402,0.0,0,0,0,0,0,0,1.0,1.0,0.2,0.2
9,600,0,odam,roi_shared,0.29198193550109863,0.6722767353057861,0.012156100966946725,0.465378075838089,0.632100522518158,0.632100522518158,1.3582516137654792,0.27165032275309586,1.0033022140932482,0.9652500715458008,15.148872811270627,0,1,0,0,0,0,1.0,1.0,0.2,0.2
9,600,0,odam,roi_cls,0.29198193550109863,0.6722767353057861,0.0,0.1412065327167511,0.0,0.0,0.0,0.0,0.9999999944729178,0.9999999944729178,0.006024008744878888,0,0,0,0,0,0,1.0,1.0,0.2,0.2
9,600,0,odam,roi_reg,0.29198193550109863,0.6722767353057861,-0.2771793666866793,0.08063758164644241,0.45425140857696533,0.45425140857696533,5.633246921623251,1.1266493843246503,0.6877160008567225,0.5362365376684074,57.572190729229476,1,1,1,0,0,0,1.0,1.0,0.2,0.2
9,700,0,odam,backbone,0.15987955033779144,0.38731858134269714,0.12993289649123307,0.7386440634727478,0.5898718237876892,0.5898718237876892,0.7985873751078384,0.1597174750215677,1.0207525629569754,0.988178160543849,8.818788676926072,0,0,0,0,0,0,1.0,1.0,0.2,0.2
9,700,0,odam,fpn,0.15987955033779144,0.38731858134269714,0.07629484391163806,0.4478873312473297,0.4167969524860382,0.4167969524860382,0.9305843755957389,0.1861168751191478,1.0141996709049406,0.9836688098548283,10.369059606600636,0,0,0,0,0,0,1.0,1.0,0.2,0.2
9,700,0,odam,rpn,0.15987955033779144,0.38731858134269714,0.0,0.3786093294620514,0.0,0.0,0.0,0.0,0.9999999226002936,0.9999999226002936,0.022542770504461004,0,0,0,0,0,0,1.0,1.0,0.2,0.2
9,700,0,odam,roi_shared,0.15987955033779144,0.38731858134269714,0.0,0.37979069352149963,0.0,0.0,0.0,0.0,1.0000000311589845,1.0000000311589845,0.0,0,0,0,0,0,0,1.0,1.0,0.2,0.2
9,700,0,odam,roi_cls,0.15987955033779144,0.38731858134269714,0.0,0.11070847511291504,0.0,0.0,0.0,0.0,1.0000000546851102,1.0000000546851102,0.0,0,0,0,0,0,0,1.0,1.0,0.2,0.2
9,700,0,odam,roi_reg,0.15987955033779144,0.38731858134269714,0.0,0.12773607671260834,0.0,0.0,0.0,0.0,1.0000001052751555,1.0000001052751555,0.0,0,0,0,0,0,0,1.0,1.0,0.2,0.2
10,0,0,odam,backbone,0.3132270574569702,0.8183481097221375,-0.4039089580300521,2.521373987197876,3.911323070526123,3.911323070526123,1.5512665278477646,0.31025330556955294,0.8746859122504648,0.9511789702609851,17.977281575607968,1,1,0,0,0,0,1.0,1.0,0.2,0.2
10,0,0,odam,fpn,0.3132270574569702,0.8183481097221375,-0.4278211744718274,0.8497143983840942,1.9775753021240234,1.9775753021240234,2.3273411700269966,0.4654682340053994,0.8008629813435537,0.8852766199159703,27.714418520353934,1,1,0,0,0,0,1.0,1.0,0.2,0.2
10,0,0,odam,rpn,0.3132270574569702,0.8183481097221375,0.0,0.3593958616256714,0.0,0.0,0.0,0.0,0.9999999677893755,0.9999999677893755,0.014542437431004305,0,0,0,0,0,0,1.0,1.0,0.2,0.2
10,0,0,odam,roi_shared,0.3132270574569702,0.8183481097221375,-0.36983337415725887,0.7698262929916382,1.9128628969192505,1.9128628969192505,2.4847980828059715,0.4969596165611943,0.8162078266529164,0.870384943399324,29.496596742940287,1,1,0,0,0,0,1.0,1.0,0.2,0.2
10,0,0,odam,roi_cls,0.3132270574569702,0.8183481097221375,0.0,0.13013161718845367,0.0,0.0,0.0,0.0,1.0000000343771596,1.0000000343771596,0.0,0,0,0,0,0,0,1.0,1.0,0.2,0.2
10,0,0,odam,roi_reg,0.3132270574569702,0.8183481097221375,-0.3353094111222573,0.1901097148656845,1.1565306186676025,1.1565306186676025,6.083490364943788,1.2166980729887578,0.5920296743302218,0.45889453100743244,62.68420341260325,1,1,1,0,0,0,1.0,1.0,0.2,0.2
10,100,0,odam,backbone,0.13140885531902313,1.9656622409820557,-0.4112512336474032,0.4274429380893707,20.719831466674805,20.719831466674805,48.47391223560852,9.694782447121707,-2.9869919624622856,-0.3202118689712854,108.67573830237168,1,1,1,1,0,0,1.0,1.0,0.2,0.2
10,100,0,odam,fpn,0.13140885531902313,1.9656622409820557,-0.16350624496458324,0.2903212606906891,7.83497953414917,7.83497953414917,26.987274426645,5.397454885329,0.11748226883103877,0.022057787508686345,88.7360793636371,1,1,1,0,0,0,1.0,1.0,0.2,0.2
10,100,0,odam,rpn,0.13140885531902313,1.9656622409820557,0.0,0.18969887495040894,0.0,0.0,0.0,0.0,1.0000000104419327,1.0000000104419327,0.0,0,0,0,0,0,0,1.0,1.0,0.2,0.2
10,100,0,odam,roi_shared,0.13140885531902313,1.9656622409820557,-0.14507840728622293,0.4793415665626526,6.689593315124512,6.689593315124512,13.955796412765604,2.791159282553121,0.5950631146270491,0.21064086500623613,77.84008879451783,1,1,1,0,0,0,1.0,1.0,0.2,0.2
10,100,0,odam,roi_cls,0.13140885531902313,1.9656622409820557,0.0,0.15622474253177643,0.0,0.0,0.0,0.0,1.0000000883394653,1.0000000883394653,0.0,0,0,0,0,0,0,1.0,1.0,0.2,0.2
10,100,0,odam,roi_reg,0.13140885531902313,1.9656622409820557,-0.49928695334702017,0.030265331268310547,2.9400811195373535,2.9400811195373535,97.14353011611603,19.428706023223207,-8.700499712895365,-0.4591477200426337,117.33212509849733,1,1,1,1,0,0,1.0,1.0,0.2,0.2
10,200,0,odam,backbone,0.15067800879478455,0.6733039021492004,0.2914996806697094,0.4370870888233185,2.1888649463653564,2.1888649463653564,5.007846267566486,1.0015692535132972,1.291957024612002,0.803239720452257,36.55940387516256,0,1,1,0,0,0,1.0,1.0,0.2,0.2
10,200,0,odam,fpn,0.15067800879478455,0.6733039021492004,0.057435780124848096,0.2071332335472107,1.4492954015731812,1.4492954015731812,6.996923558588929,1.3993847117177858,1.080374807583061,0.6117371652110503,52.28478241284122,0,1,1,0,0,0,1.0,1.0,0.2,0.2
10,200,0,odam,rpn,0.15067800879478455,0.6733039021492004,0.0,0.226869598031044,0.0,0.0,0.0,0.0,1.0000000630823922,1.0000000630823922,0.0,0,0,0,0,0,0,1.0,1.0,0.2,0.2
10,200,0,odam,roi_shared,0.15067800879478455,0.6733039021492004,-0.167480708081216,0.35987845063209534,1.1659897565841675,1.1659897565841675,3.2399543638587067,0.6479908727717414,0.8914741336838339,0.8128394106093072,35.6257155035417,1,1,0,0,0,0,1.0,1.0,0.2,0.2
10,200,0,odam,roi_cls,0.15067800879478455,0.6733039021492004,0.0,0.10764419287443161,0.0,0.0,0.0,0.0,1.00000001196019,1.00000001196019,0.0,0,0,0,0,0,0,1.0,1.0,0.2,0.2
10,200,0,odam,roi_reg,0.15067800879478455,0.6733039021492004,-0.27633004212443674,0.08095956593751907,0.9565140604972839,0.9565140604972839,11.81471330065527,2.362942660131054,0.347047974766822,0.15106767911793034,81.31119481501024,1,1,1,0,0,0,1.0,1.0,0.2,0.2
10,300,0,odam,backbone,0.1969466209411621,0.37418270111083984,-0.5616354248245257,0.9058887362480164,6.600094318389893,6.600094318389893,7.2857670642047845,1.4571534128409571,0.1816111745028365,0.14895582705075033,81.4335799338889,1,1,1,0,0,0,1.0,1.0,0.2,0.2
10,300,0,odam,fpn,0.1969466209411621,0.37418270111083984,-0.2300853228688007,0.5496179461479187,2.5308704376220703,2.5308704376220703,4.604781294643056,0.9209562589286111,0.7881013912711047,0.6603462314268269,48.67371628551395,1,1,0,0,0,0,1.0,1.0,0.2,0.2
10,300,0,odam,rpn,0.1969466209411621,0.37418270111083984,0.0,0.27390581369400024,0.0,0.0,0.0,0.0,0.9999999194282551,0.9999999194282551,0.023000062586041942,0,0,0,0,0,0,1.0,1.0,0.2,0.2
10,300,0,odam,roi_shared,0.1969466209411621,0.37418270111083984,-0.3233623241528676,0.8876296281814575,2.6720590591430664,2.6720590591430664,3.0103310821400604,0.6020662164280121,0.8053144544432632,0.8163641294637126,35.27753192877358,1,1,0,0,0,0,1.0,1.0,0.2,0.2
10,300,0,odam,roi_cls,0.1969466209411621,0.37418270111083984,0.0,0.3008681833744049,0.0,0.0,0.0,0.0,0.9999999962477311,0.9999999962477311,0.004963460951977631,0,0,0,0,0,0,1.0,1.0,0.2,0.2
10,300,0,odam,roi_reg,0.1969466209411621,0.37418270111083984,-0.8633663672753883,0.05829682946205139,1.1003073453903198,1.1003073453903198,18.87422275865912,3.774844551731824,-2.2590740230518462,-0.7645235648681977,139.86462484272178,1,1,1,1,0,0,1.0,1.0,0.2,0.2
10,400,0,odam,backbone,0.5576983690261841,0.5341150164604187,0.006609396527701971,0.9991362690925598,1.2051830291748047,1.2051830291748047,1.206224882887478,0.2412449765774956,1.0015944047425736,0.9721981375710778,13.542097190757227,0,1,0,0,0,0,1.0,1.0,0.2,0.2
10,400,0,odam,fpn,0.5576983690261841,0.5341150164604187,-0.13811819221723157,0.8372922539710999,0.7576708793640137,0.7576708793640137,0.9049061134514754,0.1809812226902951,0.9750033440354428,0.9835178239470411,10.41701345621839,1,0,0,0,0,0,1.0,1.0,0.2,0.2
10,400,0,odam,rpn,0.5576983690261841,0.5341150164604187,0.0,0.44960257411003113,0.0,0.0,0.0,0.0,1.0000000118191708,1.0000000118191708,0.0,0,0,0,0,0,0,1.0,1.0,0.2,0.2
10,400,0,odam,roi_shared,0.5576983690261841,0.5341150164604187,-0.04938185442342876,1.824079990386963,0.05457039922475815,0.05457039922475815,0.029916670054135897,0.005983334010827179,0.9997044413565335,0.9999820563613593,0.3432365570158351,1,0,0,0,0,0,1.0,1.0,0.2,0.2
10,400,0,odam,roi_cls,0.5576983690261841,0.5341150164604187,0.0,0.5057096481323242,0.0,0.0,0.0,0.0,0.9999998977743201,0.9999998977743201,0.025907030586178537,0,0,0,0,0,0,1.0,1.0,0.2,0.2
10,400,0,odam,roi_reg,0.5576983690261841,0.5341150164604187,-0.31017571283200746,0.0979638621211052,0.037573378533124924,0.037573378533124924,0.3835432548246806,0.07670865096493612,0.9762069132062687,0.9972215086977478,4.272113272844959,1,0,0,0,0,0,1.0,1.0,0.2,0.2
10,500,0,odam,backbone,0.15973436832427979,0.10018965601921082,-0.10456895398088312,0.44341418147087097,1.5720080137252808,1.5720080137252808,3.5452362134893742,0.7090472426978749,0.925855712953475,0.7955368849108133,37.29400477910051,1,1,0,0,0,0,1.0,1.0,0.2,0.2
10,500,0,odam,fpn,0.15973436832427979,0.10018965601921082,-0.04663153827748751,0.2860569357872009,1.028909683227539,1.028909683227539,3.596870253804822,0.7193740507609644,0.9664545183279075,0.8024839029176662,36.63204343142455,1,1,0,0,0,0,1.0,1.0,0.2,0.2
10,500,0,odam,rpn,0.15973436832427979,0.10018965601921082,0.0,0.4306139647960663,0.0,0.0,0.0,0.0,1.000000049560696,1.000000049560696,0.0,0,0,0,0,0,0,1.0,1.0,0.2,0.2
10,500,0,odam,roi_shared,0.15973436832427979,0.10018965601921082,-0.016487434652288937,0.30871886014938354,0.19852061569690704,0.19852061569690704,0.6430466075213107,0.12860932150426213,0.9978793735541959,0.9917987825638281,7.3430088673847935,1,0,0,0,0,0,1.0,1.0,0.2,0.2
10,500,0,odam,roi_cls,0.15973436832427979,0.10018965601921082,0.0,0.05463545769453049,0.0,0.0,0.0,0.0,1.0000000676647365,1.0000000676647365,0.0,0,0,0,0,0,0,1.0,1.0,0.2,0.2
10,500,0,odam,roi_reg,0.15973436832427979,0.10018965601921082,-0.4070954321690326,0.07355480641126633,0.14613467454910278,0.14613467454910278,1.9867454171794199,0.397349083435884,0.8382409101089231,0.9176772467694966,23.41116079862771,1,1,0,0,0,0,1.0,1.0,0.2,0.2
10,600,0,odam,backbone,0.0647861436009407,0.10947292298078537,0.2744074733023496,0.32213178277015686,1.5182093381881714,1.5182093381881714,4.713006972278248,0.9426013944556497,1.258656892475142,0.8114777597317652,35.75943517424771,0,1,0,0,0,0,1.0,1.0,0.2,0.2
10,600,0,odam,fpn,0.0647861436009407,0.10947292298078537,0.19883896061616732,0.14942002296447754,1.1116212606430054,1.1116212606430054,7.439573616631536,1.4879147233263073,1.295855411309023,0.6642703978925959,48.37362337036535,0,1,1,0,0,0,1.0,1.0,0.2,0.2
10,600,0,odam,rpn,0.0647861436009407,0.10947292298078537,0.0,0.13058654963970184,0.0,0.0,0.0,0.0,0.999999946202444,0.999999946202444,0.01879398626808057,0,0,0,0,0,0,1.0,1.0,0.2,0.2
10,600,0,odam,roi_shared,0.0647861436009407,0.10947292298078537,0.13418560580051242,0.1870669424533844,0.34371134638786316,0.34371134638786316,1.8373708463937357,0.3674741692787472,1.0493097022825089,0.9447274816863135,19.13873461706642,0,1,0,0,0,0,1.0,1.0,0.2,0.2
10,600,0,odam,roi_cls,0.0647861436009407,0.10947292298078537,0.0,0.07487524300813675,0.0,0.0,0.0,0.0,0.9999999249055876,0.9999999249055876,0.0222045228192403,0,0,0,0,0,0,1.0,1.0,0.2,0.2
10,600,0,odam,roi_reg,0.0647861436009407,0.10947292298078537,-0.21024117515679056,0.026713984087109566,0.20837558805942535,0.20837558805942535,7.800243774195175,1.5600487548390352,0.6720134778335305,0.40320799111296884,66.22112070817325,1,1,1,0,0,0,1.0,1.0,0.2,0.2
10,700,0,odam,backbone,0.06491989642381668,0.001509651425294578,-0.3622025110551986,0.4135001301765442,0.9423671960830688,0.9423671960830688,2.2790009659264787,0.45580019318529574,0.8349080092495067,0.891246343119916,26.969717993207663,1,1,0,0,0,0,1.0,1.0,0.2,0.2
10,700,0,odam,fpn,0.06491989642381668,0.001509651425294578,-0.1005928749460244,0.18242935836315155,0.44693851470947266,0.44693851470947266,2.4499264741137665,0.4899852948227533,0.9507110820952822,0.8898342579778213,27.147572796834805,1,1,0,0,0,0,1.0,1.0,0.2,0.2
10,700,0,odam,rpn,0.06491989642381668,0.001509651425294578,0.0,0.139117032289505,0.0,0.0,0.0,0.0,0.999999968573657,0.999999968573657,0.01436430289347268,0,0,0,0,0,0,1.0,1.0,0.2,0.2
10,700,0,odam,roi_shared,0.06491989642381668,0.001509651425294578,-0.29631933668163146,0.22755707800388336,0.5514062643051147,0.5514062643051147,2.423155847939411,0.48463116958788227,0.8563943668948567,0.8797279497680316,28.390436433907343,1,1,0,0,0,0,1.0,1.0,0.2,0.2
10,700,0,odam,roi_cls,0.06491989642381668,0.001509651425294578,0.0,0.07950619608163834,0.0,0.0,0.0,0.0,0.9999999071678645,0.9999999071678645,0.02468805090451832,0,0,0,0,0,0,1.0,1.0,0.2,0.2
10,700,0,odam,roi_reg,0.06491989642381668,0.001509651425294578,-0.893823640321777,0.030005749315023422,0.3138493597507477,0.3138493597507477,10.459640799358677,2.0919281598717356,-0.8698149066526014,-0.6799302792538788,132.83819505888027,1,1,1,1,0,0,1.0,1.0,0.2,0.2
11,0,0,odam,backbone,0.48905691504478455,0.19680510461330414,0.17973221822839852,0.9227474331855774,0.5429799556732178,0.5429799556732178,0.5884383268330554,0.1176876653666111,1.0211522257041576,0.9936344801460378,6.468226419530446,0,0,0,0,0,0,1.0,1.0,0.2,0.2
11,0,0,odam,fpn,0.48905691504478455,0.19680510461330414,0.026405833758288262,0.6945893168449402,0.28305473923683167,0.28305473923683167,0.40751381049533286,0.08150276209906658,1.0021523550144698,0.9967116676633404,4.647769293793731,0,0,0,0,0,0,1.0,1.0,0.2,0.2
11,0,0,odam,rpn,0.48905691504478455,0.19680510461330414,0.0,0.46872976422309875,0.0,0.0,0.0,0.0,0.9999999387913608,0.9999999387913608,0.020046750926297766,0,0,0,0,0,0,1.0,1.0,0.2,0.2
11,0,0,odam,roi_shared,0.48905691504478455,0.19680510461330414,-0.022291768664223995,1.023341417312622,0.03893853351473808,0.03893853351473808,0.03805038363149011,0.007610076726298022,0.9998303547950993,0.9999710709367667,0.4358187017035012,1,0,0,0,0,0,1.0,1.0,0.2,0.2
11,0,0,odam,roi_cls,0.48905691504478455,0.19680510461330414,0.0,0.2827295958995819,0.0,0.0,0.0,0.0,1.0000000391477386,1.0000000391477386,0.0,0,0,0,0,0,0,1.0,1.0,0.2,0.2
11,0,0,odam,roi_reg,0.48905691504478455,0.19680510461330414,-0.6147480189799248,0.21543003618717194,0.04105105996131897,0.04105105996131897,0.19055402249318942,0.03811080449863788,0.9765712988203099,0.9995265253894772,1.76320624380095,1,0,0,0,0,0,1.0,1.0,0.2,0.2
11,100,0,odam,backbone,0.1619379222393036,0.5196499228477478,0.010762281772940056,0.38990163803100586,1.5859712362289429,1.5859712362289429,4.067618808266773,0.8135237616533547,1.0087551383106785,0.7784264046210495,38.88327656344662,0,1,0,0,0,0,1.0,1.0,0.2,0.2
11,100,0,odam,fpn,0.1619379222393036,0.5196499228477478,-0.019072981962421343,0.2596968412399292,1.2926195859909058,1.2926195859909058,4.977417437267471,0.9954834874534944,0.9810130525825577,0.7019758166651767,45.4142602195632,1,1,0,0,0,0,1.0,1.0,0.2,0.2
11,100,0,odam,rpn,0.1619379222393036,0.5196499228477478,0.0,0.24875132739543915,0.0,0.0,0.0,0.0,0.99999996748515,0.99999996748515,0.014610951833595632,0,0,0,0,0,0,1.0,1.0,0.2,0.2
11,100,0,odam,roi_shared,0.1619379222393036,0.5196499228477478,-0.0127685352572093,0.4166627824306488,0.1800588071346283,0.1800588071346283,0.4321451656522696,0.08642903313045391,0.9988966067673098,0.9962783701454966,4.944689221613457,1,0,0,0,0,0,1.0,1.0,0.2,0.2
11,100,0,odam,roi_cls,0.1619379222393036,0.5196499228477478,0.0,0.10700782388448715,0.0,0.0,0.0,0.0,1.0000000010775751,1.0000000010775751,0.0,0,0,0,0,0,0,1.0,1.0,0.2,0.2
11,100,0,odam,roi_reg,0.1619379222393036,0.5196499228477478,-0.171838963160705,0.06165788695216179,0.0879373624920845,0.0879373624920845,1.4262143391373767,0.2852428678274753,0.9509841892160792,0.9590102220658626,16.461528496431956,1,1,0,0,0,0,1.0,1.0,0.2,0.2
11,200,0,odam,backbone,0.2269202619791031,0.4133908152580261,-0.49783131307719,0.5056393146514893,3.3595941066741943,3.3595941066741943,6.644250178587847,1.3288500357175697,0.3384568309167469,0.2817778396984892,73.6336595680242,1,1,1,0,0,0,1.0,1.0,0.2,0.2
11,200,0,odam,fpn,0.2269202619791031,0.4133908152580261,-0.23443642273956905,0.2668182849884033,1.3790767192840576,1.3790767192840576,5.168598993670903,1.0337197987341806,0.7576583114201794,0.6020193055752303,52.98534293942058,1,1,1,0,0,0,1.0,1.0,0.2,0.2
11,200,0,odam,rpn,0.2269202619791031,0.4133908152580261,0.0,0.21213002502918243,0.0,0.0,0.0,0.0,0.9999999433875749,0.9999999433875749,0.01927939990246095,0,0,0,0,0,0,1.0,1.0,0.2,0.2
11,200,0,odam,roi_shared,0.2269202619791031,0.4133908152580261,-0.27042950087141826,0.41973045468330383,1.1070889234542847,1.1070889234542847,2.6376187648561467,0.5275237529712293,0.8573420971546453,0.8603736647412438,30.641436133611617,1,1,0,0,0,0,1.0,1.0,0.2,0.2
11,200,0,odam,roi_cls,0.2269202619791031,0.4133908152580261,0.0,0.08144397288560867,0.0,0.0,0.0,0.0,1.0000000505384727,1.0000000505384727,0.0,0,0,0,0,0,0,1.0,1.0,0.2,0.2
11,200,0,odam,roi_reg,0.2269202619791031,0.4133908152580261,-0.45788025429144413,0.07843014597892761,0.49015405774116516,0.49015405774116516,6.249561971653837,1.2499123943307675,0.42768972986745546,0.35920527825571436,68.94860253303837,1,1,1,0,0,0,1.0,1.0,0.2,0.2
11,300,0,odam,backbone,0.4368687868118286,0.3515489101409912,0.15409089966884726,2.399285316467285,0.5295041799545288,0.5295041799545288,0.22069246050910374,0.044138492101820755,1.0068011027502226,0.9990630128734889,2.480495016195022,0,0,0,0,0,0,1.0,1.0,0.2,0.2
11,300,0,odam,fpn,0.4368687868118286,0.3515489101409912,-0.007942973875816411,1.602321982383728,0.5219025015830994,0.5219025015830994,0.3257163711919374,0.06514327423838749,0.9994825723931141,0.9978828418712571,3.728987526680116,1,0,0,0,0,0,1.0,1.0,0.2,0.2
11,300,0,odam,rpn,0.4368687868118286,0.3515489101409912,0.0,1.1366883516311646,0.0,0.0,0.0,0.0,0.999999974056669,0.999999974056669,0.013051201649162096,0,0,0,0,0,0,1.0,1.0,0.2,0.2
11,300,0,odam,roi_shared,0.4368687868118286,0.3515489101409912,0.060115923266450114,0.4628385305404663,0.03051275759935379,0.03051275759935379,0.06592527541672773,0.013185055083345547,1.0007927328330561,0.9999136233066219,0.7530764101227989,0,0,0,0,0,0,1.0,1.0,0.2,0.2
11,300,0,odam,roi_cls,0.4368687868118286,0.3515489101409912,0.0,0.17201168835163116,0.0,0.0,0.0,0.0,1.0000000138031302,1.0000000138031302,0.0,0,0,0,0,0,0,1.0,1.0,0.2,0.2
11,300,0,odam,roi_reg,0.4368687868118286,0.3515489101409912,-0.5099676653409178,0.08240001648664474,0.02987615019083023,0.02987615019083023,0.36257456569407975,0.07251491313881596,0.9630196870202581,0.9979088709029399,3.705985896971514,1,0,0,0,0,0,1.0,1.0,0.2,0.2
11,400,0,odam,backbone,0.06317919492721558,0.00010002159251598641,0.4889030551704328,0.4823024868965149,8.973083387431302e-11,8.973083387431302e-11,1.860467990777043e-10,3.720935981554086e-11,0.999999959744436,0.999999959744436,0.016257381215145392,0,0,0,0,0,0,1.0,1.0,0.2,0.2
11,400,0,odam,fpn,0.06317919492721558,0.00010002159251598641,0.25972932480292393,0.40436452627182007,4.4054117992464725e-11,4.4054117992464725e-11,1.0894654483823556e-10,2.178930896764711e-11,1.0000000617185163,1.0000000617185163,0.0,0,0,0,0,0,0,1.0,1.0,0.2,0.2
11,400,0,odam,rpn,0.06317919492721558,0.00010002159251598641,0.0,0.16353082656860352,0.0,0.0,0.0,0.0,1.000000016656178,1.000000016656178,0.0,0,0,0,0,0,0,1.0,1.0,0.2,0.2
11,400,0,odam,roi_shared,0.06317919492721558,0.00010002159251598641,-0.06164816329525816,0.4806736409664154,4.9247165373467183e-11,4.9247165373467183e-11,1.0245447467111698e-10,2.0490894934223397e-11,0.9999999543462395,0.9999999543462395,0.01731314276352331,1,0,0,0,0,0,1.0,1.0,0.2,0.2
11,400,0,odam,roi_cls,0.06317919492721558,0.00010002159251598641,0.0,0.14860695600509644,0.0,0.0,0.0,0.0,0.9999999227050859,0.9999999227050859,0.02252750488703744,0,0,0,0,0,0,1.0,1.0,0.2,0.2
11,400,0,odam,roi_reg,0.06317919492721558,0.00010002159251598641,0.0,0.005343339405953884,1.805343201322085e-11,1.805343201322085e-11,3.3786796311506214e-09,6.757359262301243e-10,1.0000000650544787,1.0000000650544787,0.0,0,0,0,0,0,0,1.0,1.0,0.2,0.2
11,500,0,odam,backbone,0.2636617422103882,0.4354495704174042,-0.7507531088991066,1.5064016580581665,5.271356582641602,5.271356582641602,3.4993034921620216,0.6998606984324044,0.47457742715882667,0.7162994456689704,44.250205091075685,1,1,0,0,0,0,1.0,1.0,0.2,0.2
11,500,0,odam,fpn,0.2636617422103882,0.4354495704174042,-0.6538601932243909,0.6151485443115234,1.2075278759002686,1.2075278759002686,1.9629858301164287,0.39259716602328576,0.7432963965158057,0.9285945302438401,21.783222767074264,1,1,0,0,0,0,1.0,1.0,0.2,0.2
11,500,0,odam,rpn,0.2636617422103882,0.4354495704174042,0.0,0.2174006700515747,0.0,0.0,0.0,0.0,1.0000000206428956,1.0000000206428956,0.0,0,0,0,0,0,0,1.0,1.0,0.2,0.2
11,500,0,odam,roi_shared,0.2636617422103882,0.4354495704174042,-0.33271845729054284,0.6312437057495117,1.3371832370758057,1.3371832370758057,2.1183312006067316,0.4236662401213464,0.8590384160979447,0.9067309276727996,24.942571670639666,1,1,0,0,0,0,1.0,1.0,0.2,0.2
11,500,0,odam,roi_cls,0.2636617422103882,0.4354495704174042,0.0,0.13060669600963593,0.0,0.0,0.0,0.0,1.0000000481905176,1.0000000481905176,0.0,0,0,0,0,0,0,1.0,1.0,0.2,0.2
11,500,0,odam,roi_reg,0.2636617422103882,0.4354495704174042,-0.502761034260656,0.11585891246795654,0.382633239030838,0.382633239030838,3.302579239526904,0.6605158479053808,0.6679185419323118,0.7601190901987995,40.52530225789366,1,1,0,0,0,0,1.0,1.0,0.2,0.2
11,600,0,odam,backbone,0.13355553150177002,2.959965467453003,-0.27343900842123603,0.6680318713188171,17.785411834716797,17.785411834716797,26.62359776279108,5.324719552558216,-0.45598590430320735,-0.08867786628287336,95.08755027349127,1,1,1,1,0,0,1.0,1.0,0.2,0.2
11,600,0,odam,fpn,0.13355553150177002,2.959965467453003,0.02222062041117022,0.4551909565925598,7.3012471199035645,7.3012471199035645,16.039965236916803,3.2079930473833604,1.0712836563788526,0.3168176889187216,71.5294190556997,0,1,1,0,0,0,1.0,1.0,0.2,0.2
11,600,0,odam,rpn,0.13355553150177002,2.959965467453003,0.0,0.25154608488082886,0.0,0.0,0.0,0.0,1.000000019879957,1.000000019879957,0.0,0,0,0,0,0,0,1.0,1.0,0.2,0.2
11,600,0,odam,roi_shared,0.13355553150177002,2.959965467453003,-0.12709819678655762,0.5320385694503784,11.618356704711914,11.618356704711914,21.83743317089631,4.367486634179262,0.44490023844200827,0.10216194853862824,84.13632126465954,1,1,1,0,0,0,1.0,1.0,0.2,0.2
11,600,0,odam,roi_cls,0.13355553150177002,2.959965467453003,0.0,0.1435084044933319,0.0,0.0,0.0,0.0,1.0000000853520472,1.0000000853520472,0.0,0,0,0,0,0,0,1.0,1.0,0.2,0.2
11,600,0,odam,roi_reg,0.13355553150177002,2.959965467453003,-0.7308058505989877,0.024274680763483047,5.5878472328186035,5.5878472328186035,230.19240859490637,46.038481718981274,-32.64518996379283,-0.7204404789141743,136.09085917435814,1,1,1,1,0,0,1.0,1.0,0.2,0.2
11,700,0,odam,backbone,0.37330251932144165,0.1582401990890503,0.45698952546323135,4.003902435302734,1.279154896736145,1.279154896736145,0.31947703956463375,0.06389540791292675,1.0291994626133005,0.9984788015070422,3.1607172223026008,0,0,0,0,0,0,1.0,1.0,0.2,0.2
11,700,0,odam,fpn,0.37330251932144165,0.1582401990890503,0.1509699652777891,1.5323535203933716,0.7141554951667786,0.7141554951667786,0.46605139457861344,0.09321027891572269,1.0140719536990896,0.9958973851936956,5.191783718586548,0,0,0,0,0,0,1.0,1.0,0.2,0.2
11,700,0,odam,rpn,0.37330251932144165,0.1582401990890503,0.0,0.796118438243866,0.0,0.0,0.0,0.0,0.9999999873711692,0.9999999873711692,0.00910582296070699,0,0,0,0,0,0,1.0,1.0,0.2,0.2
11,700,0,odam,roi_shared,0.37330251932144165,0.1582401990890503,0.020736524577620062,2.9510648250579834,0.43642669916152954,0.43642669916152954,0.14788787269454662,0.029577574538909326,1.0006131882982565,0.999563448515613,1.693055385114567,0,0,0,0,0,0,1.0,1.0,0.2,0.2
11,700,0,odam,roi_cls,0.37330251932144165,0.1582401990890503,0.0,1.5049108266830444,0.0,0.0,0.0,0.0,0.9999999314930746,0.9999999314930746,0.02120825179698697,0,0,0,0,0,0,1.0,1.0,0.2,0.2
11,700,0,odam,roi_reg,0.37330251932144165,0.1582401990890503,0.0346246059520083,0.1641380786895752,0.18883958458900452,0.18883958458900452,1.1504922324949705,0.2300984464989941,1.0079670141698542,0.9749492119115508,12.851657347953056,0,1,0,0,0,0,1.0,1.0,0.2,0.2
12,0,0,odam,backbone,0.2833380699157715,1.1529217958450317,-0.02310211735585978,1.2003943920135498,4.8099775314331055,4.8099775314331055,4.006997669628243,0.8013995339256486,0.9814858076473452,0.7746717186736497,39.22472106763031,1,1,0,0,0,0,1.0,1.0,0.2,0.2
12,0,0,odam,fpn,0.2833380699157715,1.1529217958450317,-0.5174118055924789,0.5128569602966309,1.6853411197662354,1.6853411197662354,3.286181626142799,0.6572363252285599,0.6599382120921645,0.7610999816052875,40.43873397059967,1,1,0,0,0,0,1.0,1.0,0.2,0.2
12,0,0,odam,rpn,0.2833380699157715,1.1529217958450317,0.0,0.36504611372947693,0.0,0.0,0.0,0.0,0.9999999288474847,0.9999999288474847,0.02161388127547499,0,0,0,0,0,0,1.0,1.0,0.2,0.2
12,0,0,odam,roi_shared,0.2833380699157715,1.1529217958450317,-0.14328831648462917,0.38991779088974,2.332294464111328,2.332294464111328,5.981503072197207,1.1963006144394417,0.8285839382935656,0.5733762809836103,55.01399871625393,1,1,1,0,0,0,1.0,1.0,0.2,0.2
12,0,0,odam,roi_cls,0.2833380699157715,1.1529217958450317,0.0,0.10914882272481918,0.0,0.0,0.0,0.0,1.0000000642192421,1.0000000642192421,0.0,0,0,0,0,0,0,1.0,1.0,0.2,0.2
12,0,0,odam,roi_reg,0.2833380699157715,1.1529217958450317,-0.059785254671935274,0.08560863882303238,1.1642686128616333,1.1642686128616333,13.599896329018554,2.719979265803711,0.8373852071293548,0.2947177101626738,72.8593891855381,1,1,1,0,0,0,1.0,1.0,0.2,0.2
12,100,0,odam,backbone,0.43715882301330566,0.6560272574424744,-0.5377754075017903,1.6323305368423462,4.963224411010742,4.963224411010742,3.0405756058523705,0.6081151211704742,0.6729706953976454,0.7954573560442059,37.301524562950185,1,1,0,0,0,0,1.0,1.0,0.2,0.2
12,100,0,odam,fpn,0.43715882301330566,0.6560272574424744,-0.5123203155534173,1.0970826148986816,1.9856656789779663,1.9856656789779663,1.8099509116379058,0.3619901823275812,0.8145451630605935,0.9342691755556602,20.889605849444735,1,1,0,0,0,0,1.0,1.0,0.2,0.2
12,100,0,odam,rpn,0.43715882301330566,0.6560272574424744,0.0,0.6331624388694763,0.0,0.0,0.0,0.0,1.000000068560956,1.000000068560956,0.0,0,0,0,0,0,0,1.0,1.0,0.2,0.2
12,100,0,odam,roi_shared,0.43715882301330566,0.6560272574424744,-0.3951862108039047,0.95168137550354,2.6540794372558594,2.6540794372558594,2.7888319615917365,0.5577663923183473,0.7795782424833487,0.8356707237717416,33.31425673930218,1,1,0,0,0,0,1.0,1.0,0.2,0.2
12,100,0,odam,roi_cls,0.43715882301330566,0.6560272574424744,0.0,0.18280601501464844,0.0,0.0,0.0,0.0,0.9999999363153058,0.9999999363153058,0.020448203866723736,0,0,0,0,0,0,1.0,1.0,0.2,0.2
12,100,0,odam,roi_reg,0.43715882301330566,0.6560272574424744,-0.9097639573921023,0.2728997468948364,1.4743602275848389,1.4743602275848389,5.402570886784268,1.0805141773568536,0.01698708186310397,0.03784402139841674,87.8311793972278,1,1,1,0,0,0,1.0,1.0,0.2,0.2
12,200,0,odam,backbone,0.08617635071277618,0.12425995618104935,0.434181579893894,0.46678248047828674,0.5076817274093628,0.5076817274093628,1.0876194986777756,0.21752389973555514,1.0944450029677695,0.9843474477832183,10.150754592584219,0,1,0,0,0,0,1.0,1.0,0.2,0.2
12,200,0,odam,fpn,0.08617635071277618,0.12425995618104935,0.02977860327743524,0.28113195300102234,0.5073497891426086,0.5073497891426086,1.804667821379819,0.36093356427596385,1.0107480412981906,0.9418032439433996,19.643373264262536,0,1,0,0,0,0,1.0,1.0,0.2,0.2
12,200,0,odam,rpn,0.08617635071277618,0.12425995618104935,0.0,0.16529221832752228,0.0,0.0,0.0,0.0,1.00000000101991,1.00000000101991,0.0,0,0,0,0,0,0,1.0,1.0,0.2,0.2
12,200,0,odam,roi_shared,0.08617635071277618,0.12425995618104935,-0.08523838853656487,0.25758057832717896,0.16957369446754456,0.16957369446754456,0.65833261020228,0.131666522040456,0.9887770532315426,0.991313093946743,7.557620565401146,1,0,0,0,0,0,1.0,1.0,0.2,0.2
12,200,0,odam,roi_cls,0.08617635071277618,0.12425995618104935,0.0,0.07017488032579422,0.0,0.0,0.0,0.0,0.999999912856665,0.999999912856665,0.02391964454708572,0,0,0,0,0,0,1.0,1.0,0.2,0.2
12,200,0,odam,roi_reg,0.08617635071277618,0.12425995618104935,-0.7131910535403928,0.042986832559108734,0.17493607103824615,0.17493607103824615,4.069526890535644,0.8139053781071289,0.41952992125587074,0.5924158564928114,53.67136721799346,1,1,0,0,0,0,1.0,1.0,0.2,0.2
12,300,0,odam,backbone,0.9220036268234253,0.3556777238845825,0.5162914522141371,2.9526150226593018,0.8812587261199951,0.8812587261199951,0.29846719581013337,0.05969343916202667,1.0308190805177944,0.9987723357174243,2.8393692931479957,0,0,0,0,0,0,1.0,1.0,0.2,0.2
12,300,0,odam,fpn,0.9220036268234253,0.3556777238845825,0.17333182807671998,1.2892794609069824,0.4645807445049286,0.4645807445049286,0.3603413833786705,0.07206827667573411,1.0124917354750274,0.9975518759517898,4.009987147177599,0,0,0,0,0,0,1.0,1.0,0.2,0.2
12,300,0,odam,rpn,0.9220036268234253,0.3556777238845825,0.0,1.1318867206573486,0.0,0.0,0.0,0.0,0.9999999678193411,0.9999999678193411,0.014535671432836936,0,0,0,0,0,0,1.0,1.0,0.2,0.2
12,300,0,odam,roi_shared,0.9220036268234253,0.3556777238845825,-0.023992969111833,1.4639984369277954,0.17021816968917847,0.17021816968917847,0.11626936572854664,0.023253873145709328,0.9994420462294048,0.9997295693141225,1.3325251135858005,1,0,0,0,0,0,1.0,1.0,0.2,0.2
12,300,0,odam,roi_cls,0.9220036268234253,0.3556777238845825,0.0,0.44124525785446167,0.0,0.0,0.0,0.0,0.9999999362380031,0.9999999362380031,0.020460610477319976,0,0,0,0,0,0,1.0,1.0,0.2,0.2
12,300,0,odam,roi_reg,0.9220036268234253,0.3556777238845825,-0.038813651671086344,0.1837812066078186,0.15065553784370422,0.15065553784370422,0.819754862994217,0.16395097259884342,0.9936366858553946,0.9866790865499857,9.362415589394953,1,0,0,0,0,0,1.0,1.0,0.2,0.2
12,400,0,odam,backbone,0.05419477820396423,-0.0,0.0,0.3632824122905731,0.0,0.0,0.0,0.0,0.9999999241285392,0.9999999241285392,0.02231910913926024,0,0,0,0,0,0,1.0,1.0,0.2,0.2
12,400,0,odam,fpn,0.05419477820396423,-0.0,0.0,0.2789110243320465,0.0,0.0,0.0,0.0,0.9999999493046231,0.9999999493046231,0.018244073371802852,0,0,0,0,0,0,1.0,1.0,0.2,0.2
12,400,0,odam,rpn,0.05419477820396423,-0.0,0.0,0.2170109748840332,0.0,0.0,0.0,0.0,0.9999999363414239,0.9999999363414239,0.02044401036959221,0,0,0,0,0,0,1.0,1.0,0.2,0.2
12,400,0,odam,roi_shared,0.05419477820396423,-0.0,0.0,0.30462321639060974,0.0,0.0,0.0,0.0,0.9999999303769846,0.9999999303769846,0.02138031241866317,0,0,0,0,0,0,1.0,1.0,0.2,0.2
12,400,0,odam,roi_cls,0.05419477820396423,-0.0,0.0,0.10517372936010361,0.0,0.0,0.0,0.0,1.0000000405854401,1.0000000405854401,0.0,0,0,0,0,0,0,1.0,1.0,0.2,0.2
12,400,0,odam,roi_reg,0.05419477820396423,-0.0,0.0,0.0,0.0,0.0,0.0,0.0,0.0,0.0,90.0,0,0,0,1,0,0,1.0,1.0,0.2,0.2
12,500,0,odam,backbone,0.3246447443962097,0.8750609159469604,-0.6253045937929298,1.3324159383773804,7.00295352935791,7.00295352935791,5.255831401931536,1.0511662803863073,0.3427007771106615,0.3854825545219085,67.32629889832974,1,1,1,0,0,0,1.0,1.0,0.2,0.2
12,500,0,odam,fpn,0.3246447443962097,0.8750609159469604,-0.38770566367496917,0.5502457022666931,3.1714491844177246,3.1714491844177246,5.76369642025952,1.1527392840519042,0.5530767810064435,0.46170583865711157,62.502762956137225,1,1,1,0,0,0,1.0,1.0,0.2,0.2
12,500,0,odam,rpn,0.3246447443962097,0.8750609159469604,0.0,0.4906946122646332,0.0,0.0,0.0,0.0,1.0000000016894672,1.0000000016894672,0.0,0,0,0,0,0,0,1.0,1.0,0.2,0.2
12,500,0,odam,roi_shared,0.3246447443962097,0.8750609159469604,-0.42741799650540774,0.6224567890167236,2.688810348510742,2.688810348510742,4.3196739050082105,0.8639347810016421,0.6307387169894673,0.6282741928513904,51.077089922671306,1,1,0,0,0,0,1.0,1.0,0.2,0.2
12,500,0,odam,roi_cls,0.3246447443962097,0.8750609159469604,0.0,0.11168105900287628,0.0,0.0,0.0,0.0,0.9999999581576805,0.9999999581576805,0.016574693548028183,0,0,0,0,0,0,1.0,1.0,0.2,0.2
12,500,0,odam,roi_reg,0.3246447443962097,0.8750609159469604,-0.7369365967251549,0.15315662324428558,0.9729498624801636,0.9729498624801636,6.352646342484998,1.2705292684969995,0.06370029668832243,0.07396790073117214,85.75807735199953,1,1,1,0,0,0,1.0,1.0,0.2,0.2
12,600,0,odam,backbone,0.30566316843032837,0.3155193328857422,0.044937604113356094,0.493092805147171,2.385006904602051,2.385006904602051,4.836831687069961,0.9673663374139922,1.043471308157114,0.733686437265678,42.80366199630173,0,1,0,0,0,0,1.0,1.0,0.2,0.2
12,600,0,odam,fpn,0.30566316843032837,0.3155193328857422,0.05707864756629438,0.262802392244339,1.423444151878357,1.423444151878357,5.416404849750827,1.0832809699501655,1.0618320775270023,0.700583665501085,45.526149657673635,0,1,1,0,0,0,1.0,1.0,0.2,0.2
12,600,0,odam,rpn,0.30566316843032837,0.3155193328857422,0.0,0.3886679708957672,0.0,0.0,0.0,0.0,1.0000000654036658,1.0000000654036658,0.0,0,0,0,0,0,0,1.0,1.0,0.2,0.2
12,600,0,odam,roi_shared,0.30566316843032837,0.3155193328857422,-0.0725757391734601,0.3870880603790283,0.06452838331460953,0.06452838331460953,0.1667020761410846,0.03334041522821692,0.9975801039162129,0.9994447925534053,1.9093492154713865,1,0,0,0,0,0,1.0,1.0,0.2,0.2
12,600,0,odam,roi_cls,0.30566316843032837,0.3155193328857422,0.0,0.08334815502166748,0.0,0.0,0.0,0.0,0.9999999832728398,0.9999999832728398,0.010479697315892217,0,0,0,0,0,0,1.0,1.0,0.2,0.2
12,600,0,odam,roi_reg,0.30566316843032837,0.3155193328857422,-0.39203486111943886,0.05951092019677162,0.03919447585940361,0.03919447585940361,0.6586098102635263,0.13172196205270525,0.9483604576403813,0.9919353865381254,7.28151433837815,1,0,0,0,0,0,1.0,1.0,0.2,0.2
12,700,0,odam,backbone,0.6050028800964355,0.9436533451080322,-0.238366046919413,1.6974939107894897,1.4042035341262817,1.4042035341262817,0.827221544184037,0.1654443088368074,0.9605636831742292,0.9862968288443665,9.496101681630845,1,0,0,0,0,0,1.0,1.0,0.2,0.2
12,700,0,odam,fpn,0.6050028800964355,0.9436533451080322,-0.2832254267019088,0.9323407411575317,0.6691491007804871,0.6691491007804871,0.7177087423528402,0.14354174847056805,0.9593452773183205,0.9898604351096045,8.166104568830972,1,0,0,0,0,0,1.0,1.0,0.2,0.2
12,700,0,odam,rpn,0.6050028800964355,0.9436533451080322,0.0,0.4461533725261688,0.0,0.0,0.0,0.0,0.9999999686195479,0.9999999686195479,0.014353811204224048,0,0,0,0,0,0,1.0,1.0,0.2,0.2
12,700,0,odam,roi_shared,0.6050028800964355,0.9436533451080322,-0.18834872550167986,1.3648406267166138,0.6718941926956177,0.6718941926956177,0.492287655821023,0.09845753116420461,0.9814556775017655,0.9951817309964875,5.6267508463518565,1,0,0,0,0,0,1.0,1.0,0.2,0.2
12,700,0,odam,roi_cls,0.6050028800964355,0.9436533451080322,0.0,0.31796354055404663,0.0,0.0,0.0,0.0,1.0000000415532382,1.0000000415532382,0.0,0,0,0,0,0,0,1.0,1.0,0.2,0.2
12,700,0,odam,roi_reg,0.6050028800964355,0.9436533451080322,-0.4133440160223173,0.13198517262935638,0.4815901815891266,0.4815901815891266,3.6488203333380373,0.7297640666676075,0.6983563314100447,0.7244467612805662,43.57715566601375,1,1,0,0,0,0,1.0,1.0,0.2,0.2
13,0,0,odam,backbone,0.10779990255832672,0.08534763753414154,0.10423700385735281,0.5988155603408813,1.0344243049621582,1.0344243049621582,1.7274506099562652,0.34549012199125306,1.0360126346473364,0.9491575314903411,18.348830567472852,0,1,0,0,0,0,1.0,1.0,0.2,0.2
13,0,0,odam,fpn,0.10779990255832672,0.08534763753414154,0.0968644873104832,0.3230043351650238,0.5322362780570984,0.5322362780570984,1.647768218916249,0.3295536437832498,1.0319220250358077,0.9530151164510252,17.633234670796835,0,1,0,0,0,0,1.0,1.0,0.2,0.2
13,0,0,odam,rpn,0.10779990255832672,0.08534763753414154,0.0,0.20296326279640198,0.0,0.0,0.0,0.0,1.0000000658365569,1.0000000658365569,0.0,0,0,0,0,0,0,1.0,1.0,0.2,0.2
13,0,0,odam,roi_shared,0.10779990255832672,0.08534763753414154,-0.042153309271538465,0.4757184088230133,0.3037255108356476,0.3037255108356476,0.6384565011623208,0.12769130023246417,0.9946174606116561,0.9918737617578004,7.309319452810753,1,0,0,0,0,0,1.0,1.0,0.2,0.2
13,0,0,odam,roi_cls,0.10779990255832672,0.08534763753414154,0.0,0.20057103037834167,0.0,0.0,0.0,0.0,0.9999999360784458,0.9999999360784458,0.020486194675322915,0,0,0,0,0,0,1.0,1.0,0.2,0.2
13,0,0,odam,roi_reg,0.10779990255832672,0.08534763753414154,-0.34471170427278935,0.039554622024297714,0.1852838397026062,0.1852838397026062,4.684252565699897,0.9368505131399794,0.6770566149393723,0.6100346169963291,52.407993958913885,1,1,0,0,0,0,1.0,1.0,0.2,0.2
13,100,0,odam,backbone,0.13069555163383484,0.6887038946151733,0.08091910178364599,0.8418870568275452,1.7180534601211548,1.7180534601211548,2.040717274589347,0.40814345491786946,1.0330265985088622,0.9304528323669785,21.494486383370585,0,1,0,0,0,0,1.0,1.0,0.2,0.2
13,100,0,odam,fpn,0.13069555163383484,0.6887038946151733,-0.028166784571595237,0.45694735646247864,1.5715677738189697,1.5715677738189697,3.4392753379415075,0.6878550675883015,0.9806251970845415,0.8187826213301219,35.036885497324604,1,1,0,0,0,0,1.0,1.0,0.2,0.2
13,100,0,odam,rpn,0.13069555163383484,0.6887038946151733,0.0,0.2511197626590729,0.0,0.0,0.0,0.0,1.0000000837236471,1.0000000837236471,0.0,0,0,0,0,0,0,1.0,1.0,0.2,0.2
13,100,0,odam,roi_shared,0.13069555163383484,0.6887038946151733,0.020691452468915045,0.6444129347801208,0.5233278274536133,0.5233278274536133,0.8121001289835642,0.16242002579671283,1.0033606882331563,0.9871555289430931,9.193093938538466,0,0,0,0,0,0,1.0,1.0,0.2,0.2
13,100,0,odam,roi_cls,0.13069555163383484,0.6887038946151733,0.0,0.1365983486175537,0.0,0.0,0.0,0.0,0.9999999218624607,0.9999999218624607,0.022649963073694886,0,0,0,0,0,0,1.0,1.0,0.2,0.2
13,100,0,odam,roi_reg,0.13069555163383484,0.6887038946151733,-0.32776415248030066,0.02849304862320423,0.5360656976699829,0.5360656976699829,18.81391158801521,3.762782317603042,-0.2333051158169869,-0.06548782330516609,93.7548630386913,1,1,1,1,0,0,1.0,1.0,0.2,0.2
13,200,0,odam,backbone,0.09195655584335327,-0.0,0.0,1.0422523021697998,0.0,0.0,0.0,0.0,1.0000000195911471,1.0000000195911471,0.0,0,0,0,0,0,0,1.0,1.0,0.2,0.2
13,200,0,odam,fpn,0.09195655584335327,-0.0,0.0,0.5597106218338013,0.0,0.0,0.0,0.0,1.0000000404651206,1.0000000404651206,0.0,0,0,0,0,0,0,1.0,1.0,0.2,0.2
13,200,0,odam,rpn,0.09195655584335327,-0.0,0.0,0.2156997174024582,0.0,0.0,0.0,0.0,0.9999999332556503,0.9999999332556503,0.02093364648144859,0,0,0,0,0,0,1.0,1.0,0.2,0.2
13,200,0,odam,roi_shared,0.09195655584335327,-0.0,0.0,0.8160125613212585,0.0,0.0,0.0,0.0,1.0000000113009146,1.0000000113009146,0.0,0,0,0,0,0,0,1.0,1.0,0.2,0.2
13,200,0,odam,roi_cls,0.09195655584335327,-0.0,0.0,0.2625018358230591,0.0,0.0,0.0,0.0,0.9999999264262075,0.9999999264262075,0.02197855846885535,0,0,0,0,0,0,1.0,1.0,0.2,0.2
13,200,0,odam,roi_reg,0.09195655584335327,-0.0,0.0,0.0,0.0,0.0,0.0,0.0,0.0,0.0,90.0,0,0,0,1,0,0,1.0,1.0,0.2,0.2
13,300,0,odam,backbone,0.45658838748931885,1.3875880241394043,-0.05228162013034073,0.8336070775985718,1.3920207023620605,1.3920207023620605,1.6698762999615462,0.33397525999230926,0.982539336659608,0.9469327547498134,18.749532049294913,1,1,0,0,0,0,1.0,1.0,0.2,0.2
13,300,0,odam,fpn,0.45658838748931885,1.3875880241394043,-0.0328800563911293,0.46333593130111694,0.8254409432411194,0.8254409432411194,1.7815172264390484,0.3563034452878097,0.9882846520419715,0.9407877701484622,19.81572427735673,1,1,0,0,0,0,1.0,1.0,0.2,0.2
13,300,0,odam,rpn,0.45658838748931885,1.3875880241394043,0.0,0.5338755249977112,0.0,0.0,0.0,0.0,1.0000000597565302,1.0000000597565302,0.0,0,0,0,0,0,0,1.0,1.0,0.2,0.2
13,300,0,odam,roi_shared,0.45658838748931885,1.3875880241394043,-0.11556063152255956,0.6038755774497986,1.2062889337539673,1.2062889337539673,1.9975786052620228,0.39951572105240457,0.9538316520528777,0.9232797249095862,22.589634614894337,1,1,0,0,0,0,1.0,1.0,0.2,0.2
13,300,0,odam,roi_cls,0.45658838748931885,1.3875880241394043,0.0,0.09450423717498779,0.0,0.0,0.0,0.0,1.000000018405108,1.000000018405108,0.0,0,0,0,0,0,0,1.0,1.0,0.2,0.2
13,300,0,odam,roi_reg,0.45658838748931885,1.3875880241394043,-0.23735938706928703,0.12734009325504303,0.7966301441192627,0.7966301441192627,6.255925559310943,1.2511851118621886,0.7030194314428917,0.5006896262544741,59.95436419647617,1,1,1,0,0,0,1.0,1.0,0.2,0.2
13,400,0,odam,backbone,0.1449888050556183,0.10695135593414307,0.35385806021476224,0.7506088614463806,0.9371820092201233,0.9371820092201233,1.248562410273477,0.2497124820546954,1.088362671943886,0.9777404489658803,12.111689775518254,0,1,0,0,0,0,1.0,1.0,0.2,0.2
13,400,0,odam,fpn,0.1449888050556183,0.10695135593414307,0.15200217205002783,0.4120870530605316,0.49062493443489075,0.49062493443489075,1.190585656091512,0.2381171312183024,1.0361943252058274,0.9751630750213199,12.796451132416397,0,1,0,0,0,0,1.0,1.0,0.2,0.2
13,400,0,odam,rpn,0.1449888050556183,0.10695135593414307,0.0,0.20785553753376007,0.0,0.0,0.0,0.0,0.9999999853671455,0.9999999853671455,0.009801716965402097,0,0,0,0,0,0,1.0,1.0,0.2,0.2
13,400,0,odam,roi_shared,0.1449888050556183,0.10695135593414307,0.09760399244602784,0.5450948476791382,0.3519541621208191,0.3519541621208191,0.6456750850229859,0.12913501700459717,1.0126040987850882,0.9920418330885292,7.233235229383655,0,0,0,0,0,0,1.0,1.0,0.2,0.2
13,400,0,odam,roi_cls,0.1449888050556183,0.10695135593414307,0.0,0.12115643918514252,0.0,0.0,0.0,0.0,1.0000000415742551,1.0000000415742551,0.0,0,0,0,0,0,0,1.0,1.0,0.2,0.2
13,400,0,odam,roi_reg,0.1449888050556183,0.10695135593414307,0.27643008193023483,0.04004444181919098,0.11976446956396103,0.11976446956396103,2.9907888366810713,0.5981577673362143,1.1653488225153972,0.8968227912843252,26.25647000670193,0,1,0,0,0,0,1.0,1.0,0.2,0.2
13,500,0,odam,backbone,0.3480898439884186,0.4123188257217407,0.09234474745869477,1.0875253677368164,0.7360957860946655,0.7360957860946655,0.6768538996258177,0.13537077992516353,1.0125009265954994,0.9912546578118531,7.583034764735295,0,0,0,0,0,0,1.0,1.0,0.2,0.2
13,500,0,odam,fpn,0.3480898439884186,0.4123188257217407,-0.015359777359487018,0.6881821155548096,0.577968955039978,0.577968955039978,0.8398488452057808,0.16796976904115615,0.9974200428009763,0.9861179050281733,9.558039680948122,1,0,0,0,0,0,1.0,1.0,0.2,0.2
13,500,0,odam,rpn,0.3480898439884186,0.4123188257217407,0.0,0.2390696406364441,0.0,0.0,0.0,0.0,1.000000018009942,1.000000018009942,0.0,0,0,0,0,0,0,1.0,1.0,0.2,0.2
13,500,0,odam,roi_shared,0.3480898439884186,0.4123188257217407,-0.07260648103533808,0.8577923774719238,0.07090926170349121,0.07090926170349121,0.0826648307513226,0.01653296615026452,0.9987995945770791,0.9998637681383817,0.9457621002093082,1,0,0,0,0,0,1.0,1.0,0.2,0.2
13,500,0,odam,roi_cls,0.3480898439884186,0.4123188257217407,0.0,0.21817724406719208,0.0,0.0,0.0,0.0,1.000000053993376,1.000000053993376,0.0,0,0,0,0,0,0,1.0,1.0,0.2,0.2
13,500,0,odam,roi_reg,0.3480898439884186,0.4123188257217407,-0.30876386473478706,0.16400642693042755,0.028178391978144646,0.028178391978144646,0.17181273018098295,0.034362546036196595,0.9893900831194611,0.9994547477145485,1.8921523996649077,1,0,0,0,0,0,1.0,1.0,0.2,0.2
13,600,0,odam,backbone,0.21483884751796722,0.7003017067909241,-0.7054176287466558,0.6276484727859497,4.8454790115356445,4.8454790115356445,7.720052261145426,1.5440104522290854,-0.08917222521874978,-0.08121263160306133,94.65827123363862,1,1,1,1,0,0,1.0,1.0,0.2,0.2
13,600,0,odam,fpn,0.21483884751796722,0.7003017067909241,-0.36435124678111713,0.30374646186828613,1.9537166357040405,1.9537166357040405,6.432063845903274,1.2864127691806548,0.531293955608809,0.405409021642766,66.08323892139725,1,1,1,0,0,0,1.0,1.0,0.2,0.2
13,600,0,odam,rpn,0.21483884751796722,0.7003017067909241,0.0,0.2523081600666046,0.0,0.0,0.0,0.0,0.999999993123306,0.999999993123306,0.006719353351322232,0,0,0,0,0,0,1.0,1.0,0.2,0.2
13,600,0,odam,roi_shared,0.21483884751796722,0.7003017067909241,-0.26248918790915976,0.35527902841567993,1.9054120779037476,1.9054120779037476,5.363142559809066,1.0726285119618133,0.7184467358275506,0.5702272309663657,55.23392722047014,1,1,1,0,0,0,1.0,1.0,0.2,0.2
13,600,0,odam,roi_cls,0.21483884751796722,0.7003017067909241,0.0,0.07337803393602371,0.0,0.0,0.0,0.0,1.0000000671154659,1.0000000671154659,0.0,0,0,0,0,0,0,1.0,1.0,0.2,0.2
13,600,0,odam,roi_reg,0.21483884751796722,0.7003017067909241,-0.748907613033921,0.07436036318540573,0.9130780696868896,0.9130780696868896,12.279096424129543,2.4558192848259086,-0.8391818168565529,-0.4583104007847546,117.27813438481036,1,1,1,1,0,0,1.0,1.0,0.2,0.2
13,700,0,odam,backbone,0.19318240880966187,0.8684215545654297,0.26325395148322506,0.921403169631958,17.605398178100586,17.605398178100586,19.107160424825565,3.8214320849651133,2.0060078121009988,0.4779548560161069,61.448084583965056,0,1,1,0,0,0,1.0,1.0,0.2,0.2
13,700,0,odam,fpn,0.19318240880966187,0.8684215545654297,-0.14769288963238023,0.3776281774044037,4.309629917144775,4.309629917144775,11.412363205433088,2.282472641086618,0.6628950052760414,0.2817523073221865,73.63518423990973,1,1,1,0,0,0,1.0,1.0,0.2,0.2
13,700,0,odam,rpn,0.19318240880966187,0.8684215545654297,0.0,0.1873457431793213,0.0,0.0,0.0,0.0,0.9999999588749401,0.9999999588749401,0.016432018059418345,0,0,0,0,0,0,1.0,1.0,0.2,0.2
13,700,0,odam,roi_shared,0.19318240880966187,0.8684215545654297,-0.25691924924835485,0.4713124632835388,2.7556638717651367,2.7556638717651367,5.846787612122503,1.1693575224245005,0.6995694827661657,0.5263439131854089,58.2412410366378,1,1,1,0,0,0,1.0,1.0,0.2,0.2
13,700,0,odam,roi_cls,0.19318240880966187,0.8684215545654297,0.0,0.10169532150030136,0.0,0.0,0.0,0.0,1.0000000164372762,1.0000000164372762,0.0,0,0,0,0,0,0,1.0,1.0,0.2,0.2
13,700,0,odam,roi_reg,0.19318240880966187,0.8684215545654297,-0.6291004630535894,0.11593826860189438,1.2252616882324219,1.2252616882324219,10.568224823502337,2.113644964700468,-0.3296950526322155,-0.19674594320177344,101.34673481503425,1,1,1,1,0,0,1.0,1.0,0.2,0.2
14,0,0,odam,backbone,0.18389683961868286,2.4612114429473877,0.02258179886125894,0.3552418351173401,4.030379295349121,4.030379295349121,11.34545230017136,2.2690904600342723,1.0512402566346501,0.42045398649017957,65.13674713104766,0,1,1,0,0,0,1.0,1.0,0.2,0.2
14,0,0,odam,fpn,0.18389683961868286,2.4612114429473877,0.10872283722734763,0.2661276161670685,1.9784353971481323,1.9784353971481323,7.434160443935734,1.486832088787147,1.1616524736228524,0.6179373798105026,51.83433302356447,0,1,1,0,0,0,1.0,1.0,0.2,0.2
14,0,0,odam,rpn,0.18389683961868286,2.4612114429473877,0.0,0.16795453429222107,0.0,0.0,0.0,0.0,0.9999999845821822,0.9999999845821822,0.010061183857577701,0,0,0,0,0,0,1.0,1.0,0.2,0.2
14,0,0,odam,roi_shared,0.18389683961868286,2.4612114429473877,-0.14285853138405347,0.30663231015205383,3.4707603454589844,3.4707603454589844,11.318964866220043,2.2637929732440085,0.676597798089488,0.2890822433220087,73.19698074934631,1,1,1,0,0,0,1.0,1.0,0.2,0.2
14,0,0,odam,roi_cls,0.18389683961868286,2.4612114429473877,0.0,0.05932885408401489,0.0,0.0,0.0,0.0,0.9999999400777625,0.9999999400777625,0.01983497435107176,0,0,0,0,0,0,1.0,1.0,0.2,0.2
14,0,0,odam,roi_reg,0.18389683961868286,2.4612114429473877,-0.4989772695511829,0.05256761237978935,2.4822938442230225,2.4822938442230225,47.220973748798016,9.444194749759603,-3.7124393270172624,-0.41308540930848026,114.39880332745717,1,1,1,1,0,0,1.0,1.0,0.2,0.2
14,100,0,odam,backbone,0.1794985830783844,0.7779192328453064,0.02166423514335383,0.6712304353713989,2.639098882675171,2.639098882675171,3.931733043682576,0.7863466087365152,1.0170357439770135,0.7911830751638494,37.703790449224044,0,1,0,0,0,0,1.0,1.0,0.2,0.2
14,100,0,odam,fpn,0.1794985830783844,0.7779192328453064,-0.13108745901862884,0.4355749487876892,1.9556994438171387,1.9556994438171387,4.489926358851272,0.8979852717702544,0.8822855029536084,0.7039279014948457,45.25700421047425,1,1,0,0,0,0,1.0,1.0,0.2,0.2
14,100,0,odam,rpn,0.1794985830783844,0.7779192328453064,0.0,0.27272671461105347,0.0,0.0,0.0,0.0,1.0000001067879045,1.0000001067879045,0.0,0,0,0,0,0,0,1.0,1.0,0.2,0.2
14,100,0,odam,roi_shared,0.1794985830783844,0.7779192328453064,0.04531077229657907,0.6271546483039856,0.07153303921222687,0.07153303921222687,0.11405964925186104,0.022811929850372212,1.001033641771587,0.999740960399202,1.3041576304165676,0,0,0,0,0,0,1.0,1.0,0.2,0.2
14,100,0,odam,roi_cls,0.1794985830783844,0.7779192328453064,0.0,0.09861601144075394,0.0,0.0,0.0,0.0,1.0000000353164633,1.0000000353164633,0.0,0,0,0,0,0,0,1.0,1.0,0.2,0.2
14,100,0,odam,roi_reg,0.1794985830783844,0.7779192328453064,0.4127087082106113,0.04043765738606453,0.0434509739279747,0.0434509739279747,1.0745175842690782,0.21490351685381562,1.0886925198593471,0.9842174512570755,10.192930178571912,0,1,0,0,0,0,1.0,1.0,0.2,0.2
14,200,0,odam,backbone,0.401949942111969,0.8259493112564087,-0.5883694540820138,1.6280678510665894,5.726415157318115,5.726415157318115,3.517307435047374,0.7034614870094748,0.5861046094483688,0.7176130221818927,44.14224285633926,1,1,0,0,0,0,1.0,1.0,0.2,0.2
14,200,0,odam,fpn,0.401949942111969,0.8259493112564087,-0.5531916414687572,1.0535751581192017,1.9357401132583618,1.9357401132583618,1.8373061459744022,0.36746122919488045,0.7967234978446882,0.9334700165520952,21.017645236876156,1,1,0,0,0,0,1.0,1.0,0.2,0.2
14,200,0,odam,rpn,0.401949942111969,0.8259493112564087,0.0,0.26688897609710693,0.0,0.0,0.0,0.0,1.0000000072155828,1.0000000072155828,0.0,0,0,0,0,0,0,1.0,1.0,0.2,0.2
14,200,0,odam,roi_shared,0.401949942111969,0.8259493112564087,-0.20457767972966343,1.0882571935653687,2.0834555625915527,2.0834555625915527,1.9144882063822584,0.3828976412764517,0.9216677086480465,0.9263361410693608,22.129296128308475,1,1,0,0,0,0,1.0,1.0,0.2,0.2
14,200,0,odam,roi_cls,0.401949942111969,0.8259493112564087,0.0,0.2768736481666565,0.0,0.0,0.0,0.0,0.9999998931824888,0.9999998931824888,0.02648249271510394,0,0,0,0,0,0,1.0,1.0,0.2,0.2
14,200,0,odam,roi_reg,0.401949942111969,0.8259493112564087,-0.21758647060780004,0.23674914240837097,0.9167031645774841,0.9167031645774841,3.8720442881108883,0.7744088576221778,0.8314991563568949,0.7399637493890239,42.27167233357053,1,1,0,0,0,0,1.0,1.0,0.2,0.2
14,300,0,odam,backbone,0.10248175263404846,2.082456588745117,-0.39591359004897175,0.40251046419143677,2.4598639011383057,2.4598639011383057,6.111304226784965,1.222260845356993,0.5160900623877952,0.4177666030242039,65.3063361070785,1,1,1,0,0,0,1.0,1.0,0.2,0.2
14,300,0,odam,fpn,0.10248175263404846,2.082456588745117,-0.39366849326809267,0.28562647104263306,1.3745664358139038,1.3745664358139038,4.8124616419349096,0.9624923283869821,0.6210970552015381,0.5745518094630463,54.93174882167223,1,1,0,0,0,0,1.0,1.0,0.2,0.2
14,300,0,odam,rpn,0.10248175263404846,2.082456588745117,0.0,0.25553426146507263,0.0,0.0,0.0,0.0,0.9999999056060951,0.9999999056060951,0.024894855505969298,0,0,0,0,0,0,1.0,1.0,0.2,0.2
14,300,0,odam,roi_shared,0.10248175263404846,2.082456588745117,-0.02007871877376668,0.21563483774662018,2.9314842224121094,2.9314842224121094,13.594668899729106,2.7189337799458215,0.9454070800794602,0.3284839302957242,70.82321795750983,1,1,1,0,0,0,1.0,1.0,0.2,0.2
14,300,0,odam,roi_cls,0.10248175263404846,2.082456588745117,0.0,0.05877916142344475,0.0,0.0,0.0,0.0,1.0000000488715792,1.0000000488715792,0.0,0,0,0,0,0,0,1.0,1.0,0.2,0.2
14,300,0,odam,roi_reg,0.10248175263404846,2.082456588745117,-0.12315667678386559,0.026026220992207527,1.9596166610717773,1.9596166610717773,75.29393766611385,15.058787533222771,-0.8545902794689013,-0.05709233575686598,93.27292956421911,1,1,1,1,0,0,1.0,1.0,0.2,0.2
14,400,0,odam,backbone,0.05788998678326607,-0.0,0.0,0.5883015394210815,0.0,0.0,0.0,0.0,1.0000000570419936,1.0000000570419936,0.0,0,0,0,0,0,0,1.0,1.0,0.2,0.2
14,400,0,odam,fpn,0.05788998678326607,-0.0,0.0,0.4018082320690155,0.0,0.0,0.0,0.0,1.0000000566633749,1.0000000566633749,0.0,0,0,0,0,0,0,1.0,1.0,0.2,0.2
14,400,0,odam,rpn,0.05788998678326607,-0.0,0.0,0.18264122307300568,0.0,0.0,0.0,0.0,0.9999999277155895,0.9999999277155895,0.02178511989935959,0,0,0,0,0,0,1.0,1.0,0.2,0.2
14,400,0,odam,roi_shared,0.05788998678326607,-0.0,0.0,0.5215110778808594,0.0,0.0,0.0,0.0,0.9999999425893054,0.9999999425893054,0.019414849715361133,0,0,0,0,0,0,1.0,1.0,0.2,0.2
14,400,0,odam,roi_cls,0.05788998678326607,-0.0,0.0,0.14223329722881317,0.0,0.0,0.0,0.0,0.9999999603146094,0.9999999603146094,0.016141837148143025,0,0,0,0,0,0,1.0,1.0,0.2,0.2
14,400,0,odam,roi_reg,0.05788998678326607,-0.0,0.0,0.0,0.0,0.0,0.0,0.0,0.0,0.0,90.0,0,0,0,1,0,0,1.0,1.0,0.2,0.2
14,500,0,odam,backbone,0.2513503432273865,0.09675975143909454,0.25874839224308166,0.5217320919036865,0.3385203778743744,0.3385203778743744,0.6488394774398244,0.12976789548796488,1.0335773038154368,0.9927261328041637,6.9148683450574735,0,0,0,0,0,0,1.0,1.0,0.2,0.2
14,500,0,odam,fpn,0.2513503432273865,0.09675975143909454,0.0981059388611595,0.28970834612846375,0.24524880945682526,0.24524880945682526,0.8465369145702001,0.16930738291404002,1.0166101665453906,0.9865421922921345,9.410507604987497,0,0,0,0,0,0,1.0,1.0,0.2,0.2
14,500,0,odam,rpn,0.2513503432273865,0.09675975143909454,0.0,0.27412381768226624,0.0,0.0,0.0,0.0,1.0000000834513676,1.0000000834513676,0.0,0,0,0,0,0,0,1.0,1.0,0.2,0.2
14,500,0,odam,roi_shared,0.2513503432273865,0.09675975143909454,-0.07515986111219553,0.4182606041431427,0.07891007512807846,0.07891007512807846,0.18866246150467667,0.03773249230093533,0.9971640587483321,0.9992888073088901,2.1610111859112466,1,0,0,0,0,0,1.0,1.0,0.2,0.2
14,500,0,odam,roi_cls,0.2513503432273865,0.09675975143909454,0.0,0.055506184697151184,0.0,0.0,0.0,0.0,1.0000000242749985,1.0000000242749985,0.0,0,0,0,0,0,0,1.0,1.0,0.2,0.2
14,500,0,odam,roi_reg,0.2513503432273865,0.09675975143909454,-0.1926389307591072,0.05426868051290512,0.0531354658305645,0.0531354658305645,0.9791184404774473,0.19582368809548947,0.9622768227157625,0.9806394292096385,11.292754623035261,1,0,0,0,0,0,1.0,1.0,0.2,0.2
14,600,0,odam,backbone,0.25817781686782837,0.4966224431991577,0.08695312082328652,0.6247158646583557,1.9041134119033813,1.9041134119033813,3.0479671153296257,0.6095934230659252,1.053005855159187,0.8662635028592854,29.972704593514585,0,1,0,0,0,0,1.0,1.0,0.2,0.2
14,600,0,odam,fpn,0.25817781686782837,0.4966224431991577,-0.020800226194986168,0.36532750725746155,1.0905930995941162,1.0905930995941162,2.9852476967345623,0.5970495393469125,0.9875810420193744,0.855816929361911,31.149896866747845,1,1,0,0,0,0,1.0,1.0,0.2,0.2
14,600,0,odam,rpn,0.25817781686782837,0.4966224431991577,0.0,0.1664215624332428,0.0,0.0,0.0,0.0,0.9999999979232005,0.9999999979232005,0.0036926225428430127,0,0,0,0,0,0,1.0,1.0,0.2,0.2
14,600,0,odam,roi_shared,0.25817781686782837,0.4966224431991577,0.38445874443525135,0.6279770731925964,0.062402695417404175,0.062402695417404175,0.09937097719213338,0.019874195438426678,1.0076409703841782,0.999834339802968,1.0429241224537578,0,0,0,0,0,0,1.0,1.0,0.2,0.2
14,600,0,odam,roi_cls,0.25817781686782837,0.4966224431991577,0.0,0.1319309026002884,0.0,0.0,0.0,0.0,1.0000000119238657,1.0000000119238657,0.0,0,0,0,0,0,0,1.0,1.0,0.2,0.2
14,600,0,odam,roi_reg,0.25817781686782837,0.4966224431991577,-0.1372143917286091,0.07518502324819565,0.03342863917350769,0.03342863917350769,0.44461832595509554,0.08892366519101912,0.9877981784810507,0.9960477408041375,5.095695641640995,1,0,0,0,0,0,1.0,1.0,0.2,0.2
14,700,0,odam,backbone,0.09359566867351532,0.04138711839914322,-0.22638958169298853,0.43954282999038696,0.30135947465896606,0.30135947465896606,0.6856202720120743,0.13712405440241487,0.9689563822054063,0.990632798957879,7.84841835716872,1,0,0,0,0,0,1.0,1.0,0.2,0.2
14,700,0,odam,fpn,0.09359566867351532,0.04138711839914322,-0.14708931269032616,0.2431773990392685,0.2720291316509247,0.2720291316509247,1.1186447948108746,0.22372895896217493,0.9670918358456632,0.9748046233251447,12.888849440329594,1,1,0,0,0,0,1.0,1.0,0.2,0.2
14,700,0,odam,rpn,0.09359566867351532,0.04138711839914322,0.0,0.20590734481811523,0.0,0.0,0.0,0.0,0.9999999931730785,0.9999999931730785,0.006694992335577113,0,0,0,0,0,0,1.0,1.0,0.2,0.2
14,700,0,odam,roi_shared,0.09359566867351532,0.04138711839914322,-0.012608303134759375,0.3311820924282074,0.07384364306926727,0.07384364306926727,0.2229699152144673,0.04459398304289346,0.9994377331977283,0.9990061315217758,2.5546891552987705,1,0,0,0,0,0,1.0,1.0,0.2,0.2
14,700,0,odam,roi_cls,0.09359566867351532,0.04138711839914322,0.0,0.10203175991773605,0.0,0.0,0.0,0.0,1.0000000162657077,1.0000000162657077,0.0,0,0,0,0,0,0,1.0,1.0,0.2,0.2
14,700,0,odam,roi_reg,0.09359566867351532,0.04138711839914322,0.40493654048516853,0.02766549400985241,0.059275370091199875,0.059275370091199875,2.1425740697090156,0.4285148139418032,1.1735213598097687,0.9485288442083438,18.46291309596422,0,1,0,0,0,0,1.0,1.0,0.2,0.2
15,0,0,odam,backbone,0.2449997365474701,0.4143543839454651,-0.2778526175993392,1.2307686805725098,4.780482769012451,4.780482769012451,3.884143986170286,0.7768287972340572,0.784155890615179,0.7244030881635418,43.580785566416125,1,1,0,0,0,0,1.0,1.0,0.2,0.2
15,0,0,odam,fpn,0.2449997365474701,0.4143543839454651,-0.19613805662578837,0.6969850063323975,2.2351834774017334,2.2351834774017334,3.206931938412112,0.6413863876824224,0.8741996629482361,0.8117524167961419,35.73249766659537,1,1,0,0,0,0,1.0,1.0,0.2,0.2
15,0,0,odam,rpn,0.2449997365474701,0.4143543839454651,0.0,0.2769954800605774,0.0,0.0,0.0,0.0,1.0000000032015703,1.0000000032015703,0.0,0,0,0,0,0,0,1.0,1.0,0.2,0.2
15,0,0,odam,roi_shared,0.2449997365474701,0.4143543839454651,-0.04463434600353667,1.0941956043243408,2.058201789855957,2.058201789855957,1.8810181486032236,0.37620362972064475,0.9832084850744128,0.9340848542129108,20.919203788125134,1,1,0,0,0,0,1.0,1.0,0.2,0.2
15,0,0,odam,roi_cls,0.2449997365474701,0.4143543839454651,0.0,0.2796626389026642,0.0,0.0,0.0,0.0,1.0000000533034183,1.0000000533034183,0.0,0,0,0,0,0,0,1.0,1.0,0.2,0.2
15,0,0,odam,roi_reg,0.2449997365474701,0.4143543839454651,-0.2077139011253615,0.09231264889240265,0.581709086894989,0.581709086894989,6.301510073370496,1.260302014674099,0.738217901967409,0.5137429664018217,59.08652993063541,1,1,1,0,0,0,1.0,1.0,0.2,0.2
15,100,0,odam,backbone,0.06215410307049751,0.04659033194184303,-0.17901723072260267,0.45600780844688416,1.1297963857650757,1.1297963857650757,2.4775812274203073,0.4955162454840615,0.9112940861028431,0.881754296064463,28.14528739241777,1,1,0,0,0,0,1.0,1.0,0.2,0.2
15,100,0,odam,fpn,0.06215410307049751,0.04659033194184303,-0.18073725289796275,0.2960692346096039,0.820658266544342,0.820658266544342,2.7718458070338174,0.5543691614067635,0.899804928485074,0.8552386497350982,31.21389021614707,1,1,0,0,0,0,1.0,1.0,0.2,0.2
15,100,0,odam,rpn,0.06215410307049751,0.04659033194184303,0.0,0.16821622848510742,0.0,0.0,0.0,0.0,1.000000007834459,1.000000007834459,0.0,0,0,0,0,0,0,1.0,1.0,0.2,0.2
15,100,0,odam,roi_shared,0.06215410307049751,0.04659033194184303,0.025526180113124367,0.3494802713394165,0.0637119710445404,0.0637119710445404,0.18230491466759538,0.03646098293351908,1.0009308814004003,0.9993377852395254,2.0852639147598833,0,0,0,0,0,0,1.0,1.0,0.2,0.2
15,100,0,odam,roi_cls,0.06215410307049751,0.04659033194184303,0.0,0.11264529824256897,0.0,0.0,0.0,0.0,1.000000036082659,1.000000036082659,0.0,0,0,0,0,0,0,1.0,1.0,0.2,0.2
15,100,0,odam,roi_reg,0.06215410307049751,0.04659033194184303,-0.6485831360651952,0.009412084706127644,0.06168638914823532,0.06168638914823532,6.5539560123247735,1.3107912024649548,0.1498429273663485,0.14852252777296335,81.45868541576584,1,1,1,0,0,0,1.0,1.0,0.2,0.2
15,200,0,odam,backbone,0.1830977350473404,1.0226445198059082,-0.12886137702745787,0.4205828905105591,1.3178147077560425,1.3178147077560425,3.1333055563822505,0.6266611112764502,0.9192476543877609,0.8284538250879108,34.059765476720735,1,1,0,0,0,0,1.0,1.0,0.2,0.2
15,200,0,odam,fpn,0.1830977350473404,1.0226445198059082,-0.07164767663665379,0.22231599688529968,0.7815506458282471,0.7815506458282471,3.5154944168569005,0.7030988833713802,0.9496245710599533,0.8044207491659595,36.44564908757293,1,1,0,0,0,0,1.0,1.0,0.2,0.2
15,200,0,odam,rpn,0.1830977350473404,1.0226445198059082,0.0,0.21507683396339417,0.0,0.0,0.0,0.0,0.9999999781677629,0.9999999781677629,0.01197255252180477,0,0,0,0,0,0,1.0,1.0,0.2,0.2
15,200,0,odam,roi_shared,0.1830977350473404,1.0226445198059082,-0.13377310243126295,0.3330400884151459,1.6925619840621948,1.6925619840621948,5.082156902241626,1.0164313804483252,0.8640287993665924,0.6510660768794622,49.377972195253726,1,1,1,0,0,0,1.0,1.0,0.2,0.2
15,200,0,odam,roi_cls,0.1830977350473404,1.0226445198059082,0.0,0.060380544513463974,0.0,0.0,0.0,0.0,1.0000000391899864,1.0000000391899864,0.0,0,0,0,0,0,0,1.0,1.0,0.2,0.2
15,200,0,odam,roi_reg,0.1830977350473404,1.0226445198059082,-0.21066727972390759,0.03517087176442146,1.0812586545944214,1.0812586545944214,30.743015465661927,6.148603093132385,-0.2953096088063764,-0.049072155282912415,92.81275704949368,1,1,1,1,0,0,1.0,1.0,0.2,0.2
15,300,0,odam,backbone,0.2146483212709427,0.09144547581672668,0.0067031792379436805,0.8134434223175049,0.43481895327568054,0.43481895327568054,0.5345411141648658,0.10690822283297317,1.0007168127680635,0.9943422263129432,6.0976906860595825,0,0,0,0,0,0,1.0,1.0,0.2,0.2
15,300,0,odam,fpn,0.2146483212709427,0.09144547581672668,0.11616593943265871,0.4399953782558441,0.3167913258075714,0.3167913258075714,0.7199878486527346,0.14399756973054692,1.0167276644544059,0.990250504143546,8.007227875710592,0,0,0,0,0,0,1.0,1.0,0.2,0.2
15,300,0,odam,rpn,0.2146483212709427,0.09144547581672668,0.0,0.3757435977458954,0.0,0.0,0.0,0.0,0.9999999359327396,0.9999999359327396,0.02050953005156556,0,0,0,0,0,0,1.0,1.0,0.2,0.2
15,300,0,odam,roi_shared,0.2146483212709427,0.09144547581672668,0.0203078383583127,0.3331190347671509,0.11084233224391937,0.11084233224391937,0.3327409144343787,0.06654818288687574,1.0013515628736736,0.9977998708799662,3.8013807602877536,0,0,0,0,0,0,1.0,1.0,0.2,0.2
15,300,0,odam,roi_cls,0.2146483212709427,0.09144547581672668,0.0,0.04902511090040207,0.0,0.0,0.0,0.0,0.9999999482187336,0.9999999482187336,0.018438431146390207,0,0,0,0,0,0,1.0,1.0,0.2,0.2
15,300,0,odam,roi_reg,0.2146483212709427,0.09144547581672668,-0.1906614962123845,0.059437111020088196,0.06703489273786545,0.06703489273786545,1.1278289201372758,0.2255657840274552,0.9569932354847259,0.9742609189998773,13.027770643448422,1,1,0,0,0,0,1.0,1.0,0.2,0.2
15,400,0,odam,backbone,0.18190740048885345,1.6928560733795166,-0.4065045395203124,0.5803804993629456,5.7333526611328125,5.7333526611328125,9.878610097041554,1.9757220194083105,0.19686008662142412,0.10841393989477965,83.77610577879292,1,1,1,0,0,0,1.0,1.0,0.2,0.2
15,400,0,odam,fpn,0.18190740048885345,1.6928560733795166,-0.314314586245246,0.34928208589553833,2.7783758640289307,2.7783758640289307,7.954532958383312,1.5909065916766625,0.49995489588229713,0.3142634323678079,71.68364638670265,1,1,1,0,0,0,1.0,1.0,0.2,0.2
15,400,0,odam,rpn,0.18190740048885345,1.6928560733795166,0.0,0.17097856104373932,0.0,0.0,0.0,0.0,0.9999999247536498,0.9999999247536498,0.022226974566415415,0,0,0,0,0,0,1.0,1.0,0.2,0.2
15,400,0,odam,roi_shared,0.18190740048885345,1.6928560733795166,-0.16168142636467137,0.4280988872051239,3.261233329772949,3.261233329772949,7.617943954641318,1.5235887909282637,0.7536640078990514,0.4481135399168961,63.377285099239046,1,1,1,0,0,0,1.0,1.0,0.2,0.2
15,400,0,odam,roi_cls,0.18190740048885345,1.6928560733795166,0.0,0.08405966311693192,0.0,0.0,0.0,0.0,0.9999999762700319,0.9999999762700319,0.012482058346097735,0,0,0,0,0,0,1.0,1.0,0.2,0.2
15,400,0,odam,roi_reg,0.18190740048885345,1.6928560733795166,-0.38474604569791676,0.06501137465238571,1.4914681911468506,1.4914681911468506,22.941649813154942,4.588329962630988,-0.7653418188498066,-0.17783220321119655,100.24351716194468,1,1,1,1,0,0,1.0,1.0,0.2,0.2
15,500,0,odam,backbone,0.1632823795080185,2.4086532592773438,0.23466054750286558,0.4970185458660126,2.4807019233703613,2.4807019233703613,4.991165710019833,0.9982331420039665,1.234245903347486,0.7861341220425202,38.174307315862045,0,1,0,0,0,0,1.0,1.0,0.2,0.2
15,500,0,odam,fpn,0.1632823795080185,2.4086532592773438,0.3522046736313002,0.3289647698402405,1.7664352655410767,1.7664352655410767,5.369679149530006,1.0739358299060013,1.3782454179849932,0.8079655008660898,36.102371034995905,0,1,1,0,0,0,1.0,1.0,0.2,0.2
15,500,0,odam,rpn,0.1632823795080185,2.4086532592773438,0.0,0.3017866611480713,0.0,0.0,0.0,0.0,1.0000000880077227,1.0000000880077227,0.0,0,0,0,0,0,0,1.0,1.0,0.2,0.2
15,500,0,odam,roi_shared,0.1632823795080185,2.4086532592773438,0.019573984189722664,0.3175123631954193,2.845667600631714,2.845667600631714,8.96238361238328,1.7924767224766558,1.035085880923935,0.5001439563667535,59.99047546633459,0,1,1,0,0,0,1.0,1.0,0.2,0.2
15,500,0,odam,roi_cls,0.1632823795080185,2.4086532592773438,0.0,0.07066479325294495,0.0,0.0,0.0,0.0,0.9999999510097107,0.9999999510097107,0.017934638776221996,0,0,0,0,0,0,1.0,1.0,0.2,0.2
15,500,0,odam,roi_reg,0.1632823795080185,2.4086532592773438,0.0026970526469444625,0.04489104449748993,2.3753089904785156,2.3753089904785156,52.91275837013172,10.582551674026345,1.0285417356923923,0.09673673516301057,84.44871212880983,0,1,1,0,0,0,1.0,1.0,0.2,0.2
15,600,0,odam,backbone,0.1864902675151825,0.9537738561630249,-0.4730745945887865,0.410086452960968,2.560962200164795,2.560962200164795,6.244932456738694,1.248986491347739,0.4091363209172079,0.3485023331608759,69.60426154775182,1,1,1,0,0,0,1.0,1.0,0.2,0.2
15,600,0,odam,fpn,0.1864902675151825,0.9537738561630249,-0.4149986525257063,0.2638366222381592,1.4668866395950317,1.4668866395950317,5.559829515520811,1.1119659031041622,0.5385355449604331,0.4698863645241995,61.97307953599346,1,1,1,0,0,0,1.0,1.0,0.2,0.2
15,600,0,odam,rpn,0.1864902675151825,0.9537738561630249,0.0,0.134352907538414,0.0,0.0,0.0,0.0,0.9999999182702898,0.9999999182702898,0.023164749744189576,0,0,0,0,0,0,1.0,1.0,0.2,0.2
15,600,0,odam,roi_shared,0.1864902675151825,0.9537738561630249,-0.22066588318219005,0.38362008333206177,2.6608200073242188,2.6608200073242188,6.936081094119912,1.3872162188239825,0.6938886390260091,0.45633328066196677,62.84924728588803,1,1,1,0,0,0,1.0,1.0,0.2,0.2
15,600,0,odam,roi_cls,0.1864902675151825,0.9537738561630249,0.0,0.08613696694374084,0.0,0.0,0.0,0.0,0.9999999722555313,0.9999999722555313,0.013496645399573001,0,0,0,0,0,0,1.0,1.0,0.2,0.2
15,600,0,odam,roi_reg,0.1864902675151825,0.9537738561630249,-0.3459575488679229,0.058118753135204315,1.531241536140442,1.531241536140442,26.346771971832304,5.269354394366461,-0.8229730054701389,-0.16420049382391935,99.45079268838724,1,1,1,1,0,0,1.0,1.0,0.2,0.2
15,700,0,odam,backbone,0.17631489038467407,0.12493269145488739,0.32803184621502174,0.5531051754951477,0.7021374106407166,0.7021374106407166,1.2694464665100142,0.2538892933020029,1.0832836415491238,0.9763562564769451,12.484040796345429,0,1,0,0,0,0,1.0,1.0,0.2,0.2
15,700,0,odam,fpn,0.17631489038467407,0.12493269145488739,0.019740030171828602,0.42677414417266846,0.4856683909893036,0.4856683909893036,1.13799862906598,0.227599725813196,1.0044929024798692,0.9752875299400382,12.764216513736121,0,1,0,0,0,0,1.0,1.0,0.2,0.2
15,700,0,odam,rpn,0.17631489038467407,0.12493269145488739,0.0,0.1781827211380005,0.0,0.0,0.0,0.0,1.0000000781037728,1.0000000781037728,0.0,0,0,0,0,0,0,1.0,1.0,0.2,0.2
15,700,0,odam,roi_shared,0.17631489038467407,0.12493269145488739,0.016788947207773245,0.5608541965484619,0.09238089621067047,0.09238089621067047,0.16471463845539414,0.03294292769107883,1.0005531241164893,0.9994585556901691,1.8855329435647936,0,0,0,0,0,0,1.0,1.0,0.2,0.2
15,700,0,odam,roi_cls,0.17631489038467407,0.12493269145488739,0.0,0.12036935985088348,0.0,0.0,0.0,0.0,1.0000000603287331,1.0000000603287331,0.0,0,0,0,0,0,0,1.0,1.0,0.2,0.2
15,700,0,odam,roi_reg,0.17631489038467407,0.12493269145488739,-0.21395840779028505,0.031406011432409286,0.07974480837583542,0.07974480837583542,2.539157465043241,0.5078314930086483,0.8913451852467058,0.8737908802562167,29.09780189373059,1,1,0,0,0,0,1.0,1.0,0.2,0.2
16,0,0,odam,backbone,0.37765079736709595,0.6388457417488098,0.34727521987183946,2.68993878364563,3.1925957202911377,3.1925957202911377,1.1868655672395136,0.23737311344790274,1.0824337665118673,0.9795024251933295,11.620732543604433,0,1,0,0,0,0,1.0,1.0,0.2,0.2
16,0,0,odam,fpn,0.37765079736709595,0.6388457417488098,0.25278500326579856,0.8602089285850525,2.0031683444976807,2.0031683444976807,2.328699782031638,0.46573995640632765,1.117732020116426,0.927465736577942,21.956846144029843,0,1,0,0,0,0,1.0,1.0,0.2,0.2
16,0,0,odam,rpn,0.37765079736709595,0.6388457417488098,0.0,0.2060040384531021,0.0,0.0,0.0,0.0,1.000000030762379,1.000000030762379,0.0,0,0,0,0,0,0,1.0,1.0,0.2,0.2
16,0,0,odam,roi_shared,0.37765079736709595,0.6388457417488098,-0.041235452269189274,0.9763015508651733,0.0651652067899704,0.0651652067899704,0.06674700734852122,0.013349401469704248,0.9994495582960582,0.9999110052872626,0.7644040051323417,1,0,0,0,0,0,1.0,1.0,0.2,0.2
16,0,0,odam,roi_cls,0.37765079736709595,0.6388457417488098,0.0,0.21232008934020996,0.0,0.0,0.0,0.0,0.999999989366405,0.999999989366405,0.008355600907915985,0,0,0,0,0,0,1.0,1.0,0.2,0.2
16,0,0,odam,roi_reg,0.37765079736709595,0.6388457417488098,-0.31710941473712656,0.23224525153636932,0.028026124462485313,0.028026124462485313,0.12067469314048153,0.024134938628096306,0.992346675961441,0.9997341704983483,1.3211399942568989,1,0,0,0,0,0,1.0,1.0,0.2,0.2
16,100,0,odam,backbone,0.15126287937164307,0.14936555922031403,-0.2892703457613675,0.7495141625404358,0.6780042052268982,0.6780042052268982,0.9045915862734886,0.18091831725469773,0.9476657318811006,0.9837086410176272,10.356372429963244,1,0,0,0,0,0,1.0,1.0,0.2,0.2
16,100,0,odam,fpn,0.15126287937164307,0.14936555922031403,-0.22002378134460795,0.3950723111629486,0.5101795196533203,0.5101795196533203,1.2913573167189016,0.25827146334378037,0.9431742023441495,0.9661254284785395,14.95574950977932,1,1,0,0,0,0,1.0,1.0,0.2,0.2
16,100,0,odam,rpn,0.15126287937164307,0.14936555922031403,0.0,0.325935959815979,0.0,0.0,0.0,0.0,0.9999999538859291,0.9999999538859291,0.017400204936897933,0,0,0,0,0,0,1.0,1.0,0.2,0.2
16,100,0,odam,roi_shared,0.15126287937164307,0.14936555922031403,-0.0402662651301278,0.5205554366111755,0.08408835530281067,0.08408835530281067,0.16153583151532763,0.03230716630306553,0.9986991912061712,0.9994780851702857,1.851212777948021,1,0,0,0,0,0,1.0,1.0,0.2,0.2
16,100,0,odam,roi_cls,0.15126287937164307,0.14936555922031403,0.0,0.10739348083734512,0.0,0.0,0.0,0.0,0.9999999427131958,0.9999999427131958,0.019393890087342314,0,0,0,0,0,0,1.0,1.0,0.2,0.2
16,100,0,odam,roi_reg,0.15126287937164307,0.14936555922031403,-0.2711763827815377,0.05989224463701248,0.05848244950175285,0.05848244950175285,0.9764611404397358,0.19529222808794716,0.9470414447585999,0.9808652207092413,11.226498220755502,1,0,0,0,0,0,1.0,1.0,0.2,0.2
16,200,0,odam,backbone,0.05676507204771042,-0.0,0.0,0.6198992729187012,0.0,0.0,0.0,0.0,0.9999999224731575,0.9999999224731575,0.0225612771867234,0,0,0,0,0,0,1.0,1.0,0.2,0.2
16,200,0,odam,fpn,0.05676507204771042,-0.0,0.0,0.42512771487236023,0.0,0.0,0.0,0.0,1.0000000136353995,1.0000000136353995,0.0,0,0,0,0,0,0,1.0,1.0,0.2,0.2
16,200,0,odam,rpn,0.05676507204771042,-0.0,0.0,0.2206239253282547,0.0,0.0,0.0,0.0,0.9999999703881947,0.9999999703881947,0.01394344455928119,0,0,0,0,0,0,1.0,1.0,0.2,0.2
16,200,0,odam,roi_shared,0.05676507204771042,-0.0,0.0,0.47710585594177246,0.0,0.0,0.0,0.0,1.0000000286114958,1.0000000286114958,0.0,0,0,0,0,0,0,1.0,1.0,0.2,0.2
16,200,0,odam,roi_cls,0.05676507204771042,-0.0,0.0,0.12752078473567963,0.0,0.0,0.0,0.0,0.999999946310187,0.999999946310187,0.018775157030258487,0,0,0,0,0,0,1.0,1.0,0.2,0.2
16,200,0,odam,roi_reg,0.05676507204771042,-0.0,0.0,0.0,0.0,0.0,0.0,0.0,0.0,0.0,90.0,0,0,0,1,0,0,1.0,1.0,0.2,0.2
16,300,0,odam,backbone,0.05604501813650131,0.118363156914711,0.38048800516613845,0.2456149011850357,0.7876322865486145,0.7876322865486145,3.2067772873244618,0.6413554574648924,1.2440280481168413,0.902656969969838,25.490457851828825,0,1,0,0,0,0,1.0,1.0,0.2,0.2
16,300,0,odam,fpn,0.05604501813650131,0.118363156914711,0.07624698045773462,0.21724751591682434,0.5654500722885132,0.5654500722885132,2.6027918887919625,0.5205583777583925,1.0396910729780544,0.8947032390891067,26.529662793200004,0,1,0,0,0,0,1.0,1.0,0.2,0.2
16,300,0,odam,rpn,0.05604501813650131,0.118363156914711,0.0,0.140889972448349,0.0,0.0,0.0,0.0,1.0000000756393475,1.0000000756393475,0.0,0,0,0,0,0,0,1.0,1.0,0.2,0.2
16,300,0,odam,roi_shared,0.05604501813650131,0.118363156914711,0.07892755028382237,0.2502359449863434,0.3051326274871826,0.3051326274871826,1.21937968385731,0.24387593677146202,1.0192486763868291,0.9727123515183077,13.415696882846422,0,1,0,0,0,0,1.0,1.0,0.2,0.2
16,300,0,odam,roi_cls,0.05604501813650131,0.118363156914711,0.0,0.0508543960750103,0.0,0.0,0.0,0.0,1.0000000130928557,1.0000000130928557,0.0,0,0,0,0,0,0,1.0,1.0,0.2,0.2
16,300,0,odam,roi_reg,0.05604501813650131,0.118363156914711,0.08557494955496814,0.022350264713168144,0.14103947579860687,0.14103947579860687,6.310416346680243,1.2620832693360486,1.1080026317598424,0.6611130626597256,48.61518338252462,0,1,1,0,0,0,1.0,1.0,0.2,0.2
16,400,0,odam,backbone,0.2133377343416214,1.286217451095581,0.308243891696644,0.987822413444519,1.6754649877548218,1.6754649877548218,1.6961196313743332,0.3392239262748667,1.1045635838349235,0.9598731433250424,16.286142979530513,0,1,0,0,0,0,1.0,1.0,0.2,0.2
16,400,0,odam,fpn,0.2133377343416214,1.286217451095581,0.08629664978000812,0.5313908457756042,0.9143503308296204,0.9143503308296204,1.7206738469403973,0.34413476938807946,1.029697807947128,0.9487888502062375,18.415814753159708,0,1,0,0,0,0,1.0,1.0,0.2,0.2
16,400,0,odam,rpn,0.2133377343416214,1.286217451095581,0.0,0.32761070132255554,0.0,0.0,0.0,0.0,0.9999999391889393,0.9999999391889393,0.01998153839822032,0,0,0,0,0,0,1.0,1.0,0.2,0.2
16,400,0,odam,roi_shared,0.2133377343416214,1.286217451095581,0.04782822868799015,0.7047789692878723,1.8188161849975586,1.8188161849975586,2.58069020821569,0.516138041643138,1.0246858900222913,0.8933069602998747,26.708214493581867,0,1,0,0,0,0,1.0,1.0,0.2,0.2
16,400,0,odam,roi_cls,0.2133377343416214,1.286217451095581,0.0,0.11215529590845108,0.0,0.0,0.0,0.0,0.9999999390672768,0.9999999390672768,0.02000151657635922,0,0,0,0,0,0,1.0,1.0,0.2,0.2
16,400,0,odam,roi_reg,0.2133377343416214,1.286217451095581,-0.033890264870784614,0.08030427247285843,1.1953688859939575,1.1953688859939575,14.885495493380795,2.977099098676159,0.8991053814477753,0.2892624971323004,73.18619204126274,1,1,1,0,0,0,1.0,1.0,0.2,0.2
16,500,0,odam,backbone,0.4342467188835144,1.8594375848770142,-0.22051845386531058,0.7520896196365356,1.4647711515426636,1.4647711515426636,1.9476018725674573,0.38952037451349153,0.9141036211202406,0.9234155181496677,22.569371364324837,1,1,0,0,0,0,1.0,1.0,0.2,0.2
16,500,0,odam,fpn,0.4342467188835144,1.8594375848770142,-0.30072240373455267,0.4670059084892273,1.0029947757720947,1.0029947757720947,2.1477132463201616,0.42954264926403235,0.8708270259849393,0.9048752563592473,25.193512573251578,1,1,0,0,0,0,1.0,1.0,0.2,0.2
16,500,0,odam,rpn,0.4342467188835144,1.8594375848770142,0.0,0.32227298617362976,0.0,0.0,0.0,0.0,1.0000000857866687,1.0000000857866687,0.0,0,0,0,0,0,0,1.0,1.0,0.2,0.2
16,500,0,odam,roi_shared,0.4342467188835144,1.8594375848770142,-0.06546701407793706,0.6065221428871155,1.4064712524414062,1.4064712524414062,2.3189116323873034,0.4637823264774607,0.9696376385289556,0.9024789292932616,25.51415089812754,1,1,0,0,0,0,1.0,1.0,0.2,0.2
16,500,0,odam,roi_cls,0.4342467188835144,1.8594375848770142,0.0,0.1130620539188385,0.0,0.0,0.0,0.0,0.9999999388015631,0.9999999388015631,0.020045080155933107,0,0,0,0,0,0,1.0,1.0,0.2,0.2
16,500,0,odam,roi_reg,0.4342467188835144,1.8594375848770142,-0.3631744338019723,0.11164829879999161,1.1250340938568115,1.1250340938568115,10.07658966548352,2.015317933096704,0.2680879926736691,0.14134027322516146,81.87459049860274,1,1,1,0,0,0,1.0,1.0,0.2,0.2
16,600,0,odam,backbone,0.14325064420700073,0.06382256746292114,0.054078926700807245,0.8472394943237305,0.8151549696922302,0.8151549696922302,0.9621305134540379,0.1924261026908076,1.0104061616914577,0.9823945854857743,10.76713071359593,0,0,0,0,0,0,1.0,1.0,0.2,0.2
16,600,0,odam,fpn,0.14325064420700073,0.06382256746292114,-0.1505747890018711,0.5530688762664795,0.4619656801223755,0.4619656801223755,0.8352769427939953,0.1670553885587991,0.9748455302369734,0.985951375748239,9.615331905598492,1,0,0,0,0,0,1.0,1.0,0.2,0.2
16,600,0,odam,rpn,0.14325064420700073,0.06382256746292114,0.0,0.2014549970626831,0.0,0.0,0.0,0.0,1.0000000328360708,1.0000000328360708,0.0,0,0,0,0,0,0,1.0,1.0,0.2,0.2
16,600,0,odam,roi_shared,0.14325064420700073,0.06382256746292114,-0.05311675984296616,0.7494807243347168,0.11400215327739716,0.11400215327739716,0.15210818580903757,0.03042163716180751,0.998384090707358,0.9995373479996532,1.7429366319179271,1,0,0,0,0,0,1.0,1.0,0.2,0.2
16,600,0,odam,roi_cls,0.14325064420700073,0.06382256746292114,0.0,0.20527561008930206,0.0,0.0,0.0,0.0,1.0000000289793296,1.0000000289793296,0.0,0,0,0,0,0,0,1.0,1.0,0.2,0.2
16,600,0,odam,roi_reg,0.14325064420700073,0.06382256746292114,-0.23794662291514404,0.029768673703074455,0.06084044650197029,0.06084044650197029,2.0437741737780812,0.40875483475561625,0.9027381109102884,0.9153860343477681,23.739391349432385,1,1,0,0,0,0,1.0,1.0,0.2,0.2
16,700,0,odam,backbone,0.05092167854309082,0.00010002159251598641,0.0,0.4594632089138031,0.0,0.0,0.0,0.0,1.0000000427284301,1.0000000427284301,0.0,0,0,0,0,0,0,1.0,1.0,0.2,0.2
16,700,0,odam,fpn,0.05092167854309082,0.00010002159251598641,0.0,0.3309710919857025,0.0,0.0,0.0,0.0,0.9999999271717682,0.9999999271717682,0.02186691494677639,0,0,0,0,0,0,1.0,1.0,0.2,0.2
16,700,0,odam,rpn,0.05092167854309082,0.00010002159251598641,0.0,0.09983647614717484,0.0,0.0,0.0,0.0,1.0000000493434085,1.0000000493434085,0.0,0,0,0,0,0,0,1.0,1.0,0.2,0.2
16,700,0,odam,roi_shared,0.05092167854309082,0.00010002159251598641,0.0,0.4890671968460083,0.0,0.0,0.0,0.0,1.0000000456977418,1.0000000456977418,0.0,0,0,0,0,0,0,1.0,1.0,0.2,0.2
16,700,0,odam,roi_cls,0.05092167854309082,0.00010002159251598641,0.0,0.12197510898113251,0.0,0.0,0.0,0.0,1.0000000187270424,1.0000000187270424,0.0,0,0,0,0,0,0,1.0,1.0,0.2,0.2
16,700,0,odam,roi_reg,0.05092167854309082,0.00010002159251598641,0.0,0.00030761220841668546,0.0,0.0,0.0,0.0,1.0000000793936548,1.0000000793936548,0.0,0,0,0,0,0,0,1.0,1.0,0.2,0.2
17,0,0,odam,backbone,0.594105064868927,0.5601001381874084,-0.26802634460424873,1.4851391315460205,1.0359456539154053,1.0359456539154053,0.6975411474324243,0.13950822948648486,0.9626082686184144,0.9903927675512693,7.948498396260733,1,0,0,0,0,0,1.0,1.0,0.2,0.2
17,0,0,odam,fpn,0.594105064868927,0.5601001381874084,-0.44720884697008456,0.8888673782348633,0.8044113516807556,0.8044113516807556,0.9049846708045213,0.18099693416090426,0.9190566204083591,0.9848381494131301,9.989965625652456,1,0,0,0,0,0,1.0,1.0,0.2,0.2
17,0,0,odam,rpn,0.594105064868927,0.5601001381874084,0.0,0.3580987751483917,0.0,0.0,0.0,0.0,0.9999999719890307,0.9999999719890307,0.013561311764642748,0,0,0,0,0,0,1.0,1.0,0.2,0.2
17,0,0,odam,roi_shared,0.594105064868927,0.5601001381874084,-0.14012234791119973,1.2474445104599,0.505689799785614,0.505689799785614,0.40538059652784036,0.08107611930556807,0.9886394883807108,0.9967196789293911,4.6421011275598065,1,0,0,0,0,0,1.0,1.0,0.2,0.2
17,0,0,odam,roi_cls,0.594105064868927,0.5601001381874084,0.0,0.25018712878227234,0.0,0.0,0.0,0.0,0.9999999166870285,0.9999999166870285,0.023388046337703586,0,0,0,0,0,0,1.0,1.0,0.2,0.2
17,0,0,odam,roi_reg,0.594105064868927,0.5601001381874084,-0.5486455954276651,0.15312615036964417,0.26283615827560425,0.26283615827560425,1.7164681384670208,0.3432936276934042,0.8116535410209854,0.9427910438746423,19.474313976337847,1,1,0,0,0,0,1.0,1.0,0.2,0.2
17,100,0,odam,backbone,0.2516326904296875,1.8181500434875488,-0.6233068713790567,1.6057995557785034,37.01434326171875,37.01434326171875,23.050413190439528,4.610082638087905,-1.8734961891607353,-0.46114090110665107,117.46075229913704,1,1,1,1,0,0,1.0,1.0,0.2,0.2
17,100,0,odam,fpn,0.2516326904296875,1.8181500434875488,-0.22954633000521266,0.7229065299034119,10.614410400390625,10.614410400390625,14.682963787598965,2.936592757519793,0.3259157252369582,0.113294968177368,83.49470881944906,1,1,1,0,0,0,1.0,1.0,0.2,0.2
17,100,0,odam,rpn,0.2516326904296875,1.8181500434875488,0.0,0.20425885915756226,0.0,0.0,0.0,0.0,1.0000000347830882,1.0000000347830882,0.0,0,0,0,0,0,0,1.0,1.0,0.2,0.2
17,100,0,odam,roi_shared,0.2516326904296875,1.8181500434875488,-0.24419134406187093,0.5446913242340088,12.079931259155273,12.079931259155273,22.177572363839463,4.435514472767893,-0.08311442175086385,-0.019319763511639408,91.10700978352759,1,1,1,1,0,0,1.0,1.0,0.2,0.2
17,100,0,odam,roi_cls,0.2516326904296875,1.8181500434875488,0.0,0.09277091920375824,0.0,0.0,0.0,0.0,0.9999999688284374,0.9999999688284374,0.014305957082396594,0,0,0,0,0,0,1.0,1.0,0.2,0.2
17,100,0,odam,roi_reg,0.2516326904296875,1.8181500434875488,-0.4527219849814217,0.1296410858631134,2.3918704986572266,2.3918704986572266,18.449941874004175,3.6899883748008353,-0.6705388423770716,-0.19969484324276182,101.51911486866234,1,1,1,1,0,0,1.0,1.0,0.2,0.2
17,200,0,odam,backbone,0.4030625820159912,0.6644749641418457,-0.485075940561822,1.5180585384368896,3.023881196975708,3.023881196975708,1.9919397838829915,0.3983879567765984,0.8067516380720487,0.9180586215829077,23.356104222091048,1,1,0,0,0,0,1.0,1.0,0.2,0.2
17,200,0,odam,fpn,0.4030625820159912,0.6644749641418457,-0.36601287154842166,0.8797059655189514,1.7296401262283325,1.7296401262283325,1.9661570956927552,0.39323141913855103,0.8560723546210767,0.9195114706233497,23.145233547124096,1,1,0,0,0,0,1.0,1.0,0.2,0.2
17,200,0,odam,rpn,0.4030625820159912,0.6644749641418457,0.0,0.6523246169090271,0.0,0.0,0.0,0.0,1.0000000418180235,1.0000000418180235,0.0,0,0,0,0,0,0,1.0,1.0,0.2,0.2
17,200,0,odam,roi_shared,0.4030625820159912,0.6644749641418457,-0.18516878993180017,0.5717944502830505,1.5027122497558594,1.5027122497558594,2.628063719422223,0.5256127438844447,0.9026727865822639,0.8679487528499814,29.778860721665524,1,1,0,0,0,0,1.0,1.0,0.2,0.2
17,200,0,odam,roi_cls,0.4030625820159912,0.6644749641418457,0.0,0.10868358612060547,0.0,0.0,0.0,0.0,1.0000000547446715,1.0000000547446715,0.0,0,0,0,0,0,0,1.0,1.0,0.2,0.2
17,200,0,odam,roi_reg,0.4030625820159912,0.6644749641418457,-0.5935273325893642,0.07193130254745483,0.6724576950073242,0.6724576950073242,9.348610009719865,1.8697220019439729,-0.10973096197291311,-0.07272857202128756,94.1707225535898,1,1,1,1,0,0,1.0,1.0,0.2,0.2
17,300,0,odam,backbone,0.3510605990886688,1.2016527652740479,-0.40752360724017656,0.8273429274559021,2.7730612754821777,2.7730612754821777,3.351767669072126,0.6703535338144251,0.7268150657711007,0.76485494955458,40.10591058816046,1,1,0,0,0,0,1.0,1.0,0.2,0.2
17,300,0,odam,fpn,0.3510605990886688,1.2016527652740479,-0.23513728916080073,0.3988918364048004,1.2874048948287964,1.2874048948287964,3.227453603543598,0.6454907207087196,0.8482210550611858,0.8039738072995216,36.48873371713199,1,1,0,0,0,0,1.0,1.0,0.2,0.2
17,300,0,odam,rpn,0.3510605990886688,1.2016527652740479,0.0,0.39711838960647583,0.0,0.0,0.0,0.0,1.0000000746056283,1.0000000746056283,0.0,0,0,0,0,0,0,1.0,1.0,0.2,0.2
17,300,0,odam,roi_shared,0.3510605990886688,1.2016527652740479,0.03938716303137987,0.6257047057151794,1.865065574645996,1.865065574645996,2.9807440436527153,0.5961488087305431,1.0234806378407855,0.8642724892227374,30.200263427327453,0,1,0,0,0,0,1.0,1.0,0.2,0.2
17,300,0,odam,roi_cls,0.3510605990886688,1.2016527652740479,0.0,0.09162066131830215,0.0,0.0,0.0,0.0,1.000000007235006,1.000000007235006,0.0,0,0,0,0,0,0,1.0,1.0,0.2,0.2
17,300,0,odam,roi_reg,0.3510605990886688,1.2016527652740479,0.17730478133672492,0.1342439353466034,0.8101645708084106,0.8101645708084106,6.0350180342721105,1.207003606854422,1.2140075310157417,0.7147563923130913,44.37676181438269,0,1,1,0,0,0,1.0,1.0,0.2,0.2
17,400,0,odam,backbone,0.047598697245121,-0.0,0.0,0.3626818358898163,0.0,0.0,0.0,0.0,0.9999999536773877,0.9999999536773877,0.017439504980740043,0,0,0,0,0,0,1.0,1.0,0.2,0.2
17,400,0,odam,fpn,0.047598697245121,-0.0,0.0,0.2662474811077118,0.0,0.0,0.0,0.0,0.9999999072928805,0.9999999072928805,0.024671421742928773,0,0,0,0,0,0,1.0,1.0,0.2,0.2
17,400,0,odam,rpn,0.047598697245121,-0.0,0.0,0.11068755388259888,0.0,0.0,0.0,0.0,0.9999999361515501,0.9999999361515501,0.020474476739148536,0,0,0,0,0,0,1.0,1.0,0.2,0.2
17,400,0,odam,roi_shared,0.047598697245121,-0.0,0.0,0.4059188663959503,0.0,0.0,0.0,0.0,1.000000001496631,1.000000001496631,0.0,0,0,0,0,0,0,1.0,1.0,0.2,0.2
17,400,0,odam,roi_cls,0.047598697245121,-0.0,0.0,0.1498323380947113,0.0,0.0,0.0,0.0,0.9999999359709013,0.9999999359709013,0.02050342088566302,0,0,0,0,0,0,1.0,1.0,0.2,0.2
17,400,0,odam,roi_reg,0.047598697245121,-0.0,0.0,0.0,0.0,0.0,0.0,0.0,0.0,0.0,90.0,0,0,0,1,0,0,1.0,1.0,0.2,0.2
17,500,0,odam,backbone,0.41078388690948486,0.33205196261405945,-0.005982506615709725,1.4712327718734741,1.1237788200378418,1.1237788200378418,0.7638348203777551,0.15276696407555101,0.9990861544803711,0.9885113312479867,8.69338976428994,1,0,0,0,0,0,1.0,1.0,0.2,0.2
17,500,0,odam,fpn,0.41078388690948486,0.33205196261405945,-0.06590098866818582,0.7011016607284546,0.7440626621246338,0.7440626621246338,1.0612764222403097,0.21225528444806196,0.9860121415281179,0.9776995787949055,12.122845281413738,1,1,0,0,0,0,1.0,1.0,0.2,0.2
17,500,0,odam,rpn,0.41078388690948486,0.33205196261405945,0.0,0.5958307385444641,0.0,0.0,0.0,0.0,0.9999999036287291,0.9999999036287291,0.02515425311927838,0,0,0,0,0,0,1.0,1.0,0.2,0.2
17,500,0,odam,roi_shared,0.41078388690948486,0.33205196261405945,-0.27885746869063616,0.8294779658317566,0.25071388483047485,0.25071388483047485,0.3022550268457972,0.06045100536915945,0.9831426802145555,0.9982610691544217,3.3794166534290406,1,0,0,0,0,0,1.0,1.0,0.2,0.2
17,500,0,odam,roi_cls,0.41078388690948486,0.33205196261405945,0.0,0.14266425371170044,0.0,0.0,0.0,0.0,1.0000000359118726,1.0000000359118726,0.0,0,0,0,0,0,0,1.0,1.0,0.2,0.2
17,500,0,odam,roi_reg,0.41078388690948486,0.33205196261405945,-0.6692361320170379,0.12982676923274994,0.1070953756570816,0.1070953756570816,0.8249098108964253,0.16498196217928507,0.8895880260003807,0.9906379580585254,7.846253368320816,1,0,0,0,0,0,1.0,1.0,0.2,0.2
17,600,0,odam,backbone,0.06022719293832779,0.001097110565751791,-0.20738120955057815,0.5944912433624268,0.0993485376238823,0.0993485376238823,0.1671152245438799,0.03342304490877598,0.9930689510924394,0.9994586713685656,1.8853314946258481,1,0,0,0,0,0,1.0,1.0,0.2,0.2
17,600,0,odam,fpn,0.06022719293832779,0.001097110565751791,0.06645006911002692,0.3847231864929199,0.09709840267896652,0.09709840267896652,0.25238510723541596,0.050477021447083194,1.0033539512352496,0.9987423422767103,2.8738519288891835,0,0,0,0,0,0,1.0,1.0,0.2,0.2
17,600,0,odam,rpn,0.06022719293832779,0.001097110565751791,0.0,0.13402554392814636,0.0,0.0,0.0,0.0,1.0000000267083264,1.0000000267083264,0.0,0,0,0,0,0,0,1.0,1.0,0.2,0.2
17,600,0,odam,roi_shared,0.06022719293832779,0.001097110565751791,-0.04118228222179988,0.535082995891571,0.0036073641385883093,0.0036073641385883093,0.006741690852234265,0.0013483381704468532,0.9999444835506438,0.9999991776013635,0.07348164173820629,1,0,0,0,0,0,1.0,1.0,0.2,0.2
17,600,0,odam,roi_cls,0.06022719293832779,0.001097110565751791,0.0,0.12707901000976562,0.0,0.0,0.0,0.0,1.0000000567692373,1.0000000567692373,0.0,0,0,0,0,0,0,1.0,1.0,0.2,0.2
17,600,0,odam,roi_reg,0.06022719293832779,0.001097110565751791,-0.3237448808875739,0.011734094470739365,0.0014939928660169244,0.0014939928660169244,0.12732067819484566,0.025464135638969133,0.9917560888096735,0.9997050024273968,1.3917381376628537,1,0,0,0,0,0,1.0,1.0,0.2,0.2
17,700,0,odam,backbone,0.03161604702472687,-0.0,0.0,0.30255547165870667,0.0,0.0,0.0,0.0,1.0000000178897293,1.0000000178897293,0.0,0,0,0,0,0,0,1.0,1.0,0.2,0.2
17,700,0,odam,fpn,0.03161604702472687,-0.0,0.0,0.24862296879291534,0.0,0.0,0.0,0.0,0.999999999317569,0.999999999317569,0.002116737500241045,0,0,0,0,0,0,1.0,1.0,0.2,0.2
17,700,0,odam,rpn,0.03161604702472687,-0.0,0.0,0.12263350933790207,0.0,0.0,0.0,0.0,0.9999999843465002,0.9999999843465002,0.010137791551896626,0,0,0,0,0,0,1.0,1.0,0.2,0.2
17,700,0,odam,roi_shared,0.03161604702472687,-0.0,0.0,0.24647262692451477,0.0,0.0,0.0,0.0,1.0000000017907067,1.0000000017907067,0.0,0,0,0,0,0,0,1.0,1.0,0.2,0.2
17,700,0,odam,roi_cls,0.03161604702472687,-0.0,0.0,0.07773822546005249,0.0,0.0,0.0,0.0,1.0000000576495787,1.0000000576495787,0.0,0,0,0,0,0,0,1.0,1.0,0.2,0.2
17,700,0,odam,roi_reg,0.03161604702472687,-0.0,0.0,0.0,0.0,0.0,0.0,0.0,0.0,0.0,90.0,0,0,0,1,0,0,1.0,1.0,0.2,0.2
18,0,0,odam,backbone,0.4086948335170746,0.5859894752502441,0.1317072798186254,1.0096535682678223,1.3603217601776123,1.3603217601776123,1.3473153593775753,0.2694630718755151,1.035490099581661,0.9683015645692634,14.464734747044918,0,1,0,0,0,0,1.0,1.0,0.2,0.2
18,0,0,odam,fpn,0.4086948335170746,0.5859894752502441,0.12630447612072376,0.5777642726898193,0.8673251271247864,0.8673251271247864,1.501174731845044,0.3002349463690088,1.037921016164082,0.9612097751771288,16.010789045746957,0,1,0,0,0,0,1.0,1.0,0.2,0.2
18,0,0,odam,rpn,0.4086948335170746,0.5859894752502441,0.0,0.2931146025657654,0.0,0.0,0.0,0.0,1.0000000721755287,1.0000000721755287,0.0,0,0,0,0,0,0,1.0,1.0,0.2,0.2
18,0,0,odam,roi_shared,0.4086948335170746,0.5859894752502441,-0.0013224658252457971,0.8636919260025024,0.45121222734451294,0.45121222734451294,0.5224226529856499,0.10448453059712998,0.999861700500546,0.994584215357361,5.965742749980361,1,0,0,0,0,0,1.0,1.0,0.2,0.2
18,0,0,odam,roi_cls,0.4086948335170746,0.5859894752502441,0.0,0.17596644163131714,0.0,0.0,0.0,0.0,0.999999990225278,0.999999990225278,0.00801105730947191,0,0,0,0,0,0,1.0,1.0,0.2,0.2
18,0,0,odam,roi_reg,0.4086948335170746,0.5859894752502441,0.15537738419679412,0.09657338261604309,0.23742224276065826,0.23742224276065826,2.4584646030739417,0.49169292061478836,1.0763981474110302,0.9114956741573336,24.287132150002986,0,1,0,0,0,0,1.0,1.0,0.2,0.2
18,100,0,odam,backbone,0.2745059132575989,0.29488998651504517,-0.1302508452870802,0.731278657913208,0.7824443578720093,0.7824443578720093,1.0699674459320456,0.21399348918640912,0.9721272536642191,0.9770011026150106,12.311955238037847,1,1,0,0,0,0,1.0,1.0,0.2,0.2
18,100,0,odam,fpn,0.2745059132575989,0.29488998651504517,-0.08748651303275061,0.38745152950286865,0.503614068031311,0.503614068031311,1.2998117949811379,0.2599623589962276,0.9772567105871668,0.9666366357215478,14.841830367152692,1,1,0,0,0,0,1.0,1.0,0.2,0.2
18,100,0,odam,rpn,0.2745059132575989,0.29488998651504517,0.0,0.27681219577789307,0.0,0.0,0.0,0.0,0.9999999710042895,0.9999999710042895,0.013797630449480465,0,0,0,0,0,0,1.0,1.0,0.2,0.2
18,100,0,odam,roi_shared,0.2745059132575989,0.29488998651504517,-0.02980411063518882,0.5802064538002014,0.08905255049467087,0.08905255049467087,0.1534842467045994,0.03069684934091988,0.9990852146111336,0.9995287993615589,1.7589667100559283,1,0,0,0,0,0,1.0,1.0,0.2,0.2
18,100,0,odam,roi_cls,0.2745059132575989,0.29488998651504517,0.0,0.09515287727117538,0.0,0.0,0.0,0.0,0.9999999286841055,0.9999999286841055,0.0216386817611438,0,0,0,0,0,0,1.0,1.0,0.2,0.2
18,100,0,odam,roi_reg,0.2745059132575989,0.29488998651504517,-0.14111695169852242,0.07275976985692978,0.08505905419588089,0.08505905419588089,1.1690396267488978,0.23380792534977957,0.967005827729042,0.9725272031832837,13.461342898947134,1,1,0,0,0,0,1.0,1.0,0.2,0.2
18,200,0,odam,backbone,0.13098137080669403,0.15829579532146454,0.29158414801108323,0.5911591053009033,0.9420950412750244,0.9420950412750244,1.593640413938127,0.31872808278762543,1.0929358908534679,0.9632252940820002,15.58662980212566,0,1,0,0,0,0,1.0,1.0,0.2,0.2
18,200,0,odam,fpn,0.13098137080669403,0.15829579532146454,0.2443979832792707,0.28185397386550903,0.5255252718925476,0.5255252718925476,1.86453029093466,0.372906058186932,1.0911373891090794,0.949233659191828,18.334969809321034,0,1,0,0,0,0,1.0,1.0,0.2,0.2
18,200,0,odam,rpn,0.13098137080669403,0.15829579532146454,0.0,0.22069890797138214,0.0,0.0,0.0,0.0,0.9999999745392132,0.9999999745392132,0.012929256202742538,0,0,0,0,0,0,1.0,1.0,0.2,0.2
18,200,0,odam,roi_shared,0.13098137080669403,0.15829579532146454,0.002333394152294901,0.33680471777915955,0.2972433865070343,0.2972433865070343,0.8825392603376021,0.17650785206752043,1.0004118468384848,0.9847896389951706,10.005975011815572,0,0,0,0,0,0,1.0,1.0,0.2,0.2
18,200,0,odam,roi_cls,0.13098137080669403,0.15829579532146454,0.0,0.06816504895687103,0.0,0.0,0.0,0.0,0.9999999278840088,0.9999999278840088,0.021759725946088077,0,0,0,0,0,0,1.0,1.0,0.2,0.2
18,200,0,odam,roi_reg,0.13098137080669403,0.15829579532146454,-0.05125010915169135,0.04491663724184036,0.17469236254692078,0.17469236254692078,3.8892573726377013,0.7778514745275403,0.9601350365096718,0.7774123330927254,38.97574214671023,1,1,0,0,0,0,1.0,1.0,0.2,0.2
18,300,0,odam,backbone,0.24308493733406067,0.2531944513320923,0.11478871085245565,1.0889700651168823,1.4800480604171753,1.4800480604171753,1.3591264882550445,0.2718252976510089,1.0312025057980938,0.9673833960565734,14.673866287758756,0,1,0,0,0,0,1.0,1.0,0.2,0.2
18,300,0,odam,fpn,0.24308493733406067,0.2531944513320923,0.1833104011533797,0.6067747473716736,1.2436109781265259,1.2436109781265259,2.049543069340631,0.4099086138681262,1.0751404287024238,0.936390665209852,20.54600941771521,0,1,0,0,0,0,1.0,1.0,0.2,0.2
18,300,0,odam,rpn,0.24308493733406067,0.2531944513320923,0.0,0.3914031386375427,0.0,0.0,0.0,0.0,1.0000000477198814,1.0000000477198814,0.0,0,0,0,0,0,0,1.0,1.0,0.2,0.2
18,300,0,odam,roi_shared,0.24308493733406067,0.2531944513320923,0.2476372845711716,0.48274245858192444,0.03669637069106102,0.03669637069106102,0.07601645564564198,0.015203291129128398,1.0037648952273672,0.9998923388090268,0.8407582094230834,0,0,0,0,0,0,1.0,1.0,0.2,0.2
18,300,0,odam,roi_cls,0.24308493733406067,0.2531944513320923,0.0,0.05873431637883186,0.0,0.0,0.0,0.0,0.999999983878796,0.999999983878796,0.010288128219381472,0,0,0,0,0,0,1.0,1.0,0.2,0.2
18,300,0,odam,roi_reg,0.24308493733406067,0.2531944513320923,0.04027664636649703,0.06159144639968872,0.012657737359404564,0.012657737359404564,0.20551128605202776,0.04110225721040556,1.0016555366783897,0.9991605554180872,2.347815852224436,0,0,0,0,0,0,1.0,1.0,0.2,0.2
18,400,0,odam,backbone,0.09364032745361328,0.09888144582509995,0.03786837315234251,0.3645830750465393,0.787712037563324,0.787712037563324,2.160583119396785,0.43211662387935695,1.0163635828298963,0.9203791923421822,23.018419638037894,0,1,0,0,0,0,1.0,1.0,0.2,0.2
18,400,0,odam,fpn,0.09364032745361328,0.09888144582509995,-0.008719536794703657,0.223514124751091,0.5780761241912842,0.5780761241912842,2.5863069049217327,0.5172613809843465,0.9954897861746739,0.8873674926136949,27.455711257132418,1,1,0,0,0,0,1.0,1.0,0.2,0.2
18,400,0,odam,rpn,0.09364032745361328,0.09888144582509995,0.0,0.21549205482006073,0.0,0.0,0.0,0.0,1.0000000417606614,1.0000000417606614,0.0,0,0,0,0,0,0,1.0,1.0,0.2,0.2
18,400,0,odam,roi_shared,0.09364032745361328,0.09888144582509995,0.004786528479538489,0.2699144780635834,0.09302598237991333,0.09302598237991333,0.34464984259940046,0.06892996851988009,1.000329819886867,0.9976342722875644,3.9419005617487275,0,0,0,0,0,0,1.0,1.0,0.2,0.2
18,400,0,odam,roi_cls,0.09364032745361328,0.09888144582509995,0.0,0.04426175355911255,0.0,0.0,0.0,0.0,0.9999999315082184,0.9999999315082184,0.021205907575952938,0,0,0,0,0,0,1.0,1.0,0.2,0.2
18,400,0,odam,roi_reg,0.09364032745361328,0.09888144582509995,0.23317953370484035,0.01515323668718338,0.032282233238220215,0.032282233238220215,2.1303853364558445,0.426077067291169,1.0993525184425428,0.9357474124349108,20.650767999207904,0,1,0,0,0,0,1.0,1.0,0.2,0.2
18,500,0,odam,backbone,0.5186048746109009,0.35128241777420044,0.13514781817121868,1.523821473121643,1.270594835281372,1.270594835281372,0.8338213220466565,0.1667642644093313,1.0225380897904304,0.9871943785063307,9.179150773295174,0,0,0,0,0,0,1.0,1.0,0.2,0.2
18,500,0,odam,fpn,0.5186048746109009,0.35128241777420044,0.020830939917918023,0.7243327498435974,0.9413255453109741,0.9413255453109741,1.299576120939211,0.2599152241878422,1.0054142148446712,0.96818475711762,14.491503944614054,0,1,0,0,0,0,1.0,1.0,0.2,0.2
18,500,0,odam,rpn,0.5186048746109009,0.35128241777420044,0.0,0.33699458837509155,0.0,0.0,0.0,0.0,0.9999999603280756,0.9999999603280756,0.016139098254783386,0,0,0,0,0,0,1.0,1.0,0.2,0.2
18,500,0,odam,roi_shared,0.5186048746109009,0.35128241777420044,0.0176888172986712,1.002988576889038,0.059479933232069016,0.059479933232069016,0.05930270254578319,0.011860540509156638,1.0002098724423325,0.9999298718554201,0.6785570118638865,0,0,0,0,0,0,1.0,1.0,0.2,0.2
18,500,0,odam,roi_cls,0.5186048746109009,0.35128241777420044,0.0,0.20678912103176117,0.0,0.0,0.0,0.0,0.9999999711498273,0.9999999711498273,0.01376295975278363,0,0,0,0,0,0,1.0,1.0,0.2,0.2
18,500,0,odam,roi_reg,0.5186048746109009,0.35128241777420044,0.054909973166133205,0.09003942459821701,0.044991396367549896,0.044991396367549896,0.4996855162981665,0.0999371032596333,1.0054874449911224,0.9951115092412497,5.667638067813267,0,0,0,0,0,0,1.0,1.0,0.2,0.2
18,600,0,odam,backbone,0.4960525631904602,0.3023693263530731,0.044503328523705074,1.4519275426864624,0.8429501056671143,0.8429501056671143,0.5805731215122667,0.11611462430245334,1.0051675754330067,0.9934068671022663,6.5829786650211775,0,0,0,0,0,0,1.0,1.0,0.2,0.2
18,600,0,odam,fpn,0.4960525631904602,0.3023693263530731,-0.045734295542794144,0.8436130285263062,0.5826624631881714,0.5826624631881714,0.6906750411453637,0.13813500822907274,0.9936824061506051,0.9904950555006252,7.906003810364403,1,0,0,0,0,0,1.0,1.0,0.2,0.2
18,600,0,odam,rpn,0.4960525631904602,0.3023693263530731,0.0,0.33876657485961914,0.0,0.0,0.0,0.0,0.9999999199080063,0.9999999199080063,0.022931485299727255,0,0,0,0,0,0,1.0,1.0,0.2,0.2
18,600,0,odam,roi_shared,0.4960525631904602,0.3023693263530731,-0.09330338673350434,1.1306368112564087,0.037799980491399765,0.037799980491399765,0.03343246930850847,0.0066864938617016935,0.9993759693203038,0.9999777819446416,0.38193675734494065,1,0,0,0,0,0,1.0,1.0,0.2,0.2
18,600,0,odam,roi_cls,0.4960525631904602,0.3023693263530731,0.0,0.198746457695961,0.0,0.0,0.0,0.0,1.0000000027380016,1.0000000027380016,0.0,0,0,0,0,0,0,1.0,1.0,0.2,0.2
18,600,0,odam,roi_reg,0.4960525631904602,0.3023693263530731,-0.19038869584109358,0.051957327872514725,0.02225022204220295,0.02225022204220295,0.4282403070611576,0.08564806141223152,0.9836935515530083,0.9963668199968693,4.885541026882391,1,0,0,0,0,0,1.0,1.0,0.2,0.2
18,700,0,odam,backbone,0.06694358587265015,0.11431002616882324,-0.06300127363896849,0.3064608871936798,0.6859889030456543,0.6859889030456543,2.2384223622380794,0.4476844724476159,0.9717952791616138,0.9085721925588344,24.691221126459816,1,1,0,0,0,0,1.0,1.0,0.2,0.2
18,700,0,odam,fpn,0.06694358587265015,0.11431002616882324,-0.06788046857861565,0.23152123391628265,0.5247509479522705,0.5247509479522705,2.2665348619471284,0.4533069723894257,0.9692293757572872,0.9061995343469229,25.01467215281195,1,1,0,0,0,0,1.0,1.0,0.2,0.2
18,700,0,odam,rpn,0.06694358587265015,0.11431002616882324,0.0,0.12471260875463486,0.0,0.0,0.0,0.0,0.9999999590219427,0.9999999590219427,0.016402623422561064,0,0,0,0,0,0,1.0,1.0,0.2,0.2
18,700,0,odam,roi_shared,0.06694358587265015,0.11431002616882324,0.0379421598880441,0.32244569063186646,0.15334780514240265,0.15334780514240265,0.47557715794526945,0.0951154315890539,1.0036089147899434,0.9955454387901224,5.41005205010701,0,0,0,0,0,0,1.0,1.0,0.2,0.2
18,700,0,odam,roi_cls,0.06694358587265015,0.11431002616882324,0.0,0.0847105160355568,0.0,0.0,0.0,0.0,1.0000000152884827,1.0000000152884827,0.0,0,0,0,0,0,0,1.0,1.0,0.2,0.2
18,700,0,odam,roi_reg,0.06694358587265015,0.11431002616882324,-0.3446227953892226,0.008535652421414852,0.08575645834207535,0.08575645834207535,10.04685454704358,2.009370909408716,0.30752499803828903,0.16090817631808274,80.7403860591714,1,1,1,0,0,0,1.0,1.0,0.2,0.2
19,0,0,odam,backbone,0.1566898226737976,1.334462285041809,0.06996906632593142,0.6340610980987549,6.661818504333496,6.661818504333496,10.506587652686934,2.101317530537387,1.1470273045195092,0.4800332148853334,61.31242864720573,0,1,1,0,0,0,1.0,1.0,0.2,0.2
19,0,0,odam,fpn,0.1566898226737976,1.334462285041809,-0.034018544641448,0.2922157347202301,3.454698085784912,3.454698085784912,11.822423214453083,2.3644846428906168,0.9195636409455153,0.36264285906793886,68.7374079731767,1,1,1,0,0,0,1.0,1.0,0.2,0.2
19,0,0,odam,rpn,0.1566898226737976,1.334462285041809,0.0,0.19454717636108398,0.0,0.0,0.0,0.0,0.9999999775501515,0.9999999775501515,0.012140717079779283,0,0,0,0,0,0,1.0,1.0,0.2,0.2
19,0,0,odam,roi_shared,0.1566898226737976,1.334462285041809,-0.007345060817018447,0.4361826777458191,4.669366359710693,4.669366359710693,10.705070599873107,2.1410141199746215,0.9842740598656867,0.41770740914555127,65.31006896962204,1,1,1,0,0,0,1.0,1.0,0.2,0.2
19,0,0,odam,roi_cls,0.1566898226737976,1.334462285041809,0.0,0.0837550163269043,0.0,0.0,0.0,0.0,1.0000000020420157,1.0000000020420157,0.0,0,0,0,0,0,0,1.0,1.0,0.2,0.2
19,0,0,odam,roi_reg,0.1566898226737976,1.334462285041809,-0.09727739756800449,0.027585655450820923,1.2571371793746948,1.2571371793746948,45.572133735081636,9.114426747016328,0.11337229445902788,0.012497070621515616,89.28395195793986,1,1,1,0,0,0,1.0,1.0,0.2,0.2
19,100,0,odam,backbone,0.18154564499855042,0.1008848175406456,0.012729504403276474,0.5638701915740967,0.6683775782585144,0.6683775782585144,1.1853394420312866,0.2370678884062573,1.0030180107755737,0.9731909699758157,13.296986757953563,0,1,0,0,0,0,1.0,1.0,0.2,0.2
19,100,0,odam,fpn,0.18154564499855042,0.1008848175406456,0.04564653923573795,0.33917370438575745,0.5396220088005066,0.5396220088005066,1.5909901086753184,0.3181980217350637,1.0145247290075359,0.9542582336547984,17.39656907378845,0,1,0,0,0,0,1.0,1.0,0.2,0.2
19,100,0,odam,rpn,0.18154564499855042,0.1008848175406456,0.0,0.13278095424175262,0.0,0.0,0.0,0.0,0.999999903939212,0.999999903939212,0.02511370023918826,0,0,0,0,0,0,1.0,1.0,0.2,0.2
19,100,0,odam,roi_shared,0.18154564499855042,0.1008848175406456,-0.035163739530114646,0.40956205129623413,0.1494085192680359,0.1494085192680359,0.3648006908725278,0.07296013817450557,0.9974343842543089,0.9973386609131776,4.181037863770353,1,0,0,0,0,0,1.0,1.0,0.2,0.2
19,100,0,odam,roi_cls,0.18154564499855042,0.1008848175406456,0.0,0.0741664320230484,0.0,0.0,0.0,0.0,1.0000000314893749,1.0000000314893749,0.0,0,0,0,0,0,0,1.0,1.0,0.2,0.2
19,100,0,odam,roi_reg,0.18154564499855042,0.1008848175406456,0.1297651177331365,0.0847681313753128,0.07688123732805252,0.07688123732805252,0.9069592083805542,0.18139184167611083,1.0235382109843083,0.9849093794172016,9.966412203000568,0,0,0,0,0,0,1.0,1.0,0.2,0.2
19,200,0,odam,backbone,0.49272704124450684,0.6577765345573425,0.17527698876966222,1.3731145858764648,1.8796766996383667,1.8796766996383667,1.3689146695929686,0.2737829339185937,1.04798775214842,0.9684791061849967,14.423953766110719,0,1,0,0,0,0,1.0,1.0,0.2,0.2
19,200,0,odam,fpn,0.49272704124450684,0.6577765345573425,-0.07566725461993234,0.76319420337677,0.9927105903625488,0.9927105903625488,1.3007313026884617,0.26014626053769235,0.9803155149464808,0.9667283794405936,14.821295315755838,1,1,0,0,0,0,1.0,1.0,0.2,0.2
19,200,0,odam,rpn,0.49272704124450684,0.6577765345573425,0.0,0.5320159792900085,0.0,0.0,0.0,0.0,0.9999998881574824,0.9999998881574824,0.027098241041024707,0,0,0,0,0,0,1.0,1.0,0.2,0.2
19,200,0,odam,roi_shared,0.49272704124450684,0.6577765345573425,-0.009259507635692244,0.9875832200050354,0.3488517105579376,0.3488517105579376,0.35323778643804715,0.07064755728760944,0.99934568578756,0.9975106136632617,4.043653333948277,1,0,0,0,0,0,1.0,1.0,0.2,0.2
19,200,0,odam,roi_cls,0.49272704124450684,0.6577765345573425,0.0,0.15149624645709991,0.0,0.0,0.0,0.0,0.999999934943514,0.999999934943514,0.020667261433845313,0,0,0,0,0,0,1.0,1.0,0.2,0.2
19,200,0,odam,roi_reg,0.49272704124450684,0.6577765345573425,0.33578595851040344,0.2726419270038605,0.24275560677051544,0.24275560677051544,0.8903825227404519,0.1780765045480904,1.0597957262047204,0.9877054485344298,8.993731871278557,0,0,0,0,0,0,1.0,1.0,0.2,0.2
19,300,0,odam,backbone,0.3628023862838745,0.57272869348526,-0.6236518549577503,1.1881866455078125,6.903096675872803,6.903096675872803,5.809774669637468,1.1619549339274937,0.2753448227490461,0.2901053919561117,73.13573421060417,1,1,1,0,0,0,1.0,1.0,0.2,0.2
19,300,0,odam,fpn,0.3628023862838745,0.57272869348526,-0.5543904479233323,0.6272097826004028,2.3011975288391113,2.3011975288391113,3.6689439365859045,0.733788787317181,0.5931943955972846,0.696750827907662,45.833099722054804,1,1,0,0,0,0,1.0,1.0,0.2,0.2
19,300,0,odam,rpn,0.3628023862838745,0.57272869348526,0.0,0.3035276532173157,0.0,0.0,0.0,0.0,0.9999999247357851,0.9999999247357851,0.02222961293284218,0,0,0,0,0,0,1.0,1.0,0.2,0.2
19,300,0,odam,roi_shared,0.3628023862838745,0.57272869348526,-0.23342205153571122,0.7480882406234741,1.6142199039459229,1.6142199039459229,2.1577934477363185,0.43155868954726373,0.8992646940857847,0.9061907784479746,25.015858541673282,1,1,0,0,0,0,1.0,1.0,0.2,0.2
19,300,0,odam,roi_cls,0.3628023862838745,0.57272869348526,0.0,0.14595162868499756,0.0,0.0,0.0,0.0,0.9999999454397984,0.9999999454397984,0.018926731246037012,0,0,0,0,0,0,1.0,1.0,0.2,0.2
19,300,0,odam,roi_reg,0.3628023862838745,0.57272869348526,-0.41937821307973483,0.06826164573431015,0.4694942831993103,0.4694942831993103,6.877863522756085,1.3755727045512172,0.4231146799538836,0.32090721858827803,71.28220151347678,1,1,1,0,0,0,1.0,1.0,0.2,0.2
19,400,0,odam,backbone,0.0658809021115303,0.0795225277543068,0.3180647893432466,0.2874963581562042,1.0185006856918335,1.0185006856918335,3.5426559564919975,0.7085311912983995,1.2253586779135353,0.8768830841422429,28.73137250805998,0,1,0,0,0,0,1.0,1.0,0.2,0.2
19,400,0,odam,fpn,0.0658809021115303,0.0795225277543068,0.027376261974404473,0.15648509562015533,0.7739084362983704,0.7739084362983704,4.94557282424468,0.989114564848936,1.0270781702389258,0.7204233857153377,43.91055298415117,0,1,0,0,0,0,1.0,1.0,0.2,0.2
19,400,0,odam,rpn,0.0658809021115303,0.0795225277543068,0.0,0.09628856182098389,0.0,0.0,0.0,0.0,1.0000000491935517,1.0000000491935517,0.0,0,0,0,0,0,0,1.0,1.0,0.2,0.2
19,400,0,odam,roi_shared,0.0658809021115303,0.0795225277543068,0.07863434723641065,0.2388436198234558,0.1103367954492569,0.1103367954492569,0.46196249885516594,0.0923924997710332,1.0072652299267975,0.9958452563395528,5.224686387809961,0,0,0,0,0,0,1.0,1.0,0.2,0.2
19,400,0,odam,roi_cls,0.0658809021115303,0.0795225277543068,0.0,0.04707712680101395,0.0,0.0,0.0,0.0,0.9999999504204139,0.9999999504204139,0.01804218287435275,0,0,0,0,0,0,1.0,1.0,0.2,0.2
19,400,0,odam,roi_reg,0.0658809021115303,0.0795225277543068,0.6143308633376431,0.03230986371636391,0.06210315227508545,0.06210315227508545,1.9221112419496897,0.384422248389938,1.2361625667298088,0.9711894207959716,13.786748910538364,0,1,0,0,0,0,1.0,1.0,0.2,0.2
19,500,0,odam,backbone,0.6234848499298096,1.3709588050842285,0.039806694840647805,1.4749921560287476,1.0550633668899536,1.0550633668899536,0.7153010018240331,0.14306020036480663,1.0056946457678813,0.9900489493659422,8.089708963266837,0,0,0,0,0,0,1.0,1.0,0.2,0.2
19,500,0,odam,fpn,0.6234848499298096,1.3709588050842285,-0.05206314988862475,1.0059236288070679,0.7110837697982788,0.7110837697982788,0.706896378049652,0.1413792756099304,0.992639578452458,0.9900357523198174,8.095080392038104,1,0,0,0,0,0,1.0,1.0,0.2,0.2
19,500,0,odam,rpn,0.6234848499298096,1.3709588050842285,0.0,0.32451415061950684,0.0,0.0,0.0,0.0,1.0000000026853815,1.0000000026853815,0.0,0,0,0,0,0,0,1.0,1.0,0.2,0.2
19,500,0,odam,roi_shared,0.6234848499298096,1.3709588050842285,-0.03120680041790676,1.4628621339797974,0.7174957990646362,0.7174957990646362,0.49047397044357777,0.09809479408871555,0.9969389044328404,0.9951987590707201,5.616791411277917,1,0,0,0,0,0,1.0,1.0,0.2,0.2
19,500,0,odam,roi_cls,0.6234848499298096,1.3709588050842285,0.0,0.2670714557170868,0.0,0.0,0.0,0.0,0.9999999279341614,0.9999999279341614,0.021752158307389486,0,0,0,0,0,0,1.0,1.0,0.2,0.2
19,500,0,odam,roi_reg,0.6234848499298096,1.3709588050842285,0.2855530652980101,0.14858128130435944,0.43977516889572144,0.43977516889572144,2.959828889851001,0.5919657779702002,1.1690377037251949,0.8996594269424696,25.88666352311075,0,1,0,0,0,0,1.0,1.0,0.2,0.2
19,600,0,odam,backbone,0.3497965633869171,0.6531295776367188,-0.13663638942081086,1.663591742515564,3.766383409500122,3.766383409500122,2.2640070356473805,0.45280140712947614,0.938130760433926,0.9021777784946705,25.554180362823185,1,1,0,0,0,0,1.0,1.0,0.2,0.2
19,600,0,odam,fpn,0.3497965633869171,0.6531295776367188,-0.11234896653839758,0.8175559043884277,1.361702561378479,1.361702561378479,1.6655773067862556,0.3331154613572512,0.9625747809764872,0.9456499214682377,18.976871269710905,1,1,0,0,0,0,1.0,1.0,0.2,0.2
19,600,0,odam,rpn,0.3497965633869171,0.6531295776367188,0.0,0.7660053968429565,0.0,0.0,0.0,0.0,1.0000000136939902,1.0000000136939902,0.0,0,0,0,0,0,0,1.0,1.0,0.2,0.2
19,600,0,odam,roi_shared,0.3497965633869171,0.6531295776367188,-0.08550500219008719,0.7573574185371399,1.3726096153259277,1.3726096153259277,1.8123670300571786,0.36247340601143574,0.9690067545113707,0.9370368013021443,20.440264241841476,1,1,0,0,0,0,1.0,1.0,0.2,0.2
19,600,0,odam,roi_cls,0.3497965633869171,0.6531295776367188,0.0,0.11971884965896606,0.0,0.0,0.0,0.0,1.000000048807602,1.000000048807602,0.0,0,0,0,0,0,0,1.0,1.0,0.2,0.2
19,600,0,odam,roi_reg,0.3497965633869171,0.6531295776367188,0.07666509028000343,0.11525285243988037,0.3858366310596466,0.3858366310596466,3.347740406346225,0.669548081269245,1.0513308577649034,0.8441888830025915,32.414864729584025,0,1,0,0,0,0,1.0,1.0,0.2,0.2
19,700,0,odam,backbone,0.2566458284854889,0.30923089385032654,0.13215957607009055,1.331725001335144,1.2500114440917969,1.2500114440917969,0.9386408176151805,0.18772816352303612,1.0248101830507503,0.9839117656398328,10.291431788990122,0,0,0,0,0,0,1.0,1.0,0.2,0.2
19,700,0,odam,fpn,0.2566458284854889,0.30923089385032654,-0.0318434301266493,0.7251495718955994,0.8560912013053894,0.8560912013053894,1.1805718909376146,0.23611437818752293,0.9924813037241994,0.9728747365802897,13.37553700511603,1,1,0,0,0,0,1.0,1.0,0.2,0.2
19,700,0,odam,rpn,0.2566458284854889,0.30923089385032654,0.0,0.5764288306236267,0.0,0.0,0.0,0.0,1.000000024819508,1.000000024819508,0.0,0,0,0,0,0,0,1.0,1.0,0.2,0.2
19,700,0,odam,roi_shared,0.2566458284854889,0.30923089385032654,0.03365402442355348,0.6009876728057861,0.10515037924051285,0.10515037924051285,0.17496262236063037,0.03499252447212607,1.00117751629748,0.9993903313541951,2.000813585773576,0,0,0,0,0,0,1.0,1.0,0.2,0.2
19,700,0,odam,roi_cls,0.2566458284854889,0.30923089385032654,0.0,0.12114442139863968,0.0,0.0,0.0,0.0,1.000000019391204,1.000000019391204,0.0,0,0,0,0,0,0,1.0,1.0,0.2,0.2
19,700,0,odam,roi_reg,0.2566458284854889,0.30923089385032654,0.03745878330355277,0.09552913904190063,0.05006565898656845,0.05006565898656845,0.5240878279517294,0.10481756559034587,1.00392633398695,0.9946012087842792,5.956367413303682,0,0,0,0,0,0,1.0,1.0,0.2,0.2
20,0,0,odam,backbone,0.47438037395477295,1.4920884370803833,-0.3151770716511245,1.8342971801757812,1.4137130975723267,1.4137130975723267,0.7707110455443485,0.15414220910886972,0.9514180951855677,0.9883851595549469,8.7410883006581,1,0,0,0,0,0,1.0,1.0,0.2,0.2
20,0,0,odam,fpn,0.47438037395477295,1.4920884370803833,-0.30189310829111915,0.8319389820098877,0.9115042090415955,0.9115042090415955,1.0956382965004063,0.21912765930008124,0.9338469194187143,0.9758802715917314,12.60958068262874,1,1,0,0,0,0,1.0,1.0,0.2,0.2
20,0,0,odam,rpn,0.47438037395477295,1.4920884370803833,0.0,0.5233254432678223,0.0,0.0,0.0,0.0,1.0000000901750286,1.0000000901750286,0.0,0,0,0,0,0,0,1.0,1.0,0.2,0.2
20,0,0,odam,roi_shared,0.47438037395477295,1.4920884370803833,-0.046586510781928894,0.8653270602226257,0.949821412563324,0.949821412563324,1.097644412413221,0.21952888248264424,0.9897729174959805,0.9763245449266157,12.492443239137561,1,1,0,0,0,0,1.0,1.0,0.2,0.2
20,0,0,odam,roi_cls,0.47438037395477295,1.4920884370803833,0.0,0.1545376479625702,0.0,0.0,0.0,0.0,0.9999999855105572,0.9999999855105572,0.009753567019791402,0,0,0,0,0,0,1.0,1.0,0.2,0.2
20,0,0,odam,roi_reg,0.47438037395477295,1.4920884370803833,-0.43838756353593644,0.07977940887212753,0.6027591228485107,0.6027591228485107,7.555321998118943,1.5110643996237887,0.3375682392273685,0.2412154506662088,76.0417116580904,1,1,1,0,0,0,1.0,1.0,0.2,0.2
20,100,0,odam,backbone,0.08098383247852325,0.06350725144147873,0.09353372814074748,0.39128363132476807,0.3988404870033264,0.3988404870033264,1.0193129869833122,0.20386259739666243,1.0190682259485755,0.9807367781407761,11.264235664923218,0,1,0,0,0,0,1.0,1.0,0.2,0.2
20,100,0,odam,fpn,0.08098383247852325,0.06350725144147873,-0.13259741336194245,0.29721394181251526,0.3209229111671448,0.3209229111671448,1.0797707173830537,0.21595414347661077,0.9713652631747304,0.9765713418200783,12.42690320077153,1,1,0,0,0,0,1.0,1.0,0.2,0.2
20,100,0,odam,rpn,0.08098383247852325,0.06350725144147873,0.0,0.10133997350931168,0.0,0.0,0.0,0.0,0.9999999732849534,0.9999999732849534,0.013243891050086653,0,0,0,0,0,0,1.0,1.0,0.2,0.2
20,100,0,odam,roi_shared,0.08098383247852325,0.06350725144147873,-0.057639078038386256,0.37074151635169983,0.07925030589103699,0.07925030589103699,0.21376161664035775,0.04275232332807156,0.9975358478923287,0.9990858740030771,2.450043239945131,1,0,0,0,0,0,1.0,1.0,0.2,0.2
20,100,0,odam,roi_cls,0.08098383247852325,0.06350725144147873,0.0,0.08148011565208435,0.0,0.0,0.0,0.0,1.0000000844375694,1.0000000844375694,0.0,0,0,0,0,0,0,1.0,1.0,0.2,0.2
20,100,0,odam,roi_reg,0.08098383247852325,0.06350725144147873,0.0051553602020479195,0.025887927040457726,0.07523512840270996,0.07523512840270996,2.906185894495619,0.5812371788991239,1.0029964671084386,0.8652214195425846,30.092001908646665,0,1,0,0,0,0,1.0,1.0,0.2,0.2
20,200,0,odam,backbone,0.4583277702331543,1.0365092754364014,-0.22102689155624244,1.682388186454773,1.078903079032898,1.078903079032898,0.6412925909248244,0.1282585181849649,0.971651543721734,0.9918152062239312,7.335642601634153,1,0,0,0,0,0,1.0,1.0,0.2,0.2
20,200,0,odam,fpn,0.4583277702331543,1.0365092754364014,-0.33288254478373525,0.8134496212005615,0.8240644335746765,0.8240644335746765,1.013049133096219,0.20260982661924382,0.9325547541989603,0.9796521247084186,11.578074525402467,1,1,0,0,0,0,1.0,1.0,0.2,0.2
20,200,0,odam,rpn,0.4583277702331543,1.0365092754364014,0.0,0.2785831093788147,0.0,0.0,0.0,0.0,0.9999999906401342,0.9999999906401342,0.007839212567256077,0,0,0,0,0,0,1.0,1.0,0.2,0.2
20,200,0,odam,roi_shared,0.4583277702331543,1.0365092754364014,-0.05044316001371529,0.8983154296875,0.9408044219017029,0.9408044219017029,1.04729852211153,0.20945970442230605,0.9894343595732396,0.9783718711886714,11.938038479420067,1,1,0,0,0,0,1.0,1.0,0.2,0.2
20,200,0,odam,roi_cls,0.4583277702331543,1.0365092754364014,0.0,0.13686874508857727,0.0,0.0,0.0,0.0,1.000000054308734,1.000000054308734,0.0,0,0,0,0,0,0,1.0,1.0,0.2,0.2
20,200,0,odam,roi_reg,0.4583277702331543,1.0365092754364014,-0.12584054621013865,0.08375781029462814,0.4004061222076416,0.4004061222076416,4.78052280496786,0.9561045609935719,0.8796833298458958,0.680006666031644,47.15583604699194,1,1,0,0,0,0,1.0,1.0,0.2,0.2
20,300,0,odam,backbone,0.11390110105276108,0.10242937505245209,0.19671997156563117,0.8303222060203552,0.8069009780883789,0.8069009780883789,0.9717926032061316,0.19435852064122636,1.0382341430563031,0.9835698655230822,10.40050949793192,0,0,0,0,0,0,1.0,1.0,0.2,0.2
20,300,0,odam,fpn,0.11390110105276108,0.10242937505245209,-0.07755016005396137,0.499877005815506,0.4697490334510803,0.4697490334510803,0.939729229362582,0.18794584587251642,0.9854249177499799,0.982397266617665,10.766308397065307,1,0,0,0,0,0,1.0,1.0,0.2,0.2
20,300,0,odam,rpn,0.11390110105276108,0.10242937505245209,0.0,0.18320375680923462,0.0,0.0,0.0,0.0,1.0000000330082035,1.0000000330082035,0.0,0,0,0,0,0,0,1.0,1.0,0.2,0.2
20,300,0,odam,roi_shared,0.11390110105276108,0.10242937505245209,-0.026227690126863983,0.6352421641349792,0.07868621498346329,0.07868621498346329,0.12386806075854824,0.02477361215170965,0.9993502788177232,0.9996931214908638,1.4194888155637322,1,0,0,0,0,0,1.0,1.0,0.2,0.2
20,300,0,odam,roi_cls,0.11390110105276108,0.10242937505245209,0.0,0.16514913737773895,0.0,0.0,0.0,0.0,1.0000000818248247,1.0000000818248247,0.0,0,0,0,0,0,0,1.0,1.0,0.2,0.2
20,300,0,odam,roi_reg,0.11390110105276108,0.10242937505245209,-0.29307726496287906,0.029745513573288918,0.06634744256734848,0.06634744256734848,2.2305025059956476,0.44610050119912953,0.8692581325675772,0.8977555376777343,26.13540673713805,1,1,0,0,0,0,1.0,1.0,0.2,0.2
20,400,0,odam,backbone,0.10154151916503906,0.03503144532442093,-0.5185849432787955,0.669784665107727,1.4160397052764893,1.4160397052764893,2.1141715823677982,0.4228343164735597,0.7807243709889312,0.9074279413178694,24.84770266694614,1,1,0,0,0,0,1.0,1.0,0.2,0.2
20,400,0,odam,fpn,0.10154151916503906,0.03503144532442093,-0.32928276371736076,0.3502846956253052,0.8142037987709045,0.8142037987709045,2.3244058588327463,0.46488117176654925,0.8469226066145512,0.8878358127622668,27.39745661144389,1,1,0,0,0,0,1.0,1.0,0.2,0.2
20,400,0,odam,rpn,0.10154151916503906,0.03503144532442093,0.0,0.14169062674045563,0.0,0.0,0.0,0.0,1.000000009340884,1.000000009340884,0.0,0,0,0,0,0,0,1.0,1.0,0.2,0.2
20,400,0,odam,roi_shared,0.10154151916503906,0.03503144532442093,-0.3355030340146937,0.432317852973938,0.3948060870170593,0.3948060870170593,0.9132310504902048,0.182646210098041,0.9387217511976872,0.9836138851741126,10.386529288058954,1,0,0,0,0,0,1.0,1.0,0.2,0.2
20,400,0,odam,roi_cls,0.10154151916503906,0.03503144532442093,0.0,0.08767051249742508,0.0,0.0,0.0,0.0,0.9999999177842069,0.9999999177842069,0.023233533146509094,0,0,0,0,0,0,1.0,1.0,0.2,0.2
20,400,0,odam,roi_reg,0.10154151916503906,0.03503144532442093,-0.8654138951085517,0.08230718225240707,0.1310099959373474,0.1310099959373474,1.5917200947978756,0.31834401895957515,0.7245006500976097,0.9766109589390518,12.416350658476194,1,1,0,0,0,0,1.0,1.0,0.2,0.2
20,500,0,odam,backbone,0.1477237343788147,0.252032995223999,-0.09464160505212975,0.7756497859954834,1.6048285961151123,1.6048285961151123,2.0690118467001772,0.41380236934003545,0.96083704256757,0.9190903717677327,23.206539299820133,1,1,0,0,0,0,1.0,1.0,0.2,0.2
20,500,0,odam,fpn,0.1477237343788147,0.252032995223999,0.18505225050047053,0.40217381715774536,0.8194462656974792,0.8194462656974792,2.037542551846597,0.40750851036931945,1.075410304141456,0.9371313057327157,20.42475394063095,0,1,0,0,0,0,1.0,1.0,0.2,0.2
20,500,0,odam,rpn,0.1477237343788147,0.252032995223999,0.0,0.16829660534858704,0.0,0.0,0.0,0.0,0.9999999945557038,0.9999999945557038,0.005978723989496348,0,0,0,0,0,0,1.0,1.0,0.2,0.2
20,500,0,odam,roi_shared,0.1477237343788147,0.252032995223999,0.08317518631413116,0.4628141224384308,0.1597021371126175,0.1597021371126175,0.34506755384039306,0.06901351076807863,1.005740408539427,0.9976703075396688,3.9117516798500795,0,0,0,0,0,0,1.0,1.0,0.2,0.2
20,500,0,odam,roi_cls,0.1477237343788147,0.252032995223999,0.0,0.0953323245048523,0.0,0.0,0.0,0.0,0.9999999608551693,0.9999999608551693,0.016031525171611608,0,0,0,0,0,0,1.0,1.0,0.2,0.2
20,500,0,odam,roi_reg,0.1477237343788147,0.252032995223999,-0.03329487592168063,0.04511037841439247,0.05090872570872307,0.05090872570872307,1.1285368799407063,0.2257073759881413,0.992484971874179,0.9751290600851932,12.805247333550517,1,1,0,0,0,0,1.0,1.0,0.2,0.2
20,600,0,odam,backbone,0.17572489380836487,2.5853075981140137,-0.483851537864622,0.8853239417076111,3.4172537326812744,3.4172537326812744,3.8598907944250125,0.7719781588850025,0.6264772848866713,0.6799481694489954,47.16040704564913,1,1,0,0,0,0,1.0,1.0,0.2,0.2
20,600,0,odam,fpn,0.17572489380836487,2.5853075981140137,-0.3005847854045873,0.38791197538375854,1.7595676183700562,1.7595676183700562,4.53599715922492,0.9071994318449842,0.7273095415625558,0.6434528287538712,49.9502272401829,1,1,0,0,0,0,1.0,1.0,0.2,0.2
20,600,0,odam,rpn,0.17572489380836487,2.5853075981140137,0.0,0.15819679200649261,0.0,0.0,0.0,0.0,0.9999999821163427,0.9999999821163427,0.010835920268119631,0,0,0,0,0,0,1.0,1.0,0.2,0.2
20,600,0,odam,roi_shared,0.17572489380836487,2.5853075981140137,-0.24185405946516836,0.49257758259773254,4.0252275466918945,4.0252275466918945,8.171763573697037,1.6343527147394075,0.6047251134186518,0.3563031049802804,69.12667017489426,1,1,1,0,0,0,1.0,1.0,0.2,0.2
20,600,0,odam,roi_cls,0.17572489380836487,2.5853075981140137,0.0,0.07232075929641724,0.0,0.0,0.0,0.0,1.000000086547557,1.000000086547557,0.0,0,0,0,0,0,0,1.0,1.0,0.2,0.2
20,600,0,odam,roi_reg,0.17572489380836487,2.5853075981140137,-0.1926447536498155,0.06073860451579094,2.904329299926758,2.904329299926758,47.816859196554056,9.563371839310811,-0.8423334118176438,-0.08940104259193506,95.12915045655251,1,1,1,1,0,0,1.0,1.0,0.2,0.2
20,700,0,odam,backbone,0.4754650592803955,0.5349364876747131,0.13888785123841083,1.9378424882888794,2.0530507564544678,2.0530507564544678,1.0594518227677614,0.2118903645535523,1.029429059048691,0.9798508100165877,11.521217050323628,0,1,0,0,0,0,1.0,1.0,0.2,0.2
20,700,0,odam,fpn,0.4754650592803955,0.5349364876747131,0.09429394042874562,1.1946078538894653,1.11769700050354,1.11769700050354,0.9356183260176006,0.18712366520352014,1.0176447964108328,0.9836544222057116,10.373638643430649,0,0,0,0,0,0,1.0,1.0,0.2,0.2
20,700,0,odam,rpn,0.4754650592803955,0.5349364876747131,0.0,0.2056690901517868,0.0,0.0,0.0,0.0,1.000000062068879,1.000000062068879,0.0,0,0,0,0,0,0,1.0,1.0,0.2,0.2
20,700,0,odam,roi_shared,0.4754650592803955,0.5349364876747131,-0.054157582392213334,1.3534990549087524,1.0960286855697632,1.0960286855697632,0.8097742525898203,0.16195485051796407,0.9912291576083078,0.9869513729977608,9.266023942902788,1,0,0,0,0,0,1.0,1.0,0.2,0.2
20,700,0,odam,roi_cls,0.4754650592803955,0.5349364876747131,0.0,0.2785429358482361,0.0,0.0,0.0,0.0,0.9999998968774256,0.9999998968774256,0.026020432271014797,0,0,0,0,0,0,1.0,1.0,0.2,0.2
20,700,0,odam,roi_reg,0.4754650592803955,0.5349364876747131,-0.16155686992593812,0.2337745577096939,0.30712535977363586,0.30712535977363586,1.3137672584329323,0.2627534516865865,0.9575504051655068,0.9652352015936742,15.152132684442725,1,1,0,0,0,0,1.0,1.0,0.2,0.2
21,0,0,odam,backbone,0.2308516502380371,0.17300450801849365,0.26496428476555295,1.0727227926254272,0.8506450653076172,0.8506450653076172,0.7929775251868307,0.15859550503736616,1.0420224314547053,0.9894018894781584,8.3490326263696,0,0,0,0,0,0,1.0,1.0,0.2,0.2
21,0,0,odam,fpn,0.2308516502380371,0.17300450801849365,-0.11716153946700233,0.4685301184654236,0.5206053853034973,0.5206053853034973,1.1111460390393595,0.22222920780787192,0.973963243538853,0.9752747338726953,12.767534468077447,1,1,0,0,0,0,1.0,1.0,0.2,0.2
21,0,0,odam,rpn,0.2308516502380371,0.17300450801849365,0.0,0.2109203189611435,0.0,0.0,0.0,0.0,0.999999967196511,0.999999967196511,0.014675660305377607,0,0,0,0,0,0,1.0,1.0,0.2,0.2
21,0,0,odam,roi_shared,0.2308516502380371,0.17300450801849365,-0.07549600369086311,0.6675121188163757,0.1528339982032776,0.1528339982032776,0.2289606344140702,0.04579212688281404,0.9965429733835738,0.9989520017572321,2.6233476216575644,1,0,0,0,0,0,1.0,1.0,0.2,0.2
21,0,0,odam,roi_cls,0.2308516502380371,0.17300450801849365,0.0,0.10227198153734207,0.0,0.0,0.0,0.0,0.9999999903805142,0.9999999903805142,0.007947189314329722,0,0,0,0,0,0,1.0,1.0,0.2,0.2
21,0,0,odam,roi_reg,0.2308516502380371,0.17300450801849365,-0.31004319960902926,0.12433260679244995,0.08229630440473557,0.08229630440473557,0.6619044394533918,0.13238088789067837,0.9589561391194165,0.9914971133068953,7.477028511841492,1,0,0,0,0,0,1.0,1.0,0.2,0.2
21,100,0,odam,backbone,0.3284516930580139,0.38706737756729126,0.0806722001222289,1.8127720355987549,1.5582185983657837,1.5582185983657837,0.8595778000575275,0.1719155600115055,1.0138687113888223,0.9860163061635795,9.593033760378242,0,0,0,0,0,0,1.0,1.0,0.2,0.2
21,100,0,odam,fpn,0.3284516930580139,0.38706737756729126,-0.11275834511767258,0.8250881433486938,0.9907790422439575,0.9907790422439575,1.2008159979402835,0.24016319958805674,0.9729197031559992,0.9712130427512508,13.781068417300583,1,1,0,0,0,0,1.0,1.0,0.2,0.2
21,100,0,odam,rpn,0.3284516930580139,0.38706737756729126,0.0,0.16878913342952728,0.0,0.0,0.0,0.0,0.9999999580147851,0.9999999580147851,0.016602971475885044,0,0,0,0,0,0,1.0,1.0,0.2,0.2
21,100,0,odam,roi_shared,0.3284516930580139,0.38706737756729126,-0.22556421749300745,0.9546544551849365,0.0974772647023201,0.0974772647023201,0.10210737945326691,0.020421475890653382,0.9953934702775215,0.9998001846665802,1.1454055103095822,1,0,0,0,0,0,1.0,1.0,0.2,0.2
21,100,0,odam,roi_cls,0.3284516930580139,0.38706737756729126,0.0,0.13124938309192657,0.0,0.0,0.0,0.0,1.0000000670168683,1.0000000670168683,0.0,0,0,0,0,0,0,1.0,1.0,0.2,0.2
21,100,0,odam,roi_reg,0.3284516930580139,0.38706737756729126,-0.5376921654871383,0.21166066825389862,0.06740085035562515,0.06740085035562515,0.31843823848639713,0.06368764769727943,0.9657557466861469,0.9984578378903174,3.1824271654863865,1,0,0,0,0,0,1.0,1.0,0.2,0.2
21,200,0,odam,backbone,0.2560988664627075,0.15161602199077606,-0.6292897642617341,1.799668788909912,1.16220223903656,1.16220223903656,0.645786739314696,0.1291573478629392,0.9187228312024556,0.9940844354720432,6.235195173388343,1,0,0,0,0,0,1.0,1.0,0.2,0.2
21,200,0,odam,fpn,0.2560988664627075,0.15161602199077606,-0.5494843787909778,0.8643564581871033,0.6952681541442871,0.6952681541442871,0.8043766522003422,0.16087533044006844,0.9116016341434448,0.9893039975958857,8.387571565524238,1,0,0,0,0,0,1.0,1.0,0.2,0.2
21,200,0,odam,rpn,0.2560988664627075,0.15161602199077606,0.0,0.2088496834039688,0.0,0.0,0.0,0.0,0.9999999323762282,0.9999999323762282,0.021071105808357186,0,0,0,0,0,0,1.0,1.0,0.2,0.2
21,200,0,odam,roi_shared,0.2560988664627075,0.15161602199077606,-0.45356857745650253,0.9200766682624817,0.52466881275177,0.52466881275177,0.5702446663956608,0.11404893327913218,0.9482709962876782,0.9943044688329381,6.118022788729671,1,0,0,0,0,0,1.0,1.0,0.2,0.2
21,200,0,odam,roi_cls,0.2560988664627075,0.15161602199077606,0.0,0.1517171859741211,0.0,0.0,0.0,0.0,1.0000000189263178,1.0000000189263178,0.0,0,0,0,0,0,0,1.0,1.0,0.2,0.2
21,200,0,odam,roi_reg,0.2560988664627075,0.15161602199077606,-0.7313819076538578,0.27007460594177246,0.16687867045402527,0.16687867045402527,0.6178984131888504,0.12357968263777008,0.9096161197185006,0.9957353857496484,5.293366560258692,1,0,0,0,0,0,1.0,1.0,0.2,0.2
21,300,0,odam,backbone,0.11072823405265808,0.00010002159251598641,0.1208386524450805,0.596501886844635,1.2104489632847049e-10,1.2104489632847049e-10,2.029245824665729e-10,4.0584916493314586e-11,1.0000000436607621,1.0000000436607621,0.0,0,0,0,0,0,0,1.0,1.0,0.2,0.2
21,300,0,odam,fpn,0.11072823405265808,0.00010002159251598641,-0.04384643689442424,0.37818652391433716,5.5101107704347285e-11,5.5101107704347285e-11,1.4569823148121536e-10,2.9139646296243077e-11,1.0000000605298005,1.0000000605298005,0.0,1,0,0,0,0,0,1.0,1.0,0.2,0.2
21,300,0,odam,rpn,0.11072823405265808,0.00010002159251598641,0.0,0.2124013602733612,0.0,0.0,0.0,0.0,1.0000000122357011,1.0000000122357011,0.0,0,0,0,0,0,0,1.0,1.0,0.2,0.2
21,300,0,odam,roi_shared,0.11072823405265808,0.00010002159251598641,-0.1371210101303681,0.4623543322086334,6.49353418258336e-11,6.49353418258336e-11,1.4044497326464346e-10,2.8088994652928694e-11,1.0000000394542967,1.0000000394542967,0.0,1,0,0,0,0,0,1.0,1.0,0.2,0.2
21,300,0,odam,roi_cls,0.11072823405265808,0.00010002159251598641,0.0,0.08342628180980682,0.0,0.0,0.0,0.0,0.9999999332643127,0.9999999332643127,0.020932288002472366,0,0,0,0,0,0,1.0,1.0,0.2,0.2
21,300,0,odam,roi_reg,0.11072823405265808,0.00010002159251598641,0.0,0.056042466312646866,1.4787501084745358e-11,1.4787501084745358e-11,2.638624253659644e-10,5.2772485073192885e-11,0.9999999981292618,0.9999999981292618,0.003504645872501998,0,0,0,0,0,0,1.0,1.0,0.2,0.2
21,400,0,odam,backbone,0.12381914258003235,0.2314363420009613,-0.32513271797614807,0.5017922520637512,6.091580867767334,6.091580867767334,12.139647120325439,2.4279294240650877,0.21060075671981357,0.09134099837725891,84.7592415653789,1,1,1,0,0,0,1.0,1.0,0.2,0.2
21,400,0,odam,fpn,0.12381914258003235,0.2314363420009613,-0.2381816474796392,0.20043563842773438,2.4783074855804443,2.4783074855804443,12.364604942618428,2.4729209885236854,0.41099560450423245,0.16867145682268178,80.28941626615065,1,1,1,0,0,0,1.0,1.0,0.2,0.2
21,400,0,odam,rpn,0.12381914258003235,0.2314363420009613,0.0,0.10905247926712036,0.0,0.0,0.0,0.0,1.0000000242595415,1.0000000242595415,0.0,0,0,0,0,0,0,1.0,1.0,0.2,0.2
21,400,0,odam,roi_shared,0.12381914258003235,0.2314363420009613,-0.19365704309904705,0.2738630175590515,2.4026339054107666,2.4026339054107666,8.77312288028339,1.754624576056678,0.6602045504180661,0.3580927069357454,69.01689125796966,1,1,1,0,0,0,1.0,1.0,0.2,0.2
21,400,0,odam,roi_cls,0.12381914258003235,0.2314363420009613,0.0,0.04563707858324051,0.0,0.0,0.0,0.0,1.000000020099676,1.000000020099676,0.0,0,0,0,0,0,0,1.0,1.0,0.2,0.2
21,400,0,odam,roi_reg,0.12381914258003235,0.2314363420009613,-0.5483389189704214,0.04332523047924042,0.6198713183403015,0.6198713183403015,14.307398056135376,2.8614796112270753,-0.5690608223973598,-0.2313571795392652,103.37698774846994,1,1,1,1,0,0,1.0,1.0,0.2,0.2
21,500,0,odam,backbone,0.41827625036239624,0.4720064401626587,-0.20624212822870427,1.6049907207489014,0.985155463218689,0.985155463218689,0.6138075756344608,0.12276151512689217,0.9746813965659926,0.9924911351575829,7.025818132164245,1,0,0,0,0,0,1.0,1.0,0.2,0.2
21,500,0,odam,fpn,0.41827625036239624,0.4720064401626587,-0.1589476356183274,0.73090660572052,0.5922808051109314,0.5922808051109314,0.8103371901079854,0.1620674380215971,0.9742397150065717,0.9867797245226406,9.326903948521656,1,0,0,0,0,0,1.0,1.0,0.2,0.2
21,500,0,odam,rpn,0.41827625036239624,0.4720064401626587,0.0,0.48053058981895447,0.0,0.0,0.0,0.0,0.999999990496938,0.999999990496938,0.007898950859529304,0,0,0,0,0,0,1.0,1.0,0.2,0.2
21,500,0,odam,roi_shared,0.41827625036239624,0.4720064401626587,-0.10309164830648035,0.9810878038406372,0.26750701665878296,0.26750701665878296,0.2726636857695923,0.05453273715391847,0.9943781773730452,0.9985155455353367,3.1223012950417233,1,0,0,0,0,0,1.0,1.0,0.2,0.2
21,500,0,odam,roi_cls,0.41827625036239624,0.4720064401626587,0.0,0.1462365984916687,0.0,0.0,0.0,0.0,1.000000079677109,1.000000079677109,0.0,0,0,0,0,0,0,1.0,1.0,0.2,0.2
21,500,0,odam,roi_reg,0.41827625036239624,0.4720064401626587,-0.08507760653905244,0.19511647522449493,0.09010019898414612,0.09010019898414612,0.46177647930796023,0.09235529586159205,0.9921426707789605,0.9957264066195475,5.298940183496072,1,0,0,0,0,0,1.0,1.0,0.2,0.2
21,600,0,odam,backbone,0.18868878483772278,1.948566198348999,0.5079742842736911,1.396828532218933,19.879087448120117,19.879087448120117,14.231587478057294,2.846317495611459,2.445856025785992,0.706256852728264,45.068827078250386,0,1,1,0,0,0,1.0,1.0,0.2,0.2
21,600,0,odam,fpn,0.18868878483772278,1.948566198348999,0.2780368571368142,0.5639803409576416,5.795534133911133,5.795534133911133,10.27612793039964,2.0552255860799282,1.5714283191654044,0.6227785907156668,51.48067297916498,0,1,1,0,0,0,1.0,1.0,0.2,0.2
21,600,0,odam,rpn,0.18868878483772278,1.948566198348999,0.0,0.2161359190940857,0.0,0.0,0.0,0.0,0.9999999735292243,0.9999999735292243,0.013183203774780057,0,0,0,0,0,0,1.0,1.0,0.2,0.2
21,600,0,odam,roi_shared,0.18868878483772278,1.948566198348999,-0.07523505369574329,0.44587674736976624,7.04245662689209,7.04245662689209,15.794626359045743,3.1589252718091494,0.7623381795941223,0.2352236484523695,76.39519355320698,1,1,1,0,0,0,1.0,1.0,0.2,0.2
21,600,0,odam,roi_cls,0.18868878483772278,1.948566198348999,0.0,0.06278359144926071,0.0,0.0,0.0,0.0,0.9999999161879326,0.9999999161879326,0.02345799611659371,0,0,0,0,0,0,1.0,1.0,0.2,0.2
21,600,0,odam,roi_reg,0.18868878483772278,1.948566198348999,-0.40577429168621243,0.08439847826957703,1.8558423519134521,1.8558423519134521,21.989049920849396,4.3978099841698794,-0.784518277303962,-0.19156430127128446,101.04408912238827,1,1,1,1,0,0,1.0,1.0,0.2,0.2
21,700,0,odam,backbone,0.4576566815376282,0.6408235430717468,-0.5577747093386379,2.4740865230560303,2.4303507804870605,2.4303507804870605,0.9823224684499123,0.19646449368998245,0.8904172879776865,0.9836418595213541,10.377635229774347,1,0,0,0,0,0,1.0,1.0,0.2,0.2
21,700,0,odam,fpn,0.4576566815376282,0.6408235430717468,-0.4285602786989201,1.0268594026565552,1.2229242324829102,1.2229242324829102,1.1909363923815879,0.2381872784763176,0.8979222044596195,0.9724599568288912,13.47788408412853,1,1,0,0,0,0,1.0,1.0,0.2,0.2
21,700,0,odam,rpn,0.4576566815376282,0.6408235430717468,0.0,0.24334321916103363,0.0,0.0,0.0,0.0,0.9999999931937592,0.9999999931937592,0.00668484412996083,0,0,0,0,0,0,1.0,1.0,0.2,0.2
21,700,0,odam,roi_shared,0.4576566815376282,0.6408235430717468,-0.22645823665711762,1.338301658630371,1.1330214738845825,1.1330214738845825,0.8466114246948823,0.16932228493897647,0.9616555432430021,0.9856106529388928,9.731511969693784,1,0,0,0,0,0,1.0,1.0,0.2,0.2
21,700,0,odam,roi_cls,0.4576566815376282,0.6408235430717468,0.0,0.24900205433368683,0.0,0.0,0.0,0.0,0.99999997995157,0.99999997995157,0.011473021713661512,0,0,0,0,0,0,1.0,1.0,0.2,0.2
21,700,0,odam,roi_reg,0.4576566815376282,0.6408235430717468,-0.7501850951586153,0.1948968917131424,0.7075449824333191,0.7075449824333191,3.6303553956864234,0.7260710791372847,0.45531232984549447,0.6881286537872793,46.517842455028365,1,1,0,0,0,0,1.0,1.0,0.2,0.2
22,0,0,odam,backbone,0.568671464920044,0.61607426404953,-0.5472144324297342,1.7741587162017822,2.1487135887145996,2.1487135887145996,1.2111168911170953,0.24222337822341908,0.8674518353160863,0.9737581393302871,13.15495206646993,1,1,0,0,0,0,1.0,1.0,0.2,0.2
22,0,0,odam,fpn,0.568671464920044,0.61607426404953,-0.39000405686867456,1.2363049983978271,1.1868138313293457,1.1868138313293457,0.9599684809714278,0.1919936961942856,0.9251217724677937,0.9822258401418894,10.818761476840484,1,0,0,0,0,0,1.0,1.0,0.2,0.2
22,0,0,odam,rpn,0.568671464920044,0.61607426404953,0.0,0.4602336287498474,0.0,0.0,0.0,0.0,0.9999999605644995,0.9999999605644995,0.016090936107786374,0,0,0,0,0,0,1.0,1.0,0.2,0.2
22,0,0,odam,roi_shared,0.568671464920044,0.61607426404953,-0.11116039315729047,1.7783565521240234,0.3752732574939728,0.3752732574939728,0.2110225067328349,0.04220450134656698,0.9953086316891219,0.999113355789631,2.4129282910353202,1,0,0,0,0,0,1.0,1.0,0.2,0.2
22,0,0,odam,roi_cls,0.568671464920044,0.61607426404953,0.0,0.2637958824634552,0.0,0.0,0.0,0.0,1.0000000885060623,1.0000000885060623,0.0,0,0,0,0,0,0,1.0,1.0,0.2,0.2
22,0,0,odam,roi_reg,0.568671464920044,0.61607426404953,-0.0907555742993386,0.13301712274551392,0.07378045469522476,0.07378045469522476,0.5546688514408801,0.11093377028817601,0.9899322645806509,0.9938303751465899,6.36781661950227,1,0,0,0,0,0,1.0,1.0,0.2,0.2
22,100,0,odam,backbone,0.17156070470809937,2.4993066787719727,-0.009153232225780185,0.8447635173797607,3.4801297187805176,3.4801297187805176,4.119649638250223,0.8239299276500448,0.9924583527602122,0.7694221420441272,39.69797396309114,1,1,0,0,0,0,1.0,1.0,0.2,0.2
22,100,0,odam,fpn,0.17156070470809937,2.4993066787719727,0.08094599138164629,0.4197528660297394,1.6799575090408325,1.6799575090408325,4.0022538140854715,0.8004507628170944,1.0647931867493656,0.8002778830521545,36.84335356983022,0,1,0,0,0,0,1.0,1.0,0.2,0.2
22,100,0,odam,rpn,0.17156070470809937,2.4993066787719727,0.0,0.18862007558345795,0.0,0.0,0.0,0.0,0.999999971635829,0.999999971635829,0.013646543969149558,0,0,0,0,0,0,1.0,1.0,0.2,0.2
22,100,0,odam,roi_shared,0.17156070470809937,2.4993066787719727,-0.02340451248086099,0.5800143480300903,3.1137516498565674,3.1137516498565674,5.368404523839521,1.0736809047679043,0.9748711346262917,0.6723196648030328,47.75364891861712,1,1,1,0,0,0,1.0,1.0,0.2,0.2
22,100,0,odam,roi_cls,0.17156070470809937,2.4993066787719727,0.0,0.11944037675857544,0.0,0.0,0.0,0.0,0.9999999525459078,0.9999999525459078,0.01765120939071167,0,0,0,0,0,0,1.0,1.0,0.2,0.2
22,100,0,odam,roi_reg,0.17156070470809937,2.4993066787719727,-0.28838386244429004,0.04231588542461395,1.657942771911621,1.657942771911621,39.18015079384922,7.836030158769845,-1.2597845333041309,-0.16558376877706757,99.53114845348483,1,1,1,1,0,0,1.0,1.0,0.2,0.2
22,200,0,odam,backbone,0.03587712347507477,-0.0,0.0,0.6019496321678162,0.0,0.0,0.0,0.0,1.000000031040972,1.000000031040972,0.0,0,0,0,0,0,0,1.0,1.0,0.2,0.2
22,200,0,odam,fpn,0.03587712347507477,-0.0,0.0,0.2961871325969696,0.0,0.0,0.0,0.0,0.999999988817344,0.999999988817344,0.008568604818993249,0,0,0,0,0,0,1.0,1.0,0.2,0.2
22,200,0,odam,rpn,0.03587712347507477,-0.0,0.0,0.09112175554037094,0.0,0.0,0.0,0.0,0.9999999379677079,0.9999999379677079,0.02018117957176877,0,0,0,0,0,0,1.0,1.0,0.2,0.2
22,200,0,odam,roi_shared,0.03587712347507477,-0.0,0.0,0.3867352604866028,0.0,0.0,0.0,0.0,1.0000000012908514,1.0000000012908514,0.0,0,0,0,0,0,0,1.0,1.0,0.2,0.2
22,200,0,odam,roi_cls,0.03587712347507477,-0.0,0.0,0.09781255573034286,0.0,0.0,0.0,0.0,1.0000000077288198,1.0000000077288198,0.0,0,0,0,0,0,0,1.0,1.0,0.2,0.2
22,200,0,odam,roi_reg,0.03587712347507477,-0.0,0.0,0.0,0.0,0.0,0.0,0.0,0.0,0.0,90.0,0,0,0,1,0,0,1.0,1.0,0.2,0.2
22,300,0,odam,backbone,0.2845723032951355,1.0895662307739258,-0.3952596873446624,1.1969449520111084,3.4010703563690186,3.4010703563690186,2.8414592923881217,0.5682918584776244,0.775377023408327,0.8295247626034782,33.95004945880101,1,1,0,0,0,0,1.0,1.0,0.2,0.2
22,300,0,odam,fpn,0.2845723032951355,1.0895662307739258,-0.19468161877968104,0.4595266878604889,1.4424896240234375,1.4424896240234375,3.1390769287841094,0.6278153857568218,0.8777758920539471,0.8186356313265901,35.05155248230183,1,1,0,0,0,0,1.0,1.0,0.2,0.2
22,300,0,odam,rpn,0.2845723032951355,1.0895662307739258,0.0,0.25850802659988403,0.0,0.0,0.0,0.0,0.99999993825606,0.99999993825606,0.020134219640404204,0,0,0,0,0,0,1.0,1.0,0.2,0.2
22,300,0,odam,roi_shared,0.2845723032951355,1.0895662307739258,-0.07649700629780526,0.7306181788444519,1.9644546508789062,1.9644546508789062,2.688756874330576,0.5377513748661152,0.9588636470053222,0.8728116826569662,29.212962468543683,1,1,0,0,0,0,1.0,1.0,0.2,0.2
22,300,0,odam,roi_cls,0.2845723032951355,1.0895662307739258,0.0,0.1355358362197876,0.0,0.0,0.0,0.0,0.9999999254311549,0.9999999254311549,0.02212668439895305,0,0,0,0,0,0,1.0,1.0,0.2,0.2
22,300,0,odam,roi_reg,0.2845723032951355,1.0895662307739258,-0.36231086159099013,0.08663129061460495,0.7784060835838318,0.7784060835838318,8.985276313690314,1.797055262738063,0.3489072892300735,0.20393050840044036,78.2331008052909,1,1,1,0,0,0,1.0,1.0,0.2,0.2
22,400,0,odam,backbone,0.06698687374591827,0.23126988112926483,-0.19415132020044235,0.3568844497203827,25.41231346130371,25.41231346130371,71.2059981352904,14.241199627058082,-1.7649475249271043,-0.1253401634800317,97.2004002108811,1,1,1,1,0,0,1.0,1.0,0.2,0.2
22,400,0,odam,fpn,0.06698687374591827,0.23126988112926483,-0.14201885034196962,0.19672803580760956,11.13185977935791,11.13185977935791,56.585019688014,11.3170039376028,-0.6072278560760165,-0.05412621145732208,93.10271971576488,1,1,1,1,0,0,1.0,1.0,0.2,0.2
22,400,0,odam,rpn,0.06698687374591827,0.23126988112926483,0.0,0.1534164547920227,0.0,0.0,0.0,0.0,1.000000037592191,1.000000037592191,0.0,0,0,0,0,0,0,1.0,1.0,0.2,0.2
22,400,0,odam,roi_shared,0.06698687374591827,0.23126988112926483,-0.159472370770863,0.2673795819282532,10.855966567993164,10.855966567993164,40.60132972646423,8.120265945292847,-0.2949581707023995,-0.036769705339055166,92.10722394362733,1,1,1,1,0,0,1.0,1.0,0.2,0.2
22,400,0,odam,roi_cls,0.06698687374591827,0.23126988112926483,0.0,0.07197631150484085,0.0,0.0,0.0,0.0,0.9999999944435052,0.9999999944435052,0.006040015976002883,0,0,0,0,0,0,1.0,1.0,0.2,0.2
22,400,0,odam,roi_reg,0.06698687374591827,0.23126988112926483,-0.9092638011003407,0.021963363513350487,3.45987868309021,3.45987868309021,157.52954600906705,31.50590920181341,-27.64718431482517,-0.9035181619371524,154.62443804099314,1,1,1,1,0,0,1.0,1.0,0.2,0.2
22,500,0,odam,backbone,0.4995887875556946,0.5382359027862549,-0.3264420033219095,1.603706955909729,0.8534209132194519,0.8534209132194519,0.5321551484668438,0.10643102969336876,0.9652562517713357,0.994612656235963,5.950043514335169,1,0,0,0,0,0,1.0,1.0,0.2,0.2
22,500,0,odam,fpn,0.4995887875556946,0.5382359027862549,-0.14407553739950485,0.841292679309845,0.4839175343513489,0.4839175343513489,0.5752071143045379,0.11504142286090757,0.983425382404196,0.9933665439006816,6.603100771029806,1,0,0,0,0,0,1.0,1.0,0.2,0.2
22,500,0,odam,rpn,0.4995887875556946,0.5382359027862549,0.0,0.35944628715515137,0.0,0.0,0.0,0.0,1.0000000183335307,1.0000000183335307,0.0,0,0,0,0,0,0,1.0,1.0,0.2,0.2
22,500,0,odam,roi_shared,0.4995887875556946,0.5382359027862549,-0.05105140567828123,0.9726817011833191,0.36472219228744507,0.36472219228744507,0.3749656150041078,0.07499312300082157,0.9961714655372633,0.9971855842022769,4.299655596560051,1,0,0,0,0,0,1.0,1.0,0.2,0.2
22,500,0,odam,roi_cls,0.4995887875556946,0.5382359027862549,0.0,0.18732841312885284,0.0,0.0,0.0,0.0,0.9999999571873954,0.9999999571873954,0.016765768169361237,0,0,0,0,0,0,1.0,1.0,0.2,0.2
22,500,0,odam,roi_reg,0.4995887875556946,0.5382359027862549,-0.4482121642484751,0.11049579828977585,0.2274187058210373,0.2274187058210373,2.058166096276625,0.4116332192553249,0.8155010699293247,0.9115050377354132,24.285827762842548,1,1,0,0,0,0,1.0,1.0,0.2,0.2
22,600,0,odam,backbone,0.29835087060928345,0.5677268505096436,-0.16772287533092045,1.7109603881835938,9.218198776245117,9.218198776245117,5.387733602664776,1.0775467205329552,0.8192707899831158,0.6107079968545285,52.359286630099305,1,1,1,0,0,0,1.0,1.0,0.2,0.2
22,600,0,odam,fpn,0.29835087060928345,0.5677268505096436,-0.4680932220750394,0.6868896484375,3.281184196472168,3.281184196472168,4.776872389816954,0.9553744779633909,0.5527956507393821,0.547797444743881,56.78396069428574,1,1,0,0,0,0,1.0,1.0,0.2,0.2
22,600,0,odam,rpn,0.29835087060928345,0.5677268505096436,0.0,0.2228630930185318,0.0,0.0,0.0,0.0,0.9999999987998056,0.9999999987998056,0.002807135821440108,0,0,0,0,0,0,1.0,1.0,0.2,0.2
22,600,0,odam,roi_shared,0.29835087060928345,0.5677268505096436,-0.20350602278108926,0.7166125178337097,3.4676976203918457,3.4676976203918457,4.839013461381548,0.9678026922763096,0.8030463157428713,0.6465393538701555,49.71881071335043,1,1,0,0,0,0,1.0,1.0,0.2,0.2
22,600,0,odam,roi_cls,0.29835087060928345,0.5677268505096436,0.0,0.15458041429519653,0.0,0.0,0.0,0.0,0.9999999581804534,0.9999999581804534,0.01657018250359445,0,0,0,0,0,0,1.0,1.0,0.2,0.2
22,600,0,odam,roi_reg,0.29835087060928345,0.5677268505096436,-0.5932514556070244,0.17553390562534332,0.970668375492096,0.970668375492096,5.5298056066950085,1.1059611213390017,0.34388692724282266,0.3603086011328219,68.8808505189174,1,1,1,0,0,0,1.0,1.0,0.2,0.2
22,700,0,odam,backbone,0.3959091603755951,0.9784243106842041,-0.9117702012535207,2.050413131713867,10.281941413879395,10.281941413879395,5.014570602796075,1.002914120559215,0.08557284541653513,0.20340923684741666,78.26360688458733,1,1,1,0,0,0,1.0,1.0,0.2,0.2
22,700,0,odam,fpn,0.3959091603755951,0.9784243106842041,-0.803415203327142,0.7358429431915283,3.6063554286956787,3.6063554286956787,4.900985274186425,0.9801970548372851,0.212494657019079,0.34212167716884023,69.99380906588999,1,1,0,0,0,0,1.0,1.0,0.2,0.2
22,700,0,odam,rpn,0.3959091603755951,0.9784243106842041,0.0,0.2869245111942291,0.0,0.0,0.0,0.0,0.9999999030535824,0.9999999030535824,0.025229202140397932,0,0,0,0,0,0,1.0,1.0,0.2,0.2
22,700,0,odam,roi_shared,0.3959091603755951,0.9784243106842041,-0.33624493864165234,0.7839794158935547,3.005448579788208,3.005448579788208,3.8335809829428924,0.7667161965885785,0.7421954736574518,0.7167559882342596,44.21270578523021,1,1,0,0,0,0,1.0,1.0,0.2,0.2
22,700,0,odam,roi_cls,0.3959091603755951,0.9784243106842041,0.0,0.13966819643974304,0.0,0.0,0.0,0.0,0.999999905388434,0.999999905388434,0.02492354126654423,0,0,0,0,0,0,1.0,1.0,0.2,0.2
22,700,0,odam,roi_reg,0.3959091603755951,0.9784243106842041,-0.5944350972105221,0.20643745362758636,1.2018784284591675,1.2018784284591675,5.821997933705184,1.1643995867410368,0.30784010216156854,0.31232181227019945,71.80079047657189,1,1,1,0,0,0,1.0,1.0,0.2,0.2
23,0,0,odam,backbone,0.07369369268417358,0.12542156875133514,0.07285478119873971,0.4232199788093567,1.1958473920822144,1.1958473920822144,2.825592958646441,0.5651185917292882,1.0411717059264958,0.879416255072537,28.42797339271323,0,1,0,0,0,0,1.0,1.0,0.2,0.2
23,0,0,odam,fpn,0.07369369268417358,0.12542156875133514,0.17848559591406163,0.22461606562137604,0.8460811376571655,0.8460811376571655,3.7667881650253894,0.753357633005078,1.134463514941903,0.8371399314676351,33.16067555398315,0,1,0,0,0,0,1.0,1.0,0.2,0.2
23,0,0,odam,rpn,0.07369369268417358,0.12542156875133514,0.0,0.14211317896842957,0.0,0.0,0.0,0.0,1.0000000465317733,1.0000000465317733,0.0,0,0,0,0,0,0,1.0,1.0,0.2,0.2
23,0,0,odam,roi_shared,0.07369369268417358,0.12542156875133514,0.017721740163140372,0.3452323377132416,0.29756855964660645,0.29756855964660645,0.8619370989915034,0.1723874197983007,1.0030549774394495,0.9855553574556071,9.750237369315867,0,0,0,0,0,0,1.0,1.0,0.2,0.2
23,0,0,odam,roi_cls,0.07369369268417358,0.12542156875133514,0.0,0.06781381368637085,0.0,0.0,0.0,0.0,1.000000033323735,1.000000033323735,0.0,0,0,0,0,0,0,1.0,1.0,0.2,0.2
23,0,0,odam,roi_reg,0.07369369268417358,0.12542156875133514,0.3004476151392631,0.046757522970438004,0.19703948497772217,0.19703948497772217,4.214070217156253,0.8428140434312507,1.2532214295025732,0.8417181265525422,32.678003262672,0,1,0,0,0,0,1.0,1.0,0.2,0.2
23,100,0,odam,backbone,0.2523990273475647,0.798921525478363,0.2629744390620916,0.7460064888000488,9.426791191101074,9.426791191101074,12.636339405390514,2.527267881078103,1.664606685745744,0.5638266360336169,55.679149563199005,0,1,1,0,0,0,1.0,1.0,0.2,0.2
23,100,0,odam,fpn,0.2523990273475647,0.798921525478363,0.11000864765850145,0.33361053466796875,3.20090913772583,3.20090913772583,9.594748382006541,1.9189496764013083,1.2111011821487276,0.5360444596045207,57.58522815071568,0,1,1,0,0,0,1.0,1.0,0.2,0.2
23,100,0,odam,rpn,0.2523990273475647,0.798921525478363,0.0,0.16995428502559662,0.0,0.0,0.0,0.0,1.000000009983446,1.000000009983446,0.0,0,0,0,0,0,0,1.0,1.0,0.2,0.2
23,100,0,odam,roi_shared,0.2523990273475647,0.798921525478363,0.0766585667869782,0.5618588924407959,2.587461471557617,2.587461471557617,4.6051802443088725,0.9210360488617746,1.0706054269934475,0.7590240264677299,40.62176639887931,0,1,0,0,0,0,1.0,1.0,0.2,0.2
23,100,0,odam,roi_cls,0.2523990273475647,0.798921525478363,0.0,0.07494571059942245,0.0,0.0,0.0,0.0,0.9999999992238227,0.9999999992238227,0.0022574498514830654,0,0,0,0,0,0,1.0,1.0,0.2,0.2
23,100,0,odam,roi_reg,0.2523990273475647,0.798921525478363,-0.20098199581837284,0.07596087455749512,0.3974875807762146,0.3974875807762146,5.2327936334560565,1.0465587266912113,0.7896605538214542,0.610216687828813,52.3948274451373,1,1,1,0,0,0,1.0,1.0,0.2,0.2
23,200,0,odam,backbone,0.05297822877764702,-0.0,0.0,0.8752193450927734,0.0,0.0,0.0,0.0,1.0000000150029262,1.0000000150029262,0.0,0,0,0,0,0,0,1.0,1.0,0.2,0.2
23,200,0,odam,fpn,0.05297822877764702,-0.0,0.0,0.4864172339439392,0.0,0.0,0.0,0.0,0.9999999989138175,0.9999999989138175,0.0026704781348588008,0,0,0,0,0,0,1.0,1.0,0.2,0.2
23,200,0,odam,rpn,0.05297822877764702,-0.0,0.0,0.16157002747058868,0.0,0.0,0.0,0.0,1.000000043366512,1.000000043366512,0.0,0,0,0,0,0,0,1.0,1.0,0.2,0.2
23,200,0,odam,roi_shared,0.05297822877764702,-0.0,0.0,0.5993602871894836,0.0,0.0,0.0,0.0,0.9999999990406866,0.9999999990406866,0.002509677327060342,0,0,0,0,0,0,1.0,1.0,0.2,0.2
23,200,0,odam,roi_cls,0.05297822877764702,-0.0,0.0,0.12616504728794098,0.0,0.0,0.0,0.0,0.9999999164752916,0.9999999164752916,0.02341774740846044,0,0,0,0,0,0,1.0,1.0,0.2,0.2
23,200,0,odam,roi_reg,0.05297822877764702,-0.0,0.0,0.0,0.0,0.0,0.0,0.0,0.0,0.0,90.0,0,0,0,1,0,0,1.0,1.0,0.2,0.2
23,300,0,odam,backbone,0.05721151828765869,0.08764421194791794,-0.05147045401155454,0.45652759075164795,1.8575890064239502,1.8575890064239502,4.068952335094425,0.8137904670188851,0.958113816518567,0.7626007772835259,40.305983752277854,1,1,0,0,0,0,1.0,1.0,0.2,0.2
23,300,0,odam,fpn,0.05721151828765869,0.08764421194791794,0.11700211355400658,0.2719571590423584,1.079973816871643,1.079973816871643,3.9711174387706887,0.7942234877541378,1.0929256125361437,0.8108786478319023,35.818133275491476,0,1,0,0,0,0,1.0,1.0,0.2,0.2
23,300,0,odam,rpn,0.05721151828765869,0.08764421194791794,0.0,0.14328204095363617,0.0,0.0,0.0,0.0,1.0000000011762238,1.0000000011762238,0.0,0,0,0,0,0,0,1.0,1.0,0.2,0.2
23,300,0,odam,roi_shared,0.05721151828765869,0.08764421194791794,-0.17549356193168428,0.3096553385257721,1.0108275413513184,1.0108275413513184,3.264363360127211,0.6528726720254422,0.8854250412850156,0.8092596196949311,35.97634279117028,1,1,0,0,0,0,1.0,1.0,0.2,0.2
23,300,0,odam,roi_cls,0.05721151828765869,0.08764421194791794,0.0,0.060194436460733414,0.0,0.0,0.0,0.0,0.9999999725010218,0.9999999725010218,0.013436801753844305,0,0,0,0,0,0,1.0,1.0,0.2,0.2
23,300,0,odam,roi_reg,0.05721151828765869,0.08764421194791794,-0.6326619123071648,0.03486587107181549,0.22993993759155273,0.22993993759155273,6.594986171948223,1.3189972343896446,0.16552083554936725,0.15995560112279486,80.79568083787805,1,1,1,0,0,0,1.0,1.0,0.2,0.2
23,400,0,odam,backbone,0.5673772692680359,0.7676523327827454,-0.4716080947628041,2.0775890350341797,0.9258881211280823,0.9258881211280823,0.4456550865040785,0.0891310173008157,0.957965211997444,0.9966513239584072,4.690244305244235,1,0,0,0,0,0,1.0,1.0,0.2,0.2
23,400,0,odam,fpn,0.5673772692680359,0.7676523327827454,-0.33744677224239117,0.9130070209503174,0.5499870181083679,0.5499870181083679,0.6023907872426933,0.12047815744853868,0.9593449522043821,0.9930846531280026,6.742100274450089,1,0,0,0,0,0,1.0,1.0,0.2,0.2
23,400,0,odam,rpn,0.5673772692680359,0.7676523327827454,0.0,0.6964002847671509,0.0,0.0,0.0,0.0,0.9999999682514702,0.9999999682514702,0.014437747455843166,0,0,0,0,0,0,1.0,1.0,0.2,0.2
23,400,0,odam,roi_shared,0.5673772692680359,0.7676523327827454,-0.3848895295278597,1.3226048946380615,0.6850755214691162,0.6850755214691162,0.5179744338210627,0.10359488676421254,0.9601273615590692,0.9950780110282339,5.6870394654019965,1,0,0,0,0,0,1.0,1.0,0.2,0.2
23,400,0,odam,roi_cls,0.5673772692680359,0.7676523327827454,0.0,0.15463359653949738,0.0,0.0,0.0,0.0,1.0000000611553777,1.0000000611553777,0.0,0,0,0,0,0,0,1.0,1.0,0.2,0.2
23,400,0,odam,roi_reg,0.5673772692680359,0.7676523327827454,-0.6115584390503762,0.33771347999572754,0.40849900245666504,0.40849900245666504,1.2096023009263148,0.241920460185263,0.8520515247215763,0.9756843306362433,12.660903767471352,1,1,0,0,0,0,1.0,1.0,0.2,0.2
23,500,0,odam,backbone,0.13974186778068542,0.45128485560417175,-0.07431471413756781,0.9318603277206421,4.893491268157959,4.893491268157959,5.251314089234364,1.0502628178468727,0.9219500076302775,0.6607387264630429,48.64376336976748,1,1,1,0,0,0,1.0,1.0,0.2,0.2
23,500,0,odam,fpn,0.13974186778068542,0.45128485560417175,-0.04568622462559437,0.4552704393863678,3.567600727081299,3.567600727081299,7.836223085096098,1.5672446170192196,0.9283984846051121,0.5100587654965968,59.33225583848002,1,1,1,0,0,0,1.0,1.0,0.2,0.2
23,500,0,odam,rpn,0.13974186778068542,0.45128485560417175,0.0,0.12473095208406448,0.0,0.0,0.0,0.0,0.999999956617107,0.999999956617107,0.016877063575781504,0,0,0,0,0,0,1.0,1.0,0.2,0.2
23,500,0,odam,roi_shared,0.13974186778068542,0.45128485560417175,-0.13768978479174884,0.5693695545196533,0.20136480033397675,0.20136480033397675,0.35366274634030526,0.07073254926806105,0.9902607956036276,0.9975066951911905,4.046835904944789,1,0,0,0,0,0,1.0,1.0,0.2,0.2
23,500,0,odam,roi_cls,0.13974186778068542,0.45128485560417175,0.0,0.07087001949548721,0.0,0.0,0.0,0.0,1.0000000233619428,1.0000000233619428,0.0,0,0,0,0,0,0,1.0,1.0,0.2,0.2
23,500,0,odam,roi_reg,0.13974186778068542,0.45128485560417175,0.04613504381976757,0.08261962980031967,0.07521508634090424,0.07521508634090424,0.9103779153052223,0.18207558306104446,1.0083999557466805,0.9841202102189357,10.224366152565434,0,0,0,0,0,0,1.0,1.0,0.2,0.2
23,600,0,odam,backbone,0.1912013441324234,1.1827021837234497,-0.28552197232793824,1.0072468519210815,3.423179864883423,3.423179864883423,3.398551068543455,0.6797102137086911,0.8059278293238993,0.7777177693171009,38.94791113876985,1,1,0,0,0,0,1.0,1.0,0.2,0.2
23,600,0,odam,fpn,0.1912013441324234,1.1827021837234497,-0.22578541708425753,0.4543997049331665,2.0116026401519775,2.0116026401519775,4.426945304570226,0.8853890609140452,0.8000920259950175,0.6800746181354937,47.1505257570028,1,1,0,0,0,0,1.0,1.0,0.2,0.2
23,600,0,odam,rpn,0.1912013441324234,1.1827021837234497,0.0,0.19291768968105316,0.0,0.0,0.0,0.0,1.0000000554427684,1.0000000554427684,0.0,0,0,0,0,0,0,1.0,1.0,0.2,0.2
23,600,0,odam,roi_shared,0.1912013441324234,1.1827021837234497,-0.04566276537821409,0.6303450465202332,2.86494779586792,2.86494779586792,4.5450468940521125,0.9090093788104224,0.9584920666979792,0.7259466356148487,43.452346179807435,1,1,0,0,0,0,1.0,1.0,0.2,0.2
23,600,0,odam,roi_cls,0.1912013441324234,1.1827021837234497,0.0,0.06314864009618759,0.0,0.0,0.0,0.0,0.9999999393563042,0.9999999393563042,0.019954022742950606,0,0,0,0,0,0,1.0,1.0,0.2,0.2
23,600,0,odam,roi_reg,0.1912013441324234,1.1827021837234497,-0.14412624976571806,0.05505053326487541,1.1155726909637451,1.1155726909637451,20.264521064603894,4.052904212920779,0.4158701537551777,0.1031400250987113,84.07998399810734,1,1,1,0,0,0,1.0,1.0,0.2,0.2
23,700,0,odam,backbone,0.10202168673276901,0.12410714477300644,0.21049314939039457,1.2132717370986938,2.2601754665374756,2.2601754665374756,1.8628765489438095,0.3725753097887619,1.0784244822300226,0.9474231794971794,18.66191557358833,0,1,0,0,0,0,1.0,1.0,0.2,0.2
23,700,0,odam,fpn,0.10202168673276901,0.12410714477300644,0.15374378401201824,0.649838924407959,1.7680374383926392,1.7680374383926392,2.7207318182785434,0.5441463636557087,1.083659145664335,0.8957960639148461,26.389134535761595,0,1,0,0,0,0,1.0,1.0,0.2,0.2
23,700,0,odam,rpn,0.10202168673276901,0.12410714477300644,0.0,0.2281438261270523,0.0,0.0,0.0,0.0,0.9999999599097239,0.9999999599097239,0.016223970773545426,0,0,0,0,0,0,1.0,1.0,0.2,0.2
23,700,0,odam,roi_shared,0.10202168673276901,0.12410714477300644,-0.059263482531822856,0.9582927823066711,0.9622448086738586,0.9622448086738586,1.004124028105142,0.20082480562102842,0.988098489451336,0.9800329222225809,11.468858053561071,1,1,0,0,0,0,1.0,1.0,0.2,0.2
23,700,0,odam,roi_cls,0.10202168673276901,0.12410714477300644,0.0,0.21935522556304932,0.0,0.0,0.0,0.0,0.9999999746546929,0.9999999746546929,0.01289990196562186,0,0,0,0,0,0,1.0,1.0,0.2,0.2
23,700,0,odam,roi_reg,0.10202168673276901,0.12410714477300644,-0.6842668377136316,0.05064843222498894,0.28339898586273193,0.28339898586273193,5.595414772244588,1.1190829544489178,0.23424870546593765,0.2759030415697615,73.98416323479084,1,1,1,0,0,0,1.0,1.0,0.2,0.2
24,0,0,odam,backbone,0.2572793662548065,1.3806389570236206,-0.2448201854291374,1.4350471496582031,16.24443817138672,16.24443817138672,11.319794039698131,2.263958807939626,0.4457371518497136,0.19900203234772473,78.52139332585054,1,1,1,0,0,0,1.0,1.0,0.2,0.2
24,0,0,odam,fpn,0.2572793662548065,1.3806389570236206,-0.1903645419455175,0.6869508028030396,5.262357711791992,5.262357711791992,7.66045791098784,1.5320915821975682,0.708344212742446,0.42606502091824505,64.78190559978263,1,1,1,0,0,0,1.0,1.0,0.2,0.2
24,0,0,odam,rpn,0.2572793662548065,1.3806389570236206,0.0,0.169331893324852,0.0,0.0,0.0,0.0,1.0000000386903911,1.0000000386903911,0.0,0,0,0,0,0,0,1.0,1.0,0.2,0.2
24,0,0,odam,roi_shared,0.2572793662548065,1.3806389570236206,-0.09395409590772501,0.7933006286621094,5.299399375915527,5.299399375915527,6.680190566409725,1.3360381132819452,0.8744738466146755,0.5493487898233129,56.677651305603845,1,1,1,0,0,0,1.0,1.0,0.2,0.2
24,0,0,odam,roi_cls,0.2572793662548065,1.3806389570236206,0.0,0.11931243538856506,0.0,0.0,0.0,0.0,1.0000000117381158,1.0000000117381158,0.0,0,0,0,0,0,0,1.0,1.0,0.2,0.2
24,0,0,odam,roi_reg,0.2572793662548065,1.3806389570236206,-0.4151082353080642,0.12305666506290436,1.7987672090530396,1.7987672090530396,14.61738954272442,2.923477908544884,-0.2135596750358531,-0.08003709978152737,94.59069823481386,1,1,1,1,0,0,1.0,1.0,0.2,0.2
24,100,0,odam,backbone,0.1156269982457161,2.762648344039917,-0.3584827482078469,0.5841906070709229,16.851001739501953,16.851001739501953,28.845040532218245,5.76900810644365,-1.068090052538948,-0.19453520139363337,101.21757263704582,1,1,1,1,0,0,1.0,1.0,0.2,0.2
24,100,0,odam,fpn,0.1156269982457161,2.762648344039917,0.045883086774498906,0.25277620553970337,9.055490493774414,9.055490493774414,35.82414125744155,7.164828251488311,1.3287443829119028,0.18253042555595886,79.48281524068652,0,1,1,0,0,0,1.0,1.0,0.2,0.2
24,100,0,odam,rpn,0.1156269982457161,2.762648344039917,0.0,0.19511036574840546,0.0,0.0,0.0,0.0,0.9999999358727554,0.9999999358727554,0.020519129031981373,0,0,0,0,0,0,1.0,1.0,0.2,0.2
24,100,0,odam,roi_shared,0.1156269982457161,2.762648344039917,0.008866189589157926,0.34061291813850403,14.229334831237793,14.229334831237793,41.77567577002964,8.355135154005929,1.074078345600419,0.12750876647541456,82.67434293275856,0,1,1,0,0,0,1.0,1.0,0.2,0.2
24,100,0,odam,roi_cls,0.1156269982457161,2.762648344039917,0.0,0.045948684215545654,0.0,0.0,0.0,0.0,0.9999999621032716,0.9999999621032716,0.015773878501768243,0,0,0,0,0,0,1.0,1.0,0.2,0.2
24,100,0,odam,roi_reg,0.1156269982457161,2.762648344039917,0.14576998073798036,0.05622383579611778,4.113097667694092,4.113097667694092,73.15576408926013,14.631152817852028,3.132783027931941,0.21153154869581614,77.78787997838359,0,1,1,0,0,0,1.0,1.0,0.2,0.2
24,200,0,odam,backbone,0.193871408700943,0.04665781930088997,-0.218308713457035,0.9334002733230591,0.3387719690799713,0.3387719690799713,0.3629439360178106,0.07258878720356213,0.9841530360055636,0.9974195367548767,4.11699086456948,1,0,0,0,0,0,1.0,1.0,0.2,0.2
24,200,0,odam,fpn,0.193871408700943,0.04665781930088997,-0.16392021955628402,0.43041524291038513,0.2546263337135315,0.2546263337135315,0.5915829838920136,0.11831659677840273,0.9806055478223548,0.9929910360210993,6.787635832840941,1,0,0,0,0,0,1.0,1.0,0.2,0.2
24,200,0,odam,rpn,0.193871408700943,0.04665781930088997,0.0,0.17615942656993866,0.0,0.0,0.0,0.0,0.9999999268051221,0.9999999268051221,0.021921889198212887,0,0,0,0,0,0,1.0,1.0,0.2,0.2
24,200,0,odam,roi_shared,0.193871408700943,0.04665781930088997,-0.31983315800086226,0.5976630449295044,0.10296221077442169,0.10296221077442169,0.1722746816085413,0.03445493632170827,0.9889803059210692,0.9994557747649405,1.8903693458588675,1,0,0,0,0,0,1.0,1.0,0.2,0.2
24,200,0,odam,roi_cls,0.193871408700943,0.04665781930088997,0.0,0.07039664685726166,0.0,0.0,0.0,0.0,1.0000000276563756,1.0000000276563756,0.0,0,0,0,0,0,0,1.0,1.0,0.2,0.2
24,200,0,odam,roi_reg,0.193871408700943,0.04665781930088997,-0.3891159042235818,0.08964576572179794,0.036547768861055374,0.036547768861055374,0.4076909664029848,0.08153819328059697,0.9682722152790469,0.9970047563276694,4.435700052888714,1,0,0,0,0,0,1.0,1.0,0.2,0.2
24,300,0,odam,backbone,0.11803898215293884,0.09833406656980515,0.321500375413403,0.6682700514793396,0.8076237440109253,0.8076237440109253,1.2085290104249031,0.2417058020849806,1.077708527846268,0.9781845803981732,11.98980497001527,0,1,0,0,0,0,1.0,1.0,0.2,0.2
24,300,0,odam,fpn,0.11803898215293884,0.09833406656980515,0.07182380586204531,0.3301270306110382,0.5786546468734741,0.5786546468734741,1.7528241955905022,0.35056483911810044,1.0251788591325766,0.9464632062992264,18.833050601646793,0,1,0,0,0,0,1.0,1.0,0.2,0.2
24,300,0,odam,rpn,0.11803898215293884,0.09833406656980515,0.0,0.11168239265680313,0.0,0.0,0.0,0.0,1.0000000435435685,1.0000000435435685,0.0,0,0,0,0,0,0,1.0,1.0,0.2,0.2
24,300,0,odam,roi_shared,0.11803898215293884,0.09833406656980515,0.08442661971342962,0.5743637681007385,0.23028060793876648,0.23028060793876648,0.40093164076181287,0.08018632815236257,1.006769654882716,0.9968655776457639,4.537638479227189,0,0,0,0,0,0,1.0,1.0,0.2,0.2
24,300,0,odam,roi_cls,0.11803898215293884,0.09833406656980515,0.0,0.0993894562125206,0.0,0.0,0.0,0.0,0.9999999800133221,0.9999999800133221,0.011455338776327853,0,0,0,0,0,0,1.0,1.0,0.2,0.2
24,300,0,odam,roi_reg,0.11803898215293884,0.09833406656980515,0.2613221917637148,0.026244312524795532,0.10079055279493332,0.10079055279493332,3.8404722051570896,0.768094441031418,1.2007200056701017,0.8508666502264854,31.693943486925093,0,1,0,0,0,0,1.0,1.0,0.2,0.2
24,400,0,odam,backbone,0.17057597637176514,0.40326300263404846,-0.3954065891445925,1.0950111150741577,1.2601624727249146,1.2601624727249146,1.1508216267188962,0.23016432534377926,0.908991389487835,0.9740047122949949,13.092731490676302,1,1,0,0,0,0,1.0,1.0,0.2,0.2
24,400,0,odam,fpn,0.17057597637176514,0.40326300263404846,0.004523563417870145,0.4415963590145111,0.8545388579368591,0.8545388579368591,1.935113006465659,0.3870226012931318,1.0017506793417699,0.9328048408468667,21.123652939627963,0,1,0,0,0,0,1.0,1.0,0.2,0.2
24,400,0,odam,rpn,0.17057597637176514,0.40326300263404846,0.0,0.1983344703912735,0.0,0.0,0.0,0.0,1.000000000287018,1.000000000287018,0.0,0,0,0,0,0,0,1.0,1.0,0.2,0.2
24,400,0,odam,roi_shared,0.17057597637176514,0.40326300263404846,-0.05103753943698051,0.5907988548278809,0.3956575393676758,0.3956575393676758,0.6696992320388702,0.13393984640777407,0.9931639701813482,0.9910512786936105,7.670832848702845,1,0,0,0,0,0,1.0,1.0,0.2,0.2
24,400,0,odam,roi_cls,0.17057597637176514,0.40326300263404846,0.0,0.07815617322921753,0.0,0.0,0.0,0.0,0.9999999171452466,0.9999999171452466,0.02332364098156302,0,0,0,0,0,0,1.0,1.0,0.2,0.2
24,400,0,odam,roi_reg,0.17057597637176514,0.40326300263404846,-0.2986246100915486,0.05436929315328598,0.24996612966060638,0.24996612966060638,4.597560776739635,0.919512155347927,0.7254110892224219,0.637128861782652,50.42194239909042,1,1,0,0,0,0,1.0,1.0,0.2,0.2
24,500,0,odam,backbone,0.04359322786331177,0.032930076122283936,-0.05582101928137565,0.5317739844322205,1.1525046825408936,1.1525046825408936,2.1672829365118953,0.433456587302379,0.9758042209230303,0.9141277378045662,23.91784360359072,1,1,0,0,0,0,1.0,1.0,0.2,0.2
24,500,0,odam,fpn,0.04359322786331177,0.032930076122283936,-0.004634814062667537,0.27634263038635254,0.7878376245498657,0.7878376245498657,2.8509449426908757,0.5701889885381752,0.9973572288661066,0.8681439783502766,29.75633105836429,1,1,0,0,0,0,1.0,1.0,0.2,0.2
24,500,0,odam,rpn,0.04359322786331177,0.032930076122283936,0.0,0.11216534674167633,0.0,0.0,0.0,0.0,0.9999999488217981,0.9999999488217981,0.01833074617182544,0,0,0,0,0,0,1.0,1.0,0.2,0.2
24,500,0,odam,roi_shared,0.04359322786331177,0.032930076122283936,0.018384360328464498,0.39615827798843384,0.04633437097072601,0.04633437097072601,0.1169592396402702,0.02339184792805404,1.0004300345570667,0.9997268418842739,1.3392281541728193,0,0,0,0,0,0,1.0,1.0,0.2,0.2
24,500,0,odam,roi_cls,0.04359322786331177,0.032930076122283936,0.0,0.07836785167455673,0.0,0.0,0.0,0.0,0.9999999884746792,0.9999999884746792,0.00869889606902478,0,0,0,0,0,0,1.0,1.0,0.2,0.2
24,500,0,odam,roi_reg,0.04359322786331177,0.032930076122283936,-0.008425368449071456,0.0077842543832957745,0.015426180325448513,0.015426180325448513,1.9817158543214546,0.3963431708642909,0.9966608491453492,0.9292256997761775,21.68556432250241,1,1,0,0,0,0,1.0,1.0,0.2,0.2
24,600,0,odam,backbone,0.6359050869941711,0.6910367608070374,-0.5617912755418866,2.5590224266052246,1.2223536968231201,1.2223536968231201,0.4776643159179668,0.09553286318359337,0.9463305738279324,0.9965309216700069,4.773866977555504,1,0,0,0,0,0,1.0,1.0,0.2,0.2
24,600,0,odam,fpn,0.6359050869941711,0.6910367608070374,-0.19854143309131592,1.2197452783584595,0.6816812753677368,0.6816812753677368,0.5588718296045774,0.1117743659209155,0.9778083076769121,0.9937826017933952,6.392448591708163,1,0,0,0,0,0,1.0,1.0,0.2,0.2
24,600,0,odam,rpn,0.6359050869941711,0.6910367608070374,0.0,0.4809674322605133,0.0,0.0,0.0,0.0,0.9999999727345961,0.9999999727345961,0.013379614462225915,0,0,0,0,0,0,1.0,1.0,0.2,0.2
24,600,0,odam,roi_shared,0.6359050869941711,0.6910367608070374,-0.049723797940756716,1.679993748664856,0.95418781042099,0.95418781042099,0.5679710482133122,0.11359420964266244,0.9943517496383344,0.993553751530677,6.509156667411,1,0,0,0,0,0,1.0,1.0,0.2,0.2
24,600,0,odam,roi_cls,0.6359050869941711,0.6910367608070374,0.0,0.27187901735305786,0.0,0.0,0.0,0.0,0.9999999120900639,0.9999999120900639,0.024024624896724443,0,0,0,0,0,0,1.0,1.0,0.2,0.2
24,600,0,odam,roi_reg,0.6359050869941711,0.6910367608070374,-0.20757131122317413,0.2839042544364929,0.3419725000858307,0.3419725000858307,1.2045346089110023,0.24090692178220047,0.9499945721680603,0.9705828059107972,13.931846658739767,1,1,0,0,0,0,1.0,1.0,0.2,0.2
24,700,0,odam,backbone,0.15830141305923462,0.5144640803337097,-0.03164643907257371,1.2912124395370483,3.9680256843566895,3.9680256843566895,3.0731005703286027,0.6146201140657206,0.9805494488844589,0.847427217436206,32.067067669119865,1,1,0,0,0,0,1.0,1.0,0.2,0.2
24,700,0,odam,fpn,0.15830141305923462,0.5144640803337097,0.0770487939139093,0.5194389820098877,2.9198694229125977,2.9198694229125977,5.621198108033057,1.1242396216066113,1.0866214396627396,0.6960436704354579,45.88955729488643,0,1,1,0,0,0,1.0,1.0,0.2,0.2
24,700,0,odam,rpn,0.15830141305923462,0.5144640803337097,0.0,0.11816082894802094,0.0,0.0,0.0,0.0,1.0000000346877167,1.0000000346877167,0.0,0,0,0,0,0,0,1.0,1.0,0.2,0.2
24,700,0,odam,roi_shared,0.15830141305923462,0.5144640803337097,-0.19173718184884078,0.6134266257286072,0.3593102991580963,0.3593102991580963,0.5857429138021517,0.11714858276043034,0.9775381138874271,0.9931539869006732,6.708177879190809,1,0,0,0,0,0,1.0,1.0,0.2,0.2
24,700,0,odam,roi_cls,0.15830141305923462,0.5144640803337097,0.0,0.09389449656009674,0.0,0.0,0.0,0.0,0.9999999557450739,0.9999999557450739,0.017045841331601266,0,0,0,0,0,0,1.0,1.0,0.2,0.2
24,700,0,odam,roi_reg,0.15830141305923462,0.5144640803337097,-0.6324142761990619,0.12036794424057007,0.14811231195926666,0.14811231195926666,1.2304963160560929,0.24609926321121856,0.8443634320963966,0.9754478098384202,12.722584679860242,1,1,0,0,0,0,1.0,1.0,0.2,0.2
25,0,0,odam,backbone,0.13321553170681,0.00010002159251598641,0.0,0.7618473172187805,0.0,0.0,0.0,0.0,1.0000000685987396,1.0000000685987396,0.0,0,0,0,0,0,0,1.0,1.0,0.2,0.2
25,0,0,odam,fpn,0.13321553170681,0.00010002159251598641,0.0,0.5299819111824036,0.0,0.0,0.0,0.0,1.0000000443320773,1.0000000443320773,0.0,0,0,0,0,0,0,1.0,1.0,0.2,0.2
25,0,0,odam,rpn,0.13321553170681,0.00010002159251598641,0.0,0.35131070017814636,0.0,0.0,0.0,0.0,0.9999999579037213,0.9999999579037213,0.0166249169591284,0,0,0,0,0,0,1.0,1.0,0.2,0.2
25,0,0,odam,roi_shared,0.13321553170681,0.00010002159251598641,0.0,0.41660434007644653,0.0,0.0,0.0,0.0,0.9999999871575832,0.9999999871575832,0.009182501565459062,0,0,0,0,0,0,1.0,1.0,0.2,0.2
25,0,0,odam,roi_cls,0.13321553170681,0.00010002159251598641,0.0,0.07159264385700226,0.0,0.0,0.0,0.0,1.0000000247011793,1.0000000247011793,0.0,0,0,0,0,0,0,1.0,1.0,0.2,0.2
25,0,0,odam,roi_reg,0.13321553170681,0.00010002159251598641,0.0,0.10069683939218521,0.0,0.0,0.0,0.0,1.000000022679748,1.000000022679748,0.0,0,0,0,0,0,0,1.0,1.0,0.2,0.2
25,100,0,odam,backbone,0.2862897217273712,0.29279759526252747,-0.21258632980873565,0.9980155825614929,0.6149495244026184,0.6149495244026184,0.6161722673951618,0.12323445347903238,0.9738019849413204,0.9924409824101679,7.049271833029667,1,0,0,0,0,0,1.0,1.0,0.2,0.2
25,100,0,odam,fpn,0.2862897217273712,0.29279759526252747,-0.09107143528893048,0.523319661617279,0.40293657779693604,0.40293657779693604,0.769962620077548,0.1539925240155096,0.9859756828412429,0.9881197600157152,8.840587700860183,1,0,0,0,0,0,1.0,1.0,0.2,0.2
25,100,0,odam,rpn,0.2862897217273712,0.29279759526252747,0.0,0.2846902012825012,0.0,0.0,0.0,0.0,0.9999999113103196,0.9999999113103196,0.024130936584710393,0,0,0,0,0,0,1.0,1.0,0.2,0.2
25,100,0,odam,roi_shared,0.2862897217273712,0.29279759526252747,-0.06532128025344543,0.8310792446136475,0.04935615509748459,0.04935615509748459,0.05938802517012599,0.011877605034025199,0.9992241218374369,0.9999297210792247,0.6792860808374561,1,0,0,0,0,0,1.0,1.0,0.2,0.2
25,100,0,odam,roi_cls,0.2862897217273712,0.29279759526252747,0.0,0.12587372958660126,0.0,0.0,0.0,0.0,0.9999999001827239,0.9999999001827239,0.025600030988669798,0,0,0,0,0,0,1.0,1.0,0.2,0.2
25,100,0,odam,roi_reg,0.2862897217273712,0.29279759526252747,-0.46127963742059036,0.1660410463809967,0.02675769291818142,0.02675769291818142,0.16115107379402677,0.03223021475880536,0.9851327629974639,0.9995788449913602,1.6629295797915915,1,0,0,0,0,0,1.0,1.0,0.2,0.2
25,200,0,odam,backbone,0.08413459360599518,0.05625574290752411,-0.035446286596379994,0.739260733127594,0.9345794320106506,0.9345794320106506,1.264208134059442,0.2528416268118884,0.9910377648641278,0.9689993782076823,14.303792920593137,1,1,0,0,0,0,1.0,1.0,0.2,0.2
25,200,0,odam,fpn,0.08413459360599518,0.05625574290752411,-0.06784329901004721,0.3549119234085083,0.6364758014678955,0.6364758014678955,1.793334513406312,0.3586669026812624,0.9756666668696077,0.9388462826679885,20.141301391280265,1,1,0,0,0,0,1.0,1.0,0.2,0.2
25,200,0,odam,rpn,0.08413459360599518,0.05625574290752411,0.0,0.16946454346179962,0.0,0.0,0.0,0.0,0.9999999266150507,0.9999999266150507,0.02195033396709625,0,0,0,0,0,0,1.0,1.0,0.2,0.2
25,200,0,odam,roi_shared,0.08413459360599518,0.05625574290752411,0.10858722083864339,0.5134139060974121,0.22946003079414368,0.22946003079414368,0.446929909901208,0.08938598198024161,1.0097061575038404,0.9961500424436154,5.0292709551762815,0,0,0,0,0,0,1.0,1.0,0.2,0.2
25,200,0,odam,roi_cls,0.08413459360599518,0.05625574290752411,0.0,0.09378638863563538,0.0,0.0,0.0,0.0,1.0000000612232018,1.0000000612232018,0.0,0,0,0,0,0,0,1.0,1.0,0.2,0.2
25,200,0,odam,roi_reg,0.08413459360599518,0.05625574290752411,0.12326222837451545,0.03003312461078167,0.0880972221493721,0.0880972221493721,2.9333352187319814,0.5866670437463963,1.0723138868139321,0.8788259623687313,28.498937335850712,0,1,0,0,0,0,1.0,1.0,0.2,0.2
25,300,0,odam,backbone,0.04145389050245285,0.00010002159251598641,-0.13252041554241234,0.6663938164710999,2.45007269680797e-12,2.45007269680797e-12,3.676613792400375e-12,7.353227584800751e-13,1.0000000486003453,1.0000000486003453,0.0,1,0,0,0,0,0,1.0,1.0,0.2,0.2
25,300,0,odam,fpn,0.04145389050245285,0.00010002159251598641,0.0,0.3117685616016388,1.804490476313425e-12,1.804490476313425e-12,5.7879167387605505e-12,1.1575833477521103e-12,0.9999999764853243,0.9999999764853243,0.012425306986019038,0,0,0,0,0,0,1.0,1.0,0.2,0.2
25,300,0,odam,rpn,0.04145389050245285,0.00010002159251598641,0.0,0.15042728185653687,0.0,0.0,0.0,0.0,0.9999999097496938,0.9999999097496938,0.024342320465943867,0,0,0,0,0,0,1.0,1.0,0.2,0.2
25,300,0,odam,roi_shared,0.04145389050245285,0.00010002159251598641,-0.011772022987764108,0.3518521189689636,5.9658744958057675e-12,5.9658744958057675e-12,1.695563043157915e-11,3.39112608631583e-12,0.9999999318091718,0.9999999318091718,0.021159266830038628,1,0,0,0,0,0,1.0,1.0,0.2,0.2
25,300,0,odam,roi_cls,0.04145389050245285,0.00010002159251598641,0.0,0.08087078481912613,0.0,0.0,0.0,0.0,0.9999999930886532,0.9999999930886532,0.006736262061529863,0,0,0,0,0,0,1.0,1.0,0.2,0.2
25,300,0,odam,roi_reg,0.04145389050245285,0.00010002159251598641,0.0,3.592891516746022e-05,4.756463885952078e-12,4.756463885952078e-12,1.3238540222499872e-07,2.6477080444999746e-08,1.0000000920288947,1.0000000920288947,0.0,0,0,0,0,0,0,1.0,1.0,0.2,0.2
25,400,0,odam,backbone,0.05746623873710632,0.8939731121063232,0.016723965136569867,0.3832109570503235,24.62729835510254,24.62729835510254,64.2656424666596,12.853128493331923,1.2149556515871083,0.09411962043933043,84.59934926134986,0,1,1,0,0,0,1.0,1.0,0.2,0.2
25,400,0,odam,fpn,0.05746623873710632,0.8939731121063232,0.10132931684249483,0.22030895948410034,12.010906219482422,12.010906219482422,54.518464648956986,10.903692929791399,2.1048641399107586,0.1904872033903979,79.01878181039173,0,1,1,0,0,0,1.0,1.0,0.2,0.2
25,400,0,odam,rpn,0.05746623873710632,0.8939731121063232,0.0,0.08064140379428864,0.0,0.0,0.0,0.0,1.0000000368735753,1.0000000368735753,0.0,0,0,0,0,0,0,1.0,1.0,0.2,0.2
25,400,0,odam,roi_shared,0.05746623873710632,0.8939731121063232,-0.14840014712201932,0.4010413587093353,13.214211463928223,13.214211463928223,32.94974739377329,6.589949478754659,0.02205048928604069,0.0033835239891087986,89.8061379856453,1,1,1,0,0,0,1.0,1.0,0.2,0.2
25,400,0,odam,roi_cls,0.05746623873710632,0.8939731121063232,0.0,0.08039417117834091,0.0,0.0,0.0,0.0,0.9999999863609517,0.9999999863609517,0.009463017973630023,0,0,0,0,0,0,1.0,1.0,0.2,0.2
25,400,0,odam,roi_reg,0.05746623873710632,0.8939731121063232,-0.4622783421596972,0.021205658093094826,3.5625619888305664,3.5625619888305664,168.00053896891978,33.600107793783955,-14.532602445821677,-0.4383932914622161,116.00141167371821,1,1,1,1,0,0,1.0,1.0,0.2,0.2
25,500,0,odam,backbone,0.3226398229598999,1.415886640548706,-0.6183483187024774,2.0647337436676025,7.147640228271484,7.147640228271484,3.461773340118458,0.6923546680236916,0.5718836297504721,0.7244710342604126,43.57513810764265,1,1,0,0,0,0,1.0,1.0,0.2,0.2
25,500,0,odam,fpn,0.3226398229598999,1.415886640548706,-0.5538961862748337,0.8506656289100647,2.7764241695404053,2.7764241695404053,3.2638254975668453,0.652765099513369,0.6384359359893186,0.7614610407040735,40.406830145756196,1,1,0,0,0,0,1.0,1.0,0.2,0.2
25,500,0,odam,rpn,0.3226398229598999,1.415886640548706,0.0,0.25374147295951843,0.0,0.0,0.0,0.0,1.0000000158583369,1.0000000158583369,0.0,0,0,0,0,0,0,1.0,1.0,0.2,0.2
25,500,0,odam,roi_shared,0.3226398229598999,1.415886640548706,-0.2430453238277085,0.8508141040802002,3.2230701446533203,3.2230701446533203,3.7882189883743447,0.757643797674869,0.8158580894504581,0.7429981346489737,42.01255919610091,1,1,0,0,0,0,1.0,1.0,0.2,0.2
25,500,0,odam,roi_cls,0.3226398229598999,1.415886640548706,0.0,0.15504567325115204,0.0,0.0,0.0,0.0,0.9999999861197603,0.9999999861197603,0.009546322773544887,0,0,0,0,0,0,1.0,1.0,0.2,0.2
25,500,0,odam,roi_reg,0.3226398229598999,1.415886640548706,-0.3831552641177254,0.10944437235593796,1.3239328861236572,1.3239328861236572,12.096856673616134,2.4193713347232273,0.07300510673463884,0.03265094095718021,88.12890632839267,1,1,1,0,0,0,1.0,1.0,0.2,0.2
25,600,0,odam,backbone,0.3067159652709961,0.6210407018661499,-0.09279186710856353,0.9806064963340759,1.3915255069732666,1.3915255069732666,1.4190457764407851,0.283809155288157,0.9736646856258215,0.9603705054321562,16.184216215340015,1,1,0,0,0,0,1.0,1.0,0.2,0.2
25,600,0,odam,fpn,0.3067159652709961,0.6210407018661499,-0.13998290439414227,0.43381446599960327,0.9380073547363281,0.9380073547363281,2.1622316180142915,0.4324463236028584,0.939464911547247,0.9099432004851347,24.502496562667023,1,1,0,0,0,0,1.0,1.0,0.2,0.2
25,600,0,odam,rpn,0.3067159652709961,0.6210407018661499,0.0,0.24462145566940308,0.0,0.0,0.0,0.0,1.0000000311723323,1.0000000311723323,0.0,0,0,0,0,0,0,1.0,1.0,0.2,0.2
25,600,0,odam,roi_shared,0.3067159652709961,0.6210407018661499,-0.11244102196107941,0.7799221873283386,1.4043959379196167,1.4043959379196167,1.8006872489811365,0.3601374497962273,0.9595055573890812,0.9369571586383524,20.45332665076381,1,1,0,0,0,0,1.0,1.0,0.2,0.2
25,600,0,odam,roi_cls,0.3067159652709961,0.6210407018661499,0.0,0.0840706080198288,0.0,0.0,0.0,0.0,0.9999999938084896,0.9999999938084896,0.006375818336349307,0,0,0,0,0,0,1.0,1.0,0.2,0.2
25,600,0,odam,roi_reg,0.3067159652709961,0.6210407018661499,-0.5947651991752242,0.09176906943321228,0.6684672236442566,0.6684672236442566,7.2842323429110705,1.4568464685822142,0.13351846637485484,0.11327175756652373,83.49604730570042,1,1,1,0,0,0,1.0,1.0,0.2,0.2
25,700,0,odam,backbone,0.35217154026031494,0.3199978172779083,0.10458218894441172,0.8954657912254333,1.2446200847625732,1.2446200847625732,1.38991360357756,0.27798272071551205,1.0290718620101422,0.9657567596166001,15.037381440045092,0,1,0,0,0,0,1.0,1.0,0.2,0.2
25,700,0,odam,fpn,0.35217154026031494,0.3199978172779083,0.12086451084974172,0.3924923837184906,0.8243676424026489,0.8243676424026489,2.1003404820051603,0.42006809640103215,1.0507712568694028,0.9294858834722842,21.645185053905553,0,1,0,0,0,0,1.0,1.0,0.2,0.2
25,700,0,odam,rpn,0.35217154026031494,0.3199978172779083,0.0,0.24305137991905212,0.0,0.0,0.0,0.0,0.9999999397575432,0.9999999397575432,0.01988790193618391,0,0,0,0,0,0,1.0,1.0,0.2,0.2
25,700,0,odam,roi_shared,0.35217154026031494,0.3199978172779083,-0.10499870072459824,0.6492004990577698,0.28824299573898315,0.28824299573898315,0.4439968794807312,0.08879937589614624,0.9906761338433212,0.9960505456142567,5.093885990561717,1,0,0,0,0,0,1.0,1.0,0.2,0.2
25,700,0,odam,roi_cls,0.35217154026031494,0.3199978172779083,0.0,0.08260632306337357,0.0,0.0,0.0,0.0,0.9999999442316192,0.9999999442316192,0.019135140257081913,0,0,0,0,0,0,1.0,1.0,0.2,0.2
25,700,0,odam,roi_reg,0.35217154026031494,0.3199978172779083,-0.22526955539694726,0.14820025861263275,0.14461477100849152,0.14461477100849152,0.975806468641104,0.1951612937282208,0.9560360137654598,0.9807895941376783,11.248733035477555,1,0,0,0,0,0,1.0,1.0,0.2,0.2
26,0,0,odam,backbone,0.23414379358291626,0.5203328132629395,0.11409442988139601,1.512298583984375,2.0162551403045654,2.0162551403045654,1.3332387940167492,0.26664775880334984,1.0304230855094654,0.9685064738435252,14.417657422843858,0,1,0,0,0,0,1.0,1.0,0.2,0.2
26,0,0,odam,fpn,0.23414379358291626,0.5203328132629395,-0.048707062008632375,0.5517909526824951,1.1885303258895874,1.1885303258895874,2.1539503685437866,0.43079007370875727,0.9790176014414147,0.9154835947808309,23.725502480541383,1,1,0,0,0,0,1.0,1.0,0.2,0.2
26,0,0,odam,rpn,0.23414379358291626,0.5203328132629395,0.0,0.41694584488868713,0.0,0.0,0.0,0.0,0.9999999611948118,0.9999999611948118,0.0159618243928797,0,0,0,0,0,0,1.0,1.0,0.2,0.2
26,0,0,odam,roi_shared,0.23414379358291626,0.5203328132629395,-0.09513115897739957,0.5512900948524475,0.23643560707569122,0.23643560707569122,0.4288769366316532,0.08577538732633064,0.9918400006069598,0.996314690476398,4.920486912166418,1,0,0,0,0,0,1.0,1.0,0.2,0.2
26,0,0,odam,roi_cls,0.23414379358291626,0.5203328132629395,0.0,0.06872106343507767,0.0,0.0,0.0,0.0,0.999999988350907,0.999999988350907,0.008745480732788524,0,0,0,0,0,0,1.0,1.0,0.2,0.2
26,0,0,odam,roi_reg,0.23414379358291626,0.5203328132629395,-0.36110073710880924,0.08172951638698578,0.06300999969244003,0.06300999969244003,0.7709576965326745,0.15419153930653492,0.9443213763138157,0.9886053215314591,8.6576877631166,1,0,0,0,0,0,1.0,1.0,0.2,0.2
26,100,0,odam,backbone,0.1289365291595459,0.14561143517494202,0.06405457719336494,1.2522534132003784,1.6460986137390137,1.6460986137390137,1.314509185111412,0.2629018370222824,1.0168401613219107,0.9682884986384128,14.467731522684323,0,1,0,0,0,0,1.0,1.0,0.2,0.2
26,100,0,odam,fpn,0.1289365291595459,0.14561143517494202,-0.022360965111567436,0.64052814245224,1.1325727701187134,1.1325727701187134,1.7681858064544946,0.35363716129089895,0.9920922853003216,0.9419732632021288,19.61437468080916,1,1,0,0,0,0,1.0,1.0,0.2,0.2
26,100,0,odam,rpn,0.1289365291595459,0.14561143517494202,0.0,0.15873971581459045,0.0,0.0,0.0,0.0,1.0000000078663736,1.0000000078663736,0.0,0,0,0,0,0,0,1.0,1.0,0.2,0.2
26,100,0,odam,roi_shared,0.1289365291595459,0.14561143517494202,-0.027438695227271062,1.0492316484451294,0.43669745326042175,0.43669745326042175,0.4162069014097789,0.08324138028195578,0.9977158486127452,0.9965401440719827,4.767513521479154,1,0,0,0,0,0,1.0,1.0,0.2,0.2
26,100,0,odam,roi_cls,0.1289365291595459,0.14561143517494202,0.0,0.19837534427642822,0.0,0.0,0.0,0.0,1.0000000286779005,1.0000000286779005,0.0,0,0,0,0,0,0,1.0,1.0,0.2,0.2
26,100,0,odam,roi_reg,0.1289365291595459,0.14561143517494202,-0.38338830764308834,0.030988162383437157,0.2184261828660965,0.2184261828660965,7.0486975046588425,1.4097395009317686,0.45952225343737285,0.33281152388044444,70.5604873307413,1,1,1,0,0,0,1.0,1.0,0.2,0.2
26,200,0,odam,backbone,0.5042557120323181,0.5123091340065002,-0.6659138506236607,2.3285861015319824,2.138089656829834,2.138089656829834,0.9181922263570926,0.18363844527141854,0.8777124891855329,0.9880364734019296,8.871583964193432,1,0,0,0,0,0,1.0,1.0,0.2,0.2
26,200,0,odam,fpn,0.5042557120323181,0.5123091340065002,-0.3784359828863847,0.9128705859184265,0.7599531412124634,0.7599531412124634,0.832487269209014,0.16649745384180278,0.9369913710425243,0.9867419444577401,9.340250907979739,1,0,0,0,0,0,1.0,1.0,0.2,0.2
26,200,0,odam,rpn,0.5042557120323181,0.5123091340065002,0.0,0.35614892840385437,0.0,0.0,0.0,0.0,1.000000058674611,1.000000058674611,0.0,0,0,0,0,0,0,1.0,1.0,0.2,0.2
26,200,0,odam,roi_shared,0.5042557120323181,0.5123091340065002,0.021832403041915357,1.21382474899292,0.58281010389328,0.58281010389328,0.48014353338636656,0.09602870667727331,1.0020966220450336,0.9954421572619779,5.47245740951329,0,0,0,0,0,0,1.0,1.0,0.2,0.2
26,200,0,odam,roi_cls,0.5042557120323181,0.5123091340065002,0.0,0.1573164463043213,0.0,0.0,0.0,0.0,0.9999999557880054,0.9999999557880054,0.017037571291570026,0,0,0,0,0,0,1.0,1.0,0.2,0.2
26,200,0,odam,roi_reg,0.5042557120323181,0.5123091340065002,0.2292516044117189,0.32788848876953125,0.16518531739711761,0.16518531739711761,0.503785045998441,0.10075700919968822,1.0230987279960786,0.9954368667976545,5.475634952976846,0,0,0,0,0,0,1.0,1.0,0.2,0.2
26,300,0,odam,backbone,0.3305068612098694,0.7146962285041809,-0.05316201135724539,1.220859169960022,2.135788679122925,2.135788679122925,1.7494144547342532,0.34988289094685066,0.9813994753861109,0.9420794026845357,19.596250570396645,1,1,0,0,0,0,1.0,1.0,0.2,0.2
26,300,0,odam,fpn,0.3305068612098694,0.7146962285041809,-0.054425756927088426,0.584006130695343,1.3603845834732056,1.3603845834732056,2.3294012031234548,0.46588024062469097,0.9746440883473423,0.9024743067609966,25.514765775544785,1,1,0,0,0,0,1.0,1.0,0.2,0.2
26,300,0,odam,rpn,0.3305068612098694,0.7146962285041809,0.0,0.31277620792388916,0.0,0.0,0.0,0.0,0.9999999817537535,0.9999999817537535,0.01094521759502314,0,0,0,0,0,0,1.0,1.0,0.2,0.2
26,300,0,odam,roi_shared,0.3305068612098694,0.7146962285041809,-0.09221087887481005,0.929649829864502,1.0931979417800903,1.0931979417800903,1.1759244251563257,0.2351848850312651,0.9783134037563119,0.9725252429755703,13.461825350990052,1,1,0,0,0,0,1.0,1.0,0.2,0.2
26,300,0,odam,roi_cls,0.3305068612098694,0.7146962285041809,0.0,0.12779150903224945,0.0,0.0,0.0,0.0,1.0000000480462383,1.0000000480462383,0.0,0,0,0,0,0,0,1.0,1.0,0.2,0.2
26,300,0,odam,roi_reg,0.3305068612098694,0.7146962285041809,-0.34746776986340355,0.14219805598258972,0.49169331789016724,0.49169331789016724,3.457806187943727,0.6915612375887454,0.7597047784120852,0.7605926778573532,40.48352504774335,1,1,0,0,0,0,1.0,1.0,0.2,0.2
26,400,0,odam,backbone,0.5333784222602844,0.48044270277023315,-0.036015584974678626,1.3692138195037842,1.0690971612930298,1.0690971612930298,0.7808109632434769,0.15616219264869538,0.994375844940162,0.9879072865178511,8.91945122985318,1,0,0,0,0,0,1.0,1.0,0.2,0.2
26,400,0,odam,fpn,0.5333784222602844,0.48044270277023315,-0.1357089020623971,0.7461196780204773,0.7250310778617859,0.7250310778617859,0.9717356333307796,0.19434712666615594,0.9736253982436376,0.9810000943368588,11.186736020675971,1,0,0,0,0,0,1.0,1.0,0.2,0.2
26,400,0,odam,rpn,0.5333784222602844,0.48044270277023315,0.0,0.4169771671295166,0.0,0.0,0.0,0.0,1.0000000549449464,1.0000000549449464,0.0,0,0,0,0,0,0,1.0,1.0,0.2,0.2
26,400,0,odam,roi_shared,0.5333784222602844,0.48044270277023315,-0.15854269315290834,1.398004174232483,0.2603631019592285,0.2603631019592285,0.18623914488822627,0.03724782897764526,0.9940946656588154,0.9993164186473562,2.118641507513116,1,0,0,0,0,0,1.0,1.0,0.2,0.2
26,400,0,odam,roi_cls,0.5333784222602844,0.48044270277023315,0.0,0.1504947692155838,0.0,0.0,0.0,0.0,0.999999909192887,0.999999909192887,0.02441729599535399,0,0,0,0,0,0,1.0,1.0,0.2,0.2
26,400,0,odam,roi_reg,0.5333784222602844,0.48044270277023315,-0.564224718065649,0.13859593868255615,0.14814984798431396,0.14814984798431396,1.0689335444643897,0.21378670889287796,0.8793761433453603,0.9804449136166846,11.349527273197813,1,1,0,0,0,0,1.0,1.0,0.2,0.2
26,500,0,odam,backbone,0.2286035716533661,0.7637143731117249,-0.16879462236600953,1.2163633108139038,1.462429165840149,1.462429165840149,1.2022963475128128,0.24045926950256258,0.9594117888425983,0.9708158069976444,13.87629048886893,1,1,0,0,0,0,1.0,1.0,0.2,0.2
26,500,0,odam,fpn,0.2286035716533661,0.7637143731117249,-0.014960234848798453,0.43031683564186096,0.7259421348571777,0.7259421348571777,1.6869944997024386,0.3373988999404877,0.9949524560038143,0.9470400522863787,18.730396658116266,1,1,0,0,0,0,1.0,1.0,0.2,0.2
26,500,0,odam,rpn,0.2286035716533661,0.7637143731117249,0.0,0.2593849003314972,0.0,0.0,0.0,0.0,1.0000000655402823,1.0000000655402823,0.0,0,0,0,0,0,0,1.0,1.0,0.2,0.2
26,500,0,odam,roi_shared,0.2286035716533661,0.7637143731117249,0.0017778548686866347,0.7149993777275085,1.2935274839401245,1.2935274839401245,1.8091309226748686,0.3618261845349737,1.000643433927056,0.94040909622138,19.87962735700531,0,1,0,0,0,0,1.0,1.0,0.2,0.2
26,500,0,odam,roi_cls,0.2286035716533661,0.7637143731117249,0.0,0.09846388548612595,0.0,0.0,0.0,0.0,1.000000018008279,1.000000018008279,0.0,0,0,0,0,0,0,1.0,1.0,0.2,0.2
26,500,0,odam,roi_reg,0.2286035716533661,0.7637143731117249,0.06489631963551251,0.07430943101644516,0.5836963653564453,0.5836963653564453,7.8549432739872485,1.5709886547974496,1.1019514001127255,0.5750644640149297,54.89585322552963,0,1,1,0,0,0,1.0,1.0,0.2,0.2
26,600,0,odam,backbone,0.1323404312133789,0.457550585269928,-0.3640511541611846,0.6659663319587708,4.798425197601318,4.798425197601318,7.20520688108657,1.4410413762173142,0.4753870959971805,0.33387232149710216,70.49602101375281,1,1,1,0,0,0,1.0,1.0,0.2,0.2
26,600,0,odam,fpn,0.1323404312133789,0.457550585269928,-0.27287801650292104,0.2894347310066223,2.1509273052215576,2.1509273052215576,7.4314761664602855,1.4862952332920571,0.5944226050428851,0.3838646115906282,67.42672796631305,1,1,1,0,0,0,1.0,1.0,0.2,0.2
26,600,0,odam,rpn,0.1323404312133789,0.457550585269928,0.0,0.15394540131092072,0.0,0.0,0.0,0.0,1.0000000066468664,1.0000000066468664,0.0,0,0,0,0,0,0,1.0,1.0,0.2,0.2
26,600,0,odam,roi_shared,0.1323404312133789,0.457550585269928,-0.05386850092936724,0.3768221437931061,2.6583073139190674,2.6583073139190674,7.054541134871864,1.4109082269743731,0.9239965029904373,0.5484209453006933,56.74124947654549,1,1,1,0,0,0,1.0,1.0,0.2,0.2
26,600,0,odam,roi_cls,0.1323404312133789,0.457550585269928,0.0,0.044853270053863525,0.0,0.0,0.0,0.0,0.9999999751340255,0.9999999751340255,0.012777337698571575,0,0,0,0,0,0,1.0,1.0,0.2,0.2
26,600,0,odam,roi_reg,0.1323404312133789,0.457550585269928,0.045651158956684715,0.07102159410715103,0.9901145100593567,0.9901145100593567,13.941034730444947,2.788206946088989,1.127284755179411,0.3751645531592386,67.9655164102562,0,1,1,0,0,0,1.0,1.0,0.2,0.2
26,700,0,odam,backbone,0.25355392694473267,2.3497910499572754,0.23677008399302757,0.7834331393241882,3.943701982498169,3.943701982498169,5.03387179396077,1.0067743587921538,1.2383737533630776,0.7847335693088229,38.303956607392756,0,1,1,0,0,0,1.0,1.0,0.2,0.2
26,700,0,odam,fpn,0.25355392694473267,2.3497910499572754,0.029279028011429016,0.3532448709011078,2.290720224380493,2.290720224380493,6.484794014240022,1.2969588028480046,1.0379737066375865,0.6250076569769414,51.317250542570285,0,1,1,0,0,0,1.0,1.0,0.2,0.2
26,700,0,odam,rpn,0.25355392694473267,2.3497910499572754,0.0,0.22581419348716736,0.0,0.0,0.0,0.0,1.0000000592613791,1.0000000592613791,0.0,0,0,0,0,0,0,1.0,1.0,0.2,0.2
26,700,0,odam,roi_shared,0.25355392694473267,2.3497910499572754,0.02580766900568486,0.6199285387992859,5.909783840179443,5.909783840179443,9.533008194179704,1.906601638835941,1.049204981976119,0.4822445539724651,61.16789973308844,0,1,1,0,0,0,1.0,1.0,0.2,0.2
26,700,0,odam,roi_cls,0.25355392694473267,2.3497910499572754,0.0,0.07217948883771896,0.0,0.0,0.0,0.0,1.0000000785991328,1.0000000785991328,0.0,0,0,0,0,0,0,1.0,1.0,0.2,0.2
26,700,0,odam,roi_reg,0.25355392694473267,2.3497910499572754,0.0873002864786603,0.06659295409917831,2.562279462814331,2.562279462814331,38.47673522634652,7.695347045269305,1.6718059981512534,0.21307358693937167,77.69746662004422,0,1,1,0,0,0,1.0,1.0,0.2,0.2
27,0,0,odam,backbone,0.034848958253860474,0.13237237930297852,0.31771947552855667,0.4354061782360077,1.3562111854553223,1.3562111854553223,3.1148184229949103,0.6229636845989821,1.1979277846499277,0.8968929531074178,26.247381593480608,0,1,0,0,0,0,1.0,1.0,0.2,0.2
27,0,0,odam,fpn,0.034848958253860474,0.13237237930297852,0.11696665873535174,0.2710553705692291,0.7370187044143677,0.7370187044143677,2.7190706565473817,0.5438141313094763,1.0636082830046953,0.8916344911407909,26.920639665015486,0,1,0,0,0,0,1.0,1.0,0.2,0.2
27,0,0,odam,rpn,0.034848958253860474,0.13237237930297852,0.0,0.09776996076107025,0.0,0.0,0.0,0.0,1.0000000235165813,1.0000000235165813,0.0,0,0,0,0,0,0,1.0,1.0,0.2,0.2
27,0,0,odam,roi_shared,0.034848958253860474,0.13237237930297852,-0.010830044945645056,0.35673585534095764,0.6014790534973145,0.6014790534973145,1.6860627954609118,0.33721255909218234,0.9963480690448416,0.9472254162162544,18.697294460971904,1,1,0,0,0,0,1.0,1.0,0.2,0.2
27,0,0,odam,roi_cls,0.034848958253860474,0.13237237930297852,0.0,0.05862502008676529,0.0,0.0,0.0,0.0,1.0000000034077026,1.0000000034077026,0.0,0,0,0,0,0,0,1.0,1.0,0.2,0.2
27,0,0,odam,roi_reg,0.034848958253860474,0.13237237930297852,-0.2505156644635466,0.011785600334405899,0.37116771936416626,0.37116771936416626,31.493323108930664,6.298664621786132,-0.5779141325398308,-0.09435116161637207,95.41397637071724,1,1,1,1,0,0,1.0,1.0,0.2,0.2
27,100,0,odam,backbone,0.4526752531528473,0.3811469078063965,-0.7934675756231298,3.016667604446411,4.998204708099365,4.998204708099365,1.6568629240862571,0.3313725848172514,0.7370664199360591,0.9645443941710329,15.302827758864426,1,1,0,0,0,0,1.0,1.0,0.2,0.2
27,100,0,odam,fpn,0.4526752531528473,0.3811469078063965,-0.6542408027278732,1.054480791091919,1.1851575374603271,1.1851575374603271,1.1239252032586502,0.22478504065173002,0.8529363792821693,0.9807098362687079,11.27213557702649,1,1,0,0,0,0,1.0,1.0,0.2,0.2
27,100,0,odam,rpn,0.4526752531528473,0.3811469078063965,0.0,0.19935475289821625,0.0,0.0,0.0,0.0,0.9999999886163297,0.9999999886163297,0.00864527447204807,0,0,0,0,0,0,1.0,1.0,0.2,0.2
27,100,0,odam,roi_shared,0.4526752531528473,0.3811469078063965,-0.378953670347181,1.0897109508514404,0.9037755131721497,0.9037755131721497,0.829371781999611,0.1658743563999222,0.9371411355669398,0.9868488039083426,9.302450469749626,1,0,0,0,0,0,1.0,1.0,0.2,0.2
27,100,0,odam,roi_cls,0.4526752531528473,0.3811469078063965,0.0,0.161826491355896,0.0,0.0,0.0,0.0,0.9999999137873371,0.9999999137873371,0.023791573351845615,0,0,0,0,0,0,1.0,1.0,0.2,0.2
27,100,0,odam,roi_reg,0.4526752531528473,0.3811469078063965,-0.5510102098501013,0.19185109436511993,0.19227203726768494,0.19227203726768494,1.0021941125952814,0.20043882251905626,0.889556210315567,0.9827771985015001,10.649146945119886,1,1,0,0,0,0,1.0,1.0,0.2,0.2
27,200,0,odam,backbone,0.07746171951293945,0.2391268014907837,0.42313555119340074,0.7713100910186768,1.7372945547103882,1.7372945547103882,2.2523944324596172,0.45047888649192347,1.1906133845708164,0.9459571273548862,18.922668986807203,0,1,0,0,0,0,1.0,1.0,0.2,0.2
27,200,0,odam,fpn,0.07746171951293945,0.2391268014907837,0.17379820303358456,0.366306871175766,0.9546769857406616,0.9546769857406616,2.606221888976187,0.5212443777952375,1.0905913140302053,0.9047891651960349,25.205097888754935,0,1,0,0,0,0,1.0,1.0,0.2,0.2
27,200,0,odam,rpn,0.07746171951293945,0.2391268014907837,0.0,0.1794855296611786,0.0,0.0,0.0,0.0,0.9999999913243741,0.9999999913243741,0.007547237876823176,0,0,0,0,0,0,1.0,1.0,0.2,0.2
27,200,0,odam,roi_shared,0.07746171951293945,0.2391268014907837,0.02036207542334303,0.4631412625312805,0.10865689069032669,0.10865689069032669,0.23460852979599936,0.04692170595919987,1.000955352319926,0.9989034803782761,2.6834006854956574,0,0,0,0,0,0,1.0,1.0,0.2,0.2
27,200,0,odam,roi_cls,0.07746171951293945,0.2391268014907837,0.0,0.08843560516834259,0.0,0.0,0.0,0.0,0.9999999443345436,0.9999999443345436,0.01911747448255042,0,0,0,0,0,0,1.0,1.0,0.2,0.2
27,200,0,odam,roi_reg,0.07746171951293945,0.2391268014907837,-0.26884556356076617,0.012965645641088486,0.036244675517082214,0.036244675517082214,2.7954393109604854,0.559087862192097,0.8496916809216057,0.8446545466387189,32.365057719755356,1,1,0,0,0,0,1.0,1.0,0.2,0.2
27,300,0,odam,backbone,0.09008699655532837,0.00010002159251598641,-0.03611187070958795,2.0267727375030518,4.6265773330500526e-12,4.6265773330500526e-12,2.282731185120397e-12,4.565462370240794e-13,1.0000000933861941,1.0000000933861941,0.0,1,0,0,0,0,0,1.0,1.0,0.2,0.2
27,300,0,odam,fpn,0.09008699655532837,0.00010002159251598641,-0.03094188217341121,1.0938960313796997,3.867533897305986e-12,3.867533897305986e-12,3.535558943776381e-12,7.071117887552763e-13,1.0000000133107352,1.0000000133107352,0.0,1,0,0,0,0,0,1.0,1.0,0.2,0.2
27,300,0,odam,rpn,0.09008699655532837,0.00010002159251598641,0.0,0.1814032346010208,0.0,0.0,0.0,0.0,1.0000000687058632,1.0000000687058632,0.0,0,0,0,0,0,0,1.0,1.0,0.2,0.2
27,300,0,odam,roi_shared,0.09008699655532837,0.00010002159251598641,-0.023238725228476056,1.5659244060516357,1.459846132867426e-11,1.459846132867426e-11,9.32258369066692e-12,1.8645167381333836e-12,0.9999999455763018,0.9999999455763018,0.01890304016347794,1,0,0,0,0,0,1.0,1.0,0.2,0.2
27,300,0,odam,roi_cls,0.09008699655532837,0.00010002159251598641,0.0,0.2622450292110443,0.0,0.0,0.0,0.0,0.9999999235675561,0.9999999235675561,0.022401469392656255,0,0,0,0,0,0,1.0,1.0,0.2,0.2
27,300,0,odam,roi_reg,0.09008699655532837,0.00010002159251598641,0.0,0.00018666608957573771,9.6940823424152e-12,9.6940823424152e-12,5.193274453034456e-08,1.0386548906068912e-08,0.9999999443736087,0.9999999443736087,0.019110765143533225,0,0,0,0,0,0,1.0,1.0,0.2,0.2
27,400,0,odam,backbone,0.10397213697433472,0.03754330798983574,-0.35389950034481243,0.9234175086021423,1.5893323421478271,1.5893323421478271,1.7211416583964692,0.3442283316792939,0.8781782599761956,0.9388930888215209,20.133511651168202,1,1,0,0,0,0,1.0,1.0,0.2,0.2
27,400,0,odam,fpn,0.10397213697433472,0.03754330798983574,-0.2354593349632441,0.3703737258911133,1.073107361793518,1.073107361793518,2.8973636270003733,0.5794727254000747,0.8635575319719953,0.8376146025795498,33.110921812327575,1,1,0,0,0,0,1.0,1.0,0.2,0.2
27,400,0,odam,rpn,0.10397213697433472,0.03754330798983574,0.0,0.1976230889558792,0.0,0.0,0.0,0.0,1.0000000055861538,1.0000000055861538,0.0,0,0,0,0,0,0,1.0,1.0,0.2,0.2
27,400,0,odam,roi_shared,0.10397213697433472,0.03754330798983574,-0.18331294699753062,0.5396593809127808,0.35953569412231445,0.35953569412231445,0.6662270810788005,0.1332454162157601,0.9755744574312082,0.9911063085887128,7.647175513897462,1,0,0,0,0,0,1.0,1.0,0.2,0.2
27,400,0,odam,roi_cls,0.10397213697433472,0.03754330798983574,0.0,0.08911856263875961,0.0,0.0,0.0,0.0,0.9999999425652168,0.9999999425652168,0.019418922351497076,0,0,0,0,0,0,1.0,1.0,0.2,0.2
27,400,0,odam,roi_reg,0.10397213697433472,0.03754330798983574,-0.7057735169046627,0.06125525012612343,0.12642550468444824,0.12642550468444824,2.0639129613239757,0.4127825922647952,0.7086689637451495,0.9243904263480444,22.423384729574252,1,1,0,0,0,0,1.0,1.0,0.2,0.2
27,500,0,odam,backbone,0.24070292711257935,0.7759319543838501,-0.6393537140797452,1.5898044109344482,4.9485392570495605,4.9485392570495605,3.1126717368590833,0.6225343473718167,0.6019802530587787,0.7827107315301106,38.490558125633335,1,1,0,0,0,0,1.0,1.0,0.2,0.2
27,500,0,odam,fpn,0.24070292711257935,0.7759319543838501,-0.34838981691533316,0.721113920211792,2.1357803344726562,2.1357803344726562,2.9617793730086017,0.5923558746017205,0.7936292678708801,0.8193753915651757,34.977683154277244,1,1,0,0,0,0,1.0,1.0,0.2,0.2
27,500,0,odam,rpn,0.24070292711257935,0.7759319543838501,0.0,0.3031291365623474,0.0,0.0,0.0,0.0,0.9999999130539835,0.9999999130539835,0.0238925485958578,0,0,0,0,0,0,1.0,1.0,0.2,0.2
27,500,0,odam,roi_shared,0.24070292711257935,0.7759319543838501,-0.08210409529598915,0.9281097650527954,1.0169117450714111,1.0169117450714111,1.0956804716019384,0.2191360943203877,0.9820080460857018,0.9761508019959092,12.538380640970738,1,1,0,0,0,0,1.0,1.0,0.2,0.2
27,500,0,odam,roi_cls,0.24070292711257935,0.7759319543838501,0.0,0.11594171822071075,0.0,0.0,0.0,0.0,1.0000000576769168,1.0000000576769168,0.0,0,0,0,0,0,0,1.0,1.0,0.2,0.2
27,500,0,odam,roi_reg,0.24070292711257935,0.7759319543838501,-0.032340388528906264,0.0589989572763443,0.5504055023193359,0.5504055023193359,9.329071694289446,1.8658143388578894,0.9396587655608625,0.44998495721261267,63.25728117503087,1,1,1,0,0,0,1.0,1.0,0.2,0.2
27,600,0,odam,backbone,0.09092303365468979,4.660049915313721,0.32286385135384227,0.8678103685379028,7.048567771911621,7.048567771911621,8.122244245349513,1.6244488490699025,1.5244759757507584,0.704103861860961,45.24280819479571,0,1,1,0,0,0,1.0,1.0,0.2,0.2
27,600,0,odam,fpn,0.09092303365468979,4.660049915313721,0.26152510028210224,0.4151117205619812,3.7363367080688477,3.7363367080688477,9.000797912934303,1.8001595825868606,1.4707870696986616,0.646092730782476,49.75234580794756,0,1,1,0,0,0,1.0,1.0,0.2,0.2
27,600,0,odam,rpn,0.09092303365468979,4.660049915313721,0.0,0.15857566893100739,0.0,0.0,0.0,0.0,1.0000000523680337,1.0000000523680337,0.0,0,0,0,0,0,0,1.0,1.0,0.2,0.2
27,600,0,odam,roi_shared,0.09092303365468979,4.660049915313721,-0.02539865551692076,0.5389888286590576,10.401071548461914,10.401071548461914,19.29737871253953,3.8594757425079065,0.9019744069529118,0.22764141926173656,76.84174810047983,1,1,1,0,0,0,1.0,1.0,0.2,0.2
27,600,0,odam,roi_cls,0.09092303365468979,4.660049915313721,0.0,0.07793230563402176,0.0,0.0,0.0,0.0,0.999999981716085,0.999999981716085,0.010956509718675046,0,0,0,0,0,0,1.0,1.0,0.2,0.2
27,600,0,odam,roi_reg,0.09092303365468979,4.660049915313721,-0.2886031584620314,0.030984051525592804,7.8763747215271,7.8763747215271,254.20738520981413,50.84147704196283,-13.673011480179095,-0.2704210150605988,105.68932122876546,1,1,1,1,0,0,1.0,1.0,0.2,0.2
27,700,0,odam,backbone,0.09247290343046188,0.765220046043396,-0.10462881254981093,0.9386328458786011,4.260453701019287,4.260453701019287,4.538999162160491,0.9077998324320982,0.9050181113351606,0.7079671193918464,44.930245634652145,1,1,0,0,0,0,1.0,1.0,0.2,0.2
27,700,0,odam,fpn,0.09247290343046188,0.765220046043396,0.039146439308851304,0.45108962059020996,3.1674885749816895,3.1674885749816895,7.0218609127767495,1.40437218255535,1.0549762387692514,0.600912611800769,53.06471334978287,0,1,1,0,0,0,1.0,1.0,0.2,0.2
27,700,0,odam,rpn,0.09247290343046188,0.765220046043396,0.0,0.23088818788528442,0.0,0.0,0.0,0.0,1.0000000628680648,1.0000000628680648,0.0,0,0,0,0,0,0,1.0,1.0,0.2,0.2
27,700,0,odam,roi_shared,0.09247290343046188,0.765220046043396,0.010005635236221506,0.6292570233345032,0.012992617674171925,0.012992617674171925,0.020647552895512542,0.004129510579102509,1.0000414273170946,0.999991509112102,0.23611005973761046,0,0,0,0,0,0,1.0,1.0,0.2,0.2
27,700,0,odam,roi_cls,0.09247290343046188,0.765220046043396,0.0,0.12357661128044128,0.0,0.0,0.0,0.0,0.99999997322753,0.99999997322753,0.013258117134423767,0,0,0,0,0,0,1.0,1.0,0.2,0.2
27,700,0,odam,roi_reg,0.09247290343046188,0.765220046043396,0.2376071394930524,0.010241967625916004,0.006170963402837515,0.006170963402837515,0.6025173705121536,0.12050347410243072,1.0286324223641554,0.9935875300985891,6.492061845520274,0,0,0,0,0,0,1.0,1.0,0.2,0.2
28,0,0,odam,backbone,0.0982421338558197,0.10279375314712524,-0.33286462429050245,0.9194115400314331,1.7756915092468262,1.7756915092468262,1.931334807028981,0.3862669614057962,0.8714255462162144,0.9226456772471959,22.68402102763773,1,1,0,0,0,0,1.0,1.0,0.2,0.2
28,0,0,odam,fpn,0.0982421338558197,0.10279375314712524,-0.04482123426932792,0.4661485552787781,0.9643381834030151,0.9643381834030151,2.0687357549060663,0.4137471509812133,0.9814554064638893,0.921606197974903,22.837961738595908,1,1,0,0,0,0,1.0,1.0,0.2,0.2
28,0,0,odam,rpn,0.0982421338558197,0.10279375314712524,0.0,0.13355910778045654,0.0,0.0,0.0,0.0,1.0000000768227504,1.0000000768227504,0.0,0,0,0,0,0,0,1.0,1.0,0.2,0.2
28,0,0,odam,roi_shared,0.0982421338558197,0.10279375314712524,0.08926216736732355,0.5440987944602966,0.16301771998405457,0.16301771998405457,0.29961051493553736,0.05992210298710748,1.0053485871862697,0.9982423761701692,3.3975372529061274,0,0,0,0,0,0,1.0,1.0,0.2,0.2
28,0,0,odam,roi_cls,0.0982421338558197,0.10279375314712524,0.0,0.07403651624917984,0.0,0.0,0.0,0.0,0.9999999837667777,0.9999999837667777,0.010323809903685296,0,0,0,0,0,0,1.0,1.0,0.2,0.2
28,0,0,odam,roi_reg,0.0982421338558197,0.10279375314712524,-0.055335953126793645,0.05087999626994133,0.07815678417682648,0.07815678417682648,1.5361004305536794,0.3072200861107359,0.9829996529583498,0.9546009967859693,17.330762978047314,1,1,0,0,0,0,1.0,1.0,0.2,0.2
28,100,0,odam,backbone,0.10948416590690613,0.6555153131484985,-0.8895389006133599,1.9936174154281616,26.478572845458984,26.478572845458984,13.28167212051179,2.656334424102358,-1.3629134070444533,-0.7468399635164855,138.31738222207014,1,1,1,1,0,0,1.0,1.0,0.2,0.2
28,100,0,odam,fpn,0.10948416590690613,0.6555153131484985,-0.5505299431898286,0.3976476490497589,7.4302449226379395,7.4302449226379395,18.685499437488613,3.7370998874977226,-1.0573854180279785,-0.320992995124989,108.72298764686278,1,1,1,1,0,0,1.0,1.0,0.2,0.2
28,100,0,odam,rpn,0.10948416590690613,0.6555153131484985,0.0,0.23494043946266174,0.0,0.0,0.0,0.0,1.0000000287063069,1.0000000287063069,0.0,0,0,0,0,0,0,1.0,1.0,0.2,0.2
28,100,0,odam,roi_shared,0.10948416590690613,0.6555153131484985,-0.5233111396360408,0.5328071117401123,8.470366477966309,8.470366477966309,15.897622781915691,3.1795245563831385,-0.66388078244913,-0.2379881165594392,103.76782773864112,1,1,1,1,0,0,1.0,1.0,0.2,0.2
28,100,0,odam,roi_cls,0.10948416590690613,0.6555153131484985,0.0,0.07020103931427002,0.0,0.0,0.0,0.0,1.000000030309387,1.000000030309387,0.0,0,0,0,0,0,0,1.0,1.0,0.2,0.2
28,100,0,odam,roi_reg,0.10948416590690613,0.6555153131484985,-0.8430897397608728,0.09119930118322372,2.502180576324463,2.502180576324463,27.436400760324506,5.487280152064901,-3.6262699014818143,-0.7756358932462141,140.86272046771444,1,1,1,1,0,0,1.0,1.0,0.2,0.2
28,200,0,odam,backbone,0.2749395966529846,0.4052833020687103,-0.8101504243733679,2.324845552444458,15.338501930236816,15.338501930236816,6.597643406508942,1.3195286813017884,-0.0690166302620279,-0.08886914221318686,95.098553017649,1,1,1,1,0,0,1.0,1.0,0.2,0.2
28,200,0,odam,fpn,0.2749395966529846,0.4052833020687103,-0.6990699287191227,0.8363082408905029,5.439918041229248,5.439918041229248,6.504680661088321,1.3009361322176642,0.09055464363882176,0.09688762488316828,84.44002598295731,1,1,1,0,0,0,1.0,1.0,0.2,0.2
28,200,0,odam,rpn,0.2749395966529846,0.4052833020687103,0.0,0.2746114730834961,0.0,0.0,0.0,0.0,0.9999999031185601,0.9999999031185601,0.025220745870835837,0,0,0,0,0,0,1.0,1.0,0.2,0.2
28,200,0,odam,roi_shared,0.2749395966529846,0.4052833020687103,-0.42179875204430756,0.9339314699172974,4.153717517852783,4.153717517852783,4.447561359315377,0.8895122718630755,0.6248048749454836,0.6124237587734481,52.23503640734772,1,1,0,0,0,0,1.0,1.0,0.2,0.2
28,200,0,odam,roi_cls,0.2749395966529846,0.4052833020687103,0.0,0.14293329417705536,0.0,0.0,0.0,0.0,1.000000062233479,1.000000062233479,0.0,0,0,0,0,0,0,1.0,1.0,0.2,0.2
28,200,0,odam,roi_reg,0.2749395966529846,0.4052833020687103,-0.5954623859467308,0.15722030401229858,1.1927387714385986,1.1927387714385986,7.586416900359743,1.5172833800719485,0.09651480263134198,0.07893096083128086,85.47288001461871,1,1,1,0,0,0,1.0,1.0,0.2,0.2
28,300,0,odam,backbone,0.2292679399251938,0.4335010051727295,0.05198535572382093,1.5163747072219849,4.414161682128906,4.414161682128906,2.9109966429179623,0.5821993285835926,1.0302656864584507,0.8708927835215543,29.437446987291644,0,1,0,0,0,0,1.0,1.0,0.2,0.2
28,300,0,odam,fpn,0.2292679399251938,0.4335010051727295,-0.1707175573483028,0.594112753868103,1.8366895914077759,1.8366895914077759,3.091483189764233,0.6182966379528467,0.8944459956030472,0.8264980137258718,34.259337911080756,1,1,0,0,0,0,1.0,1.0,0.2,0.2
28,300,0,odam,rpn,0.2292679399251938,0.4335010051727295,0.0,0.1918889582157135,0.0,0.0,0.0,0.0,1.0000000141742156,1.0000000141742156,0.0,0,0,0,0,0,0,1.0,1.0,0.2,0.2
28,300,0,odam,roi_shared,0.2292679399251938,0.4335010051727295,-0.017668318905074427,0.7849340438842773,1.6300063133239746,1.6300063133239746,2.076615641815997,0.41532312836319946,0.9926619762840627,0.9225318730510912,22.700922936887306,1,1,0,0,0,0,1.0,1.0,0.2,0.2
28,300,0,odam,roi_cls,0.2292679399251938,0.4335010051727295,0.0,0.11510663479566574,0.0,0.0,0.0,0.0,0.9999999699789862,0.9999999699789862,0.014039456911408257,0,0,0,0,0,0,1.0,1.0,0.2,0.2
28,300,0,odam,roi_reg,0.2292679399251938,0.4335010051727295,-0.2106375567245398,0.17172560095787048,0.41165563464164734,0.41165563464164734,2.3971710236881862,0.47943420473763726,0.8990131326289769,0.8867355155051693,27.534143075986318,1,1,0,0,0,0,1.0,1.0,0.2,0.2
28,400,0,odam,backbone,0.7425573468208313,0.5909565091133118,-0.556421468903445,3.3415727615356445,1.9169235229492188,1.9169235229492188,0.573659070068635,0.11473181401372702,0.9361605199498637,0.9948548441807837,5.814646022975708,1,0,0,0,0,0,1.0,1.0,0.2,0.2
28,400,0,odam,fpn,0.7425573468208313,0.5909565091133118,-0.24099116306978677,1.5865384340286255,0.8947992324829102,0.8947992324829102,0.5639946775262084,0.11279893550524166,0.972816460387465,0.9937276116768223,6.42068502948152,1,0,0,0,0,0,1.0,1.0,0.2,0.2
28,400,0,odam,rpn,0.7425573468208313,0.5909565091133118,0.0,0.7941036224365234,0.0,0.0,0.0,0.0,1.0000000134246259,1.0000000134246259,0.0,0,0,0,0,0,0,1.0,1.0,0.2,0.2
28,400,0,odam,roi_shared,0.7425573468208313,0.5909565091133118,-0.024446244730749373,2.2424542903900146,0.48172709345817566,0.48172709345817566,0.21482136582342207,0.042964273164684416,0.9989498929551968,0.9990770409821889,2.461853739555224,1,0,0,0,0,0,1.0,1.0,0.2,0.2
28,400,0,odam,roi_cls,0.7425573468208313,0.5909565091133118,0.0,0.36594370007514954,0.0,0.0,0.0,0.0,1.0000000513271357,1.0000000513271357,0.0,0,0,0,0,0,0,1.0,1.0,0.2,0.2
28,400,0,odam,roi_reg,0.7425573468208313,0.5909565091133118,0.2848400905636129,0.12103501707315445,0.2132013589143753,0.2132013589143753,1.7614849327902755,0.35229698655805514,1.100348267956832,0.9559901530481475,17.06154430400702,0,1,0,0,0,0,1.0,1.0,0.2,0.2
28,500,0,odam,backbone,0.21810460090637207,0.36572614312171936,0.3339874255952171,1.3674310445785522,0.8852472305297852,0.8852472305297852,0.6473797958877129,0.1294759591775426,1.0432432131389981,0.9932269577428152,6.672290590381919,0,0,0,0,0,0,1.0,1.0,0.2,0.2
28,500,0,odam,fpn,0.21810460090637207,0.36572614312171936,0.2091582334140553,0.6907005906105042,0.6154883503913879,0.6154883503913879,0.8911073173505806,0.17822146347011614,1.0372764786953712,0.9861771909611449,9.537560836028469,0,0,0,0,0,0,1.0,1.0,0.2,0.2
28,500,0,odam,rpn,0.21810460090637207,0.36572614312171936,0.0,0.19344574213027954,0.0,0.0,0.0,0.0,1.0000000308769073,1.0000000308769073,0.0,0,0,0,0,0,0,1.0,1.0,0.2,0.2
28,500,0,odam,roi_shared,0.21810460090637207,0.36572614312171936,-0.05301853206624897,1.2099595069885254,0.5870275497436523,0.5870275497436523,0.4851629714491093,0.09703259428982187,0.994855526832636,0.9952904201272206,5.562875065112756,1,0,0,0,0,0,1.0,1.0,0.2,0.2
28,500,0,odam,roi_cls,0.21810460090637207,0.36572614312171936,0.0,0.20218303799629211,0.0,0.0,0.0,0.0,0.99999996074542,0.99999996074542,0.016053983022026586,0,0,0,0,0,0,1.0,1.0,0.2,0.2
28,500,0,odam,roi_reg,0.21810460090637207,0.36572614312171936,-0.12445109414824693,0.1601264476776123,0.2929004728794098,0.2929004728794098,1.8291823563657372,0.36583647127314745,0.9544712743467937,0.9346881693959442,20.82217517604064,1,1,0,0,0,0,1.0,1.0,0.2,0.2
28,600,0,odam,backbone,0.15199461579322815,0.16802382469177246,-0.569536728697619,1.1442372798919678,0.8938429951667786,0.8938429951667786,0.7811692652167127,0.15623385304334256,0.9110193558654663,0.9902106616509557,8.023599182014104,1,0,0,0,0,0,1.0,1.0,0.2,0.2
28,600,0,odam,fpn,0.15199461579322815,0.16802382469177246,-0.33154011699454355,0.6451287865638733,0.5782957077026367,0.5782957077026367,0.8964035084882707,0.17928070169765414,0.9405612420276652,0.9842125534632198,10.194515825573513,1,0,0,0,0,0,1.0,1.0,0.2,0.2
28,600,0,odam,rpn,0.15199461579322815,0.16802382469177246,0.0,0.2062067836523056,0.0,0.0,0.0,0.0,1.0000000165281548,1.0000000165281548,0.0,0,0,0,0,0,0,1.0,1.0,0.2,0.2
28,600,0,odam,roi_shared,0.15199461579322815,0.16802382469177246,-0.13622767631792326,0.9953413605690002,0.2131682187318802,0.2131682187318802,0.2141659406276654,0.042833188125533085,0.9941649969821424,0.999090371856467,2.4440073106933675,1,0,0,0,0,0,1.0,1.0,0.2,0.2
28,600,0,odam,roi_cls,0.15199461579322815,0.16802382469177246,0.0,0.1527051329612732,0.0,0.0,0.0,0.0,1.000000050795782,1.000000050795782,0.0,0,0,0,0,0,0,1.0,1.0,0.2,0.2
28,600,0,odam,roi_reg,0.15199461579322815,0.16802382469177246,-0.6590874092444624,0.08700226992368698,0.12190127372741699,0.12190127372741699,1.4011275089068511,0.28022550178137023,0.8153068675844789,0.9681777084614295,14.49311776331185,1,1,0,0,0,0,1.0,1.0,0.2,0.2
28,700,0,odam,backbone,0.21042993664741516,1.8515491485595703,-0.5615390430607712,1.3830565214157104,9.327543258666992,9.327543258666992,6.744151894182333,1.3488303788364666,0.2425789842244295,0.21238847163784308,77.73764038161288,1,1,1,0,0,0,1.0,1.0,0.2,0.2
28,700,0,odam,fpn,0.21042993664741516,1.8515491485595703,-0.4268693618463788,0.4903685748577118,3.9704227447509766,3.9704227447509766,8.096813189758453,1.6193626379516908,0.30874379026636245,0.20629626986048785,78.09460801735825,1,1,1,0,0,0,1.0,1.0,0.2,0.2
28,700,0,odam,rpn,0.21042993664741516,1.8515491485595703,0.0,0.20593251287937164,0.0,0.0,0.0,0.0,0.9999999589088258,0.9999999589088258,0.016425246948014734,0,0,0,0,0,0,1.0,1.0,0.2,0.2
28,700,0,odam,roi_shared,0.21042993664741516,1.8515491485595703,-0.08214924343376401,0.6054576635360718,5.670207977294922,5.670207977294922,9.365160140477938,1.8730320280955877,0.8461318899978242,0.41284485956980904,65.61632984053382,1,1,1,0,0,0,1.0,1.0,0.2,0.2
28,700,0,odam,roi_cls,0.21042993664741516,1.8515491485595703,0.0,0.07325078547000885,0.0,0.0,0.0,0.0,0.9999999265577892,0.9999999265577892,0.02195889609175249,0,0,0,0,0,0,1.0,1.0,0.2,0.2
28,700,0,odam,roi_reg,0.21042993664741516,1.8515491485595703,0.07703905813889513,0.10277821123600006,2.4702398777008057,2.4702398777008057,24.0346650130797,4.80693300261594,1.3703217681984814,0.2749054676486084,74.0436192670115,0,1,1,0,0,0,1.0,1.0,0.2,0.2
29,0,0,odam,backbone,0.44556671380996704,0.6052996516227722,-0.2601963068047396,1.7793978452682495,1.424990177154541,1.424990177154541,0.8008271904699983,0.1601654380939997,0.9583253783273447,0.9872279791908859,9.167074481910396,1,0,0,0,0,0,1.0,1.0,0.2,0.2
29,0,0,odam,fpn,0.44556671380996704,0.6052996516227722,-0.03744830981416298,0.8085482120513916,0.8463885188102722,0.8463885188102722,1.0468003097340044,0.2093600619468009,0.9921598602427,0.9784827152530924,11.907297120422292,1,1,0,0,0,0,1.0,1.0,0.2,0.2
29,0,0,odam,rpn,0.44556671380996704,0.6052996516227722,0.0,1.002189040184021,0.0,0.0,0.0,0.0,1.0000000952664039,1.0000000952664039,0.0,0,0,0,0,0,0,1.0,1.0,0.2,0.2
29,0,0,odam,roi_shared,0.44556671380996704,0.6052996516227722,-0.1253939635700322,1.1960537433624268,0.2207794189453125,0.2207794189453125,0.18458988165919915,0.03691797633183983,0.9953706474512449,0.9993236288934574,2.107437168959687,1,0,0,0,0,0,1.0,1.0,0.2,0.2
29,0,0,odam,roi_cls,0.44556671380996704,0.6052996516227722,0.0,0.17285895347595215,0.0,0.0,0.0,0.0,1.0000000760931504,1.0000000760931504,0.0,0,0,0,0,0,0,1.0,1.0,0.2,0.2
29,0,0,odam,roi_reg,0.44556671380996704,0.6052996516227722,-0.08964511811631605,0.29078713059425354,0.10939962416887283,0.10939962416887283,0.3762189335728283,0.07524378671456568,0.9932547532093279,0.997165767484829,4.314773431968686,1,0,0,0,0,0,1.0,1.0,0.2,0.2
29,100,0,odam,backbone,0.1484726220369339,0.4134588837623596,-0.6375333011024983,0.9651210904121399,2.495652437210083,2.495652437210083,2.5858438511009574,0.5171687702201915,0.6702874866338916,0.8595980995564938,30.728512560022512,1,1,0,0,0,0,1.0,1.0,0.2,0.2
29,100,0,odam,fpn,0.1484726220369339,0.4134588837623596,-0.2710113681305973,0.39227229356765747,1.5385420322418213,1.5385420322418213,3.9221277094260545,0.784425541885211,0.7874117481072896,0.7217746265878393,43.798808076626585,1,1,0,0,0,0,1.0,1.0,0.2,0.2
29,100,0,odam,rpn,0.1484726220369339,0.4134588837623596,0.0,0.1692848652601242,0.0,0.0,0.0,0.0,1.0000000644455846,1.0000000644455846,0.0,0,0,0,0,0,0,1.0,1.0,0.2,0.2
29,100,0,odam,roi_shared,0.1484726220369339,0.4134588837623596,-0.2988281118912756,0.6141125559806824,0.7373877763748169,0.7373877763748169,1.2007371762612395,0.2401474352522479,0.9282371382282311,0.9708482310372109,13.868542093356323,1,1,0,0,0,0,1.0,1.0,0.2,0.2
29,100,0,odam,roi_cls,0.1484726220369339,0.4134588837623596,0.0,0.11664261668920517,0.0,0.0,0.0,0.0,1.0000000399342093,1.0000000399342093,0.0,0,0,0,0,0,0,1.0,1.0,0.2,0.2
29,100,0,odam,roi_reg,0.1484726220369339,0.4134588837623596,-0.6919160500358387,0.12284132093191147,0.18459837138652802,0.18459837138652802,1.502738410708293,0.3005476821416586,0.7920461161490413,0.9644613270197643,15.320850838925667,1,1,0,0,0,0,1.0,1.0,0.2,0.2
29,200,0,odam,backbone,0.20523224771022797,1.3777040243148804,0.10600801689585053,0.8294515609741211,2.6425139904022217,2.6425139904022217,3.1858569140539217,0.6371713828107843,1.0675452683086073,0.85995156229758,30.68885525599911,0,1,0,0,0,0,1.0,1.0,0.2,0.2
29,200,0,odam,fpn,0.20523224771022797,1.3777040243148804,-0.10752394638095467,0.3835534155368805,1.1762189865112305,1.1762189865112305,3.066636715683559,0.6133273431367118,0.9340525126229864,0.8373614909354603,33.13746052619727,1,1,0,0,0,0,1.0,1.0,0.2,0.2
29,200,0,odam,rpn,0.20523224771022797,1.3777040243148804,0.0,0.19386744499206543,0.0,0.0,0.0,0.0,0.9999999462170793,0.9999999462170793,0.01879142970020207,0,0,0,0,0,0,1.0,1.0,0.2,0.2
29,200,0,odam,roi_shared,0.20523224771022797,1.3777040243148804,0.008951709259602935,0.5802373886108398,2.795597553253174,2.795597553253174,4.8180238090933445,0.9636047618186689,1.0086259787269964,0.7230737480882662,43.691158628397055,0,1,0,0,0,0,1.0,1.0,0.2,0.2
29,200,0,odam,roi_cls,0.20523224771022797,1.3777040243148804,0.0,0.07892074435949326,0.0,0.0,0.0,0.0,0.9999999771107105,0.9999999771107105,0.012258964482020003,0,0,0,0,0,0,1.0,1.0,0.2,0.2
29,200,0,odam,roi_reg,0.20523224771022797,1.3777040243148804,-0.20429999470795196,0.05523275211453438,1.2728896141052246,1.2728896141052246,23.04592049778136,4.609184099556272,0.05834359125639032,0.012929769269713228,89.25915814759786,1,1,1,0,0,0,1.0,1.0,0.2,0.2
29,300,0,odam,backbone,0.17349253594875336,2.069592237472534,-0.12128300134289764,0.6470314860343933,3.0942320823669434,3.0942320823669434,4.782197078740721,0.9564394157481442,0.8840002094362884,0.681458018332722,47.04231693333193,1,1,0,0,0,0,1.0,1.0,0.2,0.2
29,300,0,odam,fpn,0.17349253594875336,2.069592237472534,-0.23417866413630653,0.3037641644477844,1.7543530464172363,1.7543530464172363,5.775378572408271,1.1550757144816541,0.729505895885493,0.5447698126237082,56.9910651633943,1,1,1,0,0,0,1.0,1.0,0.2,0.2
29,300,0,odam,rpn,0.17349253594875336,2.069592237472534,0.0,0.19616520404815674,0.0,0.0,0.0,0.0,0.9999999341169744,0.9999999341169744,0.02079813535592947,0,0,0,0,0,0,1.0,1.0,0.2,0.2
29,300,0,odam,roi_shared,0.17349253594875336,2.069592237472534,-0.14584989243727403,0.4917384386062622,5.714977741241455,5.714977741241455,11.621987000730424,2.3243974001460845,0.6609868640698011,0.2762566613218384,73.96308302673646,1,1,1,0,0,0,1.0,1.0,0.2,0.2
29,300,0,odam,roi_cls,0.17349253594875336,2.069592237472534,0.0,0.04855453222990036,0.0,0.0,0.0,0.0,1.000000062593667,1.000000062593667,0.0,0,0,0,0,0,0,1.0,1.0,0.2,0.2
29,300,0,odam,roi_reg,0.17349253594875336,2.069592237472534,-0.15823904973556316,0.05240257456898689,3.738070011138916,3.738070011138916,71.33370911419296,14.266741822838592,-1.2575558619314167,-0.08891711147676583,95.10131237783705,1,1,1,1,0,0,1.0,1.0,0.2,0.2
29,400,0,odam,backbone,0.0761193186044693,0.18402652442455292,0.1648292125566122,1.0213676691055298,0.9504665732383728,0.9504665732383728,0.9305822006983546,0.18611644013967094,1.0306776550650731,0.9845066275030618,10.098873562016529,0,0,0,0,0,0,1.0,1.0,0.2,0.2
29,400,0,odam,fpn,0.0761193186044693,0.18402652442455292,0.1456173999227926,0.47156041860580444,0.5716253519058228,0.5716253519058228,1.2121996023242707,0.24243992046485416,1.0353035307505407,0.9741971405234632,13.043971303296948,0,1,0,0,0,0,1.0,1.0,0.2,0.2
29,400,0,odam,rpn,0.0761193186044693,0.18402652442455292,0.0,0.15327845513820648,0.0,0.0,0.0,0.0,1.000000070362194,1.000000070362194,0.0,0,0,0,0,0,0,1.0,1.0,0.2,0.2
29,400,0,odam,roi_shared,0.0761193186044693,0.18402652442455292,0.02548808988850851,0.6379713416099548,0.09787356108427048,0.09787356108427048,0.15341372676283752,0.030682745352567507,1.0007819324245073,0.9995305794863645,1.7556407503929503,0,0,0,0,0,0,1.0,1.0,0.2,0.2
29,400,0,odam,roi_cls,0.0761193186044693,0.18402652442455292,0.0,0.12423771619796753,0.0,0.0,0.0,0.0,1.0000000044503838,1.0000000044503838,0.0,0,0,0,0,0,0,1.0,1.0,0.2,0.2
29,400,0,odam,roi_reg,0.0761193186044693,0.18402652442455292,0.5722341378363082,0.04995854198932648,0.05530235171318054,0.05530235171318054,1.1069648855043799,0.22139297710087602,1.1266885874658736,0.9872633641560465,9.154339834275646,0,1,0,0,0,0,1.0,1.0,0.2,0.2
29,500,0,odam,backbone,0.10816564410924911,0.12490139156579971,0.09367254359456954,1.4338314533233643,0.741163432598114,0.741163432598114,0.5169111270925394,0.10338222541850789,1.0096844038716573,0.9948444285083045,5.820533591469477,0,0,0,0,0,0,1.0,1.0,0.2,0.2
29,500,0,odam,fpn,0.10816564410924911,0.12490139156579971,0.06773781977980806,0.6894087791442871,0.4575381577014923,0.4575381577014923,0.6636674372922856,0.13273348745845712,1.0089911364025503,0.991496727178215,7.477198522733956,0,0,0,0,0,0,1.0,1.0,0.2,0.2
29,500,0,odam,rpn,0.10816564410924911,0.12490139156579971,0.0,0.16152366995811462,0.0,0.0,0.0,0.0,1.0000000545246022,1.0000000545246022,0.0,0,0,0,0,0,0,1.0,1.0,0.2,0.2
29,500,0,odam,roi_shared,0.10816564410924911,0.12490139156579971,0.04569614297706853,1.0610907077789307,0.15134941041469574,0.15134941041469574,0.14263569486109204,0.02852713897221841,1.0013035774389816,0.9995952618892111,1.6301941464480143,0,0,0,0,0,0,1.0,1.0,0.2,0.2
29,500,0,odam,roi_cls,0.10816564410924911,0.12490139156579971,0.0,0.19868911802768707,0.0,0.0,0.0,0.0,0.9999999393621581,0.9999999393621581,0.019953059630892497,0,0,0,0,0,0,1.0,1.0,0.2,0.2
29,500,0,odam,roi_reg,0.10816564410924911,0.12490139156579971,0.4163489655725193,0.105269655585289,0.09274372458457947,0.09274372458457947,0.881011000453392,0.17620220009067838,1.07336156284413,0.9890442686714204,8.488982081189324,0,0,0,0,0,0,1.0,1.0,0.2,0.2
29,600,0,odam,backbone,0.4924781322479248,0.45126307010650635,-0.746318953810759,4.9842448234558105,4.4990339279174805,4.4990339279174805,0.9026510709797135,0.1805302141959427,0.8652670758289729,0.990495165094904,7.905958158720915,1,0,0,0,0,0,1.0,1.0,0.2,0.2
29,600,0,odam,fpn,0.4924781322479248,0.45126307010650635,-0.6795468674255515,1.5914700031280518,1.5304404497146606,1.5304404497146606,0.9616520868797798,0.19233041737595596,0.869302463491693,0.9870817187396915,9.219526938181332,1,0,0,0,0,0,1.0,1.0,0.2,0.2
29,600,0,odam,rpn,0.4924781322479248,0.45126307010650635,0.0,0.4594094157218933,0.0,0.0,0.0,0.0,1.0000000519291181,1.0000000519291181,0.0,0,0,0,0,0,0,1.0,1.0,0.2,0.2
29,600,0,odam,roi_shared,0.4924781322479248,0.45126307010650635,-0.2305610467284323,1.6438266038894653,1.2983546257019043,1.2983546257019043,0.7898367276876173,0.15796734553752345,0.9635789665468628,0.9875143472264671,9.063504725469276,1,0,0,0,0,0,1.0,1.0,0.2,0.2
29,600,0,odam,roi_cls,0.4924781322479248,0.45126307010650635,0.0,0.2431773990392685,0.0,0.0,0.0,0.0,0.9999999935471633,0.9999999935471633,0.006508980465178196,0,0,0,0,0,0,1.0,1.0,0.2,0.2
29,600,0,odam,roi_reg,0.4924781322479248,0.45126307010650635,-0.6655873580613036,0.2184978574514389,0.38695812225341797,0.38695812225341797,1.770992753736358,0.3541985507472716,0.7642498196892513,0.9450633708099653,19.079948182921683,1,1,0,0,0,0,1.0,1.0,0.2,0.2
29,700,0,odam,backbone,0.29081961512565613,1.277967095375061,-0.03598297280849696,1.0409202575683594,4.434994697570801,4.434994697570801,4.260647888562727,0.8521295777125455,0.9693378966934182,0.7512665829146862,41.2997873623267,1,1,0,0,0,0,1.0,1.0,0.2,0.2
29,700,0,odam,fpn,0.29081961512565613,1.277967095375061,-0.22487974684864256,0.4975970983505249,2.065460205078125,2.065460205078125,4.1508686684968215,0.8301737336993642,0.8133108081898732,0.7090224435170553,44.84456579078953,1,1,0,0,0,0,1.0,1.0,0.2,0.2
29,700,0,odam,rpn,0.29081961512565613,1.277967095375061,0.0,0.2264031171798706,0.0,0.0,0.0,0.0,0.9999999768136135,0.9999999768136135,0.012338267062777289,0,0,0,0,0,0,1.0,1.0,0.2,0.2
29,700,0,odam,roi_shared,0.29081961512565613,1.277967095375061,-0.13464405458712225,0.826208770275116,2.1158251762390137,2.1158251762390137,2.5608844306197254,0.5121768861239451,0.9310383511043399,0.8780248179280321,28.594991369022587,1,1,0,0,0,0,1.0,1.0,0.2,0.2
29,700,0,odam,roi_cls,0.29081961512565613,1.277967095375061,0.0,0.08115548640489578,0.0,0.0,0.0,0.0,1.0000000238207707,1.0000000238207707,0.0,0,0,0,0,0,0,1.0,1.0,0.2,0.2
29,700,0,odam,roi_reg,0.29081961512565613,1.277967095375061,-0.1672475459725399,0.10308369249105453,1.1028510332107544,1.1028510332107544,10.698598454905545,2.139719690981109,0.6421371201569138,0.291199196534406,73.0702361883619,1,1,1,0,0,0,1.0,1.0,0.2,0.2
