epoch,step,rank,method,module,loss_det,loss_odam,cosine_raw,det_norm,odam_norm_raw,odam_norm_safe,aux_to_det_raw,aux_to_det_effective,directional_margin,final_cosine_to_det,final_angle_deg,conflict_raw,dominance_raw,dominance_effective,unsafe_descent,projected,cap_active,norm_scale,gate,alpha,effective_weight
0,0,1,dpga,backbone,7.687814235687256,1.0145277976989746,0.03227723389863968,331.822265625,172.34329223632812,33.182228088378906,0.5193843514741632,0.0,1.0,1.0,0.0,0,0,0,0,0,1,0.1925356537103653,0.5402591824531555,0.0,0.0
0,0,1,dpga,fpn,7.687814235687256,1.0145277976989746,0.06835884600877762,134.9144287109375,57.68452453613281,20.237165451049805,0.42756379052477383,0.0,1.0,1.0,0.0,0,0,0,0,0,1,0.35082486271858215,0.584626317024231,0.0,0.0
0,0,1,dpga,rpn,7.687814235687256,1.0145277976989746,0.0,460.99554443359375,0.0,0.0,0.0,0.0,1.0,1.0,0.0,0,0,0,0,0,0,0.0,0.0,0.0,0.0
0,0,1,dpga,roi_shared,7.687814235687256,1.0145277976989746,0.0274973101913929,187.25413513183594,185.80564880371094,46.813533782958984,0.9922645963086199,0.0,1.0,1.0,0.0,0,0,0,0,0,1,0.25194892287254333,0.5343175530433655,0.0,0.0
0,0,1,dpga,roi_cls,7.687814235687256,1.0145277976989746,0.0,287.0635681152344,0.0,0.0,0.0,0.0,1.0,1.0,0.0,0,0,0,0,0,0,0.0,0.5,0.0,0.0
0,0,1,dpga,roi_reg,7.687814235687256,1.0145277976989746,-0.8503152132034302,21.334306716918945,1501.0423583984375,1.0667153596878052,70.35815029358568,0.0,1.0,1.0,0.0,1,1,0,0,1,1,0.0013503422960639,0.01404179260134697,0.0,0.0
0,100,1,dpga,backbone,0.16613943874835968,1.7186524868011475,-0.025234099477529526,2.4388771057128906,34.86880111694336,0.24388772249221802,14.297071810328513,0.0,1.0,1.0,0.0,1,1,0,0,1,1,0.006996667943894863,0.4684991240501404,0.0,0.0
0,100,1,dpga,fpn,0.16613943874835968,1.7186524868011475,-0.06488800793886185,0.5367588996887207,8.362985610961914,0.08051382750272751,15.580525289495542,0.0,1.0,1.0,0.0,1,1,0,0,1,1,0.009647735394537449,0.41959404945373535,0.0,0.0
0,100,1,dpga,rpn,0.16613943874835968,1.7186524868011475,0.0,1.4603286981582642,0.0,0.0,0.0,0.0,1.0,1.0,0.0,0,0,0,0,0,0,0.0,0.0,0.0,0.0
0,100,1,dpga,roi_shared,0.16613943874835968,1.7186524868011475,-0.05584653466939926,0.5572021007537842,9.32517147064209,0.13930052518844604,16.735707668774,0.0,1.0,1.0,0.0,1,1,0,0,1,1,0.014961468987166882,0.43064188957214355,0.0,0.0
0,100,1,dpga,roi_cls,0.16613943874835968,1.7186524868011475,0.0,0.4500008523464203,0.0,0.0,0.0,0.0,1.0,1.0,0.0,0,0,0,0,0,0,0.0,0.5,0.0,0.0
0,100,1,dpga,roi_reg,0.16613943874835968,1.7186524868011475,-0.12346818298101425,0.25261354446411133,26.773258209228516,0.012630677781999111,105.98504631263815,0.0,1.0,1.0,0.0,1,1,0,0,1,1,0.0004754022229462862,0.35038647055625916,0.0,0.0
0,200,1,dpga,backbone,1.0882980823516846,0.7475804090499878,-0.10248330980539322,18.192983627319336,10.991832733154297,1.819298505783081,0.6041797738249215,0.0,1.0,1.0,0.0,1,0,0,0,1,1,0.16638973355293274,0.3746272027492523,0.0,0.0
0,200,1,dpga,fpn,1.0882980823516846,0.7475804090499878,-0.06938130408525467,4.185211181640625,3.4176390171051025,0.6277816891670227,0.816598940597633,0.0,1.0,1.0,0.0,1,0,0,0,1,1,0.1841324269771576,0.4141328036785126,0.0,0.0
0,200,1,dpga,rpn,1.0882980823516846,0.7475804090499878,0.0,4.560061931610107,0.0,0.0,0.0,0.0,1.0,1.0,0.0,0,0,0,0,0,0,0.0,0.0,0.0,0.0
0,200,1,dpga,roi_shared,1.0882980823516846,0.7475804090499878,-0.1010390892624855,7.5596394538879395,1.6078071594238281,1.599579095840454,0.21268304781346806,0.0,1.0,1.0,0.0,1,0,0,0,1,0,1.0,0.376320481300354,0.0,0.0
0,200,1,dpga,roi_cls,1.0882980823516846,0.7475804090499878,0.0,6.261621475219727,0.0,0.0,0.0,0.0,1.0,1.0,0.0,0,0,0,0,0,0,0.0,0.5,0.0,0.0
0,200,1,dpga,roi_reg,1.0882980823516846,0.7475804090499878,-0.13898184895515442,1.0427353382110596,3.861159086227417,0.05213676765561104,3.7029138121008818,0.0,1.0,1.0,0.0,1,1,0,0,1,1,0.013635210692882538,0.3329418897628784,0.0,0.0
0,300,1,dpga,backbone,0.08368377387523651,0.00010002159251598641,0.0,1.1851316690444946,0.0,0.0,0.0,0.0,1.0,1.0,0.0,0,0,0,0,0,0,0.0,0.5,0.0,0.0
0,300,1,dpga,fpn,0.08368377387523651,0.00010002159251598641,0.0,0.2836408019065857,0.0,0.0,0.0,0.0,1.0,1.0,0.0,0,0,0,0,0,0,0.0,0.5,0.0,0.0
0,300,1,dpga,rpn,0.08368377387523651,0.00010002159251598641,0.0,0.5568397641181946,0.0,0.0,0.0,0.0,1.0,1.0,0.0,0,0,0,0,0,0,0.0,0.0,0.0,0.0
0,300,1,dpga,roi_shared,0.08368377387523651,0.00010002159251598641,0.0,0.44579291343688965,0.0,0.0,0.0,0.0,1.0,1.0,0.0,0,0,0,0,0,0,0.0,0.5,0.0,0.0
0,300,1,dpga,roi_cls,0.08368377387523651,0.00010002159251598641,0.0,0.48288220167160034,0.0,0.0,0.0,0.0,1.0,1.0,0.0,0,0,0,0,0,0,0.0,0.5,0.0,0.0
0,300,1,dpga,roi_reg,0.08368377387523651,0.00010002159251598641,0.0,0.014048567041754723,0.0,0.0,0.0,0.0,1.0,1.0,0.0,0,0,0,0,0,0,0.0,0.5,0.0,0.0
0,400,1,dpga,backbone,0.05371981859207153,-0.0,0.0,1.2159124612808228,0.0,0.0,0.0,0.0,1.0,1.0,0.0,0,0,0,0,0,0,0.0,0.5,0.0,0.0
0,400,1,dpga,fpn,0.05371981859207153,-0.0,0.0,0.3415476977825165,0.0,0.0,0.0,0.0,1.0,1.0,0.0,0,0,0,0,0,0,0.0,0.5,0.0,0.0
0,400,1,dpga,rpn,0.05371981859207153,-0.0,0.0,0.4645269513130188,0.0,0.0,0.0,0.0,1.0,1.0,0.0,0,0,0,0,0,0,0.0,0.0,0.0,0.0
0,400,1,dpga,roi_shared,0.05371981859207153,-0.0,0.0,0.6492382287979126,0.0,0.0,0.0,0.0,1.0,1.0,0.0,0,0,0,0,0,0,0.0,0.5,0.0,0.0
0,400,1,dpga,roi_cls,0.05371981859207153,-0.0,0.0,0.7912132740020752,0.0,0.0,0.0,0.0,1.0,1.0,0.0,0,0,0,0,0,0,0.0,0.5,0.0,0.0
0,400,1,dpga,roi_reg,0.05371981859207153,-0.0,0.0,0.0,0.0,0.0,0.0,0.0,0.0,0.0,90.0,0,0,0,1,0,0,0.0,0.0,0.0,0.0
0,500,1,dpga,backbone,0.10114249587059021,0.16555431485176086,-0.13539491593837738,1.0003538131713867,8.588624000549316,0.10003537684679031,8.585586307029812,0.0,1.0,1.0,0.0,1,1,0,0,1,1,0.011755677871406078,0.3369368612766266,0.0,0.0
0,500,1,dpga,fpn,0.10114249587059021,0.16555431485176086,-0.024157047271728516,0.2733916640281677,2.7703051567077637,0.04100875183939934,10.133100314361952,0.0,1.0,1.0,0.0,1,1,0,0,1,1,0.014807295054197311,0.46984031796455383,0.0,0.0
0,500,1,dpga,rpn,0.10114249587059021,0.16555431485176086,0.0,0.4657406210899353,0.0,0.0,0.0,0.0,1.0,1.0,0.0,0,0,0,0,0,0,0.0,0.0,0.0,0.0
0,500,1,dpga,roi_shared,0.10114249587059021,0.16555431485176086,-0.035455722361803055,0.41768133640289307,0.39812326431274414,0.10442034155130386,0.953174656405324,0.0,1.0,1.0,0.0,1,0,0,0,1,1,0.26244643330574036,0.45579609274864197,0.0,0.0
0,500,1,dpga,roi_cls,0.10114249587059021,0.16555431485176086,0.0,0.3964473009109497,0.0,0.0,0.0,0.0,1.0,1.0,0.0,0,0,0,0,0,0,0.0,0.5,0.0,0.0
0,500,1,dpga,roi_reg,0.10114249587059021,0.16555431485176086,0.17071594297885895,0.08053071051836014,0.45157086849212646,0.0040265354327857494,5.607436785115327,0.0,1.0,1.0,0.0,0,1,0,0,0,1,0.008916730061173439,0.701317548751831,0.0,0.0
0,600,1,dpga,backbone,0.4287024438381195,1.0374265909194946,0.00023445110127795488,1.4232150316238403,5.073966026306152,0.14232151210308075,3.5651436455929844,0.0,1.0,1.0,0.0,0,1,0,0,0,1,0.02804936282336712,0.5002930760383606,0.0,0.0
0,600,1,dpga,fpn,0.4287024438381195,1.0374265909194946,-0.04012691229581833,0.42299580574035645,1.8191277980804443,0.06344937533140182,4.300581172185576,0.0,1.0,1.0,0.0,1,1,0,0,1,1,0.03490712493658066,0.45000895857810974,0.0,0.0
0,600,1,dpga,rpn,0.4287024438381195,1.0374265909194946,0.0,0.8744473457336426,0.0,0.0,0.0,0.0,1.0,1.0,0.0,0,0,0,0,0,0,0.0,0.0,0.0,0.0
0,600,1,dpga,roi_shared,0.4287024438381195,1.0374265909194946,-0.16426031291484833,0.5586071014404297,1.4031851291656494,0.13965177536010742,2.5119357157246704,0.0,1.0,1.0,0.0,1,1,0,0,1,1,0.10089530050754547,0.30548742413520813,0.0,0.0
0,600,1,dpga,roi_cls,0.4287024438381195,1.0374265909194946,0.0,0.3725978434085846,0.0,0.0,0.0,0.0,1.0,1.0,0.0,0,0,0,0,0,0,0.0,0.5,0.0,0.0
0,600,1,dpga,roi_reg,0.4287024438381195,1.0374265909194946,-0.49067866802215576,0.22241893410682678,1.7525993585586548,0.011120947077870369,7.879721956211198,0.0,1.0,1.0,0.0,1,1,0,0,1,1,0.0072823441587388515,0.07919074594974518,0.0,0.0
0,700,1,dpga,backbone,0.665276288986206,0.4020065367221832,0.13111256062984467,3.997018814086914,37.45391845703125,0.399701863527298,9.370463387620378,0.0,1.0,1.0,0.0,0,1,0,0,0,1,0.010671830736100674,0.6582629680633545,0.0,0.0
0,700,1,dpga,fpn,0.665276288986206,0.4020065367221832,0.08973673731088638,1.088065266609192,13.616362571716309,0.16320979595184326,12.514288425132676,0.0,1.0,1.0,0.0,0,1,0,0,0,1,0.01198629941791296,0.6103262305259705,0.0,0.0
0,700,1,dpga,rpn,0.665276288986206,0.4020065367221832,0.0,1.1273202896118164,0.0,0.0,0.0,0.0,1.0,1.0,0.0,0,0,0,0,0,0,0.0,0.0,0.0,0.0
0,700,1,dpga,roi_shared,0.665276288986206,0.4020065367221832,0.03536168113350868,1.8397786617279053,0.29712975025177,0.29712975025177,0.16150298752389494,0.0,1.0,1.0,0.0,0,0,0,0,0,0,1.0,0.544087290763855,0.0,0.0
0,700,1,dpga,roi_cls,0.665276288986206,0.4020065367221832,0.0,1.5717191696166992,0.0,0.0,0.0,0.0,1.0,1.0,0.0,0,0,0,0,0,0,0.0,0.5,0.0,0.0
0,700,1,dpga,roi_reg,0.665276288986206,0.4020065367221832,-0.3723480701446533,0.36172807216644287,0.4995197653770447,0.018086403608322144,1.3809261813310396,0.0,1.0,1.0,0.0,1,1,0,0,1,1,0.03901287540793419,0.13450032472610474,0.0,0.0
1,0,1,dpga,backbone,0.055837348103523254,0.032943304628133774,-0.13685443997383118,0.9802805185317993,20.376216888427734,0.09802806377410889,20.786108163146924,0.0,1.0,1.0,0.0,1,1,0,0,1,1,0.00485659996047616,0.3353084921836853,0.0,0.0
1,0,1,dpga,fpn,0.055837348103523254,0.032943304628133774,-0.052392616868019104,0.263285368680954,5.671123504638672,0.039492808282375336,21.53983540008587,0.0,1.0,1.0,0.0,1,1,0,0,1,1,0.006973419804126024,0.43488121032714844,0.0,0.0
1,0,1,dpga,rpn,0.055837348103523254,0.032943304628133774,0.0,0.23800845444202423,0.0,0.0,0.0,0.0,1.0,1.0,0.0,0,0,0,0,0,0,0.0,0.0,0.0,0.0
1,0,1,dpga,roi_shared,0.055837348103523254,0.032943304628133774,-0.10899586975574493,0.4713229537010193,0.1058545857667923,0.10522391647100449,0.22459034709763037,0.0,1.0,1.0,0.0,1,0,0,0,1,0,1.0,0.3670300245285034,0.0,0.0
1,0,1,dpga,roi_cls,0.055837348103523254,0.032943304628133774,0.0,0.41779547929763794,0.0,0.0,0.0,0.0,1.0,1.0,0.0,0,0,0,0,0,0,0.0,0.5,0.0,0.0
1,0,1,dpga,roi_reg,0.055837348103523254,0.032943304628133774,-0.4424923360347748,0.020621322095394135,0.13231217861175537,0.0010310661746188998,6.416280100746203,0.0,1.0,1.0,0.0,1,1,0,0,1,1,0.008689695969223976,0.09863699227571487,0.0,0.0
1,100,1,dpga,backbone,0.43094080686569214,1.9280316829681396,-0.08926845341920853,1.9162346124649048,7.406301021575928,0.19162344932556152,3.8650283078067362,0.0,1.0,1.0,0.0,1,1,0,0,1,1,0.025976737961173058,0.39023080468177795,0.0,0.0
1,100,1,dpga,fpn,0.43094080686569214,1.9280316829681396,-0.08333422243595123,0.40440425276756287,2.2956135272979736,0.06066063418984413,5.676531618022846,0.0,1.0,1.0,0.0,1,1,0,0,1,1,0.02651682123541832,0.3973136246204376,0.0,0.0
1,100,1,dpga,rpn,0.43094080686569214,1.9280316829681396,0.0,0.5451998710632324,0.0,0.0,0.0,0.0,1.0,1.0,0.0,0,0,0,0,0,0,0.0,0.0,0.0,0.0
1,100,1,dpga,roi_shared,0.43094080686569214,1.9280316829681396,-0.2798161208629608,0.6474553942680359,1.5956112146377563,0.16186383366584778,2.4644341969559673,0.0,1.0,1.0,0.0,1,1,0,0,1,1,0.10566405951976776,0.19796203076839447,0.0,0.0
1,100,1,dpga,roi_cls,0.43094080686569214,1.9280316829681396,0.0,0.5189502835273743,0.0,0.0,0.0,0.0,1.0,1.0,0.0,0,0,0,0,0,0,0.0,0.5,0.0,0.0
1,100,1,dpga,roi_reg,0.43094080686569214,1.9280316829681396,-0.8042035102844238,0.24859975278377533,2.2077536582946777,0.012429988011717796,8.880755646667582,0.0,1.0,1.0,0.0,1,1,0,0,1,1,0.009472723118960857,0.01761871948838234,0.0,0.0
1,200,1,dpga,backbone,0.3773806393146515,1.8266488313674927,0.18450093269348145,1.0871238708496094,11.99645709991455,0.10871239751577377,11.035041563882757,0.0,1.0,1.0,0.0,0,1,0,0,0,1,0.009062041528522968,0.7155521512031555,0.0,0.0
1,200,1,dpga,fpn,0.3773806393146515,1.8266488313674927,0.1362328678369522,0.27990880608558655,4.771254062652588,0.04198632761836052,17.045744753002523,0.0,1.0,1.0,0.0,0,1,0,0,0,1,0.008799850940704346,0.663998544216156,0.0,0.0
1,200,1,dpga,rpn,0.3773806393146515,1.8266488313674927,0.0,0.37410929799079895,0.0,0.0,0.0,0.0,1.0,1.0,0.0,0,0,0,0,0,0,0.0,0.0,0.0,0.0
1,200,1,dpga,roi_shared,0.3773806393146515,1.8266488313674927,0.3454414904117584,0.5698275566101074,2.837799310684204,0.14245690405368805,4.980101923406819,0.0,1.0,1.0,0.0,0,1,0,0,0,1,0.05019977688789368,0.8490548729896545,0.0,0.0
1,200,1,dpga,roi_cls,0.3773806393146515,1.8266488313674927,0.0,0.3425288200378418,0.0,0.0,0.0,0.0,1.0,1.0,0.0,0,0,0,0,0,0,0.0,0.5,0.0,0.0
1,200,1,dpga,roi_reg,0.3773806393146515,1.8266488313674927,0.42887216806411743,0.2748410999774933,3.275149345397949,0.01374205481261015,11.916519565909724,0.0,1.0,1.0,0.0,0,1,0,0,0,1,0.004195855930447578,0.8951405882835388,0.0,0.0
1,300,1,dpga,backbone,0.16483360528945923,2.0183889865875244,-0.015310314483940601,0.7110406756401062,21.132755279541016,0.07110406458377838,29.720880961580004,0.0,1.0,1.0,0.0,1,1,0,0,1,1,0.0033650321420282125,0.48087143898010254,0.0,0.0
1,300,1,dpga,fpn,0.16483360528945923,2.0183889865875244,0.05864299461245537,0.26337841153144836,8.250126838684082,0.03950676694512367,31.324233412725956,0.0,1.0,1.0,0.0,0,1,0,0,0,1,0.004788625054061413,0.5727830529212952,0.0,0.0
1,300,1,dpga,rpn,0.16483360528945923,2.0183889865875244,0.0,0.22852860391139984,0.0,0.0,0.0,0.0,1.0,1.0,0.0,0,0,0,0,0,0,0.0,0.0,0.0,0.0
1,300,1,dpga,roi_shared,0.16483360528945923,2.0183889865875244,0.0498577244579792,0.37617456912994385,6.7796101570129395,0.09404364228248596,18.022510593136413,0.0,1.0,1.0,0.0,0,1,0,0,0,1,0.013871541246771812,0.5620014071464539,0.0,0.0
1,300,1,dpga,roi_cls,0.16483360528945923,2.0183889865875244,0.0,0.3447563350200653,0.0,0.0,0.0,0.0,1.0,1.0,0.0,0,0,0,0,0,0,0.0,0.5,0.0,0.0
1,300,1,dpga,roi_reg,0.16483360528945923,2.0183889865875244,-0.3736449182033539,0.04923384264111519,7.409859657287598,0.0024616920854896307,150.50337856626334,0.0,1.0,1.0,0.0,1,1,0,0,1,1,0.00035815927549265325,0.13374727964401245,0.0,0.0
1,400,1,dpga,backbone,0.13052998483181,0.20692121982574463,-0.09915146976709366,1.1912641525268555,6.316306114196777,0.11912642419338226,5.302187680875745,0.0,1.0,1.0,0.0,1,1,0,0,1,1,0.018953535705804825,0.37853819131851196,0.0,0.0
1,400,1,dpga,fpn,0.13052998483181,0.20692121982574463,0.051227789372205734,0.2701622545719147,2.7383205890655518,0.04052434489130974,10.13583704875633,0.0,1.0,1.0,0.0,0,1,0,0,0,1,0.014798976480960846,0.5636869072914124,0.0,0.0
1,400,1,dpga,rpn,0.13052998483181,0.20692121982574463,0.0,0.2742231786251068,0.0,0.0,0.0,0.0,1.0,1.0,0.0,0,0,0,0,0,0,0.0,0.0,0.0,0.0
1,400,1,dpga,roi_shared,0.13052998483181,0.20692121982574463,0.01715998910367489,0.3877352476119995,0.5051769614219666,0.09693381190299988,1.3028915078865595,0.0,1.0,1.0,0.0,0,1,0,0,0,1,0.19188089668750763,0.521436870098114,0.0,0.0
1,400,1,dpga,roi_cls,0.13052998483181,0.20692121982574463,0.0,0.2620631158351898,0.0,0.0,0.0,0.0,1.0,1.0,0.0,0,0,0,0,0,0,0.0,0.5,0.0,0.0
1,400,1,dpga,roi_reg,0.13052998483181,0.20692121982574463,-0.11179821938276291,0.09871471673250198,0.558569610118866,0.004935735836625099,5.658422863456954,0.0,1.0,1.0,0.0,1,1,0,0,1,1,0.008892130106687546,0.3637809455394745,0.0,0.0
1,500,1,dpga,backbone,0.08486849069595337,0.00010002159251598641,0.36108165979385376,1.1162306070327759,1.614565078855712e-11,1.614565078855712e-11,1.446444013166451e-11,0.0,1.0,1.0,0.0,0,0,0,0,0,0,1.0,0.8588059544563293,0.0,0.0
1,500,1,dpga,fpn,0.08486849069595337,0.00010002159251598641,0.02962946891784668,0.26641330122947693,4.344169989012325e-12,4.344169989012325e-12,1.6306130245615794e-11,0.0,1.0,1.0,0.0,0,0,0,0,0,0,1.0,0.5369692444801331,0.0,0.0
1,500,1,dpga,rpn,0.08486849069595337,0.00010002159251598641,0.0,0.2802518606185913,0.0,0.0,0.0,0.0,1.0,1.0,0.0,0,0,0,0,0,0,0.0,0.0,0.0,0.0
1,500,1,dpga,roi_shared,0.08486849069595337,0.00010002159251598641,0.07020233571529388,0.3702162206172943,1.0536502226266009e-11,1.0536502226266009e-11,2.8460401353289072e-11,0.0,1.0,1.0,0.0,0,0,0,0,0,0,1.0,0.5868628621101379,0.0,0.0
1,500,1,dpga,roi_cls,0.08486849069595337,0.00010002159251598641,0.0,0.33372360467910767,0.0,0.0,0.0,0.0,1.0,1.0,0.0,0,0,0,0,0,0,0.0,0.5,0.0,0.0
1,500,1,dpga,roi_reg,0.08486849069595337,0.00010002159251598641,0.0,0.005422838497906923,1.2026521271912838e-11,1.2026521271912838e-11,2.217753908134046e-09,0.0,1.0,1.0,0.0,0,0,0,0,0,0,1.0,0.5,0.0,0.0
1,600,1,dpga,backbone,0.9441019892692566,0.43301457166671753,0.020651018247008324,3.243149995803833,3.385160446166992,0.32431498169898987,1.0437878144849606,0.0,1.0,1.0,0.0,0,1,0,0,0,1,0.09580491483211517,0.5257908701896667,0.0,0.0
1,600,1,dpga,fpn,0.9441019892692566,0.43301457166671753,-0.07607505470514297,1.101119041442871,1.4341785907745361,0.16516786813735962,1.302473698842983,0.0,1.0,1.0,0.0,1,1,0,0,1,1,0.11550018936395645,0.4060364067554474,0.0,0.0
1,600,1,dpga,rpn,0.9441019892692566,0.43301457166671753,0.0,1.2835901975631714,0.0,0.0,0.0,0.0,1.0,1.0,0.0,0,0,0,0,0,0,0.0,0.0,0.0,0.0
1,600,1,dpga,roi_shared,0.9441019892692566,0.43301457166671753,0.11408262699842453,1.9629791975021362,0.24028080701828003,0.24028080701828003,0.12240619122405068,0.0,1.0,1.0,0.0,0,0,0,0,0,0,1.0,0.6388584971427917,0.0,0.0
1,600,1,dpga,roi_cls,0.9441019892692566,0.43301457166671753,0.0,1.4454680681228638,0.0,0.0,0.0,0.0,1.0,1.0,0.0,0,0,0,0,0,0,0.0,0.5,0.0,0.0
1,600,1,dpga,roi_reg,0.9441019892692566,0.43301457166671753,0.29299747943878174,0.4514182209968567,0.2570532262325287,0.022570911794900894,0.5694347597774938,0.0,1.0,1.0,0.0,0,0,0,0,0,1,0.08780637383460999,0.8122943043708801,0.0,0.0
1,700,1,dpga,backbone,0.08953520655632019,-0.0,0.0,1.1458439826965332,0.0,0.0,0.0,0.0,1.0,1.0,0.0,0,0,0,0,0,0,0.0,0.5,0.0,0.0
1,700,1,dpga,fpn,0.08953520655632019,-0.0,0.0,0.4994751513004303,0.0,0.0,0.0,0.0,1.0,1.0,0.0,0,0,0,0,0,0,0.0,0.5,0.0,0.0
1,700,1,dpga,rpn,0.08953520655632019,-0.0,0.0,0.28813374042510986,0.0,0.0,0.0,0.0,1.0,1.0,0.0,0,0,0,0,0,0,0.0,0.0,0.0,0.0
1,700,1,dpga,roi_shared,0.08953520655632019,-0.0,0.0,0.7103446125984192,0.0,0.0,0.0,0.0,1.0,1.0,0.0,0,0,0,0,0,0,0.0,0.5,0.0,0.0
1,700,1,dpga,roi_cls,0.08953520655632019,-0.0,0.0,0.5638433694839478,0.0,0.0,0.0,0.0,1.0,1.0,0.0,0,0,0,0,0,0,0.0,0.5,0.0,0.0
1,700,1,dpga,roi_reg,0.08953520655632019,-0.0,0.0,0.0,0.0,0.0,0.0,0.0,0.0,0.0,90.0,0,0,0,1,0,0,0.0,0.0,0.0,0.0
2,0,1,dpga,backbone,0.038307562470436096,0.00010002159251598641,0.0,0.663571298122406,0.0,0.0,0.0,0.0,1.0,1.0,0.0,0,0,0,0,0,0,0.0,0.5,0.0,0.0
2,0,1,dpga,fpn,0.038307562470436096,0.00010002159251598641,0.0,0.15756267309188843,0.0,0.0,0.0,0.0,1.0,1.0,0.0,0,0,0,0,0,0,0.0,0.5,0.0,0.0
2,0,1,dpga,rpn,0.038307562470436096,0.00010002159251598641,0.0,0.15947042405605316,0.0,0.0,0.0,0.0,1.0,1.0,0.0,0,0,0,0,0,0,0.0,0.0,0.0,0.0
2,0,1,dpga,roi_shared,0.038307562470436096,0.00010002159251598641,0.0,0.25029653310775757,0.0,0.0,0.0,0.0,1.0,1.0,0.0,0,0,0,0,0,0,0.0,0.5,0.0,0.0
2,0,1,dpga,roi_cls,0.038307562470436096,0.00010002159251598641,0.0,0.18392398953437805,0.0,0.0,0.0,0.0,1.0,1.0,0.0,0,0,0,0,0,0,0.0,0.5,0.0,0.0
2,0,1,dpga,roi_reg,0.038307562470436096,0.00010002159251598641,0.0,0.003931931685656309,0.0,0.0,0.0,0.0,1.0,1.0,0.0,0,0,0,0,0,0,0.0,0.5,0.0,0.0
2,100,1,dpga,backbone,0.07075069844722748,-0.0,0.0,0.651128888130188,0.0,0.0,0.0,0.0,1.0,1.0,0.0,0,0,0,0,0,0,0.0,0.5,0.0,0.0
2,100,1,dpga,fpn,0.07075069844722748,-0.0,0.0,0.32923486828804016,0.0,0.0,0.0,0.0,1.0,1.0,0.0,0,0,0,0,0,0,0.0,0.5,0.0,0.0
2,100,1,dpga,rpn,0.07075069844722748,-0.0,0.0,0.24423514306545258,0.0,0.0,0.0,0.0,1.0,1.0,0.0,0,0,0,0,0,0,0.0,0.0,0.0,0.0
2,100,1,dpga,roi_shared,0.07075069844722748,-0.0,0.0,0.5624903440475464,0.0,0.0,0.0,0.0,1.0,1.0,0.0,0,0,0,0,0,0,0.0,0.5,0.0,0.0
2,100,1,dpga,roi_cls,0.07075069844722748,-0.0,0.0,0.4589303731918335,0.0,0.0,0.0,0.0,1.0,1.0,0.0,0,0,0,0,0,0,0.0,0.5,0.0,0.0
2,100,1,dpga,roi_reg,0.07075069844722748,-0.0,0.0,0.0,0.0,0.0,0.0,0.0,0.0,0.0,90.0,0,0,0,1,0,0,0.0,0.0,0.0,0.0
2,200,1,dpga,backbone,0.09266245365142822,1.7049891948699951,-0.022840900346636772,1.1549618244171143,15.848037719726562,0.1154961809515953,13.721698314768755,0.0,1.0,1.0,0.0,1,1,0,0,1,1,0.007289628963917494,0.4714798927307129,0.0,0.0
2,200,1,dpga,fpn,0.09266245365142822,1.7049891948699951,0.017373589798808098,0.21702051162719727,5.471100807189941,0.03255307674407959,25.21006316945894,0.0,1.0,1.0,0.0,0,1,0,0,0,1,0.005950004793703556,0.5217033624649048,0.0,0.0
2,200,1,dpga,rpn,0.09266245365142822,1.7049891948699951,0.0,0.2795398533344269,0.0,0.0,0.0,0.0,1.0,1.0,0.0,0,0,0,0,0,0,0.0,0.0,0.0,0.0
2,200,1,dpga,roi_shared,0.09266245365142822,1.7049891948699951,-0.028507467359304428,0.2590016722679138,5.143836498260498,0.06475042551755905,19.86024434984985,0.0,1.0,1.0,0.0,1,1,0,0,1,1,0.012593081220984459,0.4644258916378021,0.0,0.0
2,200,1,dpga,roi_cls,0.09266245365142822,1.7049891948699951,0.0,0.19648203253746033,0.0,0.0,0.0,0.0,1.0,1.0,0.0,0,0,0,0,0,0,0.0,0.5,0.0,0.0
2,200,1,dpga,roi_reg,0.09266245365142822,1.7049891948699951,-0.4050944745540619,0.05883835256099701,5.352160453796387,0.002941917395219207,90.96380542347556,0.0,1.0,1.0,0.0,1,1,0,0,1,1,0.0006012077792547643,0.11655431240797043,0.0,0.0
2,300,1,dpga,backbone,0.12867003679275513,4.565126895904541,-0.11065525561571121,0.6243218779563904,15.804105758666992,0.062432192265987396,25.31403482190789,0.0,1.0,1.0,0.0,1,1,0,0,1,1,0.003974787425249815,0.3651045858860016,0.0,0.0
2,300,1,dpga,fpn,0.12867003679275513,4.565126895904541,-0.10283918678760529,0.23889797925949097,4.472480297088623,0.035834696143865585,18.7212981497454,0.0,1.0,1.0,0.0,1,1,0,0,1,1,0.008054972626268864,0.3742104470729828,0.0,0.0
2,300,1,dpga,rpn,0.12867003679275513,4.565126895904541,0.0,0.14304010570049286,0.0,0.0,0.0,0.0,1.0,1.0,0.0,0,0,0,0,0,0,0.0,0.0,0.0,0.0
2,300,1,dpga,roi_shared,0.12867003679275513,4.565126895904541,-0.13603167235851288,0.40510421991348267,12.32354736328125,0.10127605497837067,30.42068375864652,0.0,1.0,1.0,0.0,1,1,0,0,1,1,0.008295200765132904,0.3362259566783905,0.0,0.0
2,300,1,dpga,roi_cls,0.12867003679275513,4.565126895904541,0.0,0.22055570781230927,0.0,0.0,0.0,0.0,1.0,1.0,0.0,0,0,0,0,0,0,0.0,0.5,0.0,0.0
2,300,1,dpga,roi_reg,0.12867003679275513,4.565126895904541,-0.21506789326667786,0.06955565512180328,12.409574508666992,0.003477782942354679,178.41215767338838,0.0,1.0,1.0,0.0,1,1,0,0,1,1,0.00028696522349491715,0.2543889880180359,0.0,0.0
2,400,1,dpga,backbone,0.11437468975782394,0.9192270040512085,-0.11149387806653976,0.7222440838813782,9.89440631866455,0.07222441583871841,13.699532525751522,0.0,1.0,1.0,0.0,1,1,0,0,1,1,0.007345316931605339,0.36413320899009705,0.0,0.0
2,400,1,dpga,fpn,0.11437468975782394,0.9192270040512085,-0.12987008690834045,0.2744080722332001,3.644970655441284,0.04116121679544449,13.28302999899974,0.0,1.0,1.0,0.0,1,1,0,0,1,1,0.011389059014618397,0.3431359529495239,0.0,0.0
2,400,1,dpga,rpn,0.11437468975782394,0.9192270040512085,0.0,0.26621493697166443,0.0,0.0,0.0,0.0,1.0,1.0,0.0,0,0,0,0,0,0,0.0,0.0,0.0,0.0
2,400,1,dpga,roi_shared,0.11437468975782394,0.9192270040512085,0.031900107860565186,0.36761635541915894,3.0807347297668457,0.09190408885478973,8.380298330998274,0.0,1.0,1.0,0.0,0,1,0,0,0,1,0.02983187325298786,0.5397908091545105,0.0,0.0
2,400,1,dpga,roi_cls,0.11437468975782394,0.9192270040512085,0.0,0.24511893093585968,0.0,0.0,0.0,0.0,1.0,1.0,0.0,0,0,0,0,0,0,0.0,0.5,0.0,0.0
2,400,1,dpga,roi_reg,0.11437468975782394,0.9192270040512085,0.3349393308162689,0.04326363280415535,2.6243038177490234,0.0021631817799061537,60.65842481671965,0.0,1.0,1.0,0.0,0,1,0,0,0,1,0.0008242878830060363,0.8422009944915771,0.0,0.0
2,500,1,dpga,backbone,0.1696835309267044,0.09355111420154572,0.102477066218853,2.4257853031158447,2.3565685749053955,0.24257853627204895,0.97146625955663,0.0,1.0,1.0,0.0,0,0,0,0,0,1,0.10293718427419662,0.6253654956817627,0.0,0.0
2,500,1,dpga,fpn,0.1696835309267044,0.09355111420154572,0.004573617596179247,0.5830829739570618,0.9117218255996704,0.08746245503425598,1.5636227883869056,0.0,1.0,1.0,0.0,0,1,0,0,0,1,0.09593106806278229,0.5057167410850525,0.0,0.0
2,500,1,dpga,rpn,0.1696835309267044,0.09355111420154572,0.0,0.32210585474967957,0.0,0.0,0.0,0.0,1.0,1.0,0.0,0,0,0,0,0,0,0.0,0.0,0.0,0.0
2,500,1,dpga,roi_shared,0.1696835309267044,0.09355111420154572,-0.03705079108476639,0.8463450074195862,0.26496273279190063,0.21158625185489655,0.3130670476804054,0.0,1.0,1.0,0.0,1,0,0,0,1,1,0.7990996241569519,0.45381850004196167,0.0,0.0
2,500,1,dpga,roi_cls,0.1696835309267044,0.09355111420154572,0.0,0.5023260116577148,0.0,0.0,0.0,0.0,1.0,1.0,0.0,0,0,0,0,0,0,0.0,0.5,0.0,0.0
2,500,1,dpga,roi_reg,0.1696835309267044,0.09355111420154572,-0.24266770482063293,0.1335059404373169,0.24260328710079193,0.0066752964630723,1.8171722269893895,0.0,1.0,1.0,0.0,1,1,0,0,1,1,0.02836306206882,0.22911085188388824,0.0,0.0
2,600,1,dpga,backbone,0.12198444455862045,0.26371294260025024,-0.0688137635588646,0.7914889454841614,6.016917705535889,0.07914889603853226,7.602023679377205,0.0,1.0,1.0,0.0,1,1,0,0,1,1,0.013185650110244751,0.41482147574424744,0.0,0.0
2,600,1,dpga,fpn,0.12198444455862045,0.26371294260025024,-0.014223027974367142,0.3337642550468445,2.7074952125549316,0.05006464198231697,8.111998728488553,0.0,1.0,1.0,0.0,1,1,0,0,1,1,0.01849300041794777,0.48222872614860535,0.0,0.0
2,600,1,dpga,rpn,0.12198444455862045,0.26371294260025024,0.0,0.4431440830230713,0.0,0.0,0.0,0.0,1.0,1.0,0.0,0,0,0,0,0,0,0.0,0.0,0.0,0.0
2,600,1,dpga,roi_shared,0.12198444455862045,0.26371294260025024,-0.010715391486883163,0.4230206310749054,0.22896964848041534,0.10575515776872635,0.5412730057600218,0.0,1.0,1.0,0.0,1,0,0,0,1,1,0.46190065145492554,0.48660895228385925,0.0,0.0
2,600,1,dpga,roi_cls,0.12198444455862045,0.26371294260025024,0.0,0.22673065960407257,0.0,0.0,0.0,0.0,1.0,1.0,0.0,0,0,0,0,0,0,0.0,0.5,0.0,0.0
2,600,1,dpga,roi_reg,0.12198444455862045,0.26371294260025024,0.08225574344396591,0.07704979181289673,0.16336563229560852,0.003852489870041609,2.120260528312863,0.0,1.0,1.0,0.0,0,1,0,0,0,1,0.023582007735967636,0.6013944149017334,0.0,0.0
2,700,1,dpga,backbone,0.24506014585494995,0.348715215921402,0.4079260528087616,6.769617557525635,5.170435905456543,0.6769618988037109,0.7637707538897354,0.0,1.0,1.0,0.0,0,0,0,0,0,1,0.1309293508529663,0.8848956227302551,0.0,0.0
2,700,1,dpga,fpn,0.24506014585494995,0.348715215921402,-0.007193874567747116,0.47548431158065796,1.7829601764678955,0.07132264971733093,3.7497770863160143,0.0,1.0,1.0,0.0,1,1,0,0,1,1,0.04000341519713402,0.4910086691379547,0.0,0.0
2,700,1,dpga,rpn,0.24506014585494995,0.348715215921402,0.0,0.6701093912124634,0.0,0.0,0.0,0.0,1.0,1.0,0.0,0,0,0,0,0,0,0.0,0.0,0.0,0.0
2,700,1,dpga,roi_shared,0.24506014585494995,0.348715215921402,-0.1480243057012558,0.5050188302993774,0.31964606046676636,0.12625470757484436,0.6329388951245218,0.0,1.0,1.0,0.0,1,0,0,0,1,1,0.3993825316429138,0.32297757267951965,0.0,0.0
2,700,1,dpga,roi_cls,0.24506014585494995,0.348715215921402,0.0,0.23107995092868805,0.0,0.0,0.0,0.0,1.0,1.0,0.0,0,0,0,0,0,0,0.0,0.5,0.0,0.0
2,700,1,dpga,roi_reg,0.24506014585494995,0.348715215921402,-0.43777763843536377,0.10119229555130005,0.23863741755485535,0.0050596147775650024,2.358256784814973,0.0,1.0,1.0,0.0,1,1,0,0,1,1,0.023581909015774727,0.10075279325246811,0.0,0.0
3,0,1,dpga,backbone,0.08556590974330902,0.00010002159251598641,0.17365030944347382,0.6986549496650696,9.066588625705752e-12,9.066588625705752e-12,1.2977205171239698e-11,0.0,1.0,1.0,0.0,0,0,0,0,0,0,1.0,0.7043817639350891,0.0,0.0
3,0,1,dpga,fpn,0.08556590974330902,0.00010002159251598641,0.0,0.2611972391605377,3.140325022590873e-12,3.140325022590873e-12,1.2022810932778499e-11,0.0,1.0,1.0,0.0,0,0,0,0,0,0,1.0,0.5,0.0,0.0
3,0,1,dpga,rpn,0.08556590974330902,0.00010002159251598641,0.0,0.20344439148902893,0.0,0.0,0.0,0.0,1.0,1.0,0.0,0,0,0,0,0,0,0.0,0.0,0.0,0.0
3,0,1,dpga,roi_shared,0.08556590974330902,0.00010002159251598641,-0.0030310340225696564,0.43426084518432617,8.483452655638768e-12,8.483389338231895e-12,1.9535384665034413e-11,0.0,1.0,1.0,0.0,1,0,0,0,1,0,1.0,0.49621132016181946,0.0,0.0
3,0,1,dpga,roi_cls,0.08556590974330902,0.00010002159251598641,0.0,0.29607370495796204,0.0,0.0,0.0,0.0,1.0,1.0,0.0,0,0,0,0,0,0,0.0,0.5,0.0,0.0
3,0,1,dpga,roi_reg,0.08556590974330902,0.00010002159251598641,0.0,0.0060183084569871426,8.257684466772552e-12,8.257684466772552e-12,1.3720939240303538e-09,0.0,1.0,1.0,0.0,0,0,0,0,0,0,1.0,0.5,0.0,0.0
3,100,1,dpga,backbone,0.08701550960540771,0.00010002159251598641,-0.03396119549870491,0.7269399166107178,1.1090368207122836e-11,1.1082285263086522e-11,1.525623776285464e-11,0.0,1.0,1.0,0.0,1,0,0,0,1,0,1.0,0.45765024423599243,0.0,0.0
3,100,1,dpga,fpn,0.08701550960540771,0.00010002159251598641,0.0,0.19528314471244812,4.4641230816100386e-12,4.4641230816100386e-12,2.2859745976455885e-11,0.0,1.0,1.0,0.0,0,0,0,0,0,0,1.0,0.5,0.0,0.0
3,100,1,dpga,rpn,0.08701550960540771,0.00010002159251598641,0.0,0.31753119826316833,0.0,0.0,0.0,0.0,1.0,1.0,0.0,0,0,0,0,0,0,0.0,0.0,0.0,0.0
3,100,1,dpga,roi_shared,0.08701550960540771,0.00010002159251598641,0.05884414166212082,0.2361760437488556,1.0832523246462333e-11,1.0832523246462333e-11,4.586630834574145e-11,0.0,1.0,1.0,0.0,0,0,0,0,0,0,1.0,0.5730291604995728,0.0,0.0
3,100,1,dpga,roi_cls,0.08701550960540771,0.00010002159251598641,0.0,0.1694716066122055,0.0,0.0,0.0,0.0,1.0,1.0,0.0,0,0,0,0,0,0,0.0,0.5,0.0,0.0
3,100,1,dpga,roi_reg,0.08701550960540771,0.00010002159251598641,0.0,0.007152363192290068,8.21697744568528e-12,8.21697744568528e-12,1.1488479017037083e-09,0.0,1.0,1.0,0.0,0,0,0,0,0,0,1.0,0.5,0.0,0.0
3,200,1,dpga,backbone,0.2600986957550049,0.9925675988197327,-0.08510672301054001,1.2277038097381592,8.106663703918457,0.12277039140462875,6.6031103264617395,0.0,1.0,1.0,0.0,1,1,0,0,1,1,0.015199526213109493,0.39519333839416504,0.0,0.0
3,200,1,dpga,fpn,0.2600986957550049,0.9925675988197327,-0.07840506732463837,0.3491738438606262,3.0126612186431885,0.05237608030438423,8.627969338521533,0.0,1.0,1.0,0.0,1,1,0,0,1,1,0.01743900403380394,0.40322983264923096,0.0,0.0
3,200,1,dpga,rpn,0.2600986957550049,0.9925675988197327,0.0,0.32023754715919495,0.0,0.0,0.0,0.0,1.0,1.0,0.0,0,0,0,0,0,0,0.0,0.0,0.0,0.0
3,200,1,dpga,roi_shared,0.2600986957550049,0.9925675988197327,-0.007235006429255009,0.5753566026687622,1.6263700723648071,0.14383916556835175,2.8267166220409616,0.0,1.0,1.0,0.0,1,1,0,0,1,1,0.08844415098428726,0.49095723032951355,0.0,0.0
3,200,1,dpga,roi_cls,0.2600986957550049,0.9925675988197327,0.0,0.22523388266563416,0.0,0.0,0.0,0.0,1.0,1.0,0.0,0,0,0,0,0,0,0.0,0.5,0.0,0.0
3,200,1,dpga,roi_reg,0.2600986957550049,0.9925675988197327,0.13580761849880219,0.13793423771858215,1.275786280632019,0.006896711885929108,9.249235735328591,0.0,1.0,1.0,0.0,0,1,0,0,0,1,0.005405852105468512,0.6635239720344543,0.0,0.0
3,300,1,dpga,backbone,0.15184341371059418,3.7201592922210693,-0.005284934304654598,1.2765620946884155,17.73809814453125,0.12765620648860931,13.895209812618463,0.0,1.0,1.0,0.0,1,1,0,0,1,1,0.0071968259289860725,0.49339425563812256,0.0,0.0
3,300,1,dpga,fpn,0.15184341371059418,3.7201592922210693,0.004700932186096907,0.30242598056793213,5.824214458465576,0.045363899320364,19.25831387742601,0.0,1.0,1.0,0.0,0,1,0,0,0,1,0.007788844406604767,0.5058758854866028,0.0,0.0
3,300,1,dpga,rpn,0.15184341371059418,3.7201592922210693,0.0,0.3173304498195648,0.0,0.0,0.0,0.0,1.0,1.0,0.0,0,0,0,0,0,0,0.0,0.0,0.0,0.0
3,300,1,dpga,roi_shared,0.15184341371059418,3.7201592922210693,-0.06575444340705872,0.489467978477478,11.71384048461914,0.1223669946193695,23.931781035106326,0.0,1.0,1.0,0.0,1,1,0,0,1,1,0.010469017550349236,0.4185394048690796,0.0,0.0
3,300,1,dpga,roi_cls,0.15184341371059418,3.7201592922210693,0.0,0.28113359212875366,0.0,0.0,0.0,0.0,1.0,1.0,0.0,0,0,0,0,0,0,0.0,0.5,0.0,0.0
3,300,1,dpga,roi_reg,0.15184341371059418,3.7201592922210693,-0.39071375131607056,0.09497471898794174,9.60448932647705,0.0047487360425293446,101.12679909794167,0.0,1.0,1.0,0.0,1,1,0,0,1,1,0.0005371235311031342,0.12416474521160126,0.0,0.0
3,400,1,dpga,backbone,0.09916001558303833,0.32370734214782715,-0.03375036269426346,0.7708564400672913,20.048473358154297,0.07708564400672913,26.008050677249557,0.0,1.0,1.0,0.0,1,1,0,0,1,1,0.0038471552543342113,0.4579118490219116,0.0,0.0
3,400,1,dpga,fpn,0.09916001558303833,0.32370734214782715,-0.03585660457611084,0.3561154305934906,6.927260875701904,0.05341731756925583,19.452290691692728,0.0,1.0,1.0,0.0,1,1,0,0,1,1,0.007716136518865824,0.45529893040657043,0.0,0.0
3,400,1,dpga,rpn,0.09916001558303833,0.32370734214782715,0.0,0.20640386641025543,0.0,0.0,0.0,0.0,1.0,1.0,0.0,0,0,0,0,0,0,0.0,0.0,0.0,0.0
3,400,1,dpga,roi_shared,0.09916001558303833,0.32370734214782715,0.010214914567768574,0.6344354748725891,4.239873643147041e-12,4.239873643147041e-12,6.682907578581598e-12,0.0,1.0,1.0,0.0,0,0,0,0,0,0,1.0,0.5127658843994141,0.0,0.0
3,400,1,dpga,roi_cls,0.09916001558303833,0.32370734214782715,0.0,0.4496414065361023,0.0,0.0,0.0,0.0,1.0,1.0,0.0,0,0,0,0,0,0,0.0,0.5,0.0,0.0
3,400,1,dpga,roi_reg,0.09916001558303833,0.32370734214782715,0.0,0.0041341171599924564,3.6092036477530787e-12,3.6092036477530787e-12,8.730288736567071e-10,0.0,1.0,1.0,0.0,0,0,0,0,0,0,1.0,0.5,0.0,0.0
3,500,1,dpga,backbone,0.10600190609693527,4.075802326202393,-0.22075039148330688,0.917457103729248,22.956323623657227,0.09174571931362152,25.02168606068355,0.0,1.0,1.0,0.0,1,1,0,0,1,1,0.004097620490938425,0.24903759360313416,0.0,0.0
3,500,1,dpga,fpn,0.10600190609693527,4.075802326202393,-0.09306126832962036,0.22578322887420654,8.230015754699707,0.0338674895465374,36.45096137448277,0.0,1.0,1.0,0.0,1,1,0,0,1,1,0.004133054055273533,0.38572773337364197,0.0,0.0
3,500,1,dpga,rpn,0.10600190609693527,4.075802326202393,0.0,0.18871639668941498,0.0,0.0,0.0,0.0,1.0,1.0,0.0,0,0,0,0,0,0,0.0,0.0,0.0,0.0
3,500,1,dpga,roi_shared,0.10600190609693527,4.075802326202393,-0.10641399025917053,0.38500165939331055,17.65929412841797,0.09625042974948883,45.868098740783765,0.0,1.0,1.0,0.0,1,1,0,0,1,1,0.0054815360344946384,0.37003424763679504,0.0,0.0
3,500,1,dpga,roi_cls,0.10600190609693527,4.075802326202393,0.0,0.19470782577991486,0.0,0.0,0.0,0.0,1.0,1.0,0.0,0,0,0,0,0,0,0.0,0.5,0.0,0.0
3,500,1,dpga,roi_reg,0.10600190609693527,4.075802326202393,-0.24151915311813354,0.08069498836994171,14.167601585388184,0.004034750163555145,175.56978285240712,0.0,1.0,1.0,0.0,1,1,0,0,1,1,0.00029347511008381844,0.23012670874595642,0.0,0.0
3,600,1,dpga,backbone,0.3142701983451843,1.3875958919525146,0.07183123379945755,1.3024311065673828,4.726581573486328,0.13024312257766724,3.629045367277392,0.0,1.0,1.0,0.0,0,1,0,0,0,1,0.027555454522371292,0.588836133480072,0.0,0.0
3,600,1,dpga,fpn,0.3142701983451843,1.3875958919525146,0.15092410147190094,0.38791006803512573,1.3733378648757935,0.05818651616573334,3.540351174260927,0.0,1.0,1.0,0.0,0,1,0,0,0,1,0.042368680238723755,0.6801846027374268,0.0,0.0
3,600,1,dpga,rpn,0.3142701983451843,1.3875958919525146,0.0,0.33572015166282654,0.0,0.0,0.0,0.0,1.0,1.0,0.0,0,0,0,0,0,0,0.0,0.0,0.0,0.0
3,600,1,dpga,roi_shared,0.3142701983451843,1.3875958919525146,0.08281483501195908,0.7295686602592468,2.974203586578369,0.1823921799659729,4.076660290645582,0.0,1.0,1.0,0.0,0,1,0,0,0,1,0.06132470816373825,0.6020643711090088,0.0,0.0
3,600,1,dpga,roi_cls,0.3142701983451843,1.3875958919525146,0.0,0.31854426860809326,0.0,0.0,0.0,0.0,1.0,1.0,0.0,0,0,0,0,0,0,0.0,0.5,0.0,0.0
3,600,1,dpga,roi_reg,0.3142701983451843,1.3875958919525146,0.27010616660118103,0.3008843660354614,1.9791193008422852,0.015044218860566616,6.577674097593464,0.0,1.0,1.0,0.0,0,1,0,0,0,1,0.007601471617817879,0.7942163944244385,0.0,0.0
3,700,1,dpga,backbone,0.35130777955055237,0.48993733525276184,-0.11225832253694534,1.4034397602081299,5.985496997833252,0.14034397900104523,4.264876318557202,0.0,1.0,1.0,0.0,1,1,0,0,1,1,0.023596491664648056,0.36324864625930786,0.0,0.0
3,700,1,dpga,fpn,0.35130777955055237,0.48993733525276184,-0.04135023429989815,0.4907521903514862,2.6134932041168213,0.07361283153295517,5.325484542911539,0.0,1.0,1.0,0.0,1,1,0,0,1,1,0.02819056250154972,0.4484955668449402,0.0,0.0
3,700,1,dpga,rpn,0.35130777955055237,0.48993733525276184,0.0,0.8053268790245056,0.0,0.0,0.0,0.0,1.0,1.0,0.0,0,0,0,0,0,0,0.0,0.0,0.0,0.0
3,700,1,dpga,roi_shared,0.35130777955055237,0.48993733525276184,0.0271685142070055,0.8645793199539185,0.11841096729040146,0.11841096729040146,0.13695789912799752,0.0,1.0,1.0,0.0,0,0,0,0,0,0,1.0,0.533908486366272,0.0,0.0
3,700,1,dpga,roi_cls,0.35130777955055237,0.48993733525276184,0.0,0.3211740553379059,0.0,0.0,0.0,0.0,1.0,1.0,0.0,0,0,0,0,0,0,0.0,0.5,0.0,0.0
3,700,1,dpga,roi_reg,0.35130777955055237,0.48993733525276184,-0.04839811101555824,0.2681025266647339,0.07186620682477951,0.013405127450823784,0.2680549404692827,0.0,1.0,1.0,0.0,1,0,0,0,1,1,0.18674777448177338,0.4397958517074585,0.0,0.0
4,0,1,dpga,backbone,0.19013413786888123,0.2649063766002655,-0.1271647810935974,1.231209397315979,2.8621909618377686,0.12312094867229462,2.3246987621092794,0.0,1.0,1.0,0.0,1,1,0,0,1,1,0.04336841031908989,0.3461911678314209,0.0,0.0
4,0,1,dpga,fpn,0.19013413786888123,0.2649063766002655,-0.0014765361556783319,0.3413865268230438,1.1563448905944824,0.051207978278398514,3.3872013091889492,0.0,1.0,1.0,0.0,1,1,0,0,1,1,0.0442843995988369,0.49815431237220764,0.0,0.0
4,0,1,dpga,rpn,0.19013413786888123,0.2649063766002655,0.0,0.3871331214904785,0.0,0.0,0.0,0.0,1.0,1.0,0.0,0,0,0,0,0,0,0.0,0.0,0.0,0.0
4,0,1,dpga,roi_shared,0.19013413786888123,0.2649063766002655,-0.15407785773277283,0.6411874890327454,0.6509237885475159,0.16029684245586395,1.0151847933425184,0.0,1.0,1.0,0.0,1,1,0,0,1,1,0.24923676252365112,0.3163948953151703,0.0,0.0
4,0,1,dpga,roi_cls,0.19013413786888123,0.2649063766002655,0.0,0.29860877990722656,0.0,0.0,0.0,0.0,1.0,1.0,0.0,0,0,0,0,0,0,0.0,0.5,0.0,0.0
4,0,1,dpga,roi_reg,0.19013413786888123,0.2649063766002655,-0.45108726620674133,0.2732393741607666,0.6343412399291992,0.013661968521773815,2.3215586768105028,0.0,1.0,1.0,0.0,1,1,0,0,1,1,0.02413192205131054,0.0948815643787384,0.0,0.0
4,100,1,dpga,backbone,0.18379706144332886,0.21097621321678162,-0.04384934529662132,1.2475985288619995,2.88407301902771,0.12475984543561935,2.311699599115771,0.0,1.0,1.0,0.0,1,1,0,0,1,1,0.04329986125230789,0.44540682435035706,0.0,0.0
4,100,1,dpga,fpn,0.18379706144332886,0.21097621321678162,-0.10926883667707443,0.2698678970336914,1.1542236804962158,0.04048018530011177,4.276995126812427,0.0,1.0,1.0,0.0,1,1,0,0,1,1,0.03528261557221413,0.3667129874229431,0.0,0.0
4,100,1,dpga,rpn,0.18379706144332886,0.21097621321678162,0.0,0.2882375717163086,0.0,0.0,0.0,0.0,1.0,1.0,0.0,0,0,0,0,0,0,0.0,0.0,0.0,0.0
4,100,1,dpga,roi_shared,0.18379706144332886,0.21097621321678162,0.021943243220448494,0.43719565868377686,0.17496055364608765,0.10929891467094421,0.40018822275780286,0.0,1.0,1.0,0.0,0,0,0,0,0,1,0.6247060298919678,0.5274015665054321,0.0,0.0
4,100,1,dpga,roi_cls,0.18379706144332886,0.21097621321678162,0.0,0.18028786778450012,0.0,0.0,0.0,0.0,1.0,1.0,0.0,0,0,0,0,0,0,0.0,0.5,0.0,0.0
4,100,1,dpga,roi_reg,0.18379706144332886,0.21097621321678162,-0.13148604333400726,0.16256187856197357,0.09770908206701279,0.008128094486892223,0.6010577813897684,0.0,1.0,1.0,0.0,1,0,0,0,1,1,0.08391522616147995,0.3413171172142029,0.0,0.0
4,200,1,dpga,backbone,0.21691098809242249,0.30694490671157837,0.16379527747631073,0.8382089138031006,8.955971717834473,0.0838208943605423,10.684653396489976,0.0,1.0,1.0,0.0,0,1,0,0,0,1,0.009359218180179596,0.6940190196037292,0.0,0.0
4,200,1,dpga,fpn,0.21691098809242249,0.30694490671157837,-0.03360072523355484,0.2412751317024231,3.5802903175354004,0.036191269755363464,14.839035802293768,0.0,1.0,1.0,0.0,1,1,0,0,1,1,0.010114184580743313,0.4580976068973541,0.0,0.0
4,200,1,dpga,rpn,0.21691098809242249,0.30694490671157837,0.0,0.2802618741989136,0.0,0.0,0.0,0.0,1.0,1.0,0.0,0,0,0,0,0,0,0.0,0.0,0.0,0.0
4,200,1,dpga,roi_shared,0.21691098809242249,0.30694490671157837,-0.054712094366550446,0.38966912031173706,0.1154375672340393,0.09741728007793427,0.29624509928240844,0.0,1.0,1.0,0.0,1,0,0,0,1,1,0.8451616764068604,0.4320332407951355,0.0,0.0
4,200,1,dpga,roi_cls,0.21691098809242249,0.30694490671157837,0.0,0.13800381124019623,0.0,0.0,0.0,0.0,1.0,1.0,0.0,0,0,0,0,0,0,0.0,0.5,0.0,0.0
4,200,1,dpga,roi_reg,0.21691098809242249,0.30694490671157837,0.12447698414325714,0.12696301937103271,0.06437893956899643,0.0063481503166258335,0.5070684352650551,0.0,1.0,1.0,0.0,0,0,0,0,0,1,0.09860602021217346,0.6507607698440552,0.0,0.0
4,300,1,dpga,backbone,0.10600608587265015,1.1064828634262085,-0.15009965002536774,0.4685252010822296,6.108010292053223,0.04685252159833908,13.036673967471863,0.0,1.0,1.0,0.0,1,1,0,0,1,1,0.00775856664404273,0.32071274518966675,0.0,0.0
4,300,1,dpga,fpn,0.10600608587265015,1.1064828634262085,-0.08420410752296448,0.12417781352996826,2.287499189376831,0.01862667314708233,18.421158533482963,0.0,1.0,1.0,0.0,1,1,0,0,1,1,0.00817183218896389,0.39627254009246826,0.0,0.0
4,300,1,dpga,rpn,0.10600608587265015,1.1064828634262085,0.0,0.1809678077697754,0.0,0.0,0.0,0.0,1.0,1.0,0.0,0,0,0,0,0,0,0.0,0.0,0.0,0.0
4,300,1,dpga,roi_shared,0.10600608587265015,1.1064828634262085,-0.18874822556972504,0.2111303061246872,4.694736957550049,0.0527825728058815,22.236205894465378,0.0,1.0,1.0,0.0,1,1,0,0,1,1,0.011448709294199944,0.2801452577114105,0.0,0.0
4,300,1,dpga,roi_cls,0.10600608587265015,1.1064828634262085,0.0,0.07633883506059647,0.0,0.0,0.0,0.0,1.0,1.0,0.0,0,0,0,0,0,0,0.0,0.5,0.0,0.0
4,300,1,dpga,roi_reg,0.10600608587265015,1.1064828634262085,-0.19155371189117432,0.06878470629453659,2.501929521560669,0.003439235268160701,36.37334018476999,0.0,1.0,1.0,0.0,1,1,0,0,1,1,0.0014005687553435564,0.27732518315315247,0.0,0.0
4,400,1,dpga,backbone,0.36791038513183594,0.5421543717384338,0.08155655860900879,1.4446680545806885,6.002542018890381,0.1444668024778366,4.15496279568015,0.0,1.0,1.0,0.0,0,1,0,0,0,1,0.024067603051662445,0.6005561351776123,0.0,0.0
4,400,1,dpga,fpn,0.36791038513183594,0.5421543717384338,0.10315139591693878,0.4415215253829956,2.031695604324341,0.0662282407283783,4.6015776978527985,0.0,1.0,1.0,0.0,0,1,0,0,0,1,0.03259751945734024,0.6261550784111023,0.0,0.0
4,400,1,dpga,rpn,0.36791038513183594,0.5421543717384338,0.0,0.2587916851043701,0.0,0.0,0.0,0.0,1.0,1.0,0.0,0,0,0,0,0,0,0.0,0.0,0.0,0.0
4,400,1,dpga,roi_shared,0.36791038513183594,0.5421543717384338,-0.028832627460360527,0.8816946744918823,0.0854676365852356,0.08543209731578827,0.09693563889845462,0.0,1.0,1.0,0.0,1,0,0,0,1,0,1.0,0.4640214741230011,0.0,0.0
4,400,1,dpga,roi_cls,0.36791038513183594,0.5421543717384338,0.0,0.33150723576545715,0.0,0.0,0.0,0.0,1.0,1.0,0.0,0,0,0,0,0,0,0.0,0.5,0.0,0.0
4,400,1,dpga,roi_reg,0.36791038513183594,0.5421543717384338,-0.07687394320964813,0.18215197324752808,0.04741727188229561,0.009107599034905434,0.2603170914753683,0.0,1.0,1.0,0.0,1,0,0,0,1,1,0.19264350831508636,0.4050733745098114,0.0,0.0
4,500,1,dpga,backbone,0.06336678564548492,-0.0,0.0,0.7536855340003967,0.0,0.0,0.0,0.0,1.0,1.0,0.0,0,0,0,0,0,0,0.0,0.5,0.0,0.0
4,500,1,dpga,fpn,0.06336678564548492,-0.0,0.0,0.3991800546646118,0.0,0.0,0.0,0.0,1.0,1.0,0.0,0,0,0,0,0,0,0.0,0.5,0.0,0.0
4,500,1,dpga,rpn,0.06336678564548492,-0.0,0.0,0.24784168601036072,0.0,0.0,0.0,0.0,1.0,1.0,0.0,0,0,0,0,0,0,0.0,0.0,0.0,0.0
4,500,1,dpga,roi_shared,0.06336678564548492,-0.0,0.0,0.5814043283462524,0.0,0.0,0.0,0.0,1.0,1.0,0.0,0,0,0,0,0,0,0.0,0.5,0.0,0.0
4,500,1,dpga,roi_cls,0.06336678564548492,-0.0,0.0,0.38235536217689514,0.0,0.0,0.0,0.0,1.0,1.0,0.0,0,0,0,0,0,0,0.0,0.5,0.0,0.0
4,500,1,dpga,roi_reg,0.06336678564548492,-0.0,0.0,0.0,0.0,0.0,0.0,0.0,0.0,0.0,90.0,0,0,0,1,0,0,0.0,0.0,0.0,0.0
4,600,1,dpga,backbone,0.23296116292476654,0.14170435070991516,-0.04760289192199707,2.564079999923706,2.3268918991088867,0.2564080059528351,0.9074958266427425,0.0,1.0,1.0,0.0,1,0,0,0,1,1,0.11031842231750488,0.44077572226524353,0.0,0.0
4,600,1,dpga,fpn,0.23296116292476654,0.14170435070991516,-0.09062441438436508,0.7568971514701843,0.8007089495658875,0.11353457719087601,1.0578834231448802,0.0,1.0,1.0,0.0,1,1,0,0,1,1,0.14237843453884125,0.38861873745918274,0.0,0.0
4,600,1,dpga,rpn,0.23296116292476654,0.14170435070991516,0.0,0.44356396794319153,0.0,0.0,0.0,0.0,1.0,1.0,0.0,0,0,0,0,0,0,0.0,0.0,0.0,0.0
4,600,1,dpga,roi_shared,0.23296116292476654,0.14170435070991516,-0.10150925815105438,1.0137799978256226,0.33026111125946045,0.25344499945640564,0.325771974163834,0.0,1.0,1.0,0.0,1,0,0,0,1,1,0.7713925242424011,0.37576889991760254,0.0,0.0
4,600,1,dpga,roi_cls,0.23296116292476654,0.14170435070991516,0.0,0.5376395583152771,0.0,0.0,0.0,0.0,1.0,1.0,0.0,0,0,0,0,0,0,0.0,0.5,0.0,0.0
4,600,1,dpga,roi_reg,0.23296116292476654,0.14170435070991516,-0.17688457667827606,0.20036634802818298,0.25352782011032104,0.010018318891525269,1.2653213606241929,0.0,1.0,1.0,0.0,1,1,0,0,1,1,0.04014873877167702,0.29226207733154297,0.0,0.0
4,700,1,dpga,backbone,0.32865798473358154,0.2220139354467392,-0.15208053588867188,1.4986928701400757,2.326261281967163,0.14986929297447205,1.5521934669307784,0.0,1.0,1.0,0.0,1,1,0,0,1,1,0.06518317013978958,0.31855887174606323,0.0,0.0
4,700,1,dpga,fpn,0.32865798473358154,0.2220139354467392,-0.09935710579156876,0.40019819140434265,0.9134211540222168,0.06002973020076752,2.2824219940048063,0.0,1.0,1.0,0.0,1,1,0,0,1,1,0.06604646891355515,0.3782963752746582,0.0,0.0
4,700,1,dpga,rpn,0.32865798473358154,0.2220139354467392,0.0,0.23469412326812744,0.0,0.0,0.0,0.0,1.0,1.0,0.0,0,0,0,0,0,0,0.0,0.0,0.0,0.0
4,700,1,dpga,roi_shared,0.32865798473358154,0.2220139354467392,0.030290333554148674,0.7736559510231018,1.0024170875549316,0.19341397285461426,1.2956884597466232,0.0,1.0,1.0,0.0,0,1,0,0,0,1,0.1929476112127304,0.5377907156944275,0.0,0.0
4,700,1,dpga,roi_cls,0.32865798473358154,0.2220139354467392,0.0,0.41294097900390625,0.0,0.0,0.0,0.0,1.0,1.0,0.0,0,0,0,0,0,0,0.0,0.5,0.0,0.0
4,700,1,dpga,roi_reg,0.32865798473358154,0.2220139354467392,-0.2432543933391571,0.19420529901981354,0.6065776348114014,0.009710266254842281,3.1233835424311263,0.0,1.0,1.0,0.0,1,1,0,0,1,1,0.016504021361470222,0.22859318554401398,0.0,0.0
5,0,1,dpga,backbone,0.13381530344486237,2.8011507987976074,-0.039685193449258804,1.3322468996047974,10.614433288574219,0.1332246959209442,7.967316937816048,0.0,1.0,1.0,0.0,1,1,0,0,1,1,0.012561173178255558,0.4505556523799896,0.0,0.0
5,0,1,dpga,fpn,0.13381530344486237,2.8011507987976074,0.02379988692700863,0.3443640470504761,3.6261653900146484,0.05165461450815201,10.530034773006177,0.0,1.0,1.0,0.0,0,1,0,0,0,1,0.014244968071579933,0.529714822769165,0.0,0.0
5,0,1,dpga,rpn,0.13381530344486237,2.8011507987976074,0.0,0.2545185089111328,0.0,0.0,0.0,0.0,1.0,1.0,0.0,0,0,0,0,0,0,0.0,0.0,0.0,0.0
5,0,1,dpga,roi_shared,0.13381530344486237,2.8011507987976074,0.010180741548538208,0.5167093873023987,9.72819709777832,0.12917734682559967,18.82721184642422,0.0,1.0,1.0,0.0,0,1,0,0,0,1,0.013278651982545853,0.5127231478691101,0.0,0.0
5,0,1,dpga,roi_cls,0.13381530344486237,2.8011507987976074,0.0,0.28394967317581177,0.0,0.0,0.0,0.0,1.0,1.0,0.0,0,0,0,0,0,0,0.0,0.5,0.0,0.0
5,0,1,dpga,roi_reg,0.13381530344486237,2.8011507987976074,0.1515808403491974,0.09397445619106293,5.568362236022949,0.004698723554611206,59.25399796623145,0.0,1.0,1.0,0.0,0,1,0,0,0,1,0.000843824993353337,0.6808985471725464,0.0,0.0
5,100,1,dpga,backbone,0.09710561484098434,4.868180274963379,0.19413530826568604,0.6643304824829102,35.20204162597656,0.06643304973840714,52.98874965726434,0.0,1.0,1.0,0.0,0,1,0,0,0,1,0.0018871930660679936,0.7252543568611145,0.0,0.0
5,100,1,dpga,fpn,0.09710561484098434,4.868180274963379,0.017651855945587158,0.18714530766010284,11.396821022033691,0.028071796521544456,60.89824620520452,0.0,1.0,1.0,0.0,0,1,0,0,0,1,0.0024631251581013203,0.5220504999160767,0.0,0.0
5,100,1,dpga,rpn,0.09710561484098434,4.868180274963379,0.0,0.14742743968963623,0.0,0.0,0.0,0.0,1.0,1.0,0.0,0,0,0,0,0,0,0.0,0.0,0.0,0.0
5,100,1,dpga,roi_shared,0.09710561484098434,4.868180274963379,-0.022806545719504356,0.3296349048614502,31.829315185546875,0.08240872621536255,96.55929853340363,0.0,1.0,1.0,0.0,1,1,0,0,1,1,0.0025897561572492123,0.47152265906333923,0.0,0.0
5,100,1,dpga,roi_cls,0.09710561484098434,4.868180274963379,0.0,0.18933676183223724,0.0,0.0,0.0,0.0,1.0,1.0,0.0,0,0,0,0,0,0,0.0,0.5,0.0,0.0
5,100,1,dpga,roi_reg,0.09710561484098434,4.868180274963379,-0.14297224581241608,0.05716767534613609,19.72837257385254,0.0028583838138729334,345.0966381683729,0.0,1.0,1.0,0.0,1,1,0,0,1,1,0.0001463908702135086,0.328525573015213,0.0,0.0
5,200,1,dpga,backbone,0.40622609853744507,0.23019960522651672,0.06735691428184509,2.1703691482543945,1.9957106113433838,0.21703693270683289,0.9195258847779482,0.0,1.0,1.0,0.0,0,0,0,0,0,1,0.10875169932842255,0.5834092497825623,0.0,0.0
5,200,1,dpga,fpn,0.40622609853744507,0.23019960522651672,0.12313280999660492,0.6678354144096375,0.7274037003517151,0.10017530620098114,1.0891960573770045,0.0,1.0,1.0,0.0,0,1,0,0,0,1,0.13771624863147736,0.6492317318916321,0.0,0.0
5,200,1,dpga,rpn,0.40622609853744507,0.23019960522651672,0.0,0.3735502064228058,0.0,0.0,0.0,0.0,1.0,1.0,0.0,0,0,0,0,0,0,0.0,0.0,0.0,0.0
5,200,1,dpga,roi_shared,0.40622609853744507,0.23019960522651672,-0.04347451403737068,1.0917627811431885,0.11499038338661194,0.11488165706396103,0.10532542908836398,0.0,1.0,1.0,0.0,1,0,0,0,1,0,1.0,0.4458698630332947,0.0,0.0
5,200,1,dpga,roi_cls,0.40622609853744507,0.23019960522651672,0.0,0.616668701171875,0.0,0.0,0.0,0.0,1.0,1.0,0.0,0,0,0,0,0,0,0.0,0.5,0.0,0.0
5,200,1,dpga,roi_reg,0.40622609853744507,0.23019960522651672,-0.3353329300880432,0.1684589385986328,0.07743225991725922,0.00842294655740261,0.45965064579771514,0.0,1.0,1.0,0.0,1,0,0,0,1,1,0.11546365171670914,0.15753763914108276,0.0,0.0
5,300,1,dpga,backbone,0.1483401209115982,1.1735920906066895,0.147145077586174,1.3901026248931885,9.759316444396973,0.1390102654695511,7.020572632288102,0.0,1.0,1.0,0.0,0,1,0,0,0,1,0.014243852347135544,0.6760603785514832,0.0,0.0
5,300,1,dpga,fpn,0.1483401209115982,1.1735920906066895,-0.061291977763175964,0.2725888192653656,2.663989782333374,0.04088832437992096,9.772923884086296,0.0,1.0,1.0,0.0,1,1,0,0,1,1,0.015377440489828587,0.4239790737628937,0.0,0.0
5,300,1,dpga,rpn,0.1483401209115982,1.1735920906066895,0.0,0.2775164544582367,0.0,0.0,0.0,0.0,1.0,1.0,0.0,0,0,0,0,0,0,0.0,0.0,0.0,0.0
5,300,1,dpga,roi_shared,0.1483401209115982,1.1735920906066895,-0.0839027687907219,0.557087779045105,6.785231113433838,0.13927192986011505,12.179824021744457,0.0,1.0,1.0,0.0,1,1,0,0,1,1,0.020598378032445908,0.3966330885887146,0.0,0.0
5,300,1,dpga,roi_cls,0.1483401209115982,1.1735920906066895,0.0,0.1635167896747589,0.0,0.0,0.0,0.0,1.0,1.0,0.0,0,0,0,0,0,0,0.0,0.5,0.0,0.0
5,300,1,dpga,roi_reg,0.1483401209115982,1.1735920906066895,-0.18813714385032654,0.12762698531150818,3.6174912452697754,0.0063813491724431515,28.344250523823856,0.0,1.0,1.0,0.0,1,1,0,0,1,1,0.001796099590137601,0.28076183795928955,0.0,0.0
5,400,1,dpga,backbone,0.19019213318824768,0.8079927563667297,0.05961877852678299,1.0765440464019775,4.28060245513916,0.10765440762042999,3.9762446036887926,0.0,1.0,1.0,0.0,0,1,0,0,0,1,0.025149358436465263,0.5739765167236328,0.0,0.0
5,400,1,dpga,fpn,0.19019213318824768,0.8079927563667297,-0.030155843123793602,0.3431132733821869,1.561835527420044,0.051466990262269974,4.551953097076332,0.0,1.0,1.0,0.0,1,1,0,0,1,1,0.03296788036823273,0.4623764753341675,0.0,0.0
5,400,1,dpga,rpn,0.19019213318824768,0.8079927563667297,0.0,0.24465744197368622,0.0,0.0,0.0,0.0,1.0,1.0,0.0,0,0,0,0,0,0,0.0,0.0,0.0,0.0
5,400,1,dpga,roi_shared,0.19019213318824768,0.8079927563667297,-0.10851073265075684,0.587127149105072,3.231337785720825,0.1467818021774292,5.503642253038696,0.0,1.0,1.0,0.0,1,1,0,0,1,1,0.04569427669048309,0.3675937354564667,0.0,0.0
5,400,1,dpga,roi_cls,0.19019213318824768,0.8079927563667297,0.0,0.3545816242694855,0.0,0.0,0.0,0.0,1.0,1.0,0.0,0,0,0,0,0,0,0.0,0.5,0.0,0.0
5,400,1,dpga,roi_reg,0.19019213318824768,0.8079927563667297,-0.37226831912994385,0.10661949217319489,1.5908615589141846,0.005330975167453289,14.920926056653473,0.0,1.0,1.0,0.0,1,1,0,0,1,1,0.003610502928495407,0.13454675674438477,0.0,0.0
5,500,1,dpga,backbone,0.1218235120177269,0.6428483724594116,0.1311911791563034,0.9955421090126038,8.317911148071289,0.09955421835184097,8.355157529520413,0.0,1.0,1.0,0.0,0,1,0,0,0,1,0.01196865551173687,0.6583513617515564,0.0,0.0
5,500,1,dpga,fpn,0.1218235120177269,0.6428483724594116,-0.028896773234009743,0.2807846665382385,3.3118736743927,0.04211769998073578,11.795066002799958,0.0,1.0,1.0,0.0,1,1,0,0,1,1,0.012722494080662727,0.4639417231082916,0.0,0.0
5,500,1,dpga,rpn,0.1218235120177269,0.6428483724594116,0.0,0.36539721488952637,0.0,0.0,0.0,0.0,1.0,1.0,0.0,0,0,0,0,0,0,0.0,0.0,0.0,0.0
5,500,1,dpga,roi_shared,0.1218235120177269,0.6428483724594116,-0.003615731606259942,0.32031190395355225,0.3058934211730957,0.08007797598838806,0.954986116336946,0.0,1.0,1.0,0.0,1,0,0,0,1,1,0.261785626411438,0.4954804480075836,0.0,0.0
5,500,1,dpga,roi_cls,0.1218235120177269,0.6428483724594116,0.0,0.11711858212947845,0.0,0.0,0.0,0.0,1.0,1.0,0.0,0,0,0,0,0,0,0.0,0.5,0.0,0.0
5,500,1,dpga,roi_reg,0.1218235120177269,0.6428483724594116,0.13529017567634583,0.07577013969421387,0.2135862410068512,0.0037885073106735945,2.8188708885693337,0.0,1.0,1.0,0.0,0,1,0,0,0,1,0.017737599089741707,0.6629460453987122,0.0,0.0
5,600,1,dpga,backbone,0.5897652506828308,1.921771764755249,-0.20832595229148865,3.2053635120391846,4.125184059143066,0.3205362856388092,1.2869629430949352,0.0,1.0,1.0,0.0,1,1,0,0,1,1,0.07944536954164505,0.2608356475830078,0.0,0.0
5,600,1,dpga,fpn,0.5897652506828308,1.921771764755249,0.114170141518116,1.023452639579773,1.6907620429992676,0.15351788699626923,1.6520178634680058,0.0,1.0,1.0,0.0,0,1,0,0,0,1,0.09079805016517639,0.6389594674110413,0.0,0.0
5,600,1,dpga,rpn,0.5897652506828308,1.921771764755249,0.0,0.8817629814147949,0.0,0.0,0.0,0.0,1.0,1.0,0.0,0,0,0,0,0,0,0.0,0.0,0.0,0.0
5,600,1,dpga,roi_shared,0.5897652506828308,1.921771764755249,0.10083987563848495,1.4766510725021362,3.8700003623962402,0.36916273832321167,2.6207954163732485,0.0,1.0,1.0,0.0,0,1,0,0,0,1,0.09539088606834412,0.6234456896781921,0.0,0.0
5,600,1,dpga,roi_cls,0.5897652506828308,1.921771764755249,0.0,0.7621806859970093,0.0,0.0,0.0,0.0,1.0,1.0,0.0,0,0,0,0,0,0,0.0,0.5,0.0,0.0
5,600,1,dpga,roi_reg,0.5897652506828308,1.921771764755249,0.41018471121788025,0.2433706372976303,2.2340750694274902,0.012168532237410545,9.179723134370258,0.0,1.0,1.0,0.0,0,1,0,0,0,1,0.00544678745791316,0.8860408663749695,0.0,0.0
5,700,1,dpga,backbone,0.13441267609596252,0.1983153074979782,-0.14939884841442108,0.9079267978668213,5.017156600952148,0.09079267829656601,5.525948361409735,0.0,1.0,1.0,0.0,1,1,0,0,1,1,0.018301842734217644,0.3214765787124634,0.0,0.0
5,700,1,dpga,fpn,0.13441267609596252,0.1983153074979782,0.010146566666662693,0.21280823647975922,1.9233384132385254,0.03192123770713806,9.037894609034362,0.0,1.0,1.0,0.0,0,1,0,0,0,1,0.016596786677837372,0.5126804709434509,0.0,0.0
5,700,1,dpga,rpn,0.13441267609596252,0.1983153074979782,0.0,0.17571572959423065,0.0,0.0,0.0,0.0,1.0,1.0,0.0,0,0,0,0,0,0,0.0,0.0,0.0,0.0
5,700,1,dpga,roi_shared,0.13441267609596252,0.1983153074979782,0.15874944627285004,0.3439784348011017,0.04917631670832634,0.04917631670832634,0.1429633713426294,0.0,1.0,1.0,0.0,0,0,0,0,0,0,1.0,0.6886354088783264,0.0,0.0
5,700,1,dpga,roi_cls,0.13441267609596252,0.1983153074979782,0.0,0.1435527801513672,0.0,0.0,0.0,0.0,1.0,1.0,0.0,0,0,0,0,0,0,0.0,0.5,0.0,0.0
5,700,1,dpga,roi_reg,0.13441267609596252,0.1983153074979782,0.30819299817085266,0.05373344570398331,0.026311134919524193,0.002686672378331423,0.48966029583272613,0.0,1.0,1.0,0.0,0,0,0,0,0,1,0.10211160778999329,0.823604941368103,0.0,0.0
6,0,1,dpga,backbone,0.25779688358306885,0.2538925111293793,-0.2209874987602234,4.133319854736328,3.497413158416748,0.4133319556713104,0.8461511040354399,0.004976317672743846,1.0000000002360094,0.9999876564184652,0.2846811240955738,1,0,0,0,1,1,0.12117812037467957,0.2488158941268921,0.2,0.04976318031549454
6,0,1,dpga,fpn,0.25779688358306885,0.2538925111293793,0.03637421503663063,0.6130474805831909,1.1102027893066406,0.09195712208747864,1.810957265904603,0.016360285878181457,1.0005950924956468,0.9998665720745065,0.9359783993932995,0,1,0,0,0,1,0.08282912522554398,0.5453428626060486,0.2,0.10906857252120972
6,0,1,dpga,rpn,0.25779688358306885,0.2538925111293793,0.0,0.5220510959625244,0.0,0.0,0.0,0.0,1.0,1.0,0.0,0,0,0,0,0,0,0.0,0.0,0.2,0.0
6,0,1,dpga,roi_shared,0.25779688358306885,0.2538925111293793,-0.017892349511384964,1.0557293891906738,0.27419915795326233,0.26393234729766846,0.25972485066790124,0.02388247475028038,0.9999999999809793,0.9997149670328692,1.3680295969835774,1,0,0,0,1,1,0.9627112150192261,0.4776494801044464,0.2,0.09552989900112152
6,0,1,dpga,roi_cls,0.25779688358306885,0.2538925111293793,0.0,0.3244231045246124,0.0,0.0,0.0,0.0,1.0,1.0,0.0,0,0,0,0,0,0,0.0,0.5,0.2,0.10000000149011612
6,0,1,dpga,roi_reg,0.25779688358306885,0.2538925111293793,-0.2170419842004776,0.14015677571296692,0.15226812660694122,0.007007838226854801,1.0864128818058547,0.0025252131594300756,1.000000000059042,0.9999968105349699,0.1447093750918281,1,1,0,0,1,1,0.04714689031243324,0.2525213360786438,0.2,0.05050426721572876
6,100,1,dpga,backbone,0.12431840598583221,1.6627312898635864,0.3018674850463867,0.7529135942459106,8.143158912658691,0.07529136538505554,10.81552913228319,0.016379260823398887,1.0049443652953982,0.9998791885457581,0.8906274137328118,0,1,0,0,0,1,0.00924596469849348,0.8189629316329956,0.2,0.16379259526729584
6,100,1,dpga,fpn,0.12431840598583221,1.6627312898635864,0.13452808558940887,0.24590429663658142,3.499701738357544,0.03688564524054527,14.231966607438768,0.019862824334574796,1.002672107732129,0.9998073721721692,1.1246156313328581,0,1,0,0,0,1,0.010539653711020947,0.6620941162109375,0.2,0.13241882622241974
6,100,1,dpga,rpn,0.12431840598583221,1.6627312898635864,0.0,0.15207675099372864,0.0,0.0,0.0,0.0,1.0,1.0,0.0,0,0,0,0,0,0,0.0,0.0,0.2,0.0
6,100,1,dpga,roi_shared,0.12431840598583221,1.6627312898635864,0.0945817083120346,0.39059576392173767,9.68173599243164,0.09764894843101501,24.787099315218217,0.030803598951193983,1.0029134567814582,0.9995328257162858,1.7514349163414589,0,1,0,0,0,1,0.01008589193224907,0.6160719394683838,0.2,0.12321438640356064
6,100,1,dpga,roi_cls,0.12431840598583221,1.6627312898635864,0.0,0.1472269743680954,0.0,0.0,0.0,0.0,1.0,1.0,0.0,0,0,0,0,0,0,0.0,0.5,0.2,0.10000000149011612
6,100,1,dpga,roi_reg,0.12431840598583221,1.6627312898635864,0.07780825346708298,0.037125423550605774,5.455104351043701,0.0018562711775302887,146.9371613661951,0.00596051923930645,1.0004637776361767,0.9999823386258107,0.3405261869635098,0,1,0,0,0,1,0.00034028152003884315,0.5960519313812256,0.2,0.119210384786129
6,200,1,dpga,backbone,0.12593196332454681,0.28452932834625244,0.1118604838848114,0.9208225607872009,4.439048767089844,0.09208226203918457,4.820742840287221,0.012725823451284143,1.0014235165794638,0.999920222572098,0.72373659459954,0,1,0,0,0,1,0.02074369043111801,0.6362911462783813,0.2,0.12725822627544403
6,200,1,dpga,fpn,0.12593196332454681,0.28452932834625244,0.07531452924013138,0.33709070086479187,1.5629018545150757,0.05056361109018326,4.63644310123512,0.017791389536032258,1.0013399499948779,0.9998431315979345,1.0148714703810324,0,1,0,0,0,1,0.03235238790512085,0.593046247959137,0.2,0.11860924959182739
6,200,1,dpga,rpn,0.12593196332454681,0.28452932834625244,0.0,0.21644194424152374,0.0,0.0,0.0,0.0,1.0,1.0,0.0,0,0,0,0,0,0,0.0,0.0,0.2,0.0
6,200,1,dpga,roi_shared,0.12593196332454681,0.28452932834625244,-0.06705906987190247,0.512797474861145,0.9235201478004456,0.12819936871528625,1.8009451939101606,0.020847637206315994,1.0000000001027496,0.9997828054190117,1.1941805235292067,1,1,0,0,1,1,0.139129176735878,0.4169527292251587,0.2,0.08339054882526398
6,200,1,dpga,roi_cls,0.12593196332454681,0.28452932834625244,0.0,0.3330811858177185,0.0,0.0,0.0,0.0,1.0,1.0,0.0,0,0,0,0,0,0,0.0,0.5,0.2,0.10000000149011612
6,200,1,dpga,roi_reg,0.12593196332454681,0.28452932834625244,-0.4615991711616516,0.05512789264321327,0.5002785921096802,0.002756394911557436,9.074872412545755,0.0009046292849424062,0.999999999996616,0.9999995945442822,0.05159520704320938,1,1,0,0,1,1,0.006211013998836279,0.09046291559934616,0.2,0.018092583864927292
6,300,1,dpga,backbone,0.2221064567565918,0.9814199209213257,-0.006936188321560621,1.2996430397033691,5.6534905433654785,0.12996429204940796,4.350033332734066,0.009826612316249683,1.000000000013334,0.9999516634647482,0.5633484946546339,1,1,0,0,1,1,0.022988878190517426,0.49133065342903137,0.2,0.0982661321759224
6,300,1,dpga,fpn,0.2221064567565918,0.9814199209213257,-0.0822213739156723,0.2960799038410187,1.9204176664352417,0.04441199079155922,6.48614661624052,0.011959402549998707,1.0000000000456242,0.9999284385022911,0.6854565501184521,1,1,0,0,1,1,0.023204782977700233,0.3986467123031616,0.2,0.0797293409705162
6,300,1,dpga,rpn,0.2221064567565918,0.9814199209213257,0.0,0.27411413192749023,0.0,0.0,0.0,0.0,1.0,1.0,0.0,0,0,0,0,0,0,0.0,0.0,0.2,0.0
6,300,1,dpga,roi_shared,0.2221064567565918,0.9814199209213257,-0.1036432608962059,0.5550686717033386,4.9609270095825195,0.13876716792583466,8.937501362415084,0.018663471564650536,0.9999999998051072,0.999825963115931,1.0689676898687166,1,1,0,0,1,1,0.028123481199145317,0.3732694089412689,0.2,0.07465388625860214
6,300,1,dpga,roi_cls,0.2221064567565918,0.9814199209213257,0.0,0.15400661528110504,0.0,0.0,0.0,0.0,1.0,1.0,0.0,0,0,0,0,0,0,0.0,0.5,0.2,0.10000000149011612
6,300,1,dpga,roi_reg,0.2221064567565918,0.9814199209213257,-0.15266434848308563,0.15818043053150177,2.270714044570923,0.007909021340310574,14.355214718667163,0.003179255053032504,1.0000000000182012,0.9999949130513212,0.1827538321531908,1,1,0,0,1,1,0.0035243669990450144,0.31792551279067993,0.2,0.06358510255813599
6,400,1,dpga,backbone,0.10798247158527374,1.992475152015686,0.06590487062931061,0.8577473759651184,17.343862533569336,0.0857747420668602,20.220245516990833,0.01163287372419776,1.0007666628644971,0.9999326336676926,0.6650610596601312,0,1,0,0,0,1,0.004945538472384214,0.5816436409950256,0.2,0.11632873117923737
6,400,1,dpga,fpn,0.10798247158527374,1.992475152015686,0.04264271631836891,0.2702316641807556,5.332032203674316,0.04053474962711334,19.73133762780577,0.016593071445822716,1.0007075736385147,0.9998628011805034,0.9491126963931563,0,1,0,0,0,1,0.007602120283991098,0.5531023740768433,0.2,0.11062047630548477
6,400,1,dpga,rpn,0.10798247158527374,1.992475152015686,0.0,0.1826893538236618,0.0,0.0,0.0,0.0,1.0,1.0,0.0,0,0,0,0,0,0,0.0,0.0,0.2,0.0
6,400,1,dpga,roi_shared,0.10798247158527374,1.992475152015686,-0.11239460110664368,0.4654744267463684,14.845636367797852,0.1163686066865921,31.893559591592915,0.018154554069042206,1.0000000002647427,0.9998352892927653,1.0399309590770422,1,1,0,0,1,1,0.007888558320701122,0.3630910813808441,0.2,0.07261821627616882
6,400,1,dpga,roi_cls,0.10798247158527374,1.992475152015686,0.0,0.2423030436038971,0.0,0.0,0.0,0.0,1.0,1.0,0.0,0,0,0,0,0,0,0.0,0.5,0.2,0.10000000149011612
6,400,1,dpga,roi_reg,0.10798247158527374,1.992475152015686,-0.1864563673734665,0.09626048058271408,7.024579048156738,0.004813024308532476,72.97469330750643,0.002824620135185341,0.9999999999923758,0.9999960525976795,0.16098798668908418,1,1,0,0,1,1,0.0006973991985432804,0.2824620008468628,0.2,0.0564923994243145
6,500,1,dpga,backbone,0.3219553232192993,0.5520288944244385,-0.3292280435562134,3.1317265033721924,3.7487049102783203,0.31317266821861267,1.197009031996177,0.0032326264290008368,1.0000000001478704,0.9999947472001667,0.18570912602600573,1,1,0,0,1,1,0.08847394585609436,0.16163130104541779,0.2,0.032326262444257736
6,500,1,dpga,fpn,0.3219553232192993,0.5520288944244385,-0.17726823687553406,0.6438143849372864,1.3946912288665771,0.0965721532702446,2.166293983944508,0.00875596307664703,0.9999999998157847,0.9999617655394758,0.5010331918102814,1,1,0,0,1,1,0.07035695761442184,0.29186543822288513,0.2,0.058373089879751205
6,500,1,dpga,rpn,0.3219553232192993,0.5520288944244385,0.0,0.45472556352615356,0.0,0.0,0.0,0.0,1.0,1.0,0.0,0,0,0,0,0,0,0.0,0.0,0.2,0.0
6,500,1,dpga,roi_shared,0.3219553232192993,0.5520288944244385,-0.048928096890449524,1.272494912147522,0.19599999487400055,0.19576524198055267,0.15402811673582395,0.013511874296129494,1.0000000000356173,0.9999087625356903,0.7739760743108595,1,0,0,0,1,0,1.0,0.4391430914402008,0.2,0.0878286212682724
6,500,1,dpga,roi_cls,0.3219553232192993,0.5520288944244385,0.0,0.39918577671051025,0.0,0.0,0.0,0.0,1.0,1.0,0.0,0,0,0,0,0,0,0.0,0.5,0.2,0.10000000149011612
6,500,1,dpga,roi_reg,0.3219553232192993,0.5520288944244385,-0.1255236566066742,0.17828591167926788,0.10747428983449936,0.008914295583963394,0.6028198685033681,0.003480507805943489,1.0000000000736955,0.9999938987608095,0.20014598234694198,1,0,0,0,1,1,0.08360478281974792,0.3480507731437683,0.2,0.06961015611886978
6,600,1,dpga,backbone,0.14453113079071045,2.7451324462890625,-0.08295706659555435,0.7379620671272278,9.754186630249023,0.07379620522260666,13.217734440227481,0.007955305117665222,0.9999999997055858,0.9999685006892125,0.45476736986967975,1,1,0,0,1,1,0.007591760251671076,0.39776524901390076,0.2,0.07955305278301239
6,600,1,dpga,fpn,0.14453113079071045,2.7451324462890625,0.020397372543811798,0.17996233701705933,3.758662462234497,0.02699434943497181,20.885828249041904,0.015764239150304803,1.0003215490881816,0.9998758836434187,0.9027274143820581,0,1,0,0,0,1,0.007181903347373009,0.5254746675491333,0.2,0.10509493201971054
6,600,1,dpga,rpn,0.14453113079071045,2.7451324462890625,0.0,0.1861325204372406,0.0,0.0,0.0,0.0,1.0,1.0,0.0,0,0,0,0,0,0,0.0,0.0,0.2,0.0
6,600,1,dpga,roi_shared,0.14453113079071045,2.7451324462890625,-0.07466510683298111,0.3833596408367157,9.900162696838379,0.09583991020917892,25.824739075898584,0.020386885851621628,1.0000000001985834,0.9997921670333899,1.1681601063713267,1,1,0,0,1,1,0.0097077377140522,0.40773770213127136,0.2,0.08154754340648651
6,600,1,dpga,roi_cls,0.14453113079071045,2.7451324462890625,0.0,0.09896226972341537,0.0,0.0,0.0,0.0,1.0,1.0,0.0,0,0,0,0,0,0,0.0,0.5,0.2,0.10000000149011612
6,600,1,dpga,roi_reg,0.14453113079071045,2.7451324462890625,-0.2322176992893219,0.0845566913485527,4.79701566696167,0.00422783475369215,56.73135491061024,0.002384695888319354,1.000000000031093,0.9999971804090967,0.13606009901220462,1,1,0,0,1,1,0.0009061165619641542,0.23846957087516785,0.2,0.04769391566514969
6,700,1,dpga,backbone,0.12261316180229187,2.1546730995178223,0.1835169494152069,1.1191341876983643,15.330329895019531,0.11191342025995255,13.698384039672867,0.014290994596029638,1.002622638880563,0.9999018726689965,0.8026684169792996,0,1,0,0,0,1,0.007300131022930145,0.714549720287323,0.2,0.1429099440574646
6,700,1,dpga,fpn,0.12261316180229187,2.1546730995178223,-0.06675317883491516,0.2793671488761902,4.881267547607422,0.04190507531166077,17.472589627102863,0.01251974008609143,1.0000000001238296,0.9999215979578294,0.717470675541998,1,1,0,0,1,1,0.008604067377746105,0.41732463240623474,0.2,0.08346492797136307
6,700,1,dpga,rpn,0.12261316180229187,2.1546730995178223,0.0,0.2658979892730713,0.0,0.0,0.0,0.0,1.0,1.0,0.0,0,0,0,0,0,0,0.0,0.0,0.2,0.0
6,700,1,dpga,roi_shared,0.12261316180229187,2.1546730995178223,-0.17092888057231903,0.43277427554130554,11.930850982666016,0.10819358378648758,27.568299820369734,0.014922977617807535,0.999999999981014,0.9998886602075571,0.8550014741747989,1,1,0,0,1,1,0.00920383632183075,0.2984595000743866,0.2,0.0596919022500515
6,700,1,dpga,roi_cls,0.12261316180229187,2.1546730995178223,0.0,0.1740911453962326,0.0,0.0,0.0,0.0,1.0,1.0,0.0,0,0,0,0,0,0,0.0,0.5,0.2,0.10000000149011612
6,700,1,dpga,roi_reg,0.12261316180229187,2.1546730995178223,-0.22612638771533966,0.08385790884494781,6.707583904266357,0.004192895721644163,79.98749308987173,0.002440445101459384,0.9999999999589678,0.9999970679941454,0.13874589825374892,1,1,0,0,1,1,0.0006417196127586067,0.2440444976091385,0.2,0.04880889877676964
7,0,1,dpga,backbone,0.09302107244729996,0.14946302771568298,-0.014668581075966358,1.1728436946868896,2.3763554096221924,0.1172843798995018,2.0261484291447722,0.019266902133711628,0.9999999999429298,0.999814335871743,1.1040998510164601,1,1,0,0,1,1,0.049360040575265884,0.4816724956035614,0.4,0.19266900420188904
7,0,1,dpga,fpn,0.09302107244729996,0.14946302771568298,0.03765532374382019,0.358153373003006,1.039480209350586,0.05372300744056702,2.9023325974424417,0.03281583802526291,1.0012356911270146,0.9994639960263779,1.876035427470878,0,1,0,0,0,1,0.051682569086551666,0.5469306111335754,0.4,0.21877224743366241
7,0,1,dpga,rpn,0.09302107244729996,0.14946302771568298,0.0,0.23556731641292572,0.0,0.0,0.0,0.0,1.0,1.0,0.0,0,0,0,0,0,0,0.0,0.0,0.4,0.0
7,0,1,dpga,roi_shared,0.09302107244729996,0.14946302771568298,-0.11220166087150574,0.5366430878639221,0.6647940874099731,0.13416077196598053,1.2388011742704987,0.0363314226269722,0.9999999997670795,0.9993407932303551,2.080522035627497,1,1,0,0,1,1,0.20309042930603027,0.3633142113685608,0.4,0.1453256905078888
7,0,1,dpga,roi_cls,0.09302107244729996,0.14946302771568298,0.0,0.23976297676563263,0.0,0.0,0.0,0.0,1.0,1.0,0.0,0,0,0,0,0,0,0.0,0.5,0.4,0.20000000298023224
7,0,1,dpga,roi_reg,0.09302107244729996,0.14946302771568298,-0.1905701756477356,0.09958875924348831,0.3188101351261139,0.0049794381484389305,3.2012662628584714,0.005566237330035206,0.9999999999336434,0.9999845137852934,0.3188679199678876,1,1,0,0,1,1,0.015910400077700615,0.2783118486404419,0.4,0.111324742436409
7,100,1,dpga,backbone,0.19348309934139252,1.7199862003326416,-0.28905051946640015,1.1625730991363525,8.24964427947998,0.11625731736421585,7.096021992602823,0.007629330945197661,1.0000000000131426,0.9999708797347032,0.43725657410336105,1,1,0,0,1,1,0.014720776118338108,0.19073325395584106,0.4,0.07629330456256866
7,100,1,dpga,fpn,0.19348309934139252,1.7199862003326416,-0.22774876654148102,0.3541334569454193,2.7199909687042236,0.05312001705169678,7.680694708050251,0.01455306556229926,1.0000000001613016,0.9998941435918873,0.8336812578827787,1,1,0,0,1,1,0.020056571811437607,0.24255108833312988,0.4,0.09702043980360031
7,100,1,dpga,rpn,0.19348309934139252,1.7199862003326416,0.0,0.4050406813621521,0.0,0.0,0.0,0.0,1.0,1.0,0.0,0,0,0,0,0,0,0.0,0.0,0.4,0.0
7,100,1,dpga,roi_shared,0.19348309934139252,1.7199862003326416,-0.1819087713956833,0.61201012134552,7.356634616851807,0.1530025154352188,12.020446002883181,0.0287093175554348,0.9999999997743083,0.9995882029539789,1.6443495669031696,1,1,0,0,1,1,0.02115078642964363,0.2870931923389435,0.4,0.11483728140592575
7,100,1,dpga,roi_cls,0.19348309934139252,1.7199862003326416,0.0,0.17305946350097656,0.0,0.0,0.0,0.0,1.0,1.0,0.0,0,0,0,0,0,0,0.0,0.5,0.4,0.20000000298023224
7,100,1,dpga,roi_reg,0.19348309934139252,1.7199862003326416,-0.31234174966812134,0.1320384293794632,3.7590198516845703,0.006601921748369932,28.469134852260183,0.0034680323280319074,0.9999999999430107,0.9999940186781383,0.19816932640272059,1,1,0,0,1,1,0.0018487831111997366,0.1734016090631485,0.4,0.0693606436252594
7,200,1,dpga,backbone,0.28844451904296875,0.2759881615638733,0.31692758202552795,2.097074270248413,2.0770833492279053,0.20970742404460907,0.9904672327040951,0.033194416289659794,1.0105202260914306,0.9995150421465034,1.784461495751718,0,0,0,0,0,1,0.10096245259046555,0.8298603892326355,0.4,0.33194416761398315
7,200,1,dpga,fpn,0.28844451904296875,0.2759881615638733,0.08412044495344162,0.6513116955757141,0.8000333905220032,0.09769675880670547,1.2283418153804677,0.03621764199755286,1.0030466438901562,0.9993533011496867,2.060687241694768,0,1,0,0,0,1,0.1221158504486084,0.6036273241043091,0.4,0.2414509356021881
7,200,1,dpga,rpn,0.28844451904296875,0.2759881615638733,0.0,0.32464301586151123,0.0,0.0,0.0,0.0,1.0,1.0,0.0,0,0,0,0,0,0,0.0,0.0,0.4,0.0
7,200,1,dpga,roi_shared,0.28844451904296875,0.2759881615638733,0.07001955062150955,1.0809814929962158,0.17830747365951538,0.17830747365951538,0.1649496081244562,0.03870650227780554,1.0027102118956224,0.9992593903949911,2.20525648309473,0,0,0,0,0,0,1.0,0.5866413116455078,0.4,0.23465652763843536
7,200,1,dpga,roi_cls,0.28844451904296875,0.2759881615638733,0.0,0.3095904290676117,0.0,0.0,0.0,0.0,1.0,1.0,0.0,0,0,0,0,0,0,0.0,0.5,0.4,0.20000000298023224
7,200,1,dpga,roi_reg,0.28844451904296875,0.2759881615638733,0.23223307728767395,0.3436184227466583,0.08476928621530533,0.017180921509861946,0.24669598776956062,0.015230888458527658,1.0035371158695914,0.9998910873335101,0.8456307508948832,0,0,0,0,0,1,0.2026786208152771,0.761544406414032,0.4,0.3046177625656128
7,300,1,dpga,backbone,0.9755197763442993,1.4688169956207275,-0.11832457780838013,5.697241306304932,2.6518309116363525,0.5697241425514221,0.4654587666317849,0.014250503778612485,1.0000000003843519,0.9998984872613358,0.8163973314224167,1,0,0,0,1,1,0.21636176109313965,0.35626256465911865,0.4,0.14250503480434418
7,300,1,dpga,fpn,0.9755197763442993,1.4688169956207275,-0.026360439136624336,1.7858444452285767,0.8892539143562317,0.2678767144680023,0.49794589709766846,0.02802583254562046,0.9999999998799025,0.999607516739476,1.6053229151961408,1,0,0,0,1,1,0.30134230852127075,0.46709710359573364,0.4,0.18683885037899017
7,300,1,dpga,rpn,0.9755197763442993,1.4688169956207275,0.0,0.6945853233337402,0.0,0.0,0.0,0.0,1.0,1.0,0.0,0,0,0,0,0,0,0.0,0.0,0.4,0.0
7,300,1,dpga,roi_shared,0.9755197763442993,1.4688169956207275,-0.019437378272414207,2.7176947593688965,1.7490962743759155,0.6794236898422241,0.643595557722638,0.047572240233421326,1.0000000000205267,0.9988703727747109,2.7236173790573233,1,0,0,0,1,1,0.3885160982608795,0.47572240233421326,0.4,0.1902889609336853
7,300,1,dpga,roi_cls,0.9755197763442993,1.4688169956207275,0.0,1.2054851055145264,0.0,0.0,0.0,0.0,1.0,1.0,0.0,0,0,0,0,0,0,0.0,0.5,0.4,0.20000000298023224
7,300,1,dpga,roi_reg,0.9755197763442993,1.4688169956207275,-0.30788540840148926,0.27426472306251526,0.8621446490287781,0.013713236898183823,3.1434762713987934,0.0035323722344551296,1.0000000001247125,0.9999936977326822,0.20341654260042377,1,1,0,0,1,1,0.0167180635035038,0.17661859095096588,0.4,0.07064744085073471
7,400,1,dpga,backbone,0.03286466747522354,-0.0,0.0,0.5110891461372375,0.0,0.0,0.0,0.0,1.0,1.0,0.0,0,0,0,0,0,0,0.0,0.5,0.4,0.20000000298023224
7,400,1,dpga,fpn,0.03286466747522354,-0.0,0.0,0.19207516312599182,0.0,0.0,0.0,0.0,1.0,1.0,0.0,0,0,0,0,0,0,0.0,0.5,0.4,0.20000000298023224
7,400,1,dpga,rpn,0.03286466747522354,-0.0,0.0,0.13616009056568146,0.0,0.0,0.0,0.0,1.0,1.0,0.0,0,0,0,0,0,0,0.0,0.0,0.4,0.0
7,400,1,dpga,roi_shared,0.03286466747522354,-0.0,0.0,0.34056752920150757,0.0,0.0,0.0,0.0,1.0,1.0,0.0,0,0,0,0,0,0,0.0,0.5,0.4,0.20000000298023224
7,400,1,dpga,roi_cls,0.03286466747522354,-0.0,0.0,0.18605515360832214,0.0,0.0,0.0,0.0,1.0,1.0,0.0,0,0,0,0,0,0,0.0,0.5,0.4,0.20000000298023224
7,400,1,dpga,roi_reg,0.03286466747522354,-0.0,0.0,0.0,0.0,0.0,0.0,0.0,0.0,0.0,90.0,0,0,0,1,0,0,0.0,0.0,0.4,0.0
7,500,1,dpga,backbone,0.05572109296917915,-0.0,0.0,1.0661042928695679,0.0,0.0,0.0,0.0,1.0,1.0,0.0,0,0,0,0,0,0,0.0,0.5,0.4,0.20000000298023224
7,500,1,dpga,fpn,0.05572109296917915,-0.0,0.0,0.382569283246994,0.0,0.0,0.0,0.0,1.0,1.0,0.0,0,0,0,0,0,0,0.0,0.5,0.4,0.20000000298023224
7,500,1,dpga,rpn,0.05572109296917915,-0.0,0.0,0.16509388387203217,0.0,0.0,0.0,0.0,1.0,1.0,0.0,0,0,0,0,0,0,0.0,0.0,0.4,0.0
7,500,1,dpga,roi_shared,0.05572109296917915,-0.0,0.0,0.4723140001296997,0.0,0.0,0.0,0.0,1.0,1.0,0.0,0,0,0,0,0,0,0.0,0.5,0.4,0.20000000298023224
7,500,1,dpga,roi_cls,0.05572109296917915,-0.0,0.0,0.2882320284843445,0.0,0.0,0.0,0.0,1.0,1.0,0.0,0,0,0,0,0,0,0.0,0.5,0.4,0.20000000298023224
7,500,1,dpga,roi_reg,0.05572109296917915,-0.0,0.0,0.0,0.0,0.0,0.0,0.0,0.0,0.0,90.0,0,0,0,1,0,0,0.0,0.0,0.4,0.0
7,600,1,dpga,backbone,0.10493052005767822,0.15923786163330078,0.06292946636676788,1.1817091703414917,2.100238561630249,0.11817091703414917,1.7772888747434528,0.02312076836824417,1.00145497744314,0.9997346451308698,1.3199599824239274,0,1,0,0,0,1,0.05626547336578369,0.5780192017555237,0.4,0.2312076836824417
7,600,1,dpga,fpn,0.10493052005767822,0.15923786163330078,-0.04420841857790947,0.4684879779815674,0.840846061706543,0.07027319818735123,1.7948081940741412,0.02669780385481485,1.000000000019205,0.99964382576942,1.5292615485690237,1,1,0,0,1,1,0.0836561769247055,0.44496336579322815,0.4,0.17798535525798798
7,600,1,dpga,rpn,0.10493052005767822,0.15923786163330078,0.0,0.2186458855867386,0.0,0.0,0.0,0.0,1.0,1.0,0.0,0,0,0,0,0,0,0.0,0.0,0.4,0.0
7,600,1,dpga,roi_shared,0.10493052005767822,0.15923786163330078,-0.13177268207073212,0.72606360912323,0.768377423286438,0.1815159022808075,1.0582783844714443,0.03409949690103531,1.0000000003983966,0.999419038505442,1.9531353147257224,1,1,0,0,1,1,0.2383108139038086,0.3409949541091919,0.4,0.13639798760414124
7,600,1,dpga,roi_cls,0.10493052005767822,0.15923786163330078,0.0,0.3794722557067871,0.0,0.0,0.0,0.0,1.0,1.0,0.0,0,0,0,0,0,0,0.0,0.5,0.4,0.20000000298023224
7,600,1,dpga,roi_reg,0.10493052005767822,0.15923786163330078,-0.3621581792831421,0.07376407831907272,0.4005061388015747,0.003688204102218151,5.429555251394205,0.002810851440228387,0.9999999999653495,0.9999960607647891,0.160821359618602,1,1,0,0,1,1,0.009879511781036854,0.14054256677627563,0.4,0.056217025965452194
7,700,1,dpga,backbone,0.22462302446365356,0.8339287638664246,0.004735349211841822,1.4301717281341553,7.675344467163086,0.14301717281341553,5.366729264867073,0.020236757397651673,1.0000958282922392,0.9997953184279589,1.1592695006986806,0,1,0,0,0,1,0.018633322790265083,0.5059189200401306,0.4,0.20236757397651672
7,700,1,dpga,fpn,0.22462302446365356,0.8339287638664246,0.06255944073200226,0.38140687346458435,2.5137476921081543,0.05721103772521019,6.590724674870258,0.03465407300853131,1.0021679394264997,0.9994050661343429,1.9764849399585491,0,1,0,0,0,1,0.02275925874710083,0.5775678157806396,0.4,0.23102712631225586
7,700,1,dpga,rpn,0.22462302446365356,0.8339287638664246,0.0,0.30475708842277527,0.0,0.0,0.0,0.0,1.0,1.0,0.0,0,0,0,0,0,0,0.0,0.0,0.4,0.0
7,700,1,dpga,roi_shared,0.22462302446365356,0.8339287638664246,-0.07397335022687912,0.7218226790428162,1.7856013774871826,0.18045565485954285,2.473739644555095,0.040857319140256,0.9999999999369268,0.9991663557609666,2.3396892631735113,1,1,0,0,1,1,0.10133920609951019,0.4085732102394104,0.4,0.16342929005622864
7,700,1,dpga,roi_cls,0.22462302446365356,0.8339287638664246,0.0,0.24114710092544556,0.0,0.0,0.0,0.0,1.0,1.0,0.0,0,0,0,0,0,0,0.0,0.5,0.4,0.20000000298023224
7,700,1,dpga,roi_reg,0.22462302446365356,0.8339287638664246,-0.24770735204219818,0.18319503962993622,0.9463713765144348,0.009159751236438751,5.165922496734385,0.004493815458860598,0.9999999999598116,0.9999899138496464,0.2573360996373502,1,1,0,0,1,1,0.009990157559514046,0.22469079494476318,0.4,0.08987631648778915
8,0,1,dpga,backbone,0.13215911388397217,1.8281313180923462,0.27010560035705566,1.5268423557281494,21.615434646606445,0.15268424153327942,14.156952461734708,0.0476529587036452,1.012871332439607,0.9989755375234967,2.593717914680719,0,1,0,0,0,1,0.007063667289912701,0.7942159175872803,0.6,0.4765295684337616
8,0,1,dpga,fpn,0.13215911388397217,1.8281313180923462,0.1949969381093979,0.3114319443702698,4.772387504577637,0.046714793890714645,15.324014093119546,0.0653500811731432,1.0127430676815476,0.9980032612660285,3.621350345781068,0,1,0,0,0,1,0.009788558818399906,0.7261119484901428,0.6,0.4356671869754791
8,0,1,dpga,rpn,0.13215911388397217,1.8281313180923462,0.0,0.19385159015655518,0.0,0.0,0.0,0.0,1.0,1.0,0.0,0,0,0,0,0,0,0.0,0.0,0.6,0.0
8,0,1,dpga,roi_shared,0.13215911388397217,1.8281313180923462,0.2649763524532318,0.6196484565734863,12.811604499816895,0.15491211414337158,20.675601405774696,0.11849892884492874,1.0313994139349443,0.9939193145942822,6.3217047826078785,0,1,0,0,0,1,0.012091546319425106,0.7899928092956543,0.6,0.47399571537971497
8,0,1,dpga,roi_cls,0.13215911388397217,1.8281313180923462,0.0,0.13095220923423767,0.0,0.0,0.0,0.0,1.0,1.0,0.0,0,0,0,0,0,0,0.0,0.5,0.6,0.30000001192092896
8,0,1,dpga,roi_reg,0.13215911388397217,1.8281313180923462,0.3890393078327179,0.153547465801239,4.5870866775512695,0.007677373941987753,29.87406306978109,0.0262476615544253,1.0102113713011198,0.9997137135108894,1.3710346099992958,0,1,0,0,0,1,0.0016736927209421992,0.8749219179153442,0.6,0.5249531865119934
8,100,1,dpga,backbone,0.1747560203075409,0.18515940010547638,-0.2093098759651184,1.2415337562561035,5.635074615478516,0.12415337562561035,4.538800968627157,0.01559329628944397,1.0000000002561475,0.9998782645585248,0.8940268327374847,1,1,0,0,1,1,0.022531334310770035,0.25988826155662537,0.6,0.1559329628944397
8,100,1,dpga,fpn,0.1747560203075409,0.18515940010547638,-0.04044261947274208,0.26461637020111084,1.7458343505859375,0.039692461490631104,6.597605239838668,0.04046564858841565,0.9999999996759363,0.9991823381880574,2.317149656922185,1,1,0,0,1,1,0.022754142060875893,0.44961825013160706,0.6,0.26977095007896423
8,100,1,dpga,rpn,0.1747560203075409,0.18515940010547638,0.0,0.24632224440574646,0.0,0.0,0.0,0.0,1.0,1.0,0.0,0,0,0,0,0,0,0.0,0.0,0.6,0.0
8,100,1,dpga,roi_shared,0.1747560203075409,0.18515940010547638,0.07104839384555817,0.5080874562263489,0.17779850959777832,0.12702186405658722,0.34993682173993784,0.08818323165178299,1.0062652763159536,0.9962012316770492,4.9957030097125195,0,0,0,0,0,1,0.714414656162262,0.5878881812095642,0.6,0.35273292660713196
8,100,1,dpga,roi_cls,0.1747560203075409,0.18515940010547638,0.0,0.11456318199634552,0.0,0.0,0.0,0.0,1.0,1.0,0.0,0,0,0,0,0,0,0.0,0.5,0.6,0.30000001192092896
8,100,1,dpga,roi_reg,0.1747560203075409,0.18515940010547638,0.1803630292415619,0.1188477873802185,0.0672096312046051,0.005942389369010925,0.5655101595588623,0.021339674293994904,1.0038488886166792,0.9997815029799929,1.1977558407074302,0,0,0,0,0,1,0.08841574192047119,0.7113224267959595,0.6,0.42679348587989807
8,200,1,dpga,backbone,0.3554331958293915,2.683798313140869,-0.07198896259069443,1.961678385734558,11.390913963317871,0.19616781175136566,5.806718392858521,0.024658371116806445,0.9999999994703642,0.9996960644259945,1.4126656922139187,1,1,0,0,1,1,0.017266228795051575,0.4109728932380676,0.6,0.2465837448835373
8,200,1,dpga,fpn,0.3554331958293915,2.683798313140869,-0.06446283310651779,0.6364246606826782,3.956993341445923,0.09546370059251785,6.21753616084164,0.037810068422656495,0.9999999999563467,0.9992859190673911,2.1653953280129192,1,1,0,0,1,1,0.024175595492124557,0.42011186480522156,0.6,0.25206711888313293
8,200,1,dpga,rpn,0.3554331958293915,2.683798313140869,0.0,0.5989373922348022,0.0,0.0,0.0,0.0,1.0,1.0,0.0,0,0,0,0,0,0,0.0,0.0,0.6,0.0
8,200,1,dpga,roi_shared,0.3554331958293915,2.683798313140869,-0.08067746460437775,0.8376664519309998,5.016299247741699,0.20941661298274994,5.988420851972835,0.0600748173892498,0.9999999998846019,0.9982003753647426,3.4379040147392734,1,1,0,0,1,1,0.041883762925863266,0.40049877762794495,0.6,0.2402992695569992
8,200,1,dpga,roi_cls,0.3554331958293915,2.683798313140869,0.0,0.2501169741153717,0.0,0.0,0.0,0.0,1.0,1.0,0.0,0,0,0,0,0,0,0.0,0.5,0.6,0.30000001192092896
8,200,1,dpga,roi_reg,0.3554331958293915,2.683798313140869,-0.050061117857694626,0.15085136890411377,2.4280009269714355,0.007542569190263748,16.09531915162636,0.0131324497916631,0.9999999999790053,0.9999136733470831,0.7528582361497943,1,1,0,0,1,1,0.0031103934161365032,0.4377482831478119,0.6,0.26264896988868713
8,300,1,dpga,backbone,0.23038725554943085,0.23786193132400513,0.08785799890756607,1.3364073038101196,2.349998950958252,0.13364073634147644,1.758445156845795,0.03648539348251234,1.0032055342044035,0.9993443126385991,2.074960193363635,0,1,0,0,0,1,0.05686842277646065,0.6080898642539978,0.6,0.3648539185523987
8,300,1,dpga,fpn,0.23038725554943085,0.23786193132400513,0.06698088347911835,0.40427204966545105,0.9171980023384094,0.06064080446958542,2.2687643211976245,0.05246570448521336,1.003514199238774,0.9986422078707162,2.986093664327189,0,1,0,0,0,1,0.06611528247594833,0.5829522609710693,0.6,0.3497713804244995
8,300,1,dpga,rpn,0.23038725554943085,0.23786193132400513,0.0,0.2926143407821655,0.0,0.0,0.0,0.0,1.0,1.0,0.0,0,0,0,0,0,0,0.0,0.0,0.6,0.0
8,300,1,dpga,roi_shared,0.23038725554943085,0.23786193132400513,-0.12210693955421448,0.63682621717453,0.3512503206729889,0.1592065393924713,0.5515638508593694,0.05279058096430441,0.9999999996036305,0.9986095020571102,3.021851665755227,1,0,0,0,1,1,0.4566739797592163,0.3519372344017029,0.6,0.21116234362125397
8,300,1,dpga,roi_cls,0.23038725554943085,0.23786193132400513,0.0,0.2280394732952118,0.0,0.0,0.0,0.0,1.0,1.0,0.0,0,0,0,0,0,0,0.0,0.5,0.6,0.30000001192092896
8,300,1,dpga,roi_reg,0.23038725554943085,0.23786193132400513,-0.09508299082517624,0.09686325490474701,0.21188005805015564,0.004843162838369608,2.1874141877486295,0.01150006226957722,1.0000000000627054,0.9999338544898322,0.6590072756561718,1,1,0,0,1,1,0.022962074726819992,0.3833353817462921,0.6,0.23000124096870422
8,400,1,dpga,backbone,0.12003451585769653,0.5637142658233643,-0.11646166443824768,0.9288379549980164,6.958282470703125,0.09288380295038223,7.4913847278323,0.021504099901885867,1.0000000002412033,0.9997689731412388,1.2316214054583943,1,1,0,0,1,1,0.013440124690532684,0.3584016263484955,0.6,0.21504098176956177
8,400,1,dpga,fpn,0.12003451585769653,0.5637142658233643,-0.13458193838596344,0.31491249799728394,2.3717706203460693,0.04723687842488289,7.531522678298165,0.030406109406405316,1.000000000159355,0.9995380073888439,1.7416940436072361,1,1,0,0,1,1,0.02009914629161358,0.3378456234931946,0.6,0.20270738005638123
8,400,1,dpga,rpn,0.12003451585769653,0.5637142658233643,0.0,0.1625717133283615,0.0,0.0,0.0,0.0,1.0,1.0,0.0,0,0,0,0,0,0,0.0,0.0,0.6,0.0
8,400,1,dpga,roi_shared,0.12003451585769653,0.5637142658233643,-0.0801825225353241,0.5829448699951172,4.185952186584473,0.1457362323999405,7.180699928999349,0.06016396973770575,0.9999999999046758,0.9981950170498886,3.443019864196822,1,1,0,0,1,1,0.034928012639284134,0.401093065738678,0.6,0.24065585434436798
8,400,1,dpga,roi_cls,0.12003451585769653,0.5637142658233643,0.0,0.28025931119918823,0.0,0.0,0.0,0.0,1.0,1.0,0.0,0,0,0,0,0,0,0.0,0.5,0.6,0.30000001192092896
8,400,1,dpga,roi_reg,0.12003451585769653,0.5637142658233643,0.05403924733400345,0.0835784524679184,2.9749932289123535,0.00417892262339592,35.59521791880874,0.01701423227787018,1.000919436242879,0.9998560033340431,0.972342033106468,0,1,0,0,0,1,0.001404683105647564,0.567141056060791,0.6,0.34028464555740356
8,500,1,dpga,backbone,0.44148606061935425,0.9123125672340393,-0.3219980001449585,2.4603285789489746,3.577911138534546,0.24603284895420074,1.4542411810958153,0.00999539979732381,1.0000000001768528,0.9999500965006292,0.5724070006590192,1,1,0,0,1,1,0.07263277471065521,0.16658999025821686,0.6,0.09995400160551071
8,500,1,dpga,fpn,0.44148606061935425,0.9123125672340393,-0.16184088587760925,0.8011831045150757,1.1896592378616333,0.12017746269702911,1.4848780898614766,0.02772540381341024,0.9999999995529493,0.9996158929260137,1.5880994131876793,1,1,0,0,1,1,0.10236792266368866,0.30806005001068115,0.6,0.1848360300064087
8,500,1,dpga,rpn,0.44148606061935425,0.9123125672340393,0.0,0.4461576044559479,0.0,0.0,0.0,0.0,1.0,1.0,0.0,0,0,0,0,0,0,0.0,0.0,0.6,0.0
8,500,1,dpga,roi_shared,0.44148606061935425,0.9123125672340393,-0.11874712258577347,1.613024353981018,2.2469584941864014,0.4032561182975769,1.3930096521114543,0.05336673579631914,1.000000000042682,0.9985790703100098,3.0547478176972853,1,1,0,0,1,1,0.1807464063167572,0.35577818751335144,0.6,0.21346692740917206
8,500,1,dpga,roi_cls,0.44148606061935425,0.9123125672340393,0.0,0.6343644261360168,0.0,0.0,0.0,0.0,1.0,1.0,0.0,0,0,0,0,0,0,0.0,0.5,0.6,0.30000001192092896
8,500,1,dpga,roi_reg,0.44148606061935425,0.9123125672340393,-0.21674004197120667,0.5441202521324158,0.9602648615837097,0.02720601297914982,1.7648026476140461,0.0075841934527341335,1.000000000156563,0.9999711911388758,0.4349123275629951,1,1,0,0,1,1,0.029021641239523888,0.2528064250946045,0.6,0.15168386697769165
8,600,1,dpga,backbone,0.14685368537902832,4.474238395690918,-0.13640862703323364,1.0222221612930298,21.47369956970215,0.10222221910953522,21.006881265946753,0.020148328534076273,1.0000000000476998,0.9997971262588555,1.154138402204181,1,1,0,0,1,1,0.004805261734873056,0.3358054459095001,0.6,0.20148327946662903
8,600,1,dpga,fpn,0.14685368537902832,4.474238395690918,-0.16154520213603973,0.2816365957260132,7.861945152282715,0.042245496064424515,27.91521155841237,0.02775377997210481,1.0000000000440883,0.9996150752598973,1.5897889524711926,1,1,0,0,1,1,0.005444932263344526,0.3083752691745758,0.6,0.1850251704454422
8,600,1,dpga,rpn,0.14685368537902832,4.474238395690918,0.0,0.22629505395889282,0.0,0.0,0.0,0.0,1.0,1.0,0.0,0,0,0,0,0,0,0.0,0.0,0.6,0.0
8,600,1,dpga,roi_shared,0.14685368537902832,4.474238395690918,-0.11838789284229279,0.5247886776924133,24.638418197631836,0.13119716942310333,46.94921831387679,0.05342849716544151,0.9999999998309235,0.9985758273471702,3.058232556529688,1,1,0,0,1,1,0.005362614989280701,0.3561899662017822,0.6,0.21371398866176605
8,600,1,dpga,roi_cls,0.14685368537902832,4.474238395690918,0.0,0.16783837974071503,0.0,0.0,0.0,0.0,1.0,1.0,0.0,0,0,0,0,0,0,0.0,0.5,0.6,0.30000001192092896
8,600,1,dpga,roi_reg,0.14685368537902832,4.474238395690918,-0.043055497109889984,0.09816025197505951,14.667925834655762,0.004908012226223946,149.42836371673718,0.013391623374624989,1.0000000000489817,0.9999102916785942,0.7674626380149581,1,1,0,0,1,1,0.0003349190519656986,0.44638746976852417,0.6,0.267832487821579
8,700,1,dpga,backbone,0.2818799614906311,1.4566302299499512,-0.08075626194477081,1.8951762914657593,7.090734004974365,0.18951761722564697,3.741464072184166,0.02402425108235758,1.0000000002413918,0.9997115546292609,1.3761946229931061,1,1,0,0,1,1,0.026815084740519524,0.4004041850566864,0.6,0.24024252593517303
8,700,1,dpga,fpn,0.2818799614906311,1.4566302299499512,0.04959671199321747,0.4585626423358917,2.3095874786376953,0.06878440082073212,5.036580099226552,0.0505512166094304,1.0025071737544486,0.9987341744216578,2.883170901610942,0,1,0,0,0,1,0.029782114550471306,0.5616801381111145,0.6,0.3370080888271332
8,700,1,dpga,rpn,0.2818799614906311,1.4566302299499512,0.0,0.28655126690864563,0.0,0.0,0.0,0.0,1.0,1.0,0.0,0,0,0,0,0,0,0.0,0.0,0.6,0.0
8,700,1,dpga,roi_shared,0.2818799614906311,1.4566302299499512,-0.019551435485482216,0.8084752559661865,6.615837097167969,0.20211881399154663,8.183103995262742,0.071337029337883,0.999999999856815,0.9974651491530454,4.0804270438343915,1,1,0,0,1,1,0.03055659681558609,0.4755801558494568,0.6,0.285348117351532
8,700,1,dpga,roi_cls,0.2818799614906311,1.4566302299499512,0.0,0.2584071159362793,0.0,0.0,0.0,0.0,1.0,1.0,0.0,0,0,0,0,0,0,0.0,0.5,0.6,0.30000001192092896
8,700,1,dpga,roi_reg,0.2818799614906311,1.4566302299499512,0.28817951679229736,0.20041488111019135,4.107996463775635,0.010020744055509567,20.497462269366075,0.024257810413837434,1.0069906040834988,0.9997340368425246,1.3214720937593534,0,1,0,0,0,1,0.00243932637386024,0.8085936307907104,0.6,0.48515620827674866
9,0,1,dpga,backbone,0.029969412833452225,0.00010002159251598641,0.0,0.40602460503578186,0.0,0.0,0.0,0.0,1.0,1.0,0.0,0,0,0,0,0,0,0.0,0.5,0.8,0.4000000059604645
9,0,1,dpga,fpn,0.029969412833452225,0.00010002159251598641,0.0,0.13523758947849274,0.0,0.0,0.0,0.0,1.0,1.0,0.0,0,0,0,0,0,0,0.0,0.5,0.8,0.4000000059604645
9,0,1,dpga,rpn,0.029969412833452225,0.00010002159251598641,0.0,0.10591036081314087,0.0,0.0,0.0,0.0,1.0,1.0,0.0,0,0,0,0,0,0,0.0,0.0,0.8,0.0
9,0,1,dpga,roi_shared,0.029969412833452225,0.00010002159251598641,0.0,0.18705350160598755,0.0,0.0,0.0,0.0,1.0,1.0,0.0,0,0,0,0,0,0,0.0,0.5,0.8,0.4000000059604645
9,0,1,dpga,roi_cls,0.029969412833452225,0.00010002159251598641,0.0,0.0957789197564125,0.0,0.0,0.0,0.0,1.0,1.0,0.0,0,0,0,0,0,0,0.0,0.5,0.8,0.4000000059604645
9,0,1,dpga,roi_reg,0.029969412833452225,0.00010002159251598641,0.0,0.0012446371838450432,0.0,0.0,0.0,0.0,1.0,1.0,0.0,0,0,0,0,0,0,0.0,0.5,0.8,0.4000000059604645
9,100,1,dpga,backbone,0.13894423842430115,3.4573848247528076,-0.04137017950415611,0.960503101348877,15.235177993774414,0.09605032205581665,15.861664550982688,0.03587767331039862,1.0000000000282956,0.9993571446838772,2.054553802193267,1,1,0,0,1,1,0.006309911608695984,0.4484708607196808,0.8,0.35877668857574463
9,100,1,dpga,fpn,0.13894423842430115,3.4573848247528076,-0.027524737641215324,0.2426605224609375,5.351127624511719,0.036399077624082565,22.051908444947493,0.05587779318158097,0.9999999997386545,0.9984424961714814,3.1982217742078043,1,1,0,0,1,1,0.006804711185395718,0.46564826369285583,0.8,0.3725186288356781
9,100,1,dpga,rpn,0.13894423842430115,3.4573848247528076,0.0,0.2745705544948578,0.0,0.0,0.0,0.0,1.0,1.0,0.0,0,0,0,0,0,0,0.0,0.0,0.8,0.0
9,100,1,dpga,roi_shared,0.13894423842430115,3.4573848247528076,-0.0569487065076828,0.46685633063316345,15.411751747131348,0.11671409010887146,33.01176558156447,0.08585825365505267,0.9999999994812188,0.9963344151559181,4.907293342603625,1,1,0,0,1,1,0.0075853681191802025,0.4292912185192108,0.8,0.3434329926967621
9,100,1,dpga,roi_cls,0.13894423842430115,3.4573848247528076,0.0,0.10906873643398285,0.0,0.0,0.0,0.0,1.0,1.0,0.0,0,0,0,0,0,0,0.0,0.5,0.8,0.4000000059604645
9,100,1,dpga,roi_reg,0.13894423842430115,3.4573848247528076,-0.06555555015802383,0.10275086015462875,6.546512603759766,0.00513754365965724,63.71248468293096,0.016751260200879307,1.0000000000739555,0.9998597107284387,0.9597429657135922,1,1,0,0,1,1,0.0007864673971198499,0.41878145933151245,0.8,0.3350251615047455
9,200,1,dpga,backbone,0.2029457986354828,0.3913824260234833,-0.03189905360341072,1.7055426836013794,4.143782615661621,0.1705542653799057,2.429597720129594,0.03681683774034432,1.0000000003352068,0.99932282500615,2.108689314437352,1,1,0,0,1,1,0.04118003696203232,0.4602104723453522,0.8,0.3681683838367462
9,200,1,dpga,fpn,0.2029457986354828,0.3913824260234833,0.06349816173315048,0.4423527121543884,1.4682363271713257,0.06635291129350662,3.3191529899762133,0.06944552084777578,1.0044096623970256,0.997627921767045,3.9471898930716978,0,1,0,0,0,1,0.045192256569862366,0.5787126421928406,0.8,0.462970107793808
9,200,1,dpga,rpn,0.2029457986354828,0.3913824260234833,0.0,0.4212527871131897,0.0,0.0,0.0,0.0,1.0,1.0,0.0,0,0,0,0,0,0,0.0,0.0,0.8,0.0
9,200,1,dpga,roi_shared,0.2029457986354828,0.3913824260234833,-0.0510072186589241,0.5385378003120422,0.7402878999710083,0.13463445007801056,1.3746256985898984,0.08731686323881149,0.9999999997959353,0.996209620966113,4.990180153370956,1,1,0,0,1,1,0.18210473656654358,0.43658432364463806,0.8,0.34926745295524597
9,200,1,dpga,roi_cls,0.2029457986354828,0.3913824260234833,0.0,0.14894159138202667,0.0,0.0,0.0,0.0,1.0,1.0,0.0,0,0,0,0,0,0,0.0,0.5,0.8,0.4000000059604645
9,200,1,dpga,roi_reg,0.2029457986354828,0.3913824260234833,-0.05609310790896416,0.07877906411886215,0.43424227833747864,0.0039389533922076225,5.512153301063494,0.017213586786778926,0.9999999998990957,0.9998518218274605,0.9863592241420875,1,1,0,0,1,1,0.009085169993340969,0.43033963441848755,0.8,0.344271719455719
9,300,1,dpga,backbone,0.35568103194236755,0.8924373388290405,-0.15249091386795044,3.489326238632202,2.6442482471466064,0.3489326238632202,0.7578105531866628,0.025449085235595702,1.0000000007299958,0.999676231011996,1.458031720378005,1,0,0,0,1,1,0.13352064788341522,0.3181135654449463,0.8,0.25449085235595703
9,300,1,dpga,fpn,0.35568103194236755,0.8924373388290405,-0.06312280148267746,0.7890996932983398,0.9793193936347961,0.11836495250463486,1.2410591487386864,0.050609403211517856,1.000000000312501,0.9987218465867885,2.8971794167319533,1,1,0,0,1,1,0.12110602855682373,0.42174503207206726,0.8,0.3373960256576538
9,300,1,dpga,rpn,0.35568103194236755,0.8924373388290405,0.0,0.4364393651485443,0.0,0.0,0.0,0.0,1.0,1.0,0.0,0,0,0,0,0,0,0.0,0.0,0.8,0.0
9,300,1,dpga,roi_shared,0.35568103194236755,0.8924373388290405,0.0026578300166875124,1.499356746673584,2.052168607711792,0.374839186668396,1.3686993520819215,0.10066445171833038,1.000267548931077,0.994974237346851,5.746728422647378,0,1,0,0,0,1,0.18265515565872192,0.5033222436904907,0.8,0.40265780687332153
9,300,1,dpga,roi_cls,0.35568103194236755,0.8924373388290405,0.0,0.5054115056991577,0.0,0.0,0.0,0.0,1.0,1.0,0.0,0,0,0,0,0,0,0.0,0.5,0.8,0.4000000059604645
9,300,1,dpga,roi_reg,0.35568103194236755,0.8924373388290405,0.25344714522361755,0.36935558915138245,1.1964266300201416,0.018467780202627182,3.2392270894533004,0.031210769481965873,1.0079102804254367,0.9995516735909687,1.7157381896610888,0,1,0,0,0,1,0.015435781329870224,0.780269205570221,0.8,0.6242153644561768
9,400,1,dpga,backbone,0.40003982186317444,0.38738057017326355,-0.012673875316977501,2.7486045360565186,1.9834847450256348,0.2748604714870453,0.7216333666797271,0.03873303784583049,0.9999999999492676,0.9992507666263127,2.218060085933451,1,0,0,0,1,1,0.1385856717824936,0.48416292667388916,0.8,0.3873303532600403
9,400,1,dpga,fpn,0.40003982186317444,0.38738057017326355,-0.06086194887757301,0.7160770893096924,0.6635833382606506,0.10741157084703445,0.9266925979999634,0.050940512673969235,1.0000000002806975,0.9987050018273824,2.9162119596422453,1,0,0,0,1,1,0.16216661036014557,0.42450425028800964,0.8,0.33960339426994324
9,400,1,dpga,rpn,0.40003982186317444,0.38738057017326355,0.0,0.5979392528533936,0.0,0.0,0.0,0.0,1.0,1.0,0.0,0,0,0,0,0,0,0.0,0.0,0.8,0.0
9,400,1,dpga,roi_shared,0.40003982186317444,0.38738057017326355,-0.04769017547369003,1.4079394340515137,0.13528446853160858,0.13513053953647614,0.09608685236005599,0.03383538837606578,1.000000000092357,0.9994281319756864,1.937787883076487,1,0,0,0,1,0,1.0,0.44066813588142395,0.8,0.3525345027446747
9,400,1,dpga,roi_cls,0.40003982186317444,0.38738057017326355,0.0,0.5377042889595032,0.0,0.0,0.0,0.0,1.0,1.0,0.0,0,0,0,0,0,0,0.0,0.5,0.8,0.4000000059604645
9,400,1,dpga,roi_reg,0.40003982186317444,0.38738057017326355,0.1760934293270111,0.2594221830368042,0.06353314965963364,0.012971109710633755,0.24490253268210374,0.028276763584453777,1.004979352691212,0.9996166458167928,1.5865421281910292,0,0,0,0,0,1,0.2041628658771515,0.7069190144538879,0.8,0.5655352473258972
9,500,1,dpga,backbone,0.13809433579444885,0.3429560363292694,0.05593603849411011,1.246455430984497,5.200599193572998,0.12464554607868195,4.172310589128221,0.045557425515341206,1.002548301737604,0.99897232219743,2.5977856782021087,0,1,0,0,0,1,0.02396753616631031,0.5694677829742432,0.8,0.45557424426078796
9,500,1,dpga,fpn,0.13809433579444885,0.3429560363292694,0.03526390343904495,0.3579760491847992,1.8805021047592163,0.0536964125931263,5.253150620108772,0.06527593471820337,1.0023018840156244,0.9978886936919781,3.723828686439468,0,1,0,0,0,1,0.028554294258356094,0.5439660549163818,0.8,0.4351728558540344
9,500,1,dpga,rpn,0.13809433579444885,0.3429560363292694,0.0,0.39029553532600403,0.0,0.0,0.0,0.0,1.0,1.0,0.0,0,0,0,0,0,0,0.0,0.0,0.8,0.0
9,500,1,dpga,roi_shared,0.13809433579444885,0.3429560363292694,-0.07527869194746017,0.45590507984161377,1.1426554918289185,0.11397626250982285,2.5063451633964884,0.08139940564201338,1.000000000798561,0.9967033998126101,4.65361177669524,1,1,0,0,1,1,0.10003066807985306,0.40699705481529236,0.8,0.3255976438522339
9,500,1,dpga,roi_cls,0.13809433579444885,0.3429560363292694,0.0,0.15341314673423767,0.0,0.0,0.0,0.0,1.0,1.0,0.0,0,0,0,0,0,0,0.0,0.5,0.8,0.4000000059604645
9,500,1,dpga,roi_reg,0.13809433579444885,0.3429560363292694,0.007034302223473787,0.08622972667217255,0.4838380515575409,0.0043114866130054,5.611035430936623,0.02035168094197463,1.0001431599029325,0.9997930375653374,1.1657109690407006,0,1,0,0,0,1,0.0089110117405653,0.508791983127594,0.8,0.4070335924625397
9,600,1,dpga,backbone,0.038586825132369995,0.02722790464758873,0.11119002103805542,0.7894567847251892,3.020658254623413,0.07894568890333176,3.8262490272661442,0.05084120706918279,1.0056530333684366,0.9987402141700515,2.8762828613789226,0,1,0,0,0,1,0.026135258376598358,0.6355149745941162,0.8,0.5084120035171509
9,600,1,dpga,fpn,0.038586825132369995,0.02722790464758873,-0.09746639430522919,0.19917047023773193,1.1252731084823608,0.02987556904554367,5.649798924204092,0.04566267501051929,0.9999999994875021,0.9989591946467907,2.614327938356397,1,1,0,0,1,1,0.026676630601286888,0.38052231073379517,0.8,0.30441784858703613
9,600,1,dpga,rpn,0.038586825132369995,0.02722790464758873,0.0,0.13303901255130768,0.0,0.0,0.0,0.0,1.0,1.0,0.0,0,0,0,0,0,0,0.0,0.0,0.8,0.0
9,600,1,dpga,roi_shared,0.038586825132369995,0.02722790464758873,-0.07962251454591751,0.2635693848133087,0.15743741393089294,0.06589234620332718,0.597328153428779,0.08035317808389664,0.9999999996986038,0.9967872369219507,4.594024665656714,1,0,0,0,1,1,0.41986343264579773,0.4017658829689026,0.8,0.32141271233558655
9,600,1,dpga,roi_cls,0.038586825132369995,0.02722790464758873,0.0,0.12822477519512177,0.0,0.0,0.0,0.0,1.0,1.0,0.0,0,0,0,0,0,0,0.0,0.5,0.8,0.4000000059604645
9,600,1,dpga,roi_reg,0.038586825132369995,0.02722790464758873,-0.17813530564308167,0.014463627710938454,0.05312800034880638,0.000723181408829987,3.6732140380402005,0.011638810115258701,0.9999999999723279,0.9999322655833358,0.6668755257329101,1,1,0,0,1,1,0.013833307661116123,0.29097023606300354,0.8,0.2327761948108673
9,700,1,dpga,backbone,0.1615019142627716,1.0560245513916016,0.09990103542804718,1.1734814643859863,5.870957851409912,0.11734813451766968,5.003025637462317,0.04978744179879108,1.004973817357958,0.9987874262500936,2.821860923993087,0,1,0,0,0,1,0.019987905398011208,0.6223430633544922,0.8,0.4978744685649872
9,700,1,dpga,fpn,0.1615019142627716,1.0560245513916016,-0.040542181581258774,0.2902887761592865,2.0175023078918457,0.043543316423892975,6.949983856023448,0.053939415514469145,0.999999999888661,0.9985483822731968,3.0875664385275874,1,1,0,0,1,1,0.021600542590022087,0.4494951069355011,0.8,0.3595961034297943
9,700,1,dpga,rpn,0.1615019142627716,1.0560245513916016,0.0,0.2223067283630371,0.0,0.0,0.0,0.0,1.0,1.0,0.0,0,0,0,0,0,0,0.0,0.0,0.8,0.0
9,700,1,dpga,roi_shared,0.1615019142627716,1.0560245513916016,-0.04795080050826073,0.5155128836631775,4.757091999053955,0.12887822091579437,9.227881881924242,0.08806939423084259,1.0000000000632945,0.9961443605683377,5.032983142884463,1,1,0,0,1,1,0.02712300792336464,0.44034695625305176,0.8,0.35227757692337036
9,700,1,dpga,roi_cls,0.1615019142627716,1.0560245513916016,0.0,0.10321065038442612,0.0,0.0,0.0,0.0,1.0,1.0,0.0,0,0,0,0,0,0,0.0,0.5,0.8,0.4000000059604645
9,700,1,dpga,roi_reg,0.1615019142627716,1.0560245513916016,0.1880011409521103,0.12091632187366486,2.118809700012207,0.006045816000550985,17.52294204107507,0.028764032874472826,1.0054076714274023,0.9996054549253262,1.609534252874869,0,1,0,0,0,1,0.002853402169421315,0.719100832939148,0.8,0.5752806663513184
10,0,1,dpga,backbone,0.21554647386074066,0.19693200290203094,-0.003810247639194131,1.4201632738113403,5.987064361572266,0.14201632142066956,4.215757773755533,0.049523735948094,1.0000000000500247,0.9987760518121002,2.8350678246437138,1,1,0,0,1,1,0.023720702156424522,0.4952373802661896,1.0,0.4952373802661896
10,0,1,dpga,fpn,0.21554647386074066,0.19693200290203094,-0.03622075170278549,0.3173258602619171,2.0609748363494873,0.04759887605905533,6.494821552357512,0.06822710951156473,1.0000000003724048,0.9976805689161563,3.903123970463026,1,1,0,0,1,1,0.023110486567020416,0.45484742522239685,1.0,0.45484742522239685
10,0,1,dpga,rpn,0.21554647386074066,0.19693200290203094,0.0,0.35559403896331787,0.0,0.0,0.0,0.0,1.0,1.0,0.0,0,0,0,0,0,0,0.0,0.0,1.0,0.0
10,0,1,dpga,roi_shared,0.21554647386074066,0.19693200290203094,-0.10028614103794098,0.6038419008255005,0.5557249188423157,0.15096047520637512,0.9203152647780735,0.09430112689733505,0.9999999995964834,0.9955830200630342,5.387165638831763,1,0,0,0,1,1,0.27302244305610657,0.3772045075893402,1.0,0.3772045075893402
10,0,1,dpga,roi_cls,0.21554647386074066,0.19693200290203094,0.0,0.14120163023471832,0.0,0.0,0.0,0.0,1.0,1.0,0.0,0,0,0,0,0,0,0.0,0.5,1.0,0.5
10,0,1,dpga,roi_reg,0.21554647386074066,0.19693200290203094,-0.3464340567588806,0.12375753372907639,0.20318099856376648,0.006187876686453819,1.641766706571253,0.00751550942659378,0.9999999997244171,0.9999717652926738,0.43055664593440696,1,1,0,0,1,1,0.03246544301509857,0.1503101885318756,1.0,0.1503101885318756
10,100,1,dpga,backbone,0.01613309234380722,-0.0,0.0,0.31244340538978577,0.0,0.0,0.0,0.0,1.0,1.0,0.0,0,0,0,0,0,0,0.0,0.5,1.0,0.5
10,100,1,dpga,fpn,0.01613309234380722,-0.0,0.0,0.11104999482631683,0.0,0.0,0.0,0.0,1.0,1.0,0.0,0,0,0,0,0,0,0.0,0.5,1.0,0.5
10,100,1,dpga,rpn,0.01613309234380722,-0.0,0.0,0.08440322428941727,0.0,0.0,0.0,0.0,1.0,1.0,0.0,0,0,0,0,0,0,0.0,0.0,1.0,0.0
10,100,1,dpga,roi_shared,0.01613309234380722,-0.0,0.0,0.18703606724739075,0.0,0.0,0.0,0.0,1.0,1.0,0.0,0,0,0,0,0,0,0.0,0.5,1.0,0.5
10,100,1,dpga,roi_cls,0.01613309234380722,-0.0,0.0,0.09116670489311218,0.0,0.0,0.0,0.0,1.0,1.0,0.0,0,0,0,0,0,0,0.0,0.5,1.0,0.5
10,100,1,dpga,roi_reg,0.01613309234380722,-0.0,0.0,0.0,0.0,0.0,0.0,0.0,0.0,0.0,90.0,0,0,0,1,0,0,0.0,0.0,1.0,0.0
10,200,1,dpga,backbone,0.5598127245903015,0.6497389078140259,-0.17878836393356323,4.9036993980407715,2.623481512069702,0.49036991596221924,0.5350004759912262,0.029029701728830393,1.0000000003120024,0.9995786412671148,1.6633317617634078,1,0,0,0,1,1,0.18997669219970703,0.2902970314025879,1.0,0.2902970314025879
10,200,1,dpga,fpn,0.5598127245903015,0.6497389078140259,-0.06360089778900146,0.9037859439849854,0.8230643272399902,0.13556790351867676,0.9106850274866234,0.06317432482239786,0.9999999996494372,0.9980104962927532,3.614781370846861,1,0,0,0,1,1,0.1650453358888626,0.42116212844848633,1.0,0.42116212844848633
10,200,1,dpga,rpn,0.5598127245903015,0.6497389078140259,0.0,0.41542956233024597,0.0,0.0,0.0,0.0,1.0,1.0,0.0,0,0,0,0,0,0,0.0,0.0,1.0,0.0
10,200,1,dpga,roi_shared,0.5598127245903015,0.6497389078140259,-0.010481655597686768,1.5395729541778564,1.55354642868042,0.3848932385444641,1.009076201595153,0.12172523885965347,1.0000000000816902,0.9926727508444733,6.940226575062629,1,1,0,0,1,1,0.2477649748325348,0.4869009554386139,1.0,0.4869009554386139
10,200,1,dpga,roi_cls,0.5598127245903015,0.6497389078140259,0.0,0.4573637843132019,0.0,0.0,0.0,0.0,1.0,1.0,0.0,0,0,0,0,0,0,0.0,0.5,1.0,0.5
10,200,1,dpga,roi_reg,0.5598127245903015,0.6497389078140259,0.08217167109251022,0.2571113705635071,0.6766396760940552,0.012855569832026958,2.6316987638900384,0.030064687201856597,1.0024704653642507,0.999553564781498,1.7121153170536685,0,1,0,0,0,1,0.018999135121703148,0.601293683052063,1.0,0.601293683052063
10,300,1,dpga,backbone,0.21953901648521423,1.8354792594909668,-0.020299816504120827,1.8424184322357178,7.8602399826049805,0.18424184620380402,4.266262128666843,0.04746469932085785,1.0000000001953375,0.9988754407606651,2.717499712564903,1,1,0,0,1,1,0.02344455197453499,0.47464698553085327,1.0,0.47464698553085327
10,300,1,dpga,fpn,0.21953901648521423,1.8354792594909668,0.08676109462976456,0.6137468218803406,3.103325366973877,0.09206202626228333,5.056360792983329,0.09101729687646597,1.0078967596291128,0.9959776777293452,5.140693869179095,0,1,0,0,0,1,0.02966560609638691,0.6067819595336914,1.0,0.6067819595336914
10,300,1,dpga,rpn,0.21953901648521423,1.8354792594909668,0.0,0.2963431179523468,0.0,0.0,0.0,0.0,1.0,1.0,0.0,0,0,0,0,0,0,0.0,0.0,1.0,0.0
10,300,1,dpga,roi_shared,0.21953901648521423,1.8354792594909668,-0.021817153319716454,1.0443189144134521,8.469277381896973,0.26107972860336304,8.1098573098753,0.11818889528512955,0.9999999999588008,0.9930880232843005,6.740455313635811,1,1,0,0,1,1,0.030834022909402847,0.4727555811405182,1.0,0.4727555811405182
10,300,1,dpga,roi_cls,0.21953901648521423,1.8354792594909668,0.0,0.4760402739048004,0.0,0.0,0.0,0.0,1.0,1.0,0.0,0,0,0,0,0,0,0.0,0.5,1.0,0.5
10,300,1,dpga,roi_reg,0.21953901648521423,1.8354792594909668,-0.28578686714172363,0.06663080304861069,3.440870523452759,0.0033315399195998907,51.64083826128378,0.009663237701046311,1.000000000193009,0.9999532620930736,0.5539543173170869,1,1,0,0,1,1,0.0010103649692609906,0.19326476752758026,1.0,0.19326476752758026
10,400,1,dpga,backbone,0.23210588097572327,0.3253266215324402,-0.04402510076761246,1.2941040992736816,2.4858343601226807,0.12941040098667145,1.9208921148753488,0.044518977308149,1.0000000003481524,0.9990105358623312,2.54902136581587,1,1,0,0,1,1,0.052109669893980026,0.44518980383872986,1.0,0.44518980383872986
10,400,1,dpga,fpn,0.23210588097572327,0.3253266215324402,0.017068911343812943,0.3622725307941437,0.8811190128326416,0.05434088036417961,2.4321993469974825,0.07819847273754761,1.0013347627983789,0.9969653985845266,4.464762330077146,0,1,0,0,0,1,0.061672575771808624,0.5213231444358826,1.0,0.5213231444358826
10,400,1,dpga,rpn,0.23210588097572327,0.3253266215324402,0.0,0.405415803194046,0.0,0.0,0.0,0.0,1.0,1.0,0.0,0,0,0,0,0,0,0.0,0.0,1.0,0.0
10,400,1,dpga,roi_shared,0.23210588097572327,0.3253266215324402,0.052963804453611374,0.6553293466567993,0.10722289234399796,0.10722289234399796,0.1636168025909442,0.0925777435301516,1.0049032695050875,0.9957949706126257,5.256231086484454,0,0,0,0,0,0,1.0,0.5658205151557922,1.0,0.5658205151557922
10,400,1,dpga,roi_cls,0.23210588097572327,0.3253266215324402,0.0,0.10341128706932068,0.0,0.0,0.0,0.0,1.0,1.0,0.0,0,0,0,0,0,0,0.0,0.5,1.0,0.5
10,400,1,dpga,roi_reg,0.23210588097572327,0.3253266215324402,0.03307861462235451,0.20506103336811066,0.03930896148085594,0.010253052227199078,0.1916939597699742,0.027062715574807834,1.000895197038317,0.9996350307666021,1.5480285551260582,0,0,0,0,0,1,0.26083242893218994,0.5412542819976807,1.0,0.5412542819976807
10,500,1,dpga,backbone,0.12768812477588654,0.44108185172080994,0.11625824868679047,2.058021306991577,3.8376405239105225,0.20580212771892548,1.8647234170380864,0.06413644459354487,1.0074563907254428,0.998006967499688,3.6179867935362098,0,1,0,0,0,1,0.05362725630402565,0.6413644552230835,1.0,0.6413644552230835
10,500,1,dpga,fpn,0.12768812477588654,0.44108185172080994,0.09199080616235733,0.5557174682617188,1.3810091018676758,0.08335763216018677,2.4850921209791457,0.09195051018100354,1.008458600873506,0.9959036708801547,5.187802262121477,0,1,0,0,0,1,0.06035993993282318,0.6130033135414124,1.0,0.6130033135414124
10,500,1,dpga,rpn,0.12768812477588654,0.44108185172080994,0.0,0.19778116047382355,0.0,0.0,0.0,0.0,1.0,1.0,0.0,0,0,0,0,0,0,0.0,0.0,1.0,0.0
10,500,1,dpga,roi_shared,0.12768812477588654,0.44108185172080994,0.021442260593175888,0.8549602031707764,0.24414056539535522,0.2137400507926941,0.28555781250392154,0.13169428706169128,1.002823823467109,0.9914908226568745,7.479797780939991,0,0,0,0,0,1,0.8754794597625732,0.5267771482467651,1.0,0.5267771482467651
10,500,1,dpga,roi_cls,0.12768812477588654,0.44108185172080994,0.0,0.3693411648273468,0.0,0.0,0.0,0.0,1.0,1.0,0.0,0,0,0,0,0,0,0.0,0.5,1.0,0.5
10,500,1,dpga,roi_reg,0.12768812477588654,0.44108185172080994,0.2935849726200104,0.09410201758146286,0.10250052809715271,0.0047051007859408855,1.0892489952026732,0.04063708999782651,1.0119304389543688,0.9992639976036033,2.1983856718694126,0,1,0,0,0,1,0.04590318724513054,0.8127418160438538,1.0,0.8127418160438538
10,600,1,dpga,backbone,0.3593125343322754,1.197522759437561,-0.29795241355895996,2.4735219478607178,5.143983840942383,0.24735219776630402,2.0796192430761633,0.018395744485767643,1.000000001392652,0.9998307721784813,1.0540947174259157,1,1,0,0,1,1,0.05037366598844528,0.18395744264125824,1.0,0.18395744264125824
10,600,1,dpga,fpn,0.3593125343322754,1.197522759437561,-0.17023424804210663,0.5551978945732117,1.766109585762024,0.08327968418598175,3.181045178709939,0.04487808644771576,0.9999999993485157,0.9989944278438241,2.569689497549664,1,1,0,0,1,1,0.04785279184579849,0.29918724298477173,1.0,0.29918724298477173
10,600,1,dpga,rpn,0.3593125343322754,1.197522759437561,0.0,0.3219451904296875,0.0,0.0,0.0,0.0,1.0,1.0,0.0,0,0,0,0,0,0,0.0,0.0,1.0,0.0
10,600,1,dpga,roi_shared,0.3593125343322754,1.197522759437561,-0.04023943096399307,0.9722504615783691,4.470778942108154,0.2430626004934311,4.598381917813863,0.11246742363706674,1.0000000001276887,0.9937348667798074,6.416966749598825,1,1,0,0,1,1,0.054411012679338455,0.44986972212791443,1.0,0.44986972212791443
10,600,1,dpga,roi_cls,0.3593125343322754,1.197522759437561,0.0,0.2719969153404236,0.0,0.0,0.0,0.0,1.0,1.0,0.0,0,0,0,0,0,0,0.0,0.5,1.0,0.5
10,600,1,dpga,roi_reg,0.3593125343322754,1.197522759437561,-0.06992705911397934,0.17021621763706207,2.2537388801574707,0.008510812185704708,13.240447422953148,0.020673546381973565,0.999999999944839,0.9997863542424202,1.184383911356346,1,1,0,0,1,1,0.0037855743430554867,0.4134708642959595,1.0,0.4134708642959595
10,700,1,dpga,backbone,0.030841313302516937,0.00010002159251598641,0.23126521706581116,0.48206156492233276,3.2701740620977304e-11,3.2701740620977304e-11,6.783727017574205e-11,5.160140069254819e-11,1.0000000000119336,1.0000000000119336,0.0,0,0,0,0,0,0,1.0,0.7606644630432129,1.0,0.7606644630432129
10,700,1,dpga,fpn,0.030841313302516937,0.00010002159251598641,0.08726804703474045,0.15790429711341858,1.1764283124049424e-11,1.1764283124049424e-11,7.450261543927106e-11,4.525188946698455e-11,1.000000000003949,1.000000000003949,0.0,0,0,0,0,0,0,1.0,0.607386589050293,1.0,0.607386589050293
10,700,1,dpga,rpn,0.030841313302516937,0.00010002159251598641,0.0,0.11930692195892334,0.0,0.0,0.0,0.0,1.0,1.0,0.0,0,0,0,0,0,0,0.0,0.0,1.0,0.0
10,700,1,dpga,roi_shared,0.030841313302516937,0.00010002159251598641,-0.0037209177389740944,0.2430305927991867,3.1015957163704755e-11,3.10156796079486e-11,1.2762161671280978e-10,6.321666941406551e-11,1.0,1.0,0.0,1,0,0,0,1,0,1.0,0.4953489601612091,1.0,0.4953489601612091
10,700,1,dpga,roi_cls,0.030841313302516937,0.00010002159251598641,0.0,0.12761661410331726,0.0,0.0,0.0,0.0,1.0,1.0,0.0,0,0,0,0,0,0,0.0,0.5,1.0,0.5
10,700,1,dpga,roi_reg,0.030841313302516937,0.00010002159251598641,0.0,0.0019812677055597305,1.6454370851959332e-11,1.6454370851959332e-11,8.304971007091032e-09,4.152485503545516e-09,1.0,1.0,0.0,0,0,0,0,0,0,1.0,0.5,1.0,0.5
11,0,1,dpga,backbone,0.105758897960186,5.33815860748291,-0.2476019561290741,1.330414056777954,53.26119613647461,0.1330414116382599,40.033548852801914,0.022478261106949296,0.9999999992386114,0.9997474717467654,1.2876616377525152,1,1,0,0,1,1,0.0025781849399209023,0.22478260099887848,1.0,0.22478260099887848
11,0,1,dpga,fpn,0.105758897960186,5.33815860748291,-0.07156774401664734,0.3281497359275818,18.678211212158203,0.04922246187925339,56.91978132897304,0.06172242798499527,1.0000000004231329,0.9981005878859526,3.531961801258512,1,1,0,0,1,1,0.002642062958329916,0.4114828407764435,1.0,0.4114828407764435
11,0,1,dpga,rpn,0.105758897960186,5.33815860748291,0.0,0.1718016415834427,0.0,0.0,0.0,0.0,1.0,1.0,0.0,0,0,0,0,0,0,0.0,0.0,1.0,0.0
11,0,1,dpga,roi_shared,0.105758897960186,5.33815860748291,-0.21493668854236603,0.5846782326698303,49.75294494628906,0.1461695432662964,85.09457367533761,0.0636283541425296,0.9999999993303107,0.9979819120360589,3.6406651825254257,1,1,0,0,1,1,0.0030082156881690025,0.2545134425163269,1.0,0.2545134425163269
11,0,1,dpga,roi_cls,0.105758897960186,5.33815860748291,0.0,0.23284406960010529,0.0,0.0,0.0,0.0,1.0,1.0,0.0,0,0,0,0,0,0,0.0,0.5,1.0,0.5
11,0,1,dpga,roi_reg,0.105758897960186,5.33815860748291,-0.5637214779853821,0.10845381021499634,20.8612003326416,0.005422689951956272,192.35101368303094,0.002816345438717025,1.000000000069686,0.9999960155904689,0.1617408643216382,1,1,0,0,1,1,0.0003147124079987407,0.056326914578676224,1.0,0.056326914578676224
11,100,1,dpga,backbone,0.3106737732887268,0.7692000269889832,-0.1470746248960495,1.9303572177886963,3.7400498390197754,0.19303570687770844,1.9374910532384035,0.03240167248467715,1.0000000009009324,0.9994753584442937,1.856042698695012,1,1,0,0,1,1,0.05218058079481125,0.3240167498588562,1.0,0.3240167498588562
11,100,1,dpga,fpn,0.3106737732887268,0.7692000269889832,-0.07293455302715302,0.45811977982521057,1.3281458616256714,0.06871797144412994,2.899123591940098,0.06147433025206106,0.9999999995626584,0.9981158321602278,3.5177553925489136,1,1,0,0,1,1,0.0518779419362545,0.4098288416862488,1.0,0.4098288416862488
11,100,1,dpga,rpn,0.3106737732887268,0.7692000269889832,0.0,0.268939346075058,0.0,0.0,0.0,0.0,1.0,1.0,0.0,0,0,0,0,0,0,0.0,0.0,1.0,0.0
11,100,1,dpga,roi_shared,0.3106737732887268,0.7692000269889832,-0.03064550831913948,0.9519947171211243,2.0838327407836914,0.23799866437911987,2.188912084602,0.1154419558487392,0.9999999996619507,0.9934023706334688,6.585225527769184,1,1,0,0,1,1,0.11426565796136856,0.46176785230636597,1.0,0.46176785230636597
11,100,1,dpga,roi_cls,0.3106737732887268,0.7692000269889832,0.0,0.20274436473846436,0.0,0.0,0.0,0.0,1.0,1.0,0.0,0,0,0,0,0,0,0.0,0.5,1.0,0.5
11,100,1,dpga,roi_reg,0.3106737732887268,0.7692000269889832,-0.1989903748035431,0.2160421907901764,0.8864002823829651,0.010802109725773335,4.102903600176186,0.013496755296263003,1.0000000002314382,0.999908963651678,0.7731225477289626,1,1,0,0,1,1,0.012435177341103554,0.26993510127067566,1.0,0.26993510127067566
11,200,1,dpga,backbone,0.19695469737052917,0.7989147305488586,-0.053024642169475555,1.5374308824539185,6.032952308654785,0.15374308824539185,3.924047823877124,0.0434104710817337,0.9999999996525704,0.9990590320280089,2.4857595214883945,1,1,0,0,1,1,0.02551979012787342,0.43410471081733704,1.0,0.43410471081733704
11,200,1,dpga,fpn,0.19695469737052917,0.7989147305488586,0.006457556039094925,0.350909560918808,1.7249921560287476,0.052636437118053436,4.915774171305265,0.0762106908794328,1.0004921345587134,0.9971115702998229,4.355852072119466,0,1,0,0,0,1,0.03051401488482952,0.50807124376297,1.0,0.50807124376297
11,200,1,dpga,rpn,0.19695469737052917,0.7989147305488586,0.0,0.29089033603668213,0.0,0.0,0.0,0.0,1.0,1.0,0.0,0,0,0,0,0,0,0.0,0.0,1.0,0.0
11,200,1,dpga,roi_shared,0.19695469737052917,0.7989147305488586,-0.088987335562706,0.7243145704269409,3.4788105487823486,0.18107864260673523,4.80290013596136,0.09764131903648376,1.0000000004924268,0.995266906374989,5.576755741785911,1,1,0,0,1,1,0.052259210497140884,0.39056527614593506,1.0,0.39056527614593506
11,200,1,dpga,roi_cls,0.19695469737052917,0.7989147305488586,0.0,0.1412869095802307,0.0,0.0,0.0,0.0,1.0,1.0,0.0,0,0,0,0,0,0,0.0,0.5,1.0,0.5
11,200,1,dpga,roi_reg,0.19695469737052917,0.7989147305488586,-0.162270650267601,0.2157423347234726,1.4118695259094238,0.010787117294967175,6.5442395796777,0.015380109153195239,0.9999999999579258,0.9998817673829916,0.8810702974224385,1,1,0,0,1,1,0.007742930203676224,0.3076021671295166,1.0,0.3076021671295166
11,300,1,dpga,backbone,0.42841190099716187,0.4998844861984253,0.0984141156077385,2.222503185272217,1.986431360244751,0.2222503274679184,0.8937811083503346,0.06205941092281372,1.006107522041106,0.9981213554036392,3.512594022297564,0,0,0,0,0,1,0.1118842214345932,0.6205940842628479,1.0,0.6205940842628479
11,300,1,dpga,fpn,0.42841190099716187,0.4998844861984253,0.02743704244494438,0.7066207528114319,0.7625089883804321,0.1059931144118309,1.079092264622342,0.08013639562733896,1.0021987064345406,0.9968208094792662,4.569945633768838,0,1,0,0,0,1,0.13900572061538696,0.5342426300048828,1.0,0.5342426300048828
11,300,1,dpga,rpn,0.42841190099716187,0.4998844861984253,0.0,0.6672948002815247,0.0,0.0,0.0,0.0,1.0,1.0,0.0,0,0,0,0,0,0,0.0,0.0,1.0,0.0
11,300,1,dpga,roi_shared,0.42841190099716187,0.4998844861984253,-0.07027480751276016,1.2992459535598755,1.3587545156478882,0.32481151819229126,1.045802384009711,0.10326232218487844,0.9999999992976456,0.9947107812090276,5.895559210339872,1,1,0,0,1,1,0.2396434098482132,0.41304925084114075,1.0,0.41304925084114075
11,300,1,dpga,roi_cls,0.42841190099716187,0.4998844861984253,0.0,0.4067365527153015,0.0,0.0,0.0,0.0,1.0,1.0,0.0,0,0,0,0,0,0,0.0,0.5,1.0,0.5
11,300,1,dpga,roi_reg,0.42841190099716187,0.4998844861984253,-0.06874169409275055,0.36375629901885986,0.560717761516571,0.018187815323472023,1.5414654344927212,0.020745446212821945,1.0000000002167433,0.9997848180896405,1.1886344074548005,1,1,0,0,1,1,0.032513577491045,0.41490891575813293,1.0,0.41490891575813293
11,400,1,dpga,backbone,0.03834598511457443,0.0,0.0,0.8154512643814087,0.0,0.0,0.0,0.0,1.0,1.0,0.0,0,0,0,0,0,0,0.0,0.5,1.0,0.5
11,400,1,dpga,fpn,0.03834598511457443,0.0,0.0,0.2560662031173706,0.0,0.0,0.0,0.0,1.0,1.0,0.0,0,0,0,0,0,0,0.0,0.5,1.0,0.5
11,400,1,dpga,rpn,0.03834598511457443,0.0,0.0,0.1345226913690567,0.0,0.0,0.0,0.0,1.0,1.0,0.0,0,0,0,0,0,0,0.0,0.0,1.0,0.0
11,400,1,dpga,roi_shared,0.03834598511457443,0.0,0.0,0.4373903274536133,0.0,0.0,0.0,0.0,1.0,1.0,0.0,0,0,0,0,0,0,0.0,0.5,1.0,0.5
11,400,1,dpga,roi_cls,0.03834598511457443,0.0,0.0,0.20821498334407806,0.0,0.0,0.0,0.0,1.0,1.0,0.0,0,0,0,0,0,0,0.0,0.5,1.0,0.5
11,400,1,dpga,roi_reg,0.03834598511457443,0.0,0.0,0.0,0.0,0.0,0.0,0.0,0.0,0.0,90.0,0,0,0,1,0,0,0.0,0.0,1.0,0.0
11,500,1,dpga,backbone,0.2043905109167099,0.264297217130661,0.11594143509864807,1.848550796508789,2.5845048427581787,0.18485510349273682,1.3981248703791789,0.06410000554938569,1.0074318475883917,0.9980089625483431,3.616174915124801,0,1,0,0,0,1,0.07152437418699265,0.640999972820282,1.0,0.640999972820282
11,500,1,dpga,fpn,0.2043905109167099,0.264297217130661,-0.08345677703619003,0.4044153392314911,0.9699872732162476,0.060662299394607544,2.3984927848174866,0.05957503023434178,1.0000000001328613,0.9982300999554375,3.4093852344093847,1,1,0,0,1,1,0.06275820732116699,0.3971668779850006,1.0,0.3971668779850006
11,500,1,dpga,rpn,0.2043905109167099,0.264297217130661,0.0,0.23229053616523743,0.0,0.0,0.0,0.0,1.0,1.0,0.0,0,0,0,0,0,0,0.0,0.0,1.0,0.0
11,500,1,dpga,roi_shared,0.2043905109167099,0.264297217130661,-0.08631549030542374,0.7314695119857788,0.3264526426792145,0.1828673630952835,0.4462969916448976,0.0984374204531378,1.0000000008829886,0.9951899786719018,5.621929115508533,1,0,0,0,1,1,0.562263548374176,0.3937497138977051,1.0,0.3937497138977051
11,500,1,dpga,roi_cls,0.2043905109167099,0.264297217130661,0.0,0.1817326694726944,0.0,0.0,0.0,0.0,1.0,1.0,0.0,0,0,0,0,0,0,0.0,0.5,1.0,0.5
11,500,1,dpga,roi_reg,0.2043905109167099,0.264297217130661,0.008570825681090355,0.17535869777202606,0.1205485463142395,0.008767935447394848,0.6874397896758897,0.02553559704444422,1.0002188611033667,0.9996742617911109,1.4624592435544865,0,0,0,0,0,1,0.07273364812135696,0.5107119083404541,1.0,0.5107119083404541
11,600,1,dpga,backbone,0.26333582401275635,0.450231671333313,0.12026550620794296,2.840524435043335,3.7208240032196045,0.28405246138572693,1.3099074091094167,0.06459600139991108,1.0077686708073692,0.9979815348806171,3.641005478584291,0,1,0,0,0,1,0.07634127885103226,0.6459599733352661,1.0,0.6459599733352661
11,600,1,dpga,fpn,0.26333582401275635,0.450231671333313,0.03771102800965309,0.6738224029541016,1.2718819379806519,0.10107334703207016,1.8875625571435446,0.08204993410993437,1.0030941876690698,0.9966760632183758,4.6728773111495645,0,1,0,0,0,1,0.07946756482124329,0.5469996333122253,1.0,0.5469996333122253
11,600,1,dpga,rpn,0.26333582401275635,0.450231671333313,0.0,0.5394769310951233,0.0,0.0,0.0,0.0,1.0,1.0,0.0,0,0,0,0,0,0,0.0,0.0,1.0,0.0
11,600,1,dpga,roi_shared,0.26333582401275635,0.450231671333313,0.007394546177238226,1.056331992149353,0.789405345916748,0.26408296823501587,0.7473079976594473,0.12731051498397314,1.0009414034818969,0.9920085568298382,7.248362128449125,0,0,0,0,0,1,0.33453407883644104,0.5092421174049377,1.0,0.5092421174049377
11,600,1,dpga,roi_cls,0.26333582401275635,0.450231671333313,0.0,0.3214956521987915,0.0,0.0,0.0,0.0,1.0,1.0,0.0,0,0,0,0,0,0,0.0,0.5,1.0,0.5
11,600,1,dpga,roi_reg,0.26333582401275635,0.450231671333313,0.2531176507472992,0.21131478250026703,0.41090258955955505,0.010565739125013351,1.9445047085574139,0.03899933099746704,1.0098714178805246,0.9993028097369686,2.1396292295850485,0,1,0,0,0,1,0.025713488459587097,0.7799866199493408,1.0,0.7799866199493408
11,700,1,dpga,backbone,0.13748393952846527,0.27655547857284546,-0.026950489729642868,1.655096173286438,3.327421188354492,0.16550961136817932,2.0104095713951207,0.04663627575770723,1.0000000001783733,0.998914313919061,2.6701094593733186,1,1,0,0,1,1,0.04975918307900429,0.46636277437210083,1.0,0.46636277437210083
11,700,1,dpga,fpn,0.13748393952846527,0.27655547857284546,-0.009162871167063713,0.34594276547431946,1.0424238443374634,0.05189140886068344,3.01328412781867,0.07328225575552415,1.000000000047338,0.9973255528998906,4.191326326286315,1,1,0,0,1,1,0.04978165775537491,0.4885484278202057,1.0,0.4885484278202057
11,700,1,dpga,rpn,0.13748393952846527,0.27655547857284546,0.0,0.20086224377155304,0.0,0.0,0.0,0.0,1.0,1.0,0.0,0,0,0,0,0,0,0.0,0.0,1.0,0.0
11,700,1,dpga,roi_shared,0.13748393952846527,0.27655547857284546,-0.15176215767860413,0.568132758140564,0.35925427079200745,0.142033189535141,0.6323421165993088,0.07972612977027893,1.0000000006016054,0.9968369365700626,4.558333774218079,1,0,0,0,1,1,0.39998868107795715,0.3189045190811157,1.0,0.3189045190811157
11,700,1,dpga,roi_cls,0.13748393952846527,0.27655547857284546,0.0,0.11795078217983246,0.0,0.0,0.0,0.0,1.0,1.0,0.0,0,0,0,0,0,0,0.0,0.5,1.0,0.5
11,700,1,dpga,roi_reg,0.13748393952846527,0.27655547857284546,-0.11453747749328613,0.11780193448066711,0.1344483196735382,0.005890097003430128,1.1413082498709135,0.01803084846433648,1.000000000200891,0.9998374826638249,1.03298344097024,1,1,0,0,1,1,0.0440995991230011,0.3606169521808624,1.0,0.3606169521808624
12,0,1,dpga,backbone,0.4242425560951233,0.6908119320869446,0.001937425578944385,4.397366046905518,1.8639618158340454,0.43973660469055176,0.42388143173701426,0.05024217963218689,1.0000973406535811,0.9987404447891228,2.8760195248049505,0,0,0,0,0,1,0.23591503500938416,0.5024217963218689,1.0,0.5024217963218689
12,0,1,dpga,fpn,0.4242425560951233,0.6908119320869446,-0.1510646641254425,1.2335070371627808,0.8112969994544983,0.18502606451511383,0.6577157446305146,0.04794937454893557,1.000000000982327,0.9988524325414557,2.7451639251199134,1,0,0,0,1,1,0.23070970177650452,0.319662481546402,1.0,0.319662481546402
12,0,1,dpga,rpn,0.4242425560951233,0.6908119320869446,0.0,0.5706185102462769,0.0,0.0,0.0,0.0,1.0,1.0,0.0,0,0,0,0,0,0,0.0,0.0,1.0,0.0
12,0,1,dpga,roi_shared,0.4242425560951233,0.6908119320869446,-0.026556717231869698,2.0561914443969727,0.6459394097328186,0.5140479207038879,0.3141436131800732,0.11671320957227548,0.9999999997500358,0.9932577310408371,6.657098453102588,1,0,0,0,1,1,0.7960951924324036,0.4668527841567993,1.0,0.4668527841567993
12,0,1,dpga,roi_cls,0.4242425560951233,0.6908119320869446,0.0,0.6556903123855591,0.0,0.0,0.0,0.0,1.0,1.0,0.0,0,0,0,0,0,0,0.0,0.5,1.0,0.5
12,0,1,dpga,roi_reg,0.4242425560951233,0.6908119320869446,0.16313035786151886,0.44483017921447754,0.396000474691391,0.022241508588194847,0.8902284359183664,0.03466562868706859,1.005655016413216,0.9994221967963649,1.94781863554943,0,0,0,0,0,1,0.056165359914302826,0.6933125853538513,1.0,0.6933125853538513
12,100,1,dpga,backbone,0.2866721749305725,0.21875958144664764,-0.12689736485481262,3.7524375915527344,1.288836121559143,0.37524375319480896,0.343466370889284,0.034649386451611856,1.000000001031291,0.999400254099113,1.9844628920143141,1,0,0,0,1,1,0.2935222089290619,0.3464938700199127,1.0,0.3464938700199127
12,100,1,dpga,fpn,0.2866721749305725,0.21875958144664764,-0.008306091651320457,0.9749093651771545,0.6189290285110474,0.14623641967773438,0.6348580192360542,0.07344283315866966,0.9999999999873939,0.9973140759670659,4.20031390037462,1,0,0,0,1,1,0.23628145456314087,0.48961883783340454,1.0,0.48961883783340454
12,100,1,dpga,rpn,0.2866721749305725,0.21875958144664764,0.0,1.0778353214263916,0.0,0.0,0.0,0.0,1.0,1.0,0.0,0,0,0,0,0,0,0.0,0.0,1.0,0.0
12,100,1,dpga,roi_shared,0.2866721749305725,0.21875958144664764,-0.019422927871346474,0.8181836605072021,0.22858254611492157,0.20454590022563934,0.27937803838959635,0.11893508461923678,1.0000000000740072,0.9930013839397642,6.782617541471117,1,0,0,0,1,1,0.8950136303901672,0.47574037313461304,1.0,0.47574037313461304
12,100,1,dpga,roi_cls,0.2866721749305725,0.21875958144664764,0.0,0.1949322670698166,0.0,0.0,0.0,0.0,1.0,1.0,0.0,0,0,0,0,0,0,0.0,0.5,1.0,0.5
12,100,1,dpga,roi_reg,0.2866721749305725,0.21875958144664764,0.30526968836784363,0.17654837667942047,0.09811969846487045,0.008827419020235538,0.5557666420407698,0.04107357052209853,1.0125385172975234,0.9992546614345119,2.2122866837083874,0,0,0,0,0,1,0.0899658203125,0.8214713931083679,1.0,0.8214713931083679
12,200,1,dpga,backbone,0.22228491306304932,0.4084053337574005,-0.2623784840106964,1.4032310247421265,3.1049327850341797,0.14032310247421265,2.212702491811551,0.0212170347571373,1.0000000004766725,0.9997749245559091,1.2156535822460544,1,1,0,0,1,1,0.04683445021510124,0.21217034757137299,1.0,0.21217034757137299
12,200,1,dpga,fpn,0.22228491306304932,0.4084053337574005,-0.02620045095682144,0.3298189342021942,1.0159316062927246,0.04947284236550331,3.0802707211160647,0.07009443510359493,0.9999999995520402,0.9975523792495882,4.009574760890808,1,1,0,0,1,1,0.048713747411966324,0.46729621291160583,1.0,0.46729621291160583
12,200,1,dpga,rpn,0.22228491306304932,0.4084053337574005,0.0,0.15656965970993042,0.0,0.0,0.0,0.0,1.0,1.0,0.0,0,0,0,0,0,0,0.0,0.0,1.0,0.0
12,200,1,dpga,roi_shared,0.22228491306304932,0.4084053337574005,0.0396273136138916,0.7065112590789795,0.10888905078172684,0.10888905078172684,0.15412217340127957,0.08467051037537357,1.0033552648684934,0.9964639194266531,4.81977499759676,0,0,0,0,0,0,1.0,0.549372673034668,1.0,0.549372673034668
12,200,1,dpga,roi_cls,0.22228491306304932,0.4084053337574005,0.0,0.14067471027374268,0.0,0.0,0.0,0.0,1.0,1.0,0.0,0,0,0,0,0,0,0.0,0.5,1.0,0.5
12,200,1,dpga,roi_reg,0.22228491306304932,0.4084053337574005,0.12843161821365356,0.17894858121871948,0.03905538097023964,0.008947429247200489,0.2182491792013947,0.032762057271155866,1.0042076835431502,0.9994770560501616,1.8530371637643313,0,0,0,0,0,1,0.2290959358215332,0.6552411317825317,1.0,0.6552411317825317
12,300,1,dpga,backbone,0.5944952964782715,0.6562867164611816,-0.030819648876786232,2.9961466789245605,1.7314051389694214,0.2996146082878113,0.5778772952434003,0.04615513956258525,1.0000000001077398,0.998936576905572,2.642586233145294,1,0,0,0,1,1,0.17312933504581451,0.4615514874458313,1.0,0.4615514874458313
12,300,1,dpga,fpn,0.5944952964782715,0.6562867164611816,-0.07716639339923859,0.6888131499290466,0.5807892680168152,0.10332197695970535,0.8431738971252817,0.060708160344792456,0.9999999995068783,0.998162319765889,3.474074541005225,1,0,0,0,1,1,0.17843128740787506,0.40472105145454407,1.0,0.40472105145454407
12,300,1,dpga,rpn,0.5944952964782715,0.6562867164611816,0.0,0.42956048250198364,0.0,0.0,0.0,0.0,1.0,1.0,0.0,0,0,0,0,0,0,0.0,0.0,1.0,0.0
12,300,1,dpga,roi_shared,0.5944952964782715,0.6562867164611816,-0.027705131098628044,1.371928095817566,0.875316858291626,0.34298205375671387,0.6380194858317286,0.11635597316169716,1.0000000003364478,0.9932985860409441,6.636875700815475,1,0,0,0,1,1,0.391988068819046,0.4654238522052765,1.0,0.4654238522052765
12,300,1,dpga,roi_cls,0.5944952964782715,0.6562867164611816,0.0,0.3853265345096588,0.0,0.0,0.0,0.0,1.0,1.0,0.0,0,0,0,0,0,0,0.0,0.5,1.0,0.5
12,300,1,dpga,roi_reg,0.5944952964782715,0.6562867164611816,0.10993143171072006,0.3320748805999756,0.3021685779094696,0.01660374365746975,0.9099410872738316,0.031702800873899206,1.0034851342893076,0.9995074073570412,1.798454355559152,0,0,0,0,0,1,0.054948609322309494,0.634056031703949,1.0,0.634056031703949
12,400,1,dpga,backbone,0.31224167346954346,0.7001287937164307,0.03894045948982239,2.3975179195404053,3.628317356109619,0.23975177109241486,1.513364019738027,0.054852236504813065,1.0021359714978824,0.998507515299689,3.1307371286687027,0,1,0,0,0,1,0.06607795506715775,0.548522412776947,1.0,0.548522412776947
12,400,1,dpga,fpn,0.31224167346954346,0.7001287937164307,0.04763270169496536,0.6432779431343079,1.3360130786895752,0.09649170190095901,2.076883084440894,0.0838891626682096,1.0039958674608154,0.9965352508960215,4.770885557692186,0,1,0,0,0,1,0.07222361862659454,0.5592610239982605,1.0,0.5592610239982605
12,400,1,dpga,rpn,0.31224167346954346,0.7001287937164307,0.0,0.31600698828697205,0.0,0.0,0.0,0.0,1.0,1.0,0.0,0,0,0,0,0,0,0.0,0.0,1.0,0.0
12,400,1,dpga,roi_shared,0.31224167346954346,0.7001287937164307,0.029438365250825882,1.2025439739227295,2.4189236164093018,0.3006359934806824,2.0115053327478,0.1341829150915146,1.0039501254149494,0.9911935928774555,7.609502080817995,0,1,0,0,0,1,0.124285027384758,0.5367316603660583,1.0,0.5367316603660583
12,400,1,dpga,roi_cls,0.31224167346954346,0.7001287937164307,0.0,0.3648013770580292,0.0,0.0,0.0,0.0,1.0,1.0,0.0,0,0,0,0,0,0,0.0,0.5,1.0,0.5
12,400,1,dpga,roi_reg,0.31224167346954346,0.7001287937164307,0.16401828825473785,0.17940980195999146,0.8787127733230591,0.008970490656793118,4.89779690810323,0.03471278764475006,1.005693532010042,0.9994207494132767,1.9502569642934944,0,1,0,0,0,1,0.010208671912550926,0.6942557096481323,1.0,0.6942557096481323
12,500,1,dpga,backbone,0.21910476684570312,0.20178350806236267,-0.21818925440311432,1.756185531616211,1.979670524597168,0.17561854422092438,1.1272559128620565,0.025144009502166508,0.9999999987092479,0.9996839829966788,1.4404702498497293,1,1,0,0,1,1,0.09090113639831543,0.2514401078224182,1.0,0.2514401078224182
12,500,1,dpga,fpn,0.21910476684570312,0.20178350806236267,-0.1489039659500122,0.4702548682689667,0.6338626742362976,0.070538230240345,1.3479130510005777,0.0483024850487709,0.9999999993326792,0.9988354503393477,2.7654053091332105,1,1,0,0,1,1,0.11253774911165237,0.32201656699180603,1.0,0.32201656699180603
12,500,1,dpga,rpn,0.21910476684570312,0.20178350806236267,0.0,0.24336855113506317,0.0,0.0,0.0,0.0,1.0,1.0,0.0,0,0,0,0,0,0,0.0,0.0,1.0,0.0
12,500,1,dpga,roi_shared,0.21910476684570312,0.20178350806236267,-0.03940023109316826,0.9201424717903137,0.10872315615415573,0.10863874852657318,0.11815904546022528,0.05323754199090856,1.0000000000087186,0.9985859634382017,3.047327554370963,1,0,0,0,1,0,1.0,0.4509083926677704,1.0,0.4509083926677704
12,500,1,dpga,roi_cls,0.21910476684570312,0.20178350806236267,0.0,0.20276373624801636,0.0,0.0,0.0,0.0,1.0,1.0,0.0,0,0,0,0,0,0,0.0,0.5,1.0,0.5
12,500,1,dpga,roi_reg,0.21910476684570312,0.20178350806236267,0.08523724973201752,0.20645570755004883,0.03377337008714676,0.01032278686761856,0.16358651687534212,0.030248136714443125,1.0025782677576909,0.999548530057914,1.7217432595333124,0,0,0,0,0,1,0.30564868450164795,0.6049626469612122,1.0,0.6049626469612122
12,600,1,dpga,backbone,0.039588019251823425,0.00010002159251598641,0.0,0.9631191492080688,0.0,0.0,0.0,0.0,1.0,1.0,0.0,0,0,0,0,0,0,0.0,0.5,1.0,0.5
12,600,1,dpga,fpn,0.039588019251823425,0.00010002159251598641,0.0,0.23356537520885468,0.0,0.0,0.0,0.0,1.0,1.0,0.0,0,0,0,0,0,0,0.0,0.5,1.0,0.5
12,600,1,dpga,rpn,0.039588019251823425,0.00010002159251598641,0.0,0.13816556334495544,0.0,0.0,0.0,0.0,1.0,1.0,0.0,0,0,0,0,0,0,0.0,0.0,1.0,0.0
12,600,1,dpga,roi_shared,0.039588019251823425,0.00010002159251598641,0.0,0.31903746724128723,0.0,0.0,0.0,0.0,1.0,1.0,0.0,0,0,0,0,0,0,0.0,0.5,1.0,0.5
12,600,1,dpga,roi_cls,0.039588019251823425,0.00010002159251598641,0.0,0.15807613730430603,0.0,0.0,0.0,0.0,1.0,1.0,0.0,0,0,0,0,0,0,0.0,0.5,1.0,0.5
12,600,1,dpga,roi_reg,0.039588019251823425,0.00010002159251598641,0.0,0.003102714428678155,0.0,0.0,0.0,0.0,1.0,1.0,0.0,0,0,0,0,0,0,0.0,0.5,1.0,0.5
12,700,1,dpga,backbone,0.13355228304862976,0.28721195459365845,-0.019631512463092804,1.2438665628433228,3.889564275741577,0.12438665330410004,3.126994801476552,0.0475480306677225,0.9999999999731679,0.9988715402240689,2.722209345578438,1,1,0,0,1,1,0.031985752284526825,0.475480318069458,1.0,0.475480318069458
12,700,1,dpga,fpn,0.13355228304862976,0.28721195459365845,-0.03829088807106018,0.3482871949672699,1.4436382055282593,0.05224308371543884,4.144964920872053,0.06784232094253384,0.9999999999673611,0.997706651863608,3.8811073702440906,1,1,0,0,1,1,0.03621504828333855,0.4522821009159088,1.0,0.4522821009159088
12,700,1,dpga,rpn,0.13355228304862976,0.28721195459365845,0.0,0.15315105020999908,0.0,0.0,0.0,0.0,1.0,1.0,0.0,0,0,0,0,0,0,0.0,0.0,1.0,0.0
12,700,1,dpga,roi_shared,0.13355228304862976,0.28721195459365845,-0.042552459985017776,0.680760383605957,0.6958584189414978,0.17019009590148926,1.0221781932367555,0.11175229400396347,0.9999999992139755,0.9938136284472996,6.376462015149559,1,1,0,0,1,1,0.2447974681854248,0.4470091760158539,1.0,0.4470091760158539
12,700,1,dpga,roi_cls,0.13355228304862976,0.28721195459365845,0.0,0.24895736575126648,0.0,0.0,0.0,0.0,1.0,1.0,0.0,0,0,0,0,0,0,0.0,0.5,1.0,0.5
12,700,1,dpga,roi_reg,0.13355228304862976,0.28721195459365845,-0.1744895577430725,0.14483758807182312,0.2631472647190094,0.007241879589855671,1.816843736644648,0.014737260720693495,1.0000000003386338,0.9998913688911508,0.8445369745659451,1,1,0,0,1,1,0.02794901840388775,0.29474520683288574,1.0,0.29474520683288574
13,0,1,dpga,backbone,0.23532536625862122,0.12310449779033661,-0.11844459921121597,1.5361918210983276,2.1207587718963623,0.153619185090065,1.3805299200070524,0.03561249444432027,1.0000000002283835,0.9993664831498779,2.039574840211031,1,1,0,0,1,1,0.07294947654008865,0.3561249375343323,1.0,0.3561249375343323
13,0,1,dpga,fpn,0.23532536625862122,0.12310449779033661,-0.12166870385408401,0.3966958820819855,0.7846040725708008,0.05950438231229782,1.977847787209059,0.05286557525396347,0.9999999999740298,0.9986055732397239,3.0261187291193252,1,1,0,0,1,1,0.07640766352415085,0.35243716835975647,1.0,0.35243716835975647
13,0,1,dpga,rpn,0.23532536625862122,0.12310449779033661,0.0,0.32351136207580566,0.0,0.0,0.0,0.0,1.0,1.0,0.0,0,0,0,0,0,0,0.0,0.0,1.0,0.0
13,0,1,dpga,roi_shared,0.23532536625862122,0.12310449779033661,-0.20293660461902618,0.7176111936569214,0.3529709279537201,0.17940278351306915,0.4918693173597149,0.06651608838492676,0.9999999994153522,0.9977951485125978,3.805459722929348,1,0,0,0,1,1,0.5190658569335938,0.2660643756389618,1.0,0.2660643756389618
13,0,1,dpga,roi_cls,0.23532536625862122,0.12310449779033661,0.0,0.17114600539207458,0.0,0.0,0.0,0.0,1.0,1.0,0.0,0,0,0,0,0,0,0.0,0.5,1.0,0.5
13,0,1,dpga,roi_reg,0.23532536625862122,0.12310449779033661,-0.4947366416454315,0.1474704146385193,0.11930142343044281,0.007373521104454994,0.8089854749705252,0.0038861902531410527,1.0000000002177805,0.9999923208499768,0.22454039602295386,1,0,0,0,1,1,0.07111939787864685,0.07772380113601685,1.0,0.07772380113601685
13,100,1,dpga,backbone,0.16681790351867676,3.4307518005371094,-0.22019755840301514,1.8940075635910034,16.69104766845703,0.18940074741840363,8.812555973541686,0.024955481602905335,0.9999999999433095,0.999688731497038,1.4296064026746973,1,1,0,0,1,1,0.011632973328232765,0.2495548278093338,1.0,0.2495548278093338
13,100,1,dpga,fpn,0.16681790351867676,3.4307518005371094,-0.02500055357813835,0.4363865256309509,6.561594009399414,0.06545798480510712,15.03619755424921,0.07031850114020101,0.999999999803536,0.997536797452938,4.022322416256556,1,1,0,0,1,1,0.009979045949876308,0.4687899649143219,1.0,0.4687899649143219
13,100,1,dpga,rpn,0.16681790351867676,3.4307518005371094,0.0,0.4880659282207489,0.0,0.0,0.0,0.0,1.0,1.0,0.0,0,0,0,0,0,0,0.0,0.0,1.0,0.0
13,100,1,dpga,roi_shared,0.16681790351867676,3.4307518005371094,-0.10019107908010483,0.7193608283996582,17.234561920166016,0.17984019219875336,23.958160132943657,0.09432903640693607,1.0000000015979853,0.995580432210217,5.388744707929128,1,1,0,0,1,1,0.010487629100680351,0.3773161768913269,1.0,0.3773161768913269
13,100,1,dpga,roi_cls,0.16681790351867676,3.4307518005371094,0.0,0.18918688595294952,0.0,0.0,0.0,0.0,1.0,1.0,0.0,0,0,0,0,0,0,0.0,0.5,1.0,0.5
13,100,1,dpga,roi_reg,0.16681790351867676,3.4307518005371094,-0.26508399844169617,0.2844923138618469,7.055667400360107,0.014224614948034286,24.800906936931973,0.010495896087684814,0.9999999994692486,0.999944900765082,0.6014678368014114,1,1,0,0,1,1,0.002090855035930872,0.20991793274879456,1.0,0.20991793274879456
13,200,1,dpga,backbone,0.20371532440185547,0.5358722805976868,-0.33917269110679626,1.9639533758163452,2.7332191467285156,0.19639533758163452,1.3916924812904043,0.01550062894821167,0.999999999223386,0.99987983036803,0.8882584445855225,1,1,0,0,1,1,0.0763825997710228,0.1550062894821167,1.0,0.1550062894821167
13,200,1,dpga,fpn,0.20371532440185547,0.5358722805976868,-0.06944174319505692,0.5483350157737732,0.9199881553649902,0.08225025236606598,1.6777848010796197,0.06210891902446747,0.9999999999436383,0.9980768689832585,3.5539530925115677,1,1,0,0,1,1,0.089619942009449,0.41405946016311646,1.0,0.41405946016311646
13,200,1,dpga,rpn,0.20371532440185547,0.5358722805976868,0.0,0.3189633786678314,0.0,0.0,0.0,0.0,1.0,1.0,0.0,0,0,0,0,0,0,0.0,0.0,1.0,0.0
13,200,1,dpga,roi_shared,0.20371532440185547,0.5358722805976868,-0.08974947780370712,1.036901831626892,2.034635066986084,0.259225457906723,1.9622253572392239,0.09741465002298355,0.9999999998473875,0.9952886584728969,5.563916204012365,1,1,0,0,1,1,0.12792262434959412,0.3896586000919342,1.0,0.3896586000919342
13,200,1,dpga,roi_cls,0.20371532440185547,0.5358722805976868,0.0,0.3554195463657379,0.0,0.0,0.0,0.0,1.0,1.0,0.0,0,0,0,0,0,0,0.0,0.5,1.0,0.5
13,200,1,dpga,roi_reg,0.20371532440185547,0.5358722805976868,-0.22976547479629517,0.26010024547576904,1.3613663911819458,0.013005012646317482,5.234006560400462,0.012035167562002423,0.9999999999757303,0.9999275905711253,0.6895056223991947,1,1,0,0,1,1,0.009815515018999577,0.24070334434509277,1.0,0.24070334434509277
13,300,1,dpga,backbone,0.47575217485427856,0.6305938363075256,-0.2812967598438263,2.952946662902832,2.619520425796509,0.2952946722507477,0.8870869422414303,0.0196789253749946,0.9999999980873668,0.9998065843580096,1.1269130994516794,1,0,0,0,1,1,0.11747194826602936,0.19678924977779388,1.0,0.19678924977779388
13,300,1,dpga,fpn,0.47575217485427856,0.6305938363075256,-0.23629941046237946,0.9577020406723022,0.9950384497642517,0.14365531504154205,1.0389854124835523,0.03521747361259995,1.0000000010912649,0.9993804409403543,2.016979161682017,1,1,0,0,1,1,0.14857934415340424,0.2347831428050995,1.0,0.2347831428050995
13,300,1,dpga,rpn,0.47575217485427856,0.6305938363075256,0.0,0.5029901266098022,0.0,0.0,0.0,0.0,1.0,1.0,0.0,0,0,0,0,0,0,0.0,0.0,1.0,0.0
13,300,1,dpga,roi_shared,0.47575217485427856,0.6305938363075256,-0.09301255643367767,1.6721900701522827,1.402625322341919,0.4180475175380707,0.8387953901760611,0.09644638001918793,1.0000000006010497,0.9953811404691745,5.508994152528857,1,0,0,0,1,1,0.29934415221214294,0.3857855200767517,1.0,0.3857855200767517
13,300,1,dpga,roi_cls,0.47575217485427856,0.6305938363075256,0.0,0.4828610122203827,0.0,0.0,0.0,0.0,1.0,1.0,0.0,0,0,0,0,0,0,0.0,0.5,1.0,0.5
13,300,1,dpga,roi_reg,0.47575217485427856,0.6305938363075256,-0.30121859908103943,0.2064724862575531,0.4663937985897064,0.01032362412661314,2.2588665785131696,0.009075926080506022,1.000000000048891,0.9999587925612502,0.5201479994558825,1,1,0,0,1,1,0.02321312390267849,0.1815185248851776,1.0,0.1815185248851776
13,400,1,dpga,backbone,0.3799043297767639,1.4803386926651,-0.07963483780622482,3.369217872619629,8.351584434509277,0.3369218111038208,2.478790256450755,0.04017511294464232,0.9999999988710893,0.9991940833758944,2.3004450231426588,1,1,0,0,1,1,0.04047079384326935,0.4017511010169983,1.0,0.4017511010169983
13,400,1,dpga,fpn,0.3799043297767639,1.4803386926651,0.013407668098807335,0.8847857117652893,2.679277181625366,0.13271786272525787,3.0281650641484466,0.07751300087001006,1.0010392687333869,0.997016074629337,4.427307221299187,0,1,0,0,0,1,0.04953495040535927,0.5167533159255981,1.0,0.5167533159255981
13,400,1,dpga,rpn,0.3799043297767639,1.4803386926651,0.0,0.5355567336082458,0.0,0.0,0.0,0.0,1.0,1.0,0.0,0,0,0,0,0,0,0.0,0.0,1.0,0.0
13,400,1,dpga,roi_shared,0.3799043297767639,1.4803386926651,-0.09240570664405823,1.3977140188217163,6.610833644866943,0.3494285047054291,4.729746969583897,0.0966261699795723,1.0000000005273928,0.9953640589166396,5.5191793539131,1,1,0,0,1,1,0.053084079176187515,0.3865046799182892,1.0,0.3865046799182892
13,400,1,dpga,roi_cls,0.3799043297767639,1.4803386926651,0.0,0.4124130308628082,0.0,0.0,0.0,0.0,1.0,1.0,0.0,0,0,0,0,0,0,0.0,0.5,1.0,0.5
13,400,1,dpga,roi_reg,0.3799043297767639,1.4803386926651,-0.0515289343893528,0.17483827471733093,2.090304374694824,0.008741915225982666,11.955645170225543,0.02179714216799409,1.000000000068095,0.9997625253269302,1.2486906917984069,1,1,0,0,1,1,0.004187688697129488,0.43594276905059814,1.0,0.43594276905059814
13,500,1,dpga,backbone,0.15380296111106873,0.25264936685562134,0.024168027564883232,1.6540642976760864,4.778026580810547,0.16540643572807312,2.8886583112419144,0.05301733208017126,1.0012813243431302,0.998601961700863,3.0300359024459067,0,1,0,0,0,1,0.03461815044283867,0.5301733016967773,1.0,0.5301733016967773
13,500,1,dpga,fpn,0.15380296111106873,0.25264936685562134,-0.05661420896649361,0.44463348388671875,2.0607309341430664,0.06669502705335617,4.634673295698279,0.06445515885837196,0.9999999995468808,0.9979292164782483,3.6879069354937317,1,1,0,0,1,1,0.032416731119155884,0.429701030254364,1.0,0.429701030254364
13,500,1,dpga,rpn,0.15380296111106873,0.25264936685562134,0.0,0.44056373834609985,0.0,0.0,0.0,0.0,1.0,1.0,0.0,0,0,0,0,0,0,0.0,0.0,1.0,0.0
13,500,1,dpga,roi_shared,0.15380296111106873,0.25264936685562134,0.012363927438855171,0.6668716669082642,0.8943080902099609,0.16671791672706604,1.3410497620271267,0.12886248528957367,1.0015932461776857,0.9918261751434507,7.3307187713974225,0,1,0,0,0,1,0.18642112612724304,0.5154499411582947,1.0,0.5154499411582947
13,500,1,dpga,roi_cls,0.15380296111106873,0.25264936685562134,0.0,0.14399592578411102,0.0,0.0,0.0,0.0,1.0,1.0,0.0,0,0,0,0,0,0,0.0,0.5,1.0,0.5
13,500,1,dpga,roi_reg,0.15380296111106873,0.25264936685562134,0.4055315852165222,0.09524360299110413,0.3596317768096924,0.004762180149555206,3.7759152900093715,0.04418352544307709,1.0179178164301572,0.999213775317252,2.272162697829171,0,1,0,0,0,1,0.013241822831332684,0.8836705088615417,1.0,0.8836705088615417
13,600,1,dpga,backbone,0.46020787954330444,0.462600439786911,-0.008658815175294876,2.6403658390045166,2.5155670642852783,0.2640365660190582,0.9527342867129767,0.048917817736820524,0.9999999997712784,0.9988057075898904,2.8005040092440616,1,0,0,0,1,1,0.10496499389410019,0.48917821049690247,1.0,0.48917821049690247
13,600,1,dpga,fpn,0.46020787954330444,0.462600439786911,0.02589956857264042,0.6385950446128845,1.0655630826950073,0.09578926116228104,1.6686053104921137,0.07984940186259674,1.0020680647615625,0.9968423367997613,4.554438887735279,0,1,0,0,0,1,0.08989544212818146,0.5323293209075928,1.0,0.5323293209075928
13,600,1,dpga,rpn,0.46020787954330444,0.462600439786911,0.0,0.3864298164844513,0.0,0.0,0.0,0.0,1.0,1.0,0.0,0,0,0,0,0,0,0.0,0.0,1.0,0.0
13,600,1,dpga,roi_shared,0.46020787954330444,0.462600439786911,-0.0028613333124667406,1.285893440246582,1.1465380191802979,0.3214733898639679,0.8916275511604123,0.12410585987726719,0.9999999999495881,0.9923867546161241,7.074544164035759,1,0,0,0,1,1,0.280387282371521,0.4964233934879303,1.0,0.4964233934879303
13,600,1,dpga,roi_cls,0.46020787954330444,0.462600439786911,0.0,0.2345494031906128,0.0,0.0,0.0,0.0,1.0,1.0,0.0,0,0,0,0,0,0,0.0,0.5,1.0,0.5
13,600,1,dpga,roi_reg,0.46020787954330444,0.462600439786911,-0.06493846327066422,0.24553418159484863,0.3732745349407196,0.012276709079742432,1.5202548684510775,0.020976629853248597,0.9999999999620254,0.9997800516514036,1.2017273450087955,1,1,0,0,1,1,0.03295879065990448,0.4195325970649719,1.0,0.4195325970649719
13,700,1,dpga,backbone,0.2316867560148239,1.6983773708343506,0.36873871088027954,2.875281572341919,7.493250846862793,0.2875280976295471,2.606092884586442,0.08633847234974006,1.0318363447128769,0.9969888708276936,4.447452926562495,0,1,0,0,0,1,0.03837161883711815,0.8633849024772644,1.0,0.8633849024772644
13,700,1,dpga,fpn,0.2316867560148239,1.6983773708343506,-0.01070178672671318,0.5040192604064941,2.6848275661468506,0.07560288906097412,5.326835256219224,0.07299389094114303,0.9999999996134464,0.9973465937261685,4.174799115661693,1,1,0,0,1,1,0.028160924091935158,0.48662593960762024,1.0,0.48662593960762024
13,700,1,dpga,rpn,0.2316867560148239,1.6983773708343506,0.0,0.33812081813812256,0.0,0.0,0.0,0.0,1.0,1.0,0.0,0,0,0,0,0,0,0.0,0.0,1.0,0.0
13,700,1,dpga,roi_shared,0.2316867560148239,1.6983773708343506,-0.1590782105922699,0.8204352259635925,7.277608871459961,0.20510882139205933,8.870424673577961,0.07775307266536431,1.0000000006242544,0.9969907652554222,4.446052964135186,1,1,0,0,1,1,0.02854706346988678,0.31101226806640625,1.0,0.31101226806640625
13,700,1,dpga,roi_cls,0.2316867560148239,1.6983773708343506,0.0,0.1422766149044037,0.0,0.0,0.0,0.0,1.0,1.0,0.0,0,0,0,0,0,0,0.0,0.5,1.0,0.5
13,700,1,dpga,roi_reg,0.2316867560148239,1.6983773708343506,-0.40027812123298645,0.25530946254730225,2.700108528137207,0.012765473686158657,10.575826298004708,0.005952849127160862,0.9999999994661328,0.9999824902440348,0.3390613685370795,1,1,0,0,1,1,0.005159096326678991,0.11905697733163834,1.0,0.11905697733163834
14,0,1,dpga,backbone,0.18593499064445496,0.49462005496025085,-0.020481979474425316,1.5867199897766113,4.899921417236328,0.1586720049381256,3.08808198598807,0.04744199096556953,1.0000000004695837,0.9988764272239677,2.716307332381856,1,1,0,0,1,1,0.03238935396075249,0.47441989183425903,1.0,0.47441989183425903
14,0,1,dpga,fpn,0.18593499064445496,0.49462005496025085,0.013763457536697388,0.3925275206565857,1.741703987121582,0.05887913331389427,4.437151270841372,0.07757963927332956,1.0010677641431025,0.9970110739669021,4.431017306161807,0,1,0,0,0,1,0.033805474638938904,0.5171975493431091,1.0,0.5171975493431091
14,0,1,dpga,rpn,0.18593499064445496,0.49462005496025085,0.0,0.2149454951286316,0.0,0.0,0.0,0.0,1.0,1.0,0.0,0,0,0,0,0,0,0.0,0.0,1.0,0.0
14,0,1,dpga,roi_shared,0.18593499064445496,0.49462005496025085,-0.04285166785120964,0.6611621379852295,0.33240610361099243,0.16529053449630737,0.5027603435126203,0.11165985465049744,1.0000000003293095,0.9938237119848496,6.3712578412306256,1,0,0,0,1,1,0.49771201610565186,0.44663941860198975,1.0,0.44663941860198975
14,0,1,dpga,roi_cls,0.18593499064445496,0.49462005496025085,0.0,0.11895834654569626,0.0,0.0,0.0,0.0,1.0,1.0,0.0,0,0,0,0,0,0,0.0,0.5,1.0,0.5
14,0,1,dpga,roi_reg,0.18593499064445496,0.49462005496025085,-0.12184090167284012,0.1626129001379013,0.11922023445367813,0.00813064444810152,0.733153608062923,0.01761203287199326,1.0000000000302878,0.9998448847062085,1.0091844593071573,1,0,0,0,1,1,0.06871044635772705,0.3522406816482544,1.0,0.3522406816482544
14,100,1,dpga,backbone,0.20443597435951233,1.6016491651535034,-0.2848968207836151,2.2113234996795654,11.332356452941895,0.2211323231458664,5.124694082337579,0.019395955534553866,0.9999999993443001,0.9998120015991027,1.1110190662777228,1,1,0,0,1,1,0.020356986671686172,0.193959578871727,1.0,0.193959578871727
14,100,1,dpga,fpn,0.20443597435951233,1.6016491651535034,-0.13269002735614777,0.6006634831428528,4.877528190612793,0.0900995209813118,8.120234253449356,0.05099475150408969,1.0000000003472922,0.9987023512086127,2.91919554906213,1,1,0,0,1,1,0.018637171015143394,0.33996501564979553,1.0,0.33996501564979553
14,100,1,dpga,rpn,0.20443597435951233,1.6016491651535034,0.0,0.42691177129745483,0.0,0.0,0.0,0.0,1.0,1.0,0.0,0,0,0,0,0,0,0.0,0.0,1.0,0.0
14,100,1,dpga,roi_shared,0.20443597435951233,1.6016491651535034,-0.05876848101615906,0.999834418296814,16.28475570678711,0.2499586045742035,16.287452610930988,0.10676585882902145,1.0000000001992728,0.9943488272006692,6.094129220750276,1,1,0,0,1,1,0.015375812537968159,0.4270634353160858,1.0,0.4270634353160858
14,100,1,dpga,roi_cls,0.20443597435951233,1.6016491651535034,0.0,0.20068615674972534,0.0,0.0,0.0,0.0,1.0,1.0,0.0,0,0,0,0,0,0,0.0,0.5,1.0,0.5
14,100,1,dpga,roi_reg,0.20443597435951233,1.6016491651535034,-0.13255643844604492,0.1861518770456314,5.999814510345459,0.00930759496986866,32.23074945881273,0.017005748108494603,0.9999999999486715,0.9998555334478593,0.9739272397735727,1,1,0,0,1,1,0.0015651253052055836,0.34011492133140564,1.0,0.34011492133140564
14,200,1,dpga,backbone,0.6233293414115906,0.9901366233825684,-0.04931437224149704,5.061386585235596,4.536004066467285,0.5061386823654175,0.8961979074467683,0.043866746703849345,0.9999999998724189,0.9990392202556015,2.511795785418016,1,0,0,0,1,1,0.11171841621398926,0.4386674463748932,1.0,0.4386674463748932
14,200,1,dpga,fpn,0.6233293414115906,0.9901366233825684,-0.127690389752388,1.2909598350524902,1.705064296722412,0.1936439871788025,1.3207725371665684,0.051839485975564904,0.9999999988325595,0.998659060239817,2.967500539054925,1,1,0,0,1,1,0.11450724303722382,0.3455965518951416,1.0,0.3455965518951416
14,200,1,dpga,rpn,0.6233293414115906,0.9901366233825684,0.0,0.8138317465782166,0.0,0.0,0.0,0.0,1.0,1.0,0.0,0,0,0,0,0,0,0.0,0.0,1.0,0.0
14,200,1,dpga,roi_shared,0.6233293414115906,0.9901366233825684,-0.04508007690310478,2.1141228675842285,2.9724740982055664,0.5285307168960571,1.406008205001898,0.11097181588411331,0.9999999998377747,0.993899035953498,6.332247944803941,1,1,0,0,1,1,0.17798930406570435,0.44388726353645325,1.0,0.44388726353645325
14,200,1,dpga,roi_cls,0.6233293414115906,0.9901366233825684,0.0,0.7118123769760132,0.0,0.0,0.0,0.0,1.0,1.0,0.0,0,0,0,0,0,0,0.0,0.5,1.0,0.5
14,200,1,dpga,roi_reg,0.6233293414115906,0.9901366233825684,-0.17809990048408508,0.4322162866592407,1.320753574371338,0.021610815078020096,3.055770027964309,0.01455033918715246,0.9999999999546632,0.9998941693210499,0.8335799338205099,1,1,0,0,1,1,0.016628336161375046,0.29100677371025085,1.0,0.29100677371025085
14,300,1,dpga,backbone,0.11722345650196075,0.2839663624763489,0.03305922821164131,1.2330596446990967,5.045517921447754,0.12330597639083862,4.091868502175344,0.054123025404604695,1.0017892654483553,0.9985453326165037,3.090808806990469,0,1,0,0,0,1,0.02443871460855007,0.5412302017211914,1.0,0.5412302017211914
14,300,1,dpga,fpn,0.11722345650196075,0.2839663624763489,0.059541452676057816,0.31876108050346375,1.8746299743652344,0.04781416431069374,5.8809876394080804,0.08608229264695487,1.0051254637918405,0.9963655009193395,4.886428366727273,0,1,0,0,0,1,0.025505920872092247,0.5738819241523743,1.0,0.5738819241523743
14,300,1,dpga,rpn,0.11722345650196075,0.2839663624763489,0.0,0.1950659304857254,0.0,0.0,0.0,0.0,1.0,1.0,0.0,0,0,0,0,0,0,0.0,0.0,1.0,0.0
14,300,1,dpga,roi_shared,0.11722345650196075,0.2839663624763489,-0.053055133670568466,0.5321196913719177,0.28683021664619446,0.13302993774414062,0.5390332688246984,0.10851683938104612,0.9999999996423766,0.9941635190964665,6.193335692314065,1,0,0,0,1,1,0.4644474387168884,0.4340673089027405,1.0,0.4340673089027405
14,300,1,dpga,roi_cls,0.11722345650196075,0.2839663624763489,0.0,0.20803925395011902,0.0,0.0,0.0,0.0,1.0,1.0,0.0,0,0,0,0,0,0,0.0,0.5,1.0,0.5
14,300,1,dpga,roi_reg,0.11722345650196075,0.2839663624763489,-0.052228838205337524,0.06838023662567139,0.12725691497325897,0.0034190118312835693,1.861018932559295,0.021754121780395506,1.0000000000952056,0.999763399097276,1.246391251886679,1,1,0,0,1,1,0.026903722435235977,0.43508243560791016,1.0,0.43508243560791016
14,400,1,dpga,backbone,0.43638306856155396,0.31971311569213867,-0.18563783168792725,2.7357022762298584,2.1707894802093506,0.2735702097415924,0.7935035544880167,0.028329221542708546,0.9999999995417098,0.9995990924569454,1.6224609558947682,1,0,0,0,1,1,0.12825264036655426,0.2832922339439392,1.0,0.2832922339439392
14,400,1,dpga,fpn,0.43638306856155396,0.31971311569213867,-0.09696485847234726,0.5964389443397522,0.687430739402771,0.08946583420038223,1.152558440267084,0.05716703356071017,0.9999999998846593,0.9983699364791921,3.27189159477186,1,1,0,0,1,1,0.13076139986515045,0.38111358880996704,1.0,0.38111358880996704
14,400,1,dpga,rpn,0.43638306856155396,0.31971311569213867,0.0,0.7927324175834656,0.0,0.0,0.0,0.0,1.0,1.0,0.0,0,0,0,0,0,0,0.0,0.0,1.0,0.0
14,400,1,dpga,roi_shared,0.43638306856155396,0.31971311569213867,-0.1353234350681305,1.0381067991256714,0.05505219101905823,0.054545797407627106,0.053031336530523686,0.01770804928249814,0.9999999999654424,0.9998431622005673,1.0147724699913874,1,0,0,0,1,0,1.0,0.3370167315006256,1.0,0.3370167315006256
14,400,1,dpga,roi_cls,0.43638306856155396,0.31971311569213867,0.0,0.18356721103191376,0.0,0.0,0.0,0.0,1.0,1.0,0.0,0,0,0,0,0,0,0.0,0.5,1.0,0.5
14,400,1,dpga,roi_reg,0.43638306856155396,0.31971311569213867,-0.18198959529399872,0.2177148461341858,0.02043134719133377,0.010885743424296379,0.0938445289979957,0.01435052601801559,0.9999999997356599,0.9998971397701202,0.8217980345290837,1,0,0,0,1,1,0.5418447256088257,0.2870104908943176,1.0,0.2870104908943176
14,500,1,dpga,backbone,0.04956123232841492,0.24625606834888458,0.17165619134902954,0.9461475610733032,5.130002021789551,0.09461475163698196,5.421989373380736,0.07023013498362295,1.0120554416752592,0.9976714127007001,3.910823379647073,0,1,0,0,0,1,0.018443414941430092,0.7023013830184937,1.0,0.7023013830184937
14,500,1,dpga,fpn,0.04956123232841492,0.24625606834888458,0.06595630943775177,0.2602557837963104,1.7297608852386475,0.039038367569446564,6.646387872756931,0.08725592494010925,1.005755078785627,0.996273932111412,4.947638440131388,0,1,0,0,0,1,0.022568650543689728,0.581706166267395,1.0,0.581706166267395
14,500,1,dpga,rpn,0.04956123232841492,0.24625606834888458,0.0,0.2680152654647827,0.0,0.0,0.0,0.0,1.0,1.0,0.0,0,0,0,0,0,0,0.0,0.0,1.0,0.0
14,500,1,dpga,roi_shared,0.04956123232841492,0.24625606834888458,-0.1863216608762741,0.3415347933769226,1.3939348459243774,0.08538369834423065,4.081384599624119,0.0706496313214302,1.0000000012052788,0.9975136171254458,4.041212237195826,1,1,0,0,1,1,0.0623454675078392,0.2825985252857208,1.0,0.2825985252857208
14,500,1,dpga,roi_cls,0.04956123232841492,0.24625606834888458,0.0,0.13493767380714417,0.0,0.0,0.0,0.0,1.0,1.0,0.0,0,0,0,0,0,0,0.0,0.5,1.0,0.5
14,500,1,dpga,roi_reg,0.04956123232841492,0.24625606834888458,-0.3856104612350464,0.063411645591259,0.4467923045158386,0.0031705822329968214,7.045903009611012,0.006348315533145543,1.0000000001058968,0.9999799087855565,0.3631963304060271,1,1,0,0,1,1,0.007691142614930868,0.12696631252765656,1.0,0.12696631252765656
14,600,1,dpga,backbone,0.11175167560577393,0.5308577418327332,0.08752479404211044,1.4115660190582275,4.024692535400391,0.14115658402442932,2.851225150691567,0.06076926415247445,1.0053188191401012,0.9981918363501627,3.446053048426001,0,1,0,0,0,1,0.03507264330983162,0.6076927185058594,1.0,0.6076927185058594
14,600,1,dpga,fpn,0.11175167560577393,0.5308577418327332,0.06103479862213135,0.2989683747291565,1.3655674457550049,0.04484526067972183,4.5675983186921,0.08635603454252158,1.0052707228564073,0.9963440913513152,4.900808113228071,0,1,0,0,0,1,0.03284001722931862,0.5757068395614624,1.0,0.5757068395614624
14,600,1,dpga,rpn,0.11175167560577393,0.5308577418327332,0.0,0.14971409738063812,0.0,0.0,0.0,0.0,1.0,1.0,0.0,0,0,0,0,0,0,0.0,0.0,1.0,0.0
14,600,1,dpga,roi_shared,0.11175167560577393,0.5308577418327332,-0.12032407522201538,0.6558367609977722,0.4517695903778076,0.16395919024944305,0.6888445681063953,0.08849326521158218,1.0000000015282045,0.996107320349492,5.05711633145194,1,0,0,0,1,1,0.365582674741745,0.35397306084632874,1.0,0.35397306084632874
14,600,1,dpga,roi_cls,0.11175167560577393,0.5308577418327332,0.0,0.12187335640192032,0.0,0.0,0.0,0.0,1.0,1.0,0.0,0,0,0,0,0,0,0.0,0.5,1.0,0.5
14,600,1,dpga,roi_reg,0.11175167560577393,0.5308577418327332,-0.04347105324268341,0.18791498243808746,0.1447318196296692,0.009395750239491463,0.7701984043627502,0.022293708890017735,0.999999999946887,0.9997515437801096,1.2772372007345014,1,0,0,0,1,1,0.06497976928949356,0.4458741247653961,1.0,0.4458741247653961
14,700,1,dpga,backbone,0.13231703639030457,0.5068248510360718,-0.2142612189054489,1.3305716514587402,4.334799289703369,0.13305717706680298,3.2578473206993523,0.02551547815517498,1.000000000738227,0.9996745274268878,1.4618627801920234,1,1,0,0,1,1,0.03142491728067398,0.2551547586917877,1.0,0.2551547586917877
14,700,1,dpga,fpn,0.13231703639030457,0.5068248510360718,-0.17761947214603424,0.3283434510231018,1.716099739074707,0.04925151914358139,5.2265386555675954,0.04372539503544255,0.9999999991140894,0.9990455112992994,2.5035575330529896,1,1,0,0,1,1,0.029163403436541557,0.29150262475013733,1.0,0.29150262475013733
14,700,1,dpga,rpn,0.13231703639030457,0.5068248510360718,0.0,0.12218639254570007,0.0,0.0,0.0,0.0,1.0,1.0,0.0,0,0,0,0,0,0,0.0,0.0,1.0,0.0
14,700,1,dpga,roi_shared,0.13231703639030457,0.5068248510360718,0.036583974957466125,0.7470090389251709,0.31353530287742615,0.18675227463245392,0.41972089565148285,0.13640074030136,1.0049900807592325,0.9909268884648538,7.724042762737669,0,0,0,0,0,1,0.5956339240074158,0.5456029176712036,1.0,0.5456029176712036
14,700,1,dpga,roi_cls,0.13231703639030457,0.5068248510360718,0.0,0.13740324974060059,0.0,0.0,0.0,0.0,1.0,1.0,0.0,0,0,0,0,0,0,0.0,0.5,1.0,0.5
14,700,1,dpga,roi_reg,0.13231703639030457,0.5068248510360718,0.09344656020402908,0.11451967805624008,0.13388220965862274,0.005725983064621687,1.1690760219643108,0.03073642399991178,1.0028722128667602,0.999534788096095,1.747752281597697,0,1,0,0,0,1,0.04276881739497185,0.614728569984436,1.0,0.614728569984436
15,0,1,dpga,backbone,0.32695886492729187,0.6292932033538818,-0.05410677567124367,2.619089126586914,6.706143379211426,0.2619089186191559,2.5604868926131537,0.043277601392502356,1.0000000005802296,0.9990648031327951,2.478123828040492,1,1,0,0,1,1,0.03911236673593521,0.43277600407600403,1.0,0.43277600407600403
15,0,1,dpga,fpn,0.32695886492729187,0.6292932033538818,-0.04195757582783699,0.6484277248382568,2.3456149101257324,0.09726416319608688,3.61738836924473,0.06716168533492696,1.0000000002757852,0.9977523360547569,3.8422418584248867,1,1,0,0,1,1,0.0415029302239418,0.44774454832077026,1.0,0.44774454832077026
15,0,1,dpga,rpn,0.32695886492729187,0.6292932033538818,0.0,0.44625285267829895,0.0,0.0,0.0,0.0,1.0,1.0,0.0,0,0,0,0,0,0,0.0,0.0,1.0,0.0
15,0,1,dpga,roi_shared,0.32695886492729187,0.6292932033538818,-0.05187069624662399,1.0531021356582642,2.129833459854126,0.26327553391456604,2.0224376988114527,0.1088806614279747,0.9999999999382103,0.9941246445729762,6.213947331982077,1,1,0,0,1,1,0.12377982586622238,0.4355226457118988,1.0,0.4355226457118988
15,0,1,dpga,roi_cls,0.32695886492729187,0.6292932033538818,0.0,0.2627735435962677,0.0,0.0,0.0,0.0,1.0,1.0,0.0,0,0,0,0,0,0,0.0,0.5,1.0,0.5
15,0,1,dpga,roi_reg,0.32695886492729187,0.6292932033538818,-0.16829125583171844,0.1549178510904312,0.6562655568122864,0.007745892740786076,4.2362164992154465,0.01506140715338995,1.0000000004166636,0.9998865120447024,0.8632103189146518,1,1,0,0,1,1,0.011973762884736061,0.3012281358242035,1.0,0.3012281358242035
15,100,1,dpga,backbone,0.08818835765123367,1.6315345764160156,-0.03061709553003311,1.0512893199920654,14.891867637634277,0.1051289364695549,14.165337128837828,0.0461803217497759,1.0000000004256284,0.9989353503749331,2.6441100170316205,1,1,0,0,1,1,0.007062796503305435,0.4618031978607178,1.0,0.4618031978607178
15,100,1,dpga,fpn,0.08818835765123367,1.6315345764160156,0.0007573054172098637,0.29123035073280334,4.752727508544922,0.04368455708026886,16.319478710189212,0.07514200383471481,1.000056904873591,0.9971890372089521,4.297015925618133,0,1,0,0,0,1,0.009191470220685005,0.5009466409683228,1.0,0.5009466409683228
15,100,1,dpga,rpn,0.08818835765123367,1.6315345764160156,0.0,0.1374068260192871,0.0,0.0,0.0,0.0,1.0,1.0,0.0,0,0,0,0,0,0,0.0,0.0,1.0,0.0
15,100,1,dpga,roi_shared,0.08818835765123367,1.6315345764160156,-0.10934146493673325,0.4802488684654236,12.148406028747559,0.1200622171163559,25.296063825337686,0.09165716916322708,0.9999999997643424,0.9958258003063585,5.236913809659054,1,1,0,0,1,1,0.009942573495209217,0.3666286766529083,1.0,0.3666286766529083
15,100,1,dpga,roi_cls,0.08818835765123367,1.6315345764160156,0.0,0.17161785066127777,0.0,0.0,0.0,0.0,1.0,1.0,0.0,0,0,0,0,0,0,0.0,0.5,1.0,0.5
15,100,1,dpga,roi_reg,0.08818835765123367,1.6315345764160156,0.01645643077790737,0.0560276061296463,4.649415493011475,0.002801380353048444,82.98436813903592,0.02602794809691214,1.000428327077667,0.9996618206625613,1.4901274141491936,0,1,0,0,0,1,0.0006025230977684259,0.5205589532852173,1.0,0.5205589532852173
15,200,1,dpga,backbone,0.09904532134532928,0.4080295264720917,-0.015572297386825085,1.2007560729980469,3.289862871170044,0.12007562816143036,2.739826135508036,0.048054453138741515,1.0,0.9988474157092786,2.751159062274523,1,1,0,0,1,1,0.03650309517979622,0.48054444789886475,1.0,0.48054444789886475
15,200,1,dpga,fpn,0.09904532134532928,0.4080295264720917,0.01969441957771778,0.3063020706176758,1.473156213760376,0.045945312827825546,4.809488263627052,0.07868973101530027,1.0015497487256442,0.9969289409791587,4.491515675193499,0,1,0,0,0,1,0.031188350170850754,0.5245981812477112,1.0,0.5245981812477112
15,200,1,dpga,rpn,0.09904532134532928,0.4080295264720917,0.0,0.20748978853225708,0.0,0.0,0.0,0.0,1.0,1.0,0.0,0,0,0,0,0,0,0.0,0.0,1.0,0.0
15,200,1,dpga,roi_shared,0.09904532134532928,0.4080295264720917,-0.12697483599185944,0.5368226766586304,1.0880948305130005,0.1342056691646576,2.0269166669442473,0.08660154044628143,0.999999999625558,0.9962709483696729,4.949620248499203,1,1,0,0,1,1,0.124346524477005,0.34640616178512573,1.0,0.34640616178512573
15,200,1,dpga,roi_cls,0.09904532134532928,0.4080295264720917,0.0,0.1276441514492035,0.0,0.0,0.0,0.0,1.0,1.0,0.0,0,0,0,0,0,0,0.0,0.5,1.0,0.5
15,200,1,dpga,roi_reg,0.09904532134532928,0.4080295264720917,-0.098178930580616,0.08505834639072418,0.36009761691093445,0.0042529175989329815,4.233536533343704,0.018984143193008243,1.0,0.9998198520895449,1.0875738701681155,1,1,0,0,1,1,0.011867793276906013,0.37968283891677856,1.0,0.37968283891677856
15,300,1,dpga,backbone,0.17853376269340515,1.2379013299942017,0.08085177093744278,1.5204442739486694,9.346558570861816,0.15204444527626038,6.147254937919125,0.0599710475402659,1.004848764951785,0.9982353752022143,3.404299051458768,0,1,0,0,0,1,0.016267424449324608,0.5997104048728943,1.0,0.5997104048728943
15,300,1,dpga,fpn,0.17853376269340515,1.2379013299942017,-0.07637456804513931,0.402560293674469,2.733553171157837,0.060384053736925125,6.790419259203762,0.06085129909261511,0.9999999998389193,0.9981536529104367,3.4822596251981315,1,1,0,0,1,1,0.022154659032821655,0.4056752622127533,1.0,0.4056752622127533
15,300,1,dpga,rpn,0.17853376269340515,1.2379013299942017,0.0,0.21612368524074554,0.0,0.0,0.0,0.0,1.0,1.0,0.0,0,0,0,0,0,0,0.0,0.0,1.0,0.0
15,300,1,dpga,roi_shared,0.17853376269340515,1.2379013299942017,-0.0803217887878418,0.8626865148544312,7.329081058502197,0.21567165851593018,8.495648108906511,0.10023146762672142,1.0000000008334173,0.9950143002930323,5.723758380286283,1,1,0,0,1,1,0.02952221967279911,0.40092581510543823,1.0,0.40092581510543823
15,300,1,dpga,roi_cls,0.17853376269340515,1.2379013299942017,0.0,0.17751334607601166,0.0,0.0,0.0,0.0,1.0,1.0,0.0,0,0,0,0,0,0,0.0,0.5,1.0,0.5
15,300,1,dpga,roi_reg,0.17853376269340515,1.2379013299942017,0.05867519974708557,0.16527646780014038,2.594609022140503,0.008263824507594109,15.698599181572654,0.028641123472724433,1.0016805232139572,0.9995928403267693,1.6350639583771232,0,1,0,0,0,1,0.003184997709468007,0.5728223919868469,1.0,0.5728223919868469
15,400,1,dpga,backbone,0.20575308799743652,0.14950858056545258,-0.0393354557454586,1.5898430347442627,2.483386993408203,0.15898428857326508,1.5620328165337865,0.04509885484473963,1.0000000004673582,0.998984579339023,2.582244638078152,1,1,0,0,1,1,0.06406871974468231,0.4509885907173157,1.0,0.4509885907173157
15,400,1,dpga,fpn,0.20575308799743652,0.14950858056545258,-0.07668769359588623,0.43681538105010986,0.8235514163970947,0.06552232056856155,1.8853535203299536,0.06079468481335414,0.9999999999797153,0.9981571289609068,3.478979110746076,1,1,0,0,1,1,0.07979567348957062,0.40529781579971313,1.0,0.40529781579971313
15,400,1,dpga,rpn,0.20575308799743652,0.14950858056545258,0.0,0.35318320989608765,0.0,0.0,0.0,0.0,1.0,1.0,0.0,0,0,0,0,0,0,0.0,0.0,1.0,0.0
15,400,1,dpga,roi_shared,0.20575308799743652,0.14950858056545258,-0.13610152900218964,0.8106967210769653,0.3121129870414734,0.20267418026924133,0.3849935233817755,0.08403699845075607,1.000000001231311,0.9964874817542002,4.80368066342891,1,0,0,0,1,1,0.6554607152938843,0.3361479938030243,1.0,0.3361479938030243
15,400,1,dpga,roi_cls,0.20575308799743652,0.14950858056545258,0.0,0.19601775705814362,0.0,0.0,0.0,0.0,1.0,1.0,0.0,0,0,0,0,0,0,0.0,0.5,1.0,0.5
15,400,1,dpga,roi_reg,0.20575308799743652,0.14950858056545258,-0.5757470726966858,0.13536062836647034,0.13505877554416656,0.006768031977117062,0.9977700101872566,0.0026607413179056795,0.9999999998874068,0.9999964771830271,0.15208374481632908,1,0,0,0,1,1,0.06128919497132301,0.053214821964502335,1.0,0.053214821964502335
15,500,1,dpga,backbone,0.12032787501811981,0.8970909118652344,0.00821520946919918,1.2880744934082031,6.829985618591309,0.12880747020244598,5.302477188659632,0.05102676383564727,1.0004191954584005,0.9987018775636468,2.91972837249315,0,1,0,0,0,1,0.01885911077260971,0.5102675557136536,1.0,0.5102675557136536
15,500,1,dpga,fpn,0.12032787501811981,0.8970909118652344,-0.05717555060982704,0.3045788109302521,2.468424081802368,0.04568681865930557,8.104385443830603,0.06435200152234331,1.000000000248681,0.9979357706808426,3.6820640309432204,1,1,0,0,1,1,0.018538823351264,0.42901337146759033,1.0,0.42901337146759033
15,500,1,dpga,rpn,0.12032787501811981,0.8970909118652344,0.0,0.21080322563648224,0.0,0.0,0.0,0.0,1.0,1.0,0.0,0,0,0,0,0,0,0.0,0.0,1.0,0.0
15,500,1,dpga,roi_shared,0.12032787501811981,0.8970909118652344,-0.11597087979316711,0.5353177785873413,4.809974193572998,0.13382944464683533,8.985268911236455,0.08974152058362961,0.9999999982822515,0.9959974405203034,5.128041029649411,1,1,0,0,1,1,0.02801232784986496,0.35896608233451843,1.0,0.35896608233451843
15,500,1,dpga,roi_cls,0.12032787501811981,0.8970909118652344,0.0,0.1279890239238739,0.0,0.0,0.0,0.0,1.0,1.0,0.0,0,0,0,0,0,0,0.0,0.5,1.0,0.5
15,500,1,dpga,roi_reg,0.12032787501811981,0.8970909118652344,-0.614616870880127,0.07108446210622787,1.648992657661438,0.0035542233381420374,23.19765260651759,0.0022115626889828476,1.0000000000368208,0.9999974845295041,0.12851308088483077,1,1,0,0,1,1,0.0027324038092046976,0.04423125088214874,1.0,0.04423125088214874
15,600,1,dpga,backbone,0.5494025349617004,2.292816162109375,-0.14725002646446228,4.631965637207031,7.70229434967041,0.46319660544395447,1.6628565393060033,0.03238247030601489,0.9999999999086322,0.9994761820409038,1.8545851659894643,1,1,0,0,1,1,0.060800258070230484,0.3238246738910675,1.0,0.3238246738910675
15,600,1,dpga,fpn,0.5494025349617004,2.292816162109375,-0.04102730005979538,1.2565540075302124,2.7676141262054443,0.1884831041097641,2.202542914685583,0.06733424770010377,1.0000000000168072,0.9977406639391789,3.8522090683394348,1,1,0,0,1,1,0.06816048920154572,0.4488949775695801,1.0,0.4488949775695801
15,600,1,dpga,rpn,0.5494025349617004,2.292816162109375,0.0,0.7109376788139343,0.0,0.0,0.0,0.0,1.0,1.0,0.0,0,0,0,0,0,0,0.0,0.0,1.0,0.0
15,600,1,dpga,roi_shared,0.5494025349617004,2.292816162109375,-0.009826571680605412,1.954978585243225,6.940449237823486,0.48874467611312866,3.5501407996036964,0.12192983178721425,0.9999999999649496,0.9926484491756791,6.9517401961586325,1,1,0,0,1,1,0.07042314857244492,0.4877192974090576,1.0,0.4877192974090576
15,600,1,dpga,roi_cls,0.5494025349617004,2.292816162109375,0.0,0.6502349972724915,0.0,0.0,0.0,0.0,1.0,1.0,0.0,0,0,0,0,0,0,0.0,0.5,1.0,0.5
15,600,1,dpga,roi_reg,0.5494025349617004,2.292816162109375,-0.3149201571941376,0.18340350687503815,2.6386146545410156,0.009170175530016422,14.386936757642447,0.008578074897719905,0.9999999995871477,0.999963276856857,0.49103096718816824,1,1,0,0,1,1,0.003661688882857561,0.17156149446964264,1.0,0.17156149446964264
15,700,1,dpga,backbone,0.14599336683750153,0.16721175611019135,0.15175798535346985,1.8822965621948242,2.567826271057129,0.18822969496250153,1.3641985660659939,0.06810910911537787,1.010336103213379,0.9977874310635252,3.8121163180606787,0,1,0,0,0,1,0.07330311834812164,0.6810909509658813,1.0,0.6810909509658813
15,700,1,dpga,fpn,0.14599336683750153,0.16721175611019135,0.11026481539011002,0.4219857454299927,0.9784960746765137,0.06329786777496338,2.3187894028966576,0.09516642095726499,1.0104935078381905,0.995647768567714,5.347505736817995,0,1,0,0,0,1,0.06468893587589264,0.6344427466392517,1.0,0.6344427466392517
15,700,1,dpga,rpn,0.14599336683750153,0.16721175611019135,0.0,0.40032443404197693,0.0,0.0,0.0,0.0,1.0,1.0,0.0,0,0,0,0,0,0,0.0,0.0,1.0,0.0
15,700,1,dpga,roi_shared,0.14599336683750153,0.16721175611019135,-0.013478620909154415,0.7458540797233582,0.38138347864151,0.18646351993083954,0.5113379265592641,0.12078952044248581,0.9999999999677183,0.9927838175668519,6.887361694431562,1,0,0,0,1,1,0.4889579117298126,0.48315808176994324,1.0,0.48315808176994324
15,700,1,dpga,roi_cls,0.14599336683750153,0.16721175611019135,0.0,0.1860465258359909,0.0,0.0,0.0,0.0,1.0,1.0,0.0,0,0,0,0,0,0,0.0,0.5,1.0,0.5
15,700,1,dpga,roi_reg,0.14599336683750153,0.16721175611019135,0.22728335857391357,0.08626256883144379,0.1324680596590042,0.004313129000365734,1.5356377795547163,0.037851061360413794,1.0086029163515822,0.999332864115635,2.092998554278704,0,1,0,0,0,1,0.03255976364016533,0.7570211291313171,1.0,0.7570211291313171
16,0,1,dpga,backbone,0.34369683265686035,0.5001786351203918,-0.17624340951442719,2.2243878841400146,3.6827566623687744,0.22243881225585938,1.6556270103011235,0.02929256574364174,1.000000001054479,0.9995711278944154,1.6780969687104021,1,1,0,0,1,1,0.06136058270931244,0.292925626039505,1.0,0.292925626039505
16,0,1,dpga,fpn,0.34369683265686035,0.5001786351203918,-0.07690664380788803,0.5902031660079956,1.1312564611434937,0.08853048086166382,1.9167238102009236,0.060755104936730864,0.9999999999434227,0.9981595173092638,3.4767233207690076,1,1,0,0,1,1,0.07849100977182388,0.40503400564193726,1.0,0.40503400564193726
16,0,1,dpga,rpn,0.34369683265686035,0.5001786351203918,0.0,0.5819126963615417,0.0,0.0,0.0,0.0,1.0,1.0,0.0,0,0,0,0,0,0,0.0,0.0,1.0,0.0
16,0,1,dpga,roi_shared,0.34369683265686035,0.5001786351203918,0.032344311475753784,0.9144213795661926,0.6194301843643188,0.22860531508922577,0.677401248708971,0.1350856098260898,1.0043692515433402,0.9910851804756406,7.65626707670079,0,0,0,0,0,1,0.36905747652053833,0.5403425097465515,1.0,0.5403425097465515
16,0,1,dpga,roi_cls,0.34369683265686035,0.5001786351203918,0.0,0.14929644763469696,0.0,0.0,0.0,0.0,1.0,1.0,0.0,0,0,0,0,0,0,0.0,0.5,1.0,0.5
16,0,1,dpga,roi_reg,0.34369683265686035,0.5001786351203918,0.03993336856365204,0.17545917630195618,0.2205989956855774,0.00877295807003975,1.2572667918259113,0.027487573673415092,1.0010976717176185,0.9996238146863141,1.5716367088193972,0,1,0,0,0,1,0.03976880759000778,0.5497515201568604,1.0,0.5497515201568604
16,100,1,dpga,backbone,0.1511542648077011,0.13632319867610931,0.2038174271583557,2.277289628982544,3.8668441772460938,0.2277289628982544,1.6980028047524798,0.07347947359085083,1.014976398351167,0.9974977132895305,4.0541215667530635,0,1,0,0,0,1,0.05889271944761276,0.7347947359085083,1.0,0.7347947359085083
16,100,1,dpga,fpn,0.1511542648077011,0.13632319867610931,0.038295548409223557,0.3688013553619385,1.3111748695373535,0.05532020330429077,3.5552333267609004,0.08215855658054352,1.003146307592891,0.9966677241571035,4.6787385299594675,0,1,0,0,0,1,0.04219132661819458,0.5477237105369568,1.0,0.5477237105369568
16,100,1,dpga,rpn,0.1511542648077011,0.13632319867610931,0.0,0.2039446085691452,0.0,0.0,0.0,0.0,1.0,1.0,0.0,0,0,0,0,0,0,0.0,0.0,1.0,0.0
16,100,1,dpga,roi_shared,0.1511542648077011,0.13632319867610931,-0.1659649908542633,0.6775326728820801,0.5060470104217529,0.16938316822052002,0.7468968371209855,0.07592052221298218,0.9999999993826859,0.9971304813989165,4.341562510254109,1,0,0,0,1,1,0.33942553400993347,0.3036820888519287,1.0,0.3036820888519287
16,100,1,dpga,roi_cls,0.1511542648077011,0.13632319867610931,0.0,0.11986508220434189,0.0,0.0,0.0,0.0,1.0,1.0,0.0,0,0,0,0,0,0,0.0,0.5,1.0,0.5
16,100,1,dpga,roi_reg,0.1511542648077011,0.13632319867610931,-0.522704005241394,0.10408807545900345,0.20704224705696106,0.005204403772950172,1.9891063039061334,0.003413666784763336,1.0000000001232219,0.9999942022109563,0.19510528993570028,1,1,0,0,1,1,0.029485628008842468,0.06827333569526672,1.0,0.06827333569526672
16,200,1,dpga,backbone,0.3389814496040344,0.22768060863018036,-0.04089898616075516,3.313918113708496,1.4823733568191528,0.3313917815685272,0.44731743692974896,0.04490536345525496,1.0000000000380815,0.9989932862409469,2.571147983093719,1,0,0,0,1,1,0.22374208271503448,0.44905367493629456,1.0,0.44905367493629456
16,200,1,dpga,fpn,0.3389814496040344,0.22768060863018036,-0.03153740242123604,0.7616909146308899,0.5229048132896423,0.11425364017486572,0.6865052519932424,0.06909895868535525,0.9999999997127679,0.997621300678366,3.952697055074999,1,0,0,0,1,1,0.21860671043395996,0.4606597125530243,1.0,0.4606597125530243
16,200,1,dpga,rpn,0.3389814496040344,0.22768060863018036,0.0,0.40709391236305237,0.0,0.0,0.0,0.0,1.0,1.0,0.0,0,0,0,0,0,0,0.0,0.0,1.0,0.0
16,200,1,dpga,roi_shared,0.3389814496040344,0.22768060863018036,-0.11604568362236023,1.374314785003662,0.196738138794899,0.19540895521640778,0.14315362167509152,0.0510278789095922,1.0000000012700694,0.9987005785932508,2.9211891413939153,1,0,0,0,1,0,1.0,0.35888001322746277,1.0,0.35888001322746277
16,200,1,dpga,roi_cls,0.3389814496040344,0.22768060863018036,0.0,0.1992650330066681,0.0,0.0,0.0,0.0,1.0,1.0,0.0,0,0,0,0,0,0,0.0,0.5,1.0,0.5
16,200,1,dpga,roi_reg,0.3389814496040344,0.22768060863018036,-0.28945955634117126,0.3508838713169098,0.06978881359100342,0.01754419319331646,0.19889433312815868,0.009520888126388079,0.9999999998712931,0.9999546466371249,0.5456875169367764,1,0,0,0,1,1,0.26263299584388733,0.19041776657104492,1.0,0.19041776657104492
16,300,1,dpga,backbone,0.056303754448890686,0.09939783811569214,-6.118226883700117e-05,1.1894367933273315,3.6660494804382324,0.11894367635250092,3.082172588744983,0.049992345511011255,1.0000000002056841,0.9987527753058537,2.861904447936152,1,1,0,0,1,1,0.03244464471936226,0.4999234676361084,1.0,0.4999234676361084
16,300,1,dpga,fpn,0.056303754448890686,0.09939783811569214,0.009700984694063663,0.2717457115650177,1.3113205432891846,0.040761858224868774,4.825542731611567,0.07681857628311221,1.0007452160473709,0.9970670694274647,4.389294541704233,0,1,0,0,0,1,0.031084587797522545,0.5121238231658936,1.0,0.5121238231658936
16,300,1,dpga,rpn,0.056303754448890686,0.09939783811569214,0.0,0.14370542764663696,0.0,0.0,0.0,0.0,1.0,1.0,0.0,0,0,0,0,0,0,0.0,0.0,1.0,0.0
16,300,1,dpga,roi_shared,0.056303754448890686,0.09939783811569214,0.09689269959926605,0.4768320918083191,0.8699809312820435,0.11920802295207977,1.8245016353298753,0.15470032393932343,1.014989330862755,0.9886886360452344,8.625918330939482,0,1,0,0,0,1,0.1370237171649933,0.6188012957572937,1.0,0.6188012957572937
16,300,1,dpga,roi_cls,0.056303754448890686,0.09939783811569214,0.0,0.10288476198911667,0.0,0.0,0.0,0.0,1.0,1.0,0.0,0,0,0,0,0,0,0.0,0.5,1.0,0.5
16,300,1,dpga,roi_reg,0.056303754448890686,0.09939783811569214,0.2992912828922272,0.08348551392555237,0.241969034075737,0.004174275789409876,2.8983355638381916,0.040852270441751236,1.0122267296470644,0.9992593717752764,2.2052842075923516,0,1,0,0,0,1,0.017251281067728996,0.8170453906059265,1.0,0.8170453906059265
16,400,1,dpga,backbone,0.48601746559143066,0.5925414562225342,0.11282681673765182,2.6944379806518555,2.005880832672119,0.2694438397884369,0.7444524042029885,0.06374086532564145,1.0071916798806084,0.9980287918360791,3.5981166671094864,0,0,0,0,0,1,0.13432693481445312,0.6374085545539856,1.0,0.6374085545539856
16,400,1,dpga,fpn,0.48601746559143066,0.5925414562225342,-0.06815200299024582,0.7444045543670654,0.6743364334106445,0.1116606816649437,0.9058735998519021,0.06234372771034842,0.999999999825368,0.9980622989042136,3.5673948033343454,1,0,0,0,1,1,0.16597190499305725,0.41562485694885254,1.0,0.41562485694885254
16,400,1,dpga,rpn,0.48601746559143066,0.5925414562225342,0.0,0.5764323472976685,0.0,0.0,0.0,0.0,1.0,1.0,0.0,0,0,0,0,0,0,0.0,0.0,1.0,0.0
16,400,1,dpga,roi_shared,0.48601746559143066,0.5925414562225342,-0.029997769743204117,1.4176623821258545,0.9211764335632324,0.3544155955314636,0.6497854814923445,0.1156432256102562,1.000000000573176,0.9933796768647467,6.596553862467,1,0,0,0,1,1,0.3849155902862549,0.4625729024410248,1.0,0.4625729024410248
16,400,1,dpga,roi_cls,0.48601746559143066,0.5925414562225342,0.0,0.2596281170845032,0.0,0.0,0.0,0.0,1.0,1.0,0.0,0,0,0,0,0,0,0.0,0.5,1.0,0.5
16,400,1,dpga,roi_reg,0.48601746559143066,0.5925414562225342,-0.2490892857313156,0.400254487991333,0.2913529872894287,0.02001272514462471,0.7279193513896028,0.011174469857192209,0.9999999998096837,0.9999375330858832,0.640420045509846,1,0,0,0,1,1,0.07092443108558655,0.22348938882350922,1.0,0.22348938882350922
16,500,1,dpga,backbone,0.14297042787075043,3.98299503326416,-0.15912184119224548,1.8895978927612305,16.459774017333984,0.18895979225635529,8.71072839379687,0.03109655429293824,1.0000000003143006,0.9995167973094243,1.7812291402365446,1,1,0,0,1,1,0.011628254316747189,0.31096553802490234,1.0,0.31096553802490234
16,500,1,dpga,fpn,0.14297042787075043,3.98299503326416,-0.13804206252098083,0.5507615208625793,6.0557990074157715,0.0826142206788063,10.995319712843111,0.05009793783420203,1.0000000011440213,0.998747384634337,2.8680838349027757,1,1,0,0,1,1,0.01377403549849987,0.3339862823486328,1.0,0.3339862823486328
16,500,1,dpga,rpn,0.14297042787075043,3.98299503326416,0.0,0.2652502655982971,0.0,0.0,0.0,0.0,1.0,1.0,0.0,0,0,0,0,0,0,0.0,0.0,1.0,0.0
16,500,1,dpga,roi_shared,0.14297042787075043,3.98299503326416,-0.08007838577032089,0.9108002781867981,16.995468139648438,0.22770006954669952,18.659928577846568,0.10030454397201538,1.0000000000501463,0.9950072177575645,5.727825824044141,1,1,0,0,1,1,0.013440856710076332,0.4012181758880615,1.0,0.4012181758880615
16,500,1,dpga,roi_cls,0.14297042787075043,3.98299503326416,0.0,0.29946911334991455,0.0,0.0,0.0,0.0,1.0,1.0,0.0,0,0,0,0,0,0,0.0,0.5,1.0,0.5
16,500,1,dpga,roi_reg,0.14297042787075043,3.98299503326416,-0.10185658931732178,0.0871439129114151,8.630366325378418,0.004357196390628815,99.03579076316545,0.018768085768354384,0.9999999997527487,0.9998239915287032,1.0750057466740985,1,1,0,0,1,1,0.0005075075896456838,0.3753616511821747,1.0,0.3753616511821747
16,600,1,dpga,backbone,0.07773110270500183,3.239621639251709,-0.14627718925476074,1.7676881551742554,33.86444854736328,0.17676882445812225,19.157478907259513,0.0324890689593027,0.9999999981268752,0.9994728438523658,1.8604857513169237,1,1,0,0,1,1,0.005276652052998543,0.324890673160553,1.0,0.324890673160553
16,600,1,dpga,fpn,0.07773110270500183,3.239621639251709,-0.13027384877204895,0.49160322546958923,11.910711288452148,0.07374048978090286,24.228301751020446,0.051402166170289594,1.0000000010344343,0.9986815002782532,2.942560366330841,1,1,0,0,1,1,0.006244320422410965,0.34268108010292053,1.0,0.34268108010292053
16,600,1,dpga,rpn,0.07773110270500183,3.239621639251709,0.0,0.18592144548892975,0.0,0.0,0.0,0.0,1.0,1.0,0.0,0,0,0,0,0,0,0.0,0.0,1.0,0.0
16,600,1,dpga,roi_shared,0.07773110270500183,3.239621639251709,-0.12397750467061996,0.7665063738822937,35.212554931640625,0.1916266232728958,45.93902429446456,0.08745177705185074,1.0000000004267007,0.9961979019697772,4.997893342824442,1,1,0,0,1,1,0.005484307650476694,0.3498070538043976,1.0,0.3498070538043976
16,600,1,dpga,roi_cls,0.07773110270500183,3.239621639251709,0.0,0.28617382049560547,0.0,0.0,0.0,0.0,1.0,1.0,0.0,0,0,0,0,0,0,0.0,0.5,1.0,0.5
16,600,1,dpga,roi_reg,0.07773110270500183,3.239621639251709,-0.5786522626876831,0.09926445782184601,15.310688018798828,0.0049632228910923,154.2413906725562,0.0026243839412927626,0.9999999999230897,0.9999966223295204,0.14891772453871005,1,1,0,0,1,1,0.0003974710707552731,0.052487678825855255,1.0,0.052487678825855255
16,700,1,dpga,backbone,0.15771818161010742,0.3238126039505005,0.09455734491348267,2.049926996231079,3.717411994934082,0.20499269664287567,1.8134362842036715,0.06160430818641327,1.0058251411943027,0.9981463484888689,3.489143117771172,0,1,0,0,0,1,0.05514392629265785,0.6160430908203125,1.0,0.6160430908203125
16,700,1,dpga,fpn,0.15771818161010742,0.3238126039505005,0.07256072014570236,0.5144956111907959,1.4095348119735718,0.0771743431687355,2.7396439956236263,0.08845784238905893,1.006418564746285,0.9961796778531796,5.009864528773985,0,1,0,0,0,1,0.05475164204835892,0.5897189378738403,1.0,0.5897189378738403
16,700,1,dpga,rpn,0.15771818161010742,0.3238126039505005,0.0,0.43394163250923157,0.0,0.0,0.0,0.0,1.0,1.0,0.0,0,0,0,0,0,0,0.0,0.0,1.0,0.0
16,700,1,dpga,roi_shared,0.15771818161010742,0.3238126039505005,0.014486981555819511,0.526603102684021,0.4416373074054718,0.13165076076984406,0.8386530674705662,0.12952518487193532,1.0018764292055133,0.9917480633053364,7.365710991343093,0,0,0,0,0,1,0.29809704422950745,0.5181007981300354,1.0,0.5181007981300354
16,700,1,dpga,roi_cls,0.15771818161010742,0.3238126039505005,0.0,0.080613873898983,0.0,0.0,0.0,0.0,1.0,1.0,0.0,0,0,0,0,0,0,0.0,0.5,1.0,0.5
16,700,1,dpga,roi_reg,0.15771818161010742,0.3238126039505005,0.24005085229873657,0.07493118941783905,0.1511620134115219,0.0037465598434209824,2.017344374030908,0.03842850411571958,1.009224795165544,0.9993175638105133,2.1168659445848452,0,1,0,0,0,1,0.024785060435533524,0.7685700058937073,1.0,0.7685700058937073
17,0,1,dpga,backbone,0.20303231477737427,0.7000676393508911,-0.2983520030975342,3.083621025085449,4.018709182739258,0.30836209654808044,1.3032435406448484,0.018365771713500567,0.999999998943194,0.9998314746962891,1.0519044413829797,1,1,0,0,1,1,0.08039306104183197,0.1836577206850052,1.0,0.1836577206850052
17,0,1,dpga,fpn,0.20303231477737427,0.7000676393508911,-0.24159882962703705,0.7936058044433594,1.2181977033615112,0.11904087662696838,1.5350161207754316,0.03450842672519209,1.0000000002388654,0.9994051383889139,1.9763649026076477,1,1,0,0,1,1,0.10070202499628067,0.23005616664886475,1.0,0.23005616664886475
17,0,1,dpga,rpn,0.20303231477737427,0.7000676393508911,0.0,0.2601913511753082,0.0,0.0,0.0,0.0,1.0,1.0,0.0,0,0,0,0,0,0,0.0,0.0,1.0,0.0
17,0,1,dpga,roi_shared,0.20303231477737427,0.7000676393508911,-0.14329178631305695,1.15035080909729,0.059709418565034866,0.05909324809908867,0.05190539972053428,0.016858180447988147,1.0000000000184386,0.999857945335776,0.9657629057850661,1,0,0,0,1,0,1.0,0.3281732201576233,1.0,0.3281732201576233
17,0,1,dpga,roi_cls,0.20303231477737427,0.7000676393508911,0.0,0.28950998187065125,0.0,0.0,0.0,0.0,1.0,1.0,0.0,0,0,0,0,0,0,0.0,0.5,1.0,0.5
17,0,1,dpga,roi_reg,0.20303231477737427,0.7000676393508911,-0.3302009105682373,0.1307913064956665,0.018382785841822624,0.006539565045386553,0.140550517724446,0.008048661454367256,1.000000000201124,0.9999675309708399,0.4617144397141342,1,0,0,0,1,1,0.37688305974006653,0.16097323596477509,1.0,0.16097323596477509
17,100,1,dpga,backbone,0.18661819398403168,1.064513921737671,-0.3460657298564911,2.1620662212371826,5.410027980804443,0.2162066102027893,2.5022489726095,0.015054552917118063,0.9999999991564271,0.9998866508622437,0.8626822114830575,1,1,0,0,1,1,0.04259604588150978,0.15054553747177124,1.0,0.15054553747177124
17,100,1,dpga,fpn,0.18661819398403168,1.064513921737671,-0.1626327931880951,0.47049587965011597,1.8678715229034424,0.07057438790798187,3.970006122673134,0.04608250500538099,1.0000000007638767,0.9989398877889647,2.638468556706366,1,1,0,0,1,1,0.038293130695819855,0.30721667408943176,1.0,0.30721667408943176
17,100,1,dpga,rpn,0.18661819398403168,1.064513921737671,0.0,0.3725203275680542,0.0,0.0,0.0,0.0,1.0,1.0,0.0,0,0,0,0,0,0,0.0,0.0,1.0,0.0
17,100,1,dpga,roi_shared,0.18661819398403168,1.064513921737671,-0.1442129760980606,0.7341416478157043,5.01466703414917,0.1835353970527649,6.830653252092884,0.08178962848135704,0.9999999997347275,0.9966719480093615,4.675770656095163,1,1,0,0,1,1,0.036986351013183594,0.32715854048728943,1.0,0.32715854048728943
17,100,1,dpga,roi_cls,0.18661819398403168,1.064513921737671,0.0,0.11583411693572998,0.0,0.0,0.0,0.0,1.0,1.0,0.0,0,0,0,0,0,0,0.0,0.5,1.0,0.5
17,100,1,dpga,roi_reg,0.18661819398403168,1.064513921737671,-0.34393787384033203,0.11956481635570526,2.164639472961426,0.0059782410971820354,18.1043181342045,0.007595558819510241,1.0000000002114127,0.9999712119002088,0.4347555870672722,1,1,0,0,1,1,0.0029412079602479935,0.1519111692905426,1.0,0.1519111692905426
17,200,1,dpga,backbone,0.1903345137834549,0.37916627526283264,0.004411995876580477,2.772338628768921,4.1464409828186035,0.27723386883735657,1.4956473714251364,0.05055147518123597,1.0002230329942141,0.9987252926069997,2.893270417234151,0,1,0,0,0,1,0.06686068326234818,0.5055147409439087,1.0,0.5055147409439087
17,200,1,dpga,fpn,0.1903345137834549,0.37916627526283264,0.03702202066779137,0.6252670288085938,1.5133428573608398,0.09379005432128906,2.4203145018607772,0.0819218784570694,1.0030329143929302,0.9966858146921896,4.666014041656384,0,1,0,0,0,1,0.061975423246622086,0.5461458563804626,1.0,0.5461458563804626
17,200,1,dpga,rpn,0.1903345137834549,0.37916627526283264,0.0,0.3353903889656067,0.0,0.0,0.0,0.0,1.0,1.0,0.0,0,0,0,0,0,0,0.0,0.0,1.0,0.0
17,200,1,dpga,roi_shared,0.1903345137834549,0.37916627526283264,-0.19435106217861176,1.1909875869750977,0.24641510844230652,0.24171647429466248,0.20689981250615572,0.0557172972644117,1.0000000005949679,0.998451364465173,3.189101217222619,1,0,0,0,1,0,1.0,0.2745307683944702,1.0,0.2745307683944702
17,200,1,dpga,roi_cls,0.1903345137834549,0.37916627526283264,0.0,0.36357390880584717,0.0,0.0,0.0,0.0,1.0,1.0,0.0,0,0,0,0,0,0,0.0,0.5,1.0,0.5
17,200,1,dpga,roi_reg,0.1903345137834549,0.37916627526283264,-0.6604478359222412,0.1861334592103958,0.07961399853229523,0.00930667296051979,0.4277253475545394,0.0017747225239872933,1.0000000000188685,0.9999983988948795,0.10252921007368268,1,0,0,0,1,1,0.1556822657585144,0.035494450479745865,1.0,0.035494450479745865
17,300,1,dpga,backbone,0.2264523208141327,2.2351810932159424,-0.08280783891677856,2.347926139831543,10.803977012634277,0.23479261994361877,4.601497819437127,0.039794398364349795,0.9999999998403324,0.9992091892342212,2.2787807457278864,1,1,0,0,1,1,0.021806949749588966,0.39794397354125977,1.0,0.39794397354125977
17,300,1,dpga,fpn,0.2264523208141327,2.2351810932159424,-0.0024004329461604357,0.6547625064849854,4.154528617858887,0.09821438044309616,6.345092421620137,0.07454992872053275,1.0000000000536404,0.9972327364290331,4.2634688540233645,1,1,0,0,1,1,0.023640386760234833,0.49699950218200684,1.0,0.49699950218200684
17,300,1,dpga,rpn,0.2264523208141327,2.2351810932159424,0.0,0.2960340082645416,0.0,0.0,0.0,0.0,1.0,1.0,0.0,0,0,0,0,0,0,0.0,0.0,1.0,0.0
17,300,1,dpga,roi_shared,0.2264523208141327,2.2351810932159424,-0.05604398250579834,1.1924057006835938,10.403878211975098,0.2981014549732208,8.725116129527612,0.10759996953460087,0.9999999996711406,0.9942608423743144,6.141431788036979,1,1,0,0,1,1,0.028698021546006203,0.4303998351097107,1.0,0.4303998351097107
17,300,1,dpga,roi_cls,0.2264523208141327,2.2351810932159424,0.0,0.23271284997463226,0.0,0.0,0.0,0.0,1.0,1.0,0.0,0,0,0,0,0,0,0.0,0.5,1.0,0.5
17,300,1,dpga,roi_reg,0.2264523208141327,2.2351810932159424,-0.21212752163410187,0.1682252436876297,3.213014841079712,0.008411262184381485,19.099480973532263,0.01285938173532486,0.9999999997933631,0.9999172741994011,0.7369891830201728,1,1,0,0,1,1,0.002678837161511183,0.2571876347064972,1.0,0.2571876347064972
17,400,1,dpga,backbone,0.29360291361808777,0.2841404378414154,-0.05448361113667488,3.5282459259033203,3.237483263015747,0.3528246283531189,0.9175900237699188,0.043231360525941245,0.9999999994815001,0.999066859734754,2.4753970689454645,1,0,0,0,1,1,0.10914325714111328,0.43231356143951416,1.0,0.43231356143951416
17,400,1,dpga,fpn,0.29360291361808777,0.2841404378414154,-0.004336932674050331,0.6307501196861267,1.0742239952087402,0.09461251646280289,1.7030896414943124,0.07418685140592986,1.0000000000183729,0.9972594341014971,4.242843269115514,1,1,0,0,1,1,0.08807604759931564,0.494579017162323,1.0,0.494579017162323
17,400,1,dpga,rpn,0.29360291361808777,0.2841404378414154,0.0,0.2525726556777954,0.0,0.0,0.0,0.0,1.0,1.0,0.0,0,0,0,0,0,0,0.0,0.0,1.0,0.0
17,400,1,dpga,roi_shared,0.29360291361808777,0.2841404378414154,0.012900824658572674,1.2404311895370483,0.3137367367744446,0.3101077973842621,0.2529255467137495,0.12903010845184326,1.0016645945644767,0.9918064748022379,7.339559694796736,0,0,0,0,0,1,0.9884331822395325,0.516120433807373,1.0,0.516120433807373
17,400,1,dpga,roi_cls,0.29360291361808777,0.2841404378414154,0.0,0.28763511776924133,0.0,0.0,0.0,0.0,1.0,1.0,0.0,0,0,0,0,0,0,0.0,0.5,1.0,0.5
17,400,1,dpga,roi_reg,0.29360291361808777,0.2841404378414154,0.13020874559879303,0.22419914603233337,0.08805498480796814,0.011209957301616669,0.39275343535549906,0.032862281799316405,1.004278956490603,0.9994741468241001,1.8581848458613002,0,0,0,0,0,1,0.12730632722377777,0.6572456359863281,1.0,0.6572456359863281
17,500,1,dpga,backbone,0.2303820699453354,1.826804280281067,-0.13934651017189026,2.2031755447387695,10.884130477905273,0.220317542552948,4.940201203620298,0.03325370370226691,1.000000000929133,0.9994474315024189,1.9048057407011587,1,1,0,0,1,1,0.02044152282178402,0.33253705501556396,1.0,0.33253705501556396
17,500,1,dpga,fpn,0.2303820699453354,1.826804280281067,-0.12160063534975052,0.6800343990325928,4.241157531738281,0.10200516134500504,6.236680876396387,0.05287722575422815,1.000000000398989,0.9986049921437439,3.0267493435359647,1,1,0,0,1,1,0.024231070652604103,0.3525148332118988,1.0,0.3525148332118988
17,500,1,dpga,rpn,0.2303820699453354,1.826804280281067,0.0,0.2084112912416458,0.0,0.0,0.0,0.0,1.0,1.0,0.0,0,0,0,0,0,0,0.0,0.0,1.0,0.0
17,500,1,dpga,roi_shared,0.2303820699453354,1.826804280281067,-0.09634491056203842,1.4012902975082397,12.959540367126465,0.35032257437705994,9.248290943119343,0.09546124190092087,0.9999999998450702,0.9954744596204691,5.45301601545544,1,1,0,0,1,1,0.027158362790942192,0.38184496760368347,1.0,0.38184496760368347
17,500,1,dpga,roi_cls,0.2303820699453354,1.826804280281067,0.0,0.3342622220516205,0.0,0.0,0.0,0.0,1.0,1.0,0.0,0,0,0,0,0,0,0.0,0.5,1.0,0.5
17,500,1,dpga,roi_reg,0.2303820699453354,1.826804280281067,-0.17154674232006073,0.1574622094631195,3.966003894805908,0.007873110473155975,25.187020481475066,0.014890652894973756,1.0000000000764697,0.9998891968152686,0.8529385862938746,1,1,0,0,1,1,0.0020150202326476574,0.2978130578994751,1.0,0.2978130578994751
17,600,1,dpga,backbone,0.08594247698783875,0.2229084074497223,-0.16029620170593262,1.3072320222854614,2.8920552730560303,0.130723237991333,2.2123503890302416,0.030970888862116425,1.0000000003164824,0.9995207418271069,1.773943324772696,1,1,0,0,1,1,0.045792948454618454,0.3097088038921356,1.0,0.3097088038921356
17,600,1,dpga,fpn,0.08594247698783875,0.2229084074497223,-0.016417812556028366,0.32259202003479004,0.9874433279037476,0.048388801515102386,3.0609663803749902,0.07192337887530903,1.0000000002087421,0.9974235082713865,4.113820110910122,1,1,0,0,1,1,0.0490107387304306,0.47948920726776123,1.0,0.47948920726776123
17,600,1,dpga,rpn,0.08594247698783875,0.2229084074497223,0.0,0.19612783193588257,0.0,0.0,0.0,0.0,1.0,1.0,0.0,0,0,0,0,0,0,0.0,0.0,1.0,0.0
17,600,1,dpga,roi_shared,0.08594247698783875,0.2229084074497223,-0.017687737941741943,0.6752777099609375,0.46234264969825745,0.16881944239139557,0.6846703850553609,0.11947618734413093,1.0000000002478278,0.9929382096219382,6.813197013910332,1,0,0,0,1,1,0.3651963472366333,0.47790470719337463,1.0,0.47790470719337463
17,600,1,dpga,roi_cls,0.08594247698783875,0.2229084074497223,0.0,0.10274391621351242,0.0,0.0,0.0,0.0,1.0,1.0,0.0,0,0,0,0,0,0,0.0,0.5,1.0,0.5
17,600,1,dpga,roi_reg,0.08594247698783875,0.2229084074497223,-0.08491427451372147,0.129563108086586,0.18109539151191711,0.006478155497461557,1.3977388639896822,0.019771169410271117,1.0000000000013392,0.9998046347683931,1.1325785683747451,1,1,0,0,1,1,0.03590172901749611,0.39542338252067566,1.0,0.39542338252067566
17,700,1,dpga,backbone,0.16285905241966248,1.7557024955749512,0.16980576515197754,2.445749521255493,30.332965850830078,0.24457496404647827,12.402319038483979,0.07003634317349688,1.0118925769282678,0.9976817961150767,3.902090873159052,0,1,0,0,0,1,0.008063008077442646,0.7003633975982666,1.0,0.7003633975982666
17,700,1,dpga,fpn,0.16285905241966248,1.7557024955749512,-0.01157298218458891,0.5031117796897888,8.87615966796875,0.07546676695346832,17.64252006470939,0.07283067405223846,0.9999999998855111,0.9973584368121146,4.165467782569576,1,1,0,0,1,1,0.008502756245434284,0.4855378270149231,1.0,0.4855378270149231
17,700,1,dpga,rpn,0.16285905241966248,1.7557024955749512,0.0,0.21573284268379211,0.0,0.0,0.0,0.0,1.0,1.0,0.0,0,0,0,0,0,0,0.0,0.0,1.0,0.0
17,700,1,dpga,roi_shared,0.16285905241966248,1.7557024955749512,-0.1698165088891983,0.8907914757728577,10.421822547912598,0.2226978838443756,11.699508618299859,0.07490634674368192,0.9999999978413853,0.9972062857514278,4.283805867572558,1,1,0,0,1,1,0.021683355793356895,0.29962536692619324,1.0,0.29962536692619324
17,700,1,dpga,roi_cls,0.16285905241966248,1.7557024955749512,0.0,0.14946474134922028,0.0,0.0,0.0,0.0,1.0,1.0,0.0,0,0,0,0,0,0,0.0,0.5,1.0,0.5
17,700,1,dpga,roi_reg,0.16285905241966248,1.7557024955749512,-0.549321711063385,0.12149254977703094,3.4302759170532227,0.006074627861380577,28.234454897428957,0.0030139239490589356,1.0000000000241422,0.9999954619642927,0.1726123037570431,1,1,0,0,1,1,0.002119271084666252,0.060278475284576416,1.0,0.060278475284576416
18,0,1,dpga,backbone,0.08196727186441422,0.12882716953754425,0.10110055655241013,1.1609432697296143,1.9993841648101807,0.11609433591365814,1.7222066029771126,0.06237516883564027,1.0063061628901402,0.9981039109976333,3.528869803341406,0,1,0,0,0,1,0.05806504189968109,0.6237516403198242,1.0,0.6237516403198242
18,0,1,dpga,fpn,0.08196727186441422,0.12882716953754425,0.10636791586875916,0.29015570878982544,0.734905481338501,0.043523356318473816,2.5327969055085195,0.09448680281639099,1.0100503628847188,0.995701879907501,5.314134963484259,0,1,0,0,0,1,0.05922306701540947,0.6299120187759399,1.0,0.6299120187759399
18,0,1,dpga,rpn,0.08196727186441422,0.12882716953754425,0.0,0.14771166443824768,0.0,0.0,0.0,0.0,1.0,1.0,0.0,0,0,0,0,0,0,0.0,0.0,1.0,0.0
18,0,1,dpga,roi_shared,0.08196727186441422,0.12882716953754425,-0.025455031543970108,0.5281779766082764,0.7406802177429199,0.1320444792509079,1.402330749379666,0.11705602129564695,1.0000000003308187,0.993218566100574,6.676427397989469,1,1,0,0,1,1,0.17833241820335388,0.4682241380214691,1.0,0.4682241380214691
18,0,1,dpga,roi_cls,0.08196727186441422,0.12882716953754425,0.0,0.1574733555316925,0.0,0.0,0.0,0.0,1.0,1.0,0.0,0,0,0,0,0,0,0.0,0.5,1.0,0.5
18,0,1,dpga,roi_reg,0.08196727186441422,0.12882716953754425,0.06542275100946426,0.059190113097429276,0.2313450425863266,0.0029595056548714638,3.9085082031440535,0.029052847623825075,1.00190071743267,0.9995816152339492,1.6574510255273174,0,1,0,0,0,1,0.012792604975402355,0.5810569524765015,1.0,0.5810569524765015
18,100,1,dpga,backbone,0.19407185912132263,2.1742162704467773,0.1188196912407875,2.7887213230133057,14.60513973236084,0.27887216210365295,5.237217362608145,0.06443050596235918,1.0076556133049799,0.9979908378341269,3.632602410303549,0,1,0,0,0,1,0.019094109535217285,0.6443049907684326,1.0,0.6443049907684326
18,100,1,dpga,fpn,0.19407185912132263,2.1742162704467773,0.0439937561750412,0.6350356936454773,5.126741409301758,0.09525535255670547,8.073154722801888,0.08321573008059432,1.0036609731590993,0.9965869206194071,4.735157463114907,0,1,0,0,0,1,0.01858009770512581,0.5547715425491333,1.0,0.5547715425491333
18,100,1,dpga,rpn,0.19407185912132263,2.1742162704467773,0.0,0.5015443563461304,0.0,0.0,0.0,0.0,1.0,1.0,0.0,0,0,0,0,0,0,0.0,0.0,1.0,0.0
18,100,1,dpga,roi_shared,0.19407185912132263,2.1742162704467773,0.09267061948776245,1.0192946195602417,12.117799758911133,0.2548236548900604,11.888417270503364,0.1534523367881775,1.0142205242553142,0.9888419683309939,8.56714418918904,0,1,0,0,0,1,0.021028870716691017,0.61380934715271,1.0,0.61380934715271
18,100,1,dpga,roi_cls,0.19407185912132263,2.1742162704467773,0.0,0.17085643112659454,0.0,0.0,0.0,0.0,1.0,1.0,0.0,0,0,0,0,0,0,0.0,0.5,1.0,0.5
18,100,1,dpga,roi_reg,0.19407185912132263,2.1742162704467773,-0.08380080759525299,0.161096453666687,4.933147430419922,0.008054823614656925,30.622321709370087,0.01983775874864506,1.0000000001390434,0.9998032947826471,1.1364561654166623,1,1,0,0,1,1,0.0016385596245527267,0.3967551290988922,1.0,0.3967551290988922
18,200,1,dpga,backbone,0.05296196788549423,0.19937843084335327,0.16930873692035675,0.8265451192855835,2.6795833110809326,0.08265452086925507,3.2419080925636647,0.06998416942394164,1.0118489302867424,0.997684699014233,3.899646027346808,0,1,0,0,0,1,0.03084603324532509,0.6998416185379028,1.0,0.6998416185379028
18,200,1,dpga,fpn,0.05296196788549423,0.19937843084335327,0.12477666884660721,0.219516322016716,1.0001497268676758,0.03292744979262352,4.556151987602613,0.09766518915604364,1.012186336965165,0.9954486797199297,5.468537375977659,0,1,0,0,0,1,0.032922521233558655,0.6511012315750122,1.0,0.6511012315750122
18,200,1,dpga,rpn,0.05296196788549423,0.19937843084335327,0.0,0.07636930048465729,0.0,0.0,0.0,0.0,1.0,1.0,0.0,0,0,0,0,0,0,0.0,0.0,1.0,0.0
18,200,1,dpga,roi_shared,0.05296196788549423,0.19937843084335327,-0.07792013883590698,0.4825672209262848,0.6512451767921448,0.1206418126821518,1.3495429207605185,0.10095336911680168,0.9999999990077929,0.9949428460505085,5.7646628445165105,1,1,0,0,1,1,0.18581286072731018,0.4038134515285492,1.0,0.4038134515285492
18,200,1,dpga,roi_cls,0.05296196788549423,0.19937843084335327,0.0,0.0646757036447525,0.0,0.0,0.0,0.0,1.0,1.0,0.0,0,0,0,0,0,0,0.0,0.5,1.0,0.5
18,200,1,dpga,roi_reg,0.05296196788549423,0.19937843084335327,0.027072962373495102,0.1632235050201416,0.21923047304153442,0.008161175064742565,1.3431305314420348,0.02668948112608887,1.0007225635668597,0.9996447763911527,1.5272192801572733,0,1,0,0,0,1,0.037226464599370956,0.5337896347045898,1.0,0.5337896347045898
18,300,1,dpga,backbone,0.21439307928085327,0.5137149095535278,-0.03561105579137802,2.048614025115967,3.0330893993377686,0.20486141741275787,1.480556787248429,0.045560342407165694,0.9999999997093272,0.9989637758196975,2.6085670291761622,1,1,0,0,1,1,0.06758502870798111,0.45560339093208313,1.0,0.45560339093208313
18,300,1,dpga,fpn,0.21439307928085327,0.5137149095535278,-0.08311761170625687,0.5406239628791809,1.0125904083251953,0.08109358698129654,1.8730031923344284,0.059635939185347486,1.0000000005601248,0.9982264474658964,3.4129023837287327,1,1,0,0,1,1,0.08036336302757263,0.39757296442985535,1.0,0.39757296442985535
18,300,1,dpga,rpn,0.21439307928085327,0.5137149095535278,0.0,0.3352643549442291,0.0,0.0,0.0,0.0,1.0,1.0,0.0,0,0,0,0,0,0,0.0,0.0,1.0,0.0
18,300,1,dpga,roi_shared,0.21439307928085327,0.5137149095535278,0.06959519535303116,1.0107426643371582,0.11787811666727066,0.11787811666727066,0.11662525074527724,0.06835717162324421,1.0047573307129005,0.9977048025686713,3.8826724646451476,0,0,0,0,0,0,1.0,0.5861266851425171,1.0,0.5861266851425171
18,300,1,dpga,roi_cls,0.21439307928085327,0.5137149095535278,0.0,0.2247025966644287,0.0,0.0,0.0,0.0,1.0,1.0,0.0,0,0,0,0,0,0,0.0,0.5,1.0,0.5
18,300,1,dpga,roi_reg,0.21439307928085327,0.5137149095535278,0.37514030933380127,0.19283190369606018,0.037217024713754654,0.009641595184803009,0.19300242335633305,0.04335583448410034,1.016264519867686,0.9992189908210473,2.2646128587878604,0,0,0,0,0,1,0.25906410813331604,0.8671166896820068,1.0,0.8671166896820068
18,400,1,dpga,backbone,0.10526372492313385,0.16639456152915955,0.03509301692247391,1.7378336191177368,1.9127459526062012,0.17378336191177368,1.100649643075304,0.05437540411949158,1.0019081971794959,0.9985324490425858,3.104469175190071,0,1,0,0,0,1,0.0908554345369339,0.5437540411949158,1.0,0.5437540411949158
18,400,1,dpga,fpn,0.10526372492313385,0.16639456152915955,-0.10774282366037369,0.49178847670555115,0.7475414276123047,0.07376827299594879,1.5200466522111715,0.055273015423534765,0.9999999995598708,0.9984759965279045,3.1636306861977816,1,1,0,0,1,1,0.09925898909568787,0.36848676204681396,1.0,0.36848676204681396
18,400,1,dpga,rpn,0.10526372492313385,0.16639456152915955,0.0,0.12795870006084442,0.0,0.0,0.0,0.0,1.0,1.0,0.0,0,0,0,0,0,0,0.0,0.0,1.0,0.0
18,400,1,dpga,roi_shared,0.10526372492313385,0.16639456152915955,-0.1504974365234375,0.9878965616226196,0.7184581160545349,0.2469741404056549,0.7272604683171159,0.080069899559021,0.9999999997534232,0.9968097450396305,4.5778952737304515,1,0,0,0,1,1,0.34771615266799927,0.320279598236084,1.0,0.320279598236084
18,400,1,dpga,roi_cls,0.10526372492313385,0.16639456152915955,0.0,0.14770273864269257,0.0,0.0,0.0,0.0,1.0,1.0,0.0,0,0,0,0,0,0,0.0,0.5,1.0,0.5
18,400,1,dpga,roi_reg,0.10526372492313385,0.16639456152915955,-0.03169393166899681,0.22280579805374146,0.23333275318145752,0.011140289716422558,1.0472472225573632,0.023023265215257806,1.000000000158178,0.9997350265588805,1.3190109268825112,1,1,0,0,1,1,0.04776821658015251,0.46046531200408936,1.0,0.46046531200408936
18,500,1,dpga,backbone,0.4313634932041168,0.651287853717804,0.06803099811077118,2.89412260055542,3.2534279823303223,0.289412260055542,1.124150021048157,0.05842281579971313,1.0039745620360123,0.9983189594611166,3.3226728381672213,0,1,0,0,0,1,0.08895609527826309,0.5842281579971313,1.0,0.5842281579971313
18,500,1,dpga,fpn,0.4313634932041168,0.651287853717804,0.06243303418159485,0.7090921401977539,1.085475206375122,0.10636381059885025,1.5307957102336536,0.08661204323157744,1.00540745233296,0.9963242347316065,4.9141073021769515,0,1,0,0,0,1,0.09798825532197952,0.5774136781692505,1.0,0.5774136781692505
18,500,1,dpga,rpn,0.4313634932041168,0.651287853717804,0.0,0.4758910536766052,0.0,0.0,0.0,0.0,1.0,1.0,0.0,0,0,0,0,0,0,0.0,0.0,1.0,0.0
18,500,1,dpga,roi_shared,0.4313634932041168,0.651287853717804,-0.033373065292835236,1.3234071731567383,1.092332363128662,0.3308517634868622,0.8253940172646256,0.11459503035653627,1.0000000002201814,0.9934979681715311,6.537290332659281,1,0,0,0,1,1,0.30305442214012146,0.45838016271591187,1.0,0.45838016271591187
18,500,1,dpga,roi_cls,0.4313634932041168,0.651287853717804,0.0,0.19201134145259857,0.0,0.0,0.0,0.0,1.0,1.0,0.0,0,0,0,0,0,0,0.0,0.5,1.0,0.5
18,500,1,dpga,roi_reg,0.4313634932041168,0.651287853717804,-0.2319381982088089,0.25354859232902527,0.2898320257663727,0.012677430175244808,1.143102484238063,0.011936172624041896,0.9999999997163048,0.9999287750218067,0.6838429444787404,1,1,0,0,1,1,0.04496683552861214,0.23872344195842743,1.0,0.23872344195842743
18,600,1,dpga,backbone,0.1638411581516266,1.1048705577850342,-0.11331107467412949,3.1215431690216064,10.72123908996582,0.3121543526649475,3.434595810291551,0.03620320675296338,1.0000000016695745,0.9993451038764254,2.073707719975729,1,1,0,0,1,1,0.02930424176156521,0.362032026052475,1.0,0.362032026052475
18,600,1,dpga,fpn,0.1638411581516266,1.1048705577850342,0.061840225011110306,0.6289482116699219,3.501685619354248,0.09434223920106888,5.567526156178923,0.08650354532086961,1.0053493987069013,0.9963327384974551,4.908416212374996,0,1,0,0,0,1,0.026941949501633644,0.5766902565956116,1.0,0.5766902565956116
18,600,1,dpga,rpn,0.1638411581516266,1.1048705577850342,0.0,0.2235291302204132,0.0,0.0,0.0,0.0,1.0,1.0,0.0,0,0,0,0,0,0,0.0,0.0,1.0,0.0
18,600,1,dpga,roi_shared,0.1638411581516266,1.1048705577850342,0.015597031451761723,1.112291932106018,10.535835266113281,0.2780729830265045,9.472185279780541,0.12987159192562103,1.0020256109410972,0.991707078971036,7.384005020281061,0,1,0,0,0,1,0.026393065229058266,0.5194863677024841,1.0,0.5194863677024841
18,600,1,dpga,roi_cls,0.1638411581516266,1.1048705577850342,0.0,0.21673431992530823,0.0,0.0,0.0,0.0,1.0,1.0,0.0,0,0,0,0,0,0,0.0,0.5,1.0,0.5
18,600,1,dpga,roi_reg,0.1638411581516266,1.1048705577850342,0.21826738119125366,0.11532536149024963,3.9400150775909424,0.005766268353909254,34.164341881764294,0.037431671048930734,1.008170113371238,0.9993442247021411,2.0750993438867438,0,1,0,0,0,1,0.0014635142870247364,0.7486333847045898,1.0,0.7486333847045898
18,700,1,dpga,backbone,0.12038793414831161,0.12410332262516022,-0.035494036972522736,1.2230104207992554,4.375329494476318,0.12230104953050613,3.577507942750787,0.04557485858086399,0.9999999998536816,0.9989629021150394,2.6096667095940442,1,1,0,0,1,1,0.027970043942332268,0.4557485580444336,1.0,0.4557485580444336
18,700,1,dpga,fpn,0.12038793414831161,0.12410332262516022,-0.015018483623862267,0.33324798941612244,1.5579891204833984,0.049987196922302246,4.675164351968401,0.07218535029280666,0.9999999999297983,0.9974047017048288,4.128813277433552,1,1,0,0,1,1,0.03208805248141289,0.48123568296432495,1.0,0.48123568296432495
18,700,1,dpga,rpn,0.12038793414831161,0.12410332262516022,0.0,0.07862841337919235,0.0,0.0,0.0,0.0,1.0,1.0,0.0,0,0,0,0,0,0,0.0,0.0,1.0,0.0
18,700,1,dpga,roi_shared,0.12038793414831161,0.12410332262516022,-0.09824424237012863,0.7395250201225281,0.5928742289543152,0.18488125503063202,0.8016959708220351,0.09490148723125458,0.9999999992159405,0.9955270495881534,5.421215687475837,1,0,0,0,1,1,0.31335482001304626,0.3796059489250183,1.0,0.3796059489250183
18,700,1,dpga,roi_cls,0.12038793414831161,0.12410332262516022,0.0,0.14387241005897522,0.0,0.0,0.0,0.0,1.0,1.0,0.0,0,0,0,0,0,0,0.0,0.5,1.0,0.5
18,700,1,dpga,roi_reg,0.12038793414831161,0.12410332262516022,-0.3602864444255829,0.09830983728170395,0.19479139149188995,0.004915492609143257,1.9814028471405252,0.007083841741923615,1.0000000002593548,0.999974915482655,0.40582744388302633,1,1,0,0,1,1,0.027051372453570366,0.14167681336402893,1.0,0.14167681336402893
19,0,1,dpga,backbone,0.5301984548568726,0.3672020733356476,0.04403124749660492,3.240062713623047,1.1845887899398804,0.3240062892436981,0.3656067473506616,0.055481782637299526,1.0024429316894843,0.9984747649882145,3.1649090102325266,0,0,0,0,0,1,0.2735179364681244,0.554817795753479,1.0,0.554817795753479
19,0,1,dpga,fpn,0.5301984548568726,0.3672020733356476,0.04253552109003067,1.0064889192581177,0.5275360941886902,0.1509733647108078,0.524135024335426,0.08294549567891199,1.0035281304987655,0.9966076253788289,4.720765019639642,0,0,0,0,0,1,0.2861858308315277,0.5529698729515076,1.0,0.5529698729515076
19,0,1,dpga,rpn,0.5301984548568726,0.3672020733356476,0.0,0.9284759759902954,0.0,0.0,0.0,0.0,1.0,1.0,0.0,0,0,0,0,0,0,0.0,0.0,1.0,0.0
19,0,1,dpga,roi_shared,0.5301984548568726,0.3672020733356476,0.014548898674547672,1.8190613985061646,0.381986141204834,0.381986141204834,0.2099907905904252,0.10881263001,1.0015831039285266,0.9941516226669358,6.199650539755757,0,0,0,0,0,0,1.0,0.5181781053543091,1.0,0.5181781053543091
19,0,1,dpga,roi_cls,0.5301984548568726,0.3672020733356476,0.0,0.3194347321987152,0.0,0.0,0.0,0.0,1.0,1.0,0.0,0,0,0,0,0,0,0.0,0.5,1.0,0.5
19,0,1,dpga,roi_reg,0.5301984548568726,0.3672020733356476,0.12024367600679398,0.2810226380825043,0.11787208914756775,0.014051132835447788,0.4194398357080477,0.032296752090115,1.0038834797131364,0.9994903902498166,1.829257901550292,0,0,0,0,0,1,0.11920660734176636,0.6459349989891052,1.0,0.6459349989891052
19,100,1,dpga,backbone,0.05176321417093277,0.2771260142326355,0.01818942278623581,1.1106679439544678,3.2800538539886475,0.1110668033361435,2.953226364227466,0.05227212134572954,1.0009507996177265,0.9986395661695009,2.9889977619795625,0,1,0,0,0,1,0.033861272037029266,0.5227211713790894,1.0,0.5227211713790894
19,100,1,dpga,fpn,0.05176321417093277,0.2771260142326355,0.05326858162879944,0.3114220201969147,1.3890407085418701,0.04671330004930496,4.460316286123789,0.08492921943040178,1.0045240593742846,0.9964550308412272,4.8258324679111935,0,1,0,0,0,1,0.033629901707172394,0.5661948323249817,1.0,0.5661948323249817
19,100,1,dpga,rpn,0.05176321417093277,0.2771260142326355,0.0,0.1967039853334427,0.0,0.0,0.0,0.0,1.0,1.0,0.0,0,0,0,0,0,0,0.0,0.0,1.0,0.0
19,100,1,dpga,roi_shared,0.05176321417093277,0.2771260142326355,0.02801307663321495,0.4646635949611664,0.6987257599830627,0.116165891289711,1.5037239145912815,0.13373979068336797,1.003746463503543,0.9912467218661908,7.586479623755316,0,1,0,0,0,1,0.166253924369812,0.5349591970443726,1.0,0.5349591970443726
19,100,1,dpga,roi_cls,0.05176321417093277,0.2771260142326355,0.0,0.1655828058719635,0.0,0.0,0.0,0.0,1.0,1.0,0.0,0,0,0,0,0,0,0.0,0.5,1.0,0.5
19,100,1,dpga,roi_reg,0.05176321417093277,0.2771260142326355,0.3032251298427582,0.059104736894369125,0.248031884431839,0.0029552369378507137,4.196480645453459,0.040998364786908284,1.012431732042158,0.9992563273406077,2.209812653030578,0,1,0,0,0,1,0.011914745904505253,0.8199672698974609,1.0,0.8199672698974609
19,200,1,dpga,backbone,0.16219580173492432,1.5001657009124756,0.020982341840863228,2.251631259918213,13.47231674194336,0.22516316175460815,5.9833583685601885,0.05262040139552286,1.0011040992498843,0.9986221430437574,3.008081340737382,0,1,0,0,0,1,0.01671302318572998,0.5262039303779602,1.0,0.5262039303779602
19,200,1,dpga,fpn,0.16219580173492432,1.5001657009124756,-0.08906237781047821,0.5307309031486511,3.8983771800994873,0.07960963994264603,7.345299014946564,0.05857140154718992,0.9999999990881274,0.9982891306916803,3.3520306869681384,1,1,0,0,1,1,0.02050270326435566,0.3904759883880615,1.0,0.3904759883880615
19,200,1,dpga,rpn,0.16219580173492432,1.5001657009124756,0.0,0.3553479313850403,0.0,0.0,0.0,0.0,1.0,1.0,0.0,0,0,0,0,0,0,0.0,0.0,1.0,0.0
19,200,1,dpga,roi_shared,0.16219580173492432,1.5001657009124756,-0.1257355809211731,0.9094743132591248,10.576183319091797,0.2273685783147812,11.628897226565718,0.08695259690284729,0.9999999999618517,0.9962409946851674,4.969471873632286,1,1,0,0,1,1,0.0216701477766037,0.34781038761138916,1.0,0.34781038761138916
19,200,1,dpga,roi_cls,0.16219580173492432,1.5001657009124756,0.0,0.1480981558561325,0.0,0.0,0.0,0.0,1.0,1.0,0.0,0,0,0,0,0,0,0.0,0.5,1.0,0.5
19,200,1,dpga,roi_reg,0.16219580173492432,1.5001657009124756,-0.42752036452293396,0.14935630559921265,2.987791061401367,0.0074678147211670876,20.004452101399043,0.005274773366935034,0.9999999998680078,0.9999861321396004,0.30174693173178135,1,1,0,0,1,1,0.002764853648841381,0.10549547523260117,1.0,0.10549547523260117
19,300,1,dpga,backbone,0.05874425172805786,0.00010002159251598641,0.0,1.6314047574996948,0.0,0.0,0.0,0.0,1.0,1.0,0.0,0,0,0,0,0,0,0.0,0.5,1.0,0.5
19,300,1,dpga,fpn,0.05874425172805786,0.00010002159251598641,0.0,0.4071328938007355,0.0,0.0,0.0,0.0,1.0,1.0,0.0,0,0,0,0,0,0,0.0,0.5,1.0,0.5
19,300,1,dpga,rpn,0.05874425172805786,0.00010002159251598641,0.0,0.46602821350097656,0.0,0.0,0.0,0.0,1.0,1.0,0.0,0,0,0,0,0,0,0.0,0.0,1.0,0.0
19,300,1,dpga,roi_shared,0.05874425172805786,0.00010002159251598641,0.0,0.3987712562084198,0.0,0.0,0.0,0.0,1.0,1.0,0.0,0,0,0,0,0,0,0.0,0.5,1.0,0.5
19,300,1,dpga,roi_cls,0.05874425172805786,0.00010002159251598641,0.0,0.11338561028242111,0.0,0.0,0.0,0.0,1.0,1.0,0.0,0,0,0,0,0,0,0.0,0.5,1.0,0.5
19,300,1,dpga,roi_reg,0.05874425172805786,0.00010002159251598641,0.0,0.007264534942805767,0.0,0.0,0.0,0.0,1.0,1.0,0.0,0,0,0,0,0,0,0.0,0.5,1.0,0.5
19,400,1,dpga,backbone,0.0038933083415031433,0.0,0.0,0.3032437562942505,0.0,0.0,0.0,0.0,1.0,1.0,0.0,0,0,0,0,0,0,0.0,0.5,1.0,0.5
19,400,1,dpga,fpn,0.0038933083415031433,0.0,0.0,0.08105901628732681,0.0,0.0,0.0,0.0,1.0,1.0,0.0,0,0,0,0,0,0,0.0,0.5,1.0,0.5
19,400,1,dpga,rpn,0.0038933083415031433,0.0,0.0,0.0770772248506546,0.0,0.0,0.0,0.0,1.0,1.0,0.0,0,0,0,0,0,0,0.0,0.0,1.0,0.0
19,400,1,dpga,roi_shared,0.0038933083415031433,0.0,0.0,0.07974325865507126,0.0,0.0,0.0,0.0,1.0,1.0,0.0,0,0,0,0,0,0,0.0,0.5,1.0,0.5
19,400,1,dpga,roi_cls,0.0038933083415031433,0.0,0.0,0.026667429134249687,0.0,0.0,0.0,0.0,1.0,1.0,0.0,0,0,0,0,0,0,0.0,0.5,1.0,0.5
19,400,1,dpga,roi_reg,0.0038933083415031433,0.0,0.0,0.0,0.0,0.0,0.0,0.0,0.0,0.0,90.0,0,0,0,1,0,0,0.0,0.0,1.0,0.0
19,500,1,dpga,backbone,0.40462493896484375,0.46063554286956787,-0.07191593199968338,3.232996702194214,1.9728901386260986,0.3232996463775635,0.6102357411274534,0.04110612864147178,0.9999999997310236,0.9991563274831086,2.3537217441970655,1,0,0,0,1,1,0.16429652273654938,0.4110613167285919,1.0,0.4110613167285919
19,500,1,dpga,fpn,0.40462493896484375,0.46063554286956787,-0.05556320771574974,1.0419244766235352,0.7612176537513733,0.15628868341445923,0.7305881288230971,0.06464839474734448,1.0000000002286489,0.9979168907239755,3.698870066202827,1,0,0,0,1,1,0.20563171803951263,0.43098926544189453,1.0,0.43098926544189453
19,500,1,dpga,rpn,0.40462493896484375,0.46063554286956787,0.0,0.44339749217033386,0.0,0.0,0.0,0.0,1.0,1.0,0.0,0,0,0,0,0,0,0.0,0.0,1.0,0.0
19,500,1,dpga,roi_shared,0.40462493896484375,0.46063554286956787,-0.008662081323564053,1.823080062866211,0.11074385792016983,0.11073969304561615,0.06074547145563124,0.029713993662165126,0.9999999999673214,0.9995588846180576,1.701882987977957,1,0,0,0,1,0,1.0,0.48917409777641296,1.0,0.48917409777641296
19,500,1,dpga,roi_cls,0.40462493896484375,0.46063554286956787,0.0,0.4053448736667633,0.0,0.0,0.0,0.0,1.0,1.0,0.0,0,0,0,0,0,0,0.0,0.5,1.0,0.5
19,500,1,dpga,roi_reg,0.40462493896484375,0.46063554286956787,0.02646598592400551,0.2938501834869385,0.03708463907241821,0.014692508615553379,0.12620253842402862,0.02665171223843503,1.000705363989881,0.9996457976956309,1.5250221136355722,0,0,0,0,0,1,0.39618855714797974,0.5330342650413513,1.0,0.5330342650413513
19,600,1,dpga,backbone,0.06342059373855591,1.5771602392196655,0.08625572919845581,0.8752504587173462,17.01091194152832,0.08752503991127014,19.43547903586056,0.06061788980616517,1.005228640739341,0.9982003742333838,3.43790509570627,0,1,0,0,0,1,0.005145229399204254,0.6061789393424988,1.0,0.6061789393424988
19,600,1,dpga,fpn,0.06342059373855591,1.5771602392196655,-0.025238191708922386,0.24153928458690643,6.18966007232666,0.036230895668268204,25.625893870276844,0.0702741188991624,0.9999999999368936,0.9975399094057172,4.019779715575476,1,1,0,0,1,1,0.005855319555848837,0.46849408745765686,1.0,0.46849408745765686
19,600,1,dpga,rpn,0.06342059373855591,1.5771602392196655,0.0,0.15983857214450836,0.0,0.0,0.0,0.0,1.0,1.0,0.0,0,0,0,0,0,0,0.0,0.0,1.0,0.0
19,600,1,dpga,roi_shared,0.06342059373855591,1.5771602392196655,-0.11943552643060684,0.46623483300209045,19.399169921875,0.11655870825052261,41.608152263020685,0.08874741196632385,1.000000000745143,0.9960849972209003,5.071605428947312,1,1,0,0,1,1,0.0060517569072544575,0.3549896478652954,1.0,0.3549896478652954
19,600,1,dpga,roi_cls,0.06342059373855591,1.5771602392196655,0.0,0.07309314608573914,0.0,0.0,0.0,0.0,1.0,1.0,0.0,0,0,0,0,0,0,0.0,0.5,1.0,0.5
19,600,1,dpga,roi_reg,0.06342059373855591,1.5771602392196655,-0.2976647615432739,0.05319894105195999,5.8938117027282715,0.002659947145730257,110.78813950397472,0.009208672071059755,1.0000000001285452,0.9999576364065066,0.5273944551632577,1,1,0,0,1,1,0.00047274096868932247,0.18417343497276306,1.0,0.18417343497276306
19,700,1,dpga,backbone,0.44108861684799194,1.4390894174575806,-0.22854840755462646,3.473660469055176,5.432858467102051,0.347366064786911,1.5640153997491213,0.024181727819702695,0.9999999992674246,0.9997079006485027,1.3848843216557285,1,1,0,0,1,1,0.06567627936601639,0.24181726574897766,1.0,0.24181726574897766
19,700,1,dpga,fpn,0.44108861684799194,1.4390894174575806,-0.1645708680152893,0.8288248777389526,2.005537748336792,0.12432372570037842,2.4197364270820763,0.045773709606041844,0.999999998909306,0.9989540887038387,2.6207338432369873,1,1,0,0,1,1,0.06284713000059128,0.3051580786705017,1.0,0.3051580786705017
19,700,1,dpga,rpn,0.44108861684799194,1.4390894174575806,0.0,0.34414586424827576,0.0,0.0,0.0,0.0,1.0,1.0,0.0,0,0,0,0,0,0,0.0,0.0,1.0,0.0
19,700,1,dpga,roi_shared,0.44108861684799194,1.4390894174575806,-0.01909938082098961,1.6163073778152466,5.961384296417236,0.40407687425613403,3.688273887900707,0.11903598292432628,0.9999999998538375,0.992989675627092,6.788295290259315,1,1,0,0,1,1,0.06779474765062332,0.47614389657974243,1.0,0.47614389657974243
19,700,1,dpga,roi_cls,0.44108861684799194,1.4390894174575806,0.0,0.2504049241542816,0.0,0.0,0.0,0.0,1.0,1.0,0.0,0,0,0,0,0,0,0.0,0.5,1.0,0.5
19,700,1,dpga,roi_reg,0.44108861684799194,1.4390894174575806,-0.08756967633962631,0.19917519390583038,2.035067558288574,0.009958760812878609,10.217474969552432,0.019612690027122136,0.9999999999010788,0.9998077640023677,1.1234712047403763,1,1,0,0,1,1,0.004912449512630701,0.3922537565231323,1.0,0.3922537565231323
20,0,1,dpga,backbone,0.17752313613891602,1.1421561241149902,-0.1751406341791153,1.3667106628417969,10.228257179260254,0.1366710662841797,7.483849696462215,0.029406896233558653,0.9999999996815576,0.9995678196450999,1.6845572824218855,1,1,0,0,1,1,0.013571882620453835,0.29406896233558655,1.0,0.29406896233558655
20,0,1,dpga,fpn,0.17752313613891602,1.1421561241149902,-0.07144521176815033,0.38178107142448425,3.7917137145996094,0.05726716294884682,9.931644071436383,0.06174468639087657,1.000000000066781,0.9980992366525633,3.533218287045368,1,1,0,0,1,1,0.015141936019062996,0.4116312265396118,1.0,0.4116312265396118
20,0,1,dpga,rpn,0.17752313613891602,1.1421561241149902,0.0,0.1197550892829895,0.0,0.0,0.0,0.0,1.0,1.0,0.0,0,0,0,0,0,0,0.0,0.0,1.0,0.0
20,0,1,dpga,roi_shared,0.17752313613891602,1.1421561241149902,-0.009192632511258125,0.8537735342979431,9.363615989685059,0.21344338357448578,10.967329875579651,0.12212781608104706,0.9999999999600764,0.9926247905929049,6.962930936881265,1,1,0,0,1,1,0.022795937955379486,0.48851126432418823,1.0,0.48851126432418823
20,0,1,dpga,roi_cls,0.17752313613891602,1.1421561241149902,0.0,0.1404159665107727,0.0,0.0,0.0,0.0,1.0,1.0,0.0,0,0,0,0,0,0,0.0,0.5,1.0,0.5
20,0,1,dpga,roi_reg,0.17752313613891602,1.1421561241149902,0.051788464188575745,0.1306845247745514,2.3584957122802734,0.006534225773066282,18.04724558128822,0.028218812719631888,1.0014614088668516,0.9996042384772946,1.6120137375290187,0,1,0,0,0,1,0.0027705058455467224,0.5643762946128845,1.0,0.5643762946128845
20,100,1,dpga,backbone,0.2366466373205185,0.6747880578041077,0.03442592918872833,2.6792635917663574,4.959346294403076,0.2679263651371002,1.8510109679553886,0.054292650238515094,1.0018690753370914,0.9985365168932605,3.1001625559031436,0,1,0,0,0,1,0.054024532437324524,0.5429264903068542,1.0,0.5429264903068542
20,100,1,dpga,fpn,0.2366466373205185,0.6747880578041077,0.03469507768750191,0.6319194436073303,1.5973289012908936,0.09478792548179626,2.527741340213391,0.08148906701533926,1.0028272698143497,0.9967186381752765,4.642837876731662,0,1,0,0,0,1,0.059341516345739365,0.543260395526886,1.0,0.543260395526886
20,100,1,dpga,rpn,0.2366466373205185,0.6747880578041077,0.0,0.31611815094947815,0.0,0.0,0.0,0.0,1.0,1.0,0.0,0,0,0,0,0,0,0.0,0.0,1.0,0.0
20,100,1,dpga,roi_shared,0.2366466373205185,0.6747880578041077,-0.09906274825334549,1.1291395425796509,3.3007428646087646,0.2822849154472351,2.9232373326221777,0.09466064975670752,1.0000000002395504,0.9955496236402633,5.407508319737908,1,1,0,0,1,1,0.08594436943531036,0.37864255905151367,1.0,0.37864255905151367
20,100,1,dpga,roi_cls,0.2366466373205185,0.6747880578041077,0.0,0.22591319680213928,0.0,0.0,0.0,0.0,1.0,1.0,0.0,0,0,0,0,0,0,0.0,0.5,1.0,0.5
20,100,1,dpga,roi_reg,0.2366466373205185,0.6747880578041077,-0.3231017589569092,0.27905920147895813,1.1109670400619507,0.013952960260212421,3.9811159573812542,0.008291260263739057,0.9999999998334455,0.9999657195893588,0.47441878694471656,1,1,0,0,1,1,0.013271099887788296,0.16582520306110382,1.0,0.16582520306110382
20,200,1,dpga,backbone,0.060488518327474594,0.17922906577587128,0.26919952034950256,1.3876075744628906,3.560741901397705,0.1387607604265213,2.5661015166885224,0.07934745720574027,1.0213602997854765,0.997212785723064,4.278817205116808,0,1,0,0,0,1,0.03896962106227875,0.793474555015564,1.0,0.793474555015564
20,200,1,dpga,fpn,0.060488518327474594,0.17922906577587128,0.030667703598737717,0.35551729798316956,1.3477470874786377,0.053327593952417374,3.790946587196556,0.08073895162789653,1.002476078087009,0.9967753515776714,4.602518987183547,0,1,0,0,0,1,0.03956795483827591,0.5382596850395203,1.0,0.5382596850395203
20,200,1,dpga,rpn,0.060488518327474594,0.17922906577587128,0.0,0.10429638624191284,0.0,0.0,0.0,0.0,1.0,1.0,0.0,0,0,0,0,0,0,0.0,0.0,1.0,0.0
20,200,1,dpga,roi_shared,0.060488518327474594,0.17922906577587128,-0.18731147050857544,0.6995282769203186,1.5181981325149536,0.17488208413124084,2.1703170302119004,0.07039907429444292,0.999999999971116,0.9975311900937719,4.026900006379472,1,1,0,0,1,1,0.11726609617471695,0.28159627318382263,1.0,0.28159627318382263
20,200,1,dpga,roi_cls,0.060488518327474594,0.17922906577587128,0.0,0.0953747034072876,0.0,0.0,0.0,0.0,1.0,1.0,0.0,0,0,0,0,0,0,0.0,0.5,1.0,0.5
20,200,1,dpga,roi_reg,0.060488518327474594,0.17922906577587128,-0.46711742877960205,0.15127944946289062,0.3783488869667053,0.0075639719143509865,2.5009932830269563,0.004410911025583299,1.0000000001823064,0.9999901501898104,0.25430325408547544,1,1,0,0,1,1,0.02261045016348362,0.08821822702884674,1.0,0.08821822702884674
20,300,1,dpga,backbone,0.08160029351711273,0.12196173518896103,0.1476060301065445,1.3281900882720947,2.6020572185516357,0.1328190118074417,1.9591000125115938,0.0676564947050471,1.0099865045780159,0.997812327735193,3.7906000757795995,0,1,0,0,0,1,0.05104384571313858,0.6765649318695068,1.0,0.6765649318695068
20,300,1,dpga,fpn,0.08160029351711273,0.12196173518896103,0.09268224984407425,0.36567142605781555,0.9193982481956482,0.05485071614384651,2.51427424370392,0.09207346218515741,1.0085335763122545,0.995893896547409,5.193992170710588,0,1,0,0,0,1,0.05965936556458473,0.6138230562210083,1.0,0.6138230562210083
20,300,1,dpga,rpn,0.08160029351711273,0.12196173518896103,0.0,0.32109785079956055,0.0,0.0,0.0,0.0,1.0,1.0,0.0,0,0,0,0,0,0,0.0,0.0,1.0,0.0
20,300,1,dpga,roi_shared,0.08160029351711273,0.12196173518896103,-0.03560794144868851,0.6614633202552795,1.1733161211013794,0.16536584496498108,1.7738188727510389,0.1139018265722229,1.0000000001685183,0.9935756758518225,6.498066200287535,1,1,0,0,1,1,0.1410282999277115,0.45560726523399353,1.0,0.45560726523399353
20,300,1,dpga,roi_cls,0.08160029351711273,0.12196173518896103,0.0,0.1020464077591896,0.0,0.0,0.0,0.0,1.0,1.0,0.0,0,0,0,0,0,0,0.0,0.5,1.0,0.5
20,300,1,dpga,roi_reg,0.08160029351711273,0.12196173518896103,0.038767438381910324,0.08281873911619186,0.47861480712890625,0.004140937235206366,5.779064161522986,0.027415408553717813,1.0010628252639515,0.999625762560566,1.5675622337941428,0,1,0,0,0,1,0.008651920594274998,0.5483081340789795,1.0,0.5483081340789795
20,400,1,dpga,backbone,0.09926789999008179,1.1044893264770508,0.021147802472114563,1.4602552652359009,11.943289756774902,0.14602555334568024,8.178905456537075,0.05264102591403395,1.0011132418218565,0.9986209102135407,3.0094270816094713,0,1,0,0,0,1,0.012226575054228306,0.5264101624488831,1.0,0.5264101624488831
20,400,1,dpga,fpn,0.09926789999008179,1.1044893264770508,0.03864505887031555,0.3021515905857086,3.9438414573669434,0.04532274231314659,13.052525885175605,0.08222349067843449,1.0031775316377909,0.9966628907242169,4.682132420390115,0,1,0,0,0,1,0.011492028832435608,0.5481565594673157,1.0,0.5481565594673157
20,400,1,dpga,rpn,0.09926789999008179,1.1044893264770508,0.0,0.12341509014368057,0.0,0.0,0.0,0.0,1.0,1.0,0.0,0,0,0,0,0,0,0.0,0.0,1.0,0.0
20,400,1,dpga,roi_shared,0.09926789999008179,1.1044893264770508,0.00837165117263794,0.6577726602554321,9.843841552734375,0.16444316506385803,14.96541608906598,0.12761574983596802,1.00106835442291,0.9919728084497071,7.264577909315692,0,1,0,0,0,1,0.016705181449651718,0.5104629993438721,1.0,0.5104629993438721
20,400,1,dpga,roi_cls,0.09926789999008179,1.1044893264770508,0.0,0.0915997177362442,0.0,0.0,0.0,0.0,1.0,1.0,0.0,0,0,0,0,0,0,0.0,0.5,1.0,0.5
20,400,1,dpga,roi_reg,0.09926789999008179,1.1044893264770508,-0.10356748849153519,0.18456710875034332,3.3291831016540527,0.009228355251252651,18.037791913169684,0.018667900185494708,1.0000000000099682,0.9998257219361016,1.069708141160867,1,1,0,0,1,1,0.002786944853141904,0.37335801124572754,1.0,0.37335801124572754
20,500,1,dpga,backbone,0.09133973717689514,3.0368967056274414,-0.2058923989534378,1.5525805950164795,28.632347106933594,0.15525805950164795,18.44177828760618,0.026318842172622682,1.0000000007761456,0.999653759869114,1.5077830732889586,1,1,0,0,1,1,0.005541191902011633,0.2631884217262268,1.0,0.2631884217262268
20,500,1,dpga,fpn,0.09133973717689514,3.0368967056274414,-0.07940838485956192,0.33033379912376404,8.778223037719727,0.049550071358680725,26.573796145004362,0.0603034946576079,0.9999999997726708,0.99818664802526,3.450995033351319,1,1,0,0,1,1,0.005662539508193731,0.4020232856273651,1.0,0.4020232856273651
20,500,1,dpga,rpn,0.09133973717689514,3.0368967056274414,0.0,0.1616007685661316,0.0,0.0,0.0,0.0,1.0,1.0,0.0,0,0,0,0,0,0,0.0,0.0,1.0,0.0
20,500,1,dpga,roi_shared,0.09133973717689514,3.0368967056274414,-0.057343434542417526,0.6419076323509216,28.00078773498535,0.1604769080877304,43.62121016139862,0.10720193386077881,1.0000000007297467,0.9943029030361424,6.118864504422945,1,1,0,0,1,1,0.005740602966398001,0.42880773544311523,1.0,0.42880773544311523
20,500,1,dpga,roi_cls,0.09133973717689514,3.0368967056274414,0.0,0.13174571096897125,0.0,0.0,0.0,0.0,1.0,1.0,0.0,0,0,0,0,0,0,0.0,0.5,1.0,0.5
20,500,1,dpga,roi_reg,0.09133973717689514,3.0368967056274414,0.09411215037107468,0.0885818600654602,8.173035621643066,0.004429093096405268,92.26534208700696,0.030775824836321294,1.0028963792840875,0.9995336502389808,1.7498885470433156,0,1,0,0,0,1,0.0005419153021648526,0.6155164837837219,1.0,0.6155164837837219
20,600,1,dpga,backbone,0.3703444302082062,0.9092305898666382,0.18586187064647675,3.4960098266601562,5.023275375366211,0.34960097074508667,1.4368596269550815,0.07169351333293426,1.0133250905012774,0.9975922231481311,3.9767924582598306,0,1,0,0,0,1,0.06959622353315353,0.7169351577758789,1.0,0.7169351577758789
20,600,1,dpga,fpn,0.3703444302082062,0.9092305898666382,0.10251682251691818,0.7495922446250916,1.5101600885391235,0.11243885010480881,2.0146420929080313,0.09381181822572206,1.0096172881211307,0.9957556496120697,5.2807665985522165,0,1,0,0,0,1,0.07445491850376129,0.6254120469093323,1.0,0.6254120469093323
20,600,1,dpga,rpn,0.3703444302082062,0.9092305898666382,0.0,0.39120957255363464,0.0,0.0,0.0,0.0,1.0,1.0,0.0,0,0,0,0,0,0,0.0,0.0,1.0,0.0
20,600,1,dpga,roi_shared,0.3703444302082062,0.9092305898666382,0.03307478874921799,1.3083827495574951,3.384755849838257,0.3270956873893738,2.586976823856021,0.13531237840652466,1.00447542833095,0.9910578954905961,7.667992127123086,0,1,0,0,0,1,0.09663789719343185,0.5412495136260986,1.0,0.5412495136260986
20,600,1,dpga,roi_cls,0.3703444302082062,0.9092305898666382,0.0,0.1751188188791275,0.0,0.0,0.0,0.0,1.0,1.0,0.0,0,0,0,0,0,0,0.0,0.5,1.0,0.5
20,600,1,dpga,roi_reg,0.3703444302082062,0.9092305898666382,0.3709908723831177,0.21048232913017273,1.208214521408081,0.010524116456508636,5.740218318568972,0.04323538839817047,1.0160399331711452,0.999220131201503,2.262958717118669,0,1,0,0,0,1,0.008710470050573349,0.8647077679634094,1.0,0.8647077679634094
20,700,1,dpga,backbone,0.14287936687469482,0.45478492975234985,-0.05163978412747383,2.2365715503692627,6.832568168640137,0.22365717589855194,3.05492939294165,0.04358065534825029,1.0000000001318503,0.9990517335883135,2.495382580089385,1,1,0,0,1,1,0.03277771547436714,0.4358065128326416,1.0,0.4358065128326416
20,700,1,dpga,fpn,0.14287936687469482,0.45478492975234985,-0.0654153823852539,0.6190523505210876,2.494537591934204,0.09285786002874374,4.029606849621725,0.0628428122160101,1.0000000002382547,0.998031223718809,3.595895751673177,1,1,0,0,1,1,0.03730437532067299,0.4189520478248596,1.0,0.4189520478248596
20,700,1,dpga,rpn,0.14287936687469482,0.45478492975234985,0.0,0.2112124115228653,0.0,0.0,0.0,0.0,1.0,1.0,0.0,0,0,0,0,0,0,0.0,0.0,1.0,0.0
20,700,1,dpga,roi_shared,0.14287936687469482,0.45478492975234985,-0.17927861213684082,1.23549222946167,0.18171647191047668,0.17877237498760223,0.14708022242248694,0.04193215979699187,0.9999999995726083,0.9991219650130497,2.4011833500372295,1,0,0,0,1,0,1.0,0.2897922992706299,1.0,0.2897922992706299
20,700,1,dpga,roi_cls,0.14287936687469482,0.45478492975234985,0.0,0.23384635150432587,0.0,0.0,0.0,0.0,1.0,1.0,0.0,0,0,0,0,0,0,0.0,0.5,1.0,0.5
20,700,1,dpga,roi_reg,0.14287936687469482,0.45478492975234985,-0.04063422977924347,0.11790905147790909,0.06987408548593521,0.005895453039556742,0.5926100211146768,0.02246906189771965,1.0000000000349103,0.9997476859821144,1.287115297340738,1,0,0,0,1,1,0.08444226533174515,0.4493812024593353,1.0,0.4493812024593353
21,0,1,dpga,backbone,0.1637895107269287,1.3399031162261963,-0.04507635161280632,2.288907289505005,7.9827446937561035,0.22889074683189392,3.4875788680293986,0.04438918877718046,1.0000000004537208,0.9990162158336348,2.541693365113053,1,1,0,0,1,1,0.02870236150920391,0.44389185309410095,1.0,0.44389185309410095
21,0,1,dpga,fpn,0.1637895107269287,1.3399031162261963,-0.12062617391347885,0.4937005639076233,2.7668254375457764,0.07405508309602737,5.604258207943792,0.05304415566283503,1.0000000008725185,0.9985960696710355,3.036415721158432,1,1,0,0,1,1,0.026962239295244217,0.3536277115345001,1.0,0.3536277115345001
21,0,1,dpga,rpn,0.1637895107269287,1.3399031162261963,0.0,0.15077261626720428,0.0,0.0,0.0,0.0,1.0,1.0,0.0,0,0,0,0,0,0,0.0,0.0,1.0,0.0
21,0,1,dpga,roi_shared,0.1637895107269287,1.3399031162261963,-0.04072093218564987,0.9644697308540344,6.375606536865234,0.2411174476146698,6.610478621469705,0.11231850036717737,1.000000000299584,0.9937512838556904,6.408544977755629,1,1,0,0,1,1,0.037850141525268555,0.4492739737033844,1.0,0.4492739737033844
21,0,1,dpga,roi_cls,0.1637895107269287,1.3399031162261963,0.0,0.13389046490192413,0.0,0.0,0.0,0.0,1.0,1.0,0.0,0,0,0,0,0,0,0.0,0.5,1.0,0.5
21,0,1,dpga,roi_reg,0.1637895107269287,1.3399031162261963,0.0940408855676651,0.13003891706466675,2.2473204135894775,0.006501946598291397,17.281906557803097,0.03077160770645452,1.002893789468322,0.999533630066137,1.7499263969508896,0,1,0,0,0,1,0.002893199445679784,0.61543208360672,1.0,0.61543208360672
21,100,1,dpga,backbone,0.15786394476890564,0.49339890480041504,0.0432245135307312,2.299118757247925,6.959676742553711,0.22991187870502472,3.0271062426042468,0.05538212728763863,1.0023938648913617,0.9984800669498854,3.1594019589210434,0,1,0,0,0,1,0.03303484991192818,0.5538212656974792,1.0,0.5538212656974792
21,100,1,dpga,fpn,0.15786394476890564,0.49339890480041504,0.03212558105587959,0.560882031917572,2.254404067993164,0.08413230627775192,4.019390780420783,0.0810106351418729,1.0026025137256387,0.9967548389562335,4.617142446016313,0,1,0,0,0,1,0.03731909021735191,0.5400708913803101,1.0,0.5400708913803101
21,100,1,dpga,rpn,0.15786394476890564,0.49339890480041504,0.0,0.2750096321105957,0.0,0.0,0.0,0.0,1.0,1.0,0.0,0,0,0,0,0,0,0.0,0.0,1.0,0.0
21,100,1,dpga,roi_shared,0.15786394476890564,0.49339890480041504,0.01741277612745762,1.0161287784576416,3.909045696258545,0.2540321946144104,3.846998312745354,0.13043805956840515,1.0022712884868048,0.9916400085847842,7.41384614166456,0,1,0,0,0,1,0.0649857297539711,0.5217522382736206,1.0,0.5217522382736206
21,100,1,dpga,roi_cls,0.15786394476890564,0.49339890480041504,0.0,0.1862126588821411,0.0,0.0,0.0,0.0,1.0,1.0,0.0,0,0,0,0,0,0,0.0,0.5,1.0,0.5
21,100,1,dpga,roi_reg,0.15786394476890564,0.49339890480041504,0.0026042615063488483,0.14553269743919373,1.2882702350616455,0.007276635617017746,8.852101677012541,0.025162764979915212,1.0000655304612411,0.999683530159542,1.4415019970196088,0,1,0,0,0,1,0.005648376420140266,0.5032552480697632,1.0,0.5032552480697632
21,200,1,dpga,backbone,0.2433842271566391,2.0249218940734863,-0.08115537464618683,3.1353609561920166,6.250127792358398,0.3135361075401306,1.993431658965784,0.03999251875344696,0.9999999999899359,0.999201134904155,2.290357464261756,1,1,0,0,1,1,0.05033077299594879,0.399925172328949,1.0,0.399925172328949
21,200,1,dpga,fpn,0.2433842271566391,2.0249218940734863,-0.03036528080701828,0.7760325074195862,2.267512321472168,0.11640489101409912,2.9219295580953886,0.06931743168064296,0.9999999996083487,0.9976060665588042,3.96533920048876,1,1,0,0,1,1,0.0513596273958683,0.46211615204811096,1.0,0.46211615204811096
21,200,1,dpga,rpn,0.2433842271566391,2.0249218940734863,0.0,0.49993807077407837,0.0,0.0,0.0,0.0,1.0,1.0,0.0,0,0,0,0,0,0,0.0,0.0,1.0,0.0
21,200,1,dpga,roi_shared,0.2433842271566391,2.0249218940734863,-0.07101461291313171,1.6054143905639648,7.008674621582031,0.4013535678386688,4.365648310353041,0.10303818414429672,1.0000000009511782,0.9947333885740689,5.8829351102386855,1,1,0,0,1,1,0.05741020664572716,0.4121527671813965,1.0,0.4121527671813965
21,200,1,dpga,roi_cls,0.2433842271566391,2.0249218940734863,0.0,0.2717050015926361,0.0,0.0,0.0,0.0,1.0,1.0,0.0,0,0,0,0,0,0,0.0,0.5,1.0,0.5
21,200,1,dpga,roi_reg,0.2433842271566391,2.0249218940734863,-0.009700017049908638,0.2739814221858978,2.65606951713562,0.013699071481823921,9.69434166720057,0.024393867619594545,1.0000000000295557,0.9997025889521967,1.397419962638808,1,1,0,0,1,1,0.005157891195267439,0.48787733912467957,1.0,0.48787733912467957
21,300,1,dpga,backbone,0.047382377088069916,1.2276464700698853,-0.06214718520641327,0.7534238696098328,11.325389862060547,0.07534238696098328,15.031896809860166,0.04229350984096527,0.9999999999186839,0.9991068361389981,2.4217847015768084,1,1,0,0,1,1,0.006665404420346022,0.4229350984096527,1.0,0.4229350984096527
21,300,1,dpga,fpn,0.047382377088069916,1.2276464700698853,0.0030989337246865034,0.2173434942960739,4.674752712249756,0.03260152414441109,21.508592780245,0.07558103799819946,1.0002342201700622,0.9971572249415133,4.3212741093551985,0,1,0,0,0,1,0.006973957177251577,0.5038735866546631,1.0,0.5038735866546631
21,300,1,dpga,rpn,0.047382377088069916,1.2276464700698853,0.0,0.1672981083393097,0.0,0.0,0.0,0.0,1.0,1.0,0.0,0,0,0,0,0,0,0.0,0.0,1.0,0.0
21,300,1,dpga,roi_shared,0.047382377088069916,1.2276464700698853,-0.02542976103723049,0.36269110441207886,12.61386775970459,0.09067278355360031,34.77854186733261,0.11706391193761666,0.9999999999065173,0.9932176597810859,6.676874031456175,1,1,0,0,1,1,0.007190666161477566,0.4682556092739105,1.0,0.4682556092739105
21,300,1,dpga,roi_cls,0.047382377088069916,1.2276464700698853,0.0,0.07452823966741562,0.0,0.0,0.0,0.0,1.0,1.0,0.0,0,0,0,0,0,0,0.0,0.5,1.0,0.5
21,300,1,dpga,roi_reg,0.047382377088069916,1.2276464700698853,-0.15316328406333923,0.06911523640155792,3.4455718994140625,0.003455761820077896,49.85256621847272,0.01586923897266388,0.9999999996827527,0.9998741058419116,0.9091697460997739,1,1,0,0,1,1,0.001014932757243514,0.3173847794532776,1.0,0.3173847794532776
21,400,1,dpga,backbone,0.28793007135391235,0.4101535677909851,0.030143016949295998,2.6377649307250977,2.8322081565856934,0.2637765109539032,1.0737151455748353,0.053760764667006675,1.0016205119409765,0.9985639656652786,3.07094492387103,0,1,0,0,0,1,0.0931345745921135,0.5376076102256775,1.0,0.5376076102256775
21,400,1,dpga,fpn,0.28793007135391235,0.4101535677909851,-0.003121951362118125,0.6861746907234192,0.9352726340293884,0.10292620211839676,1.3630240909109466,0.07441464256794711,0.9999999999807144,0.9972427069927897,4.255777657135839,1,1,0,0,1,1,0.11004994809627533,0.4960976243019104,1.0,0.4960976243019104
21,400,1,dpga,rpn,0.28793007135391235,0.4101535677909851,0.0,0.5698533058166504,0.0,0.0,0.0,0.0,1.0,1.0,0.0,0,0,0,0,0,0,0.0,0.0,1.0,0.0
21,400,1,dpga,roi_shared,0.28793007135391235,0.4101535677909851,0.08071532100439072,1.3763540983200073,2.3716657161712646,0.34408852458000183,1.7231508367404473,0.14988666772842407,1.0120981504999782,0.989280268734963,8.396886908002472,0,1,0,0,0,1,0.14508305490016937,0.5995466709136963,1.0,0.5995466709136963
21,400,1,dpga,roi_cls,0.28793007135391235,0.4101535677909851,0.0,0.16426077485084534,0.0,0.0,0.0,0.0,1.0,1.0,0.0,0,0,0,0,0,0,0.0,0.5,1.0,0.5
21,400,1,dpga,roi_reg,0.28793007135391235,0.4101535677909851,0.1395799070596695,0.2571912407875061,0.7179526090621948,0.012859562411904335,2.7915126769631096,0.03338609732546206,1.004660028361773,0.9994591937277998,1.884421560458901,0,1,0,0,0,1,0.017911436036229134,0.6677219271659851,1.0,0.6677219271659851
21,500,1,dpga,backbone,0.011554084718227386,-0.0,0.0,0.4850876033306122,0.0,0.0,0.0,0.0,1.0,1.0,0.0,0,0,0,0,0,0,0.0,0.5,1.0,0.5
21,500,1,dpga,fpn,0.011554084718227386,-0.0,0.0,0.13413026928901672,0.0,0.0,0.0,0.0,1.0,1.0,0.0,0,0,0,0,0,0,0.0,0.5,1.0,0.5
21,500,1,dpga,rpn,0.011554084718227386,-0.0,0.0,0.03755456581711769,0.0,0.0,0.0,0.0,1.0,1.0,0.0,0,0,0,0,0,0,0.0,0.0,1.0,0.0
21,500,1,dpga,roi_shared,0.011554084718227386,-0.0,0.0,0.24387238919734955,0.0,0.0,0.0,0.0,1.0,1.0,0.0,0,0,0,0,0,0,0.0,0.5,1.0,0.5
21,500,1,dpga,roi_cls,0.011554084718227386,-0.0,0.0,0.08313470333814621,0.0,0.0,0.0,0.0,1.0,1.0,0.0,0,0,0,0,0,0,0.0,0.5,1.0,0.5
21,500,1,dpga,roi_reg,0.011554084718227386,-0.0,0.0,0.0,0.0,0.0,0.0,0.0,0.0,0.0,90.0,0,0,0,1,0,0,0.0,0.0,1.0,0.0
21,600,1,dpga,backbone,0.18967857956886292,1.1155513525009155,-0.07694640010595322,3.3484809398651123,9.379243850708008,0.3348480463027954,2.8010444195886133,0.04049860258358901,1.0000000000798928,0.999181064927454,2.3189533306132555,1,1,0,0,1,1,0.03580712527036667,0.40498608350753784,1.0,0.40498608350753784
21,600,1,dpga,fpn,0.18967857956886292,1.1155513525009155,-0.10368300974369049,0.7232088446617126,3.4563465118408203,0.10848132520914078,4.7791817499930564,0.05598344129910284,1.0000000003996183,0.998436609373495,3.204261704228328,1,1,0,0,1,1,0.03155620023608208,0.3732229471206665,1.0,0.3732229471206665
21,600,1,dpga,rpn,0.18967857956886292,1.1155513525009155,0.0,0.3738434910774231,0.0,0.0,0.0,0.0,1.0,1.0,0.0,0,0,0,0,0,0,0.0,0.0,1.0,0.0
21,600,1,dpga,roi_shared,0.18967857956886292,1.1155513525009155,-0.11561612039804459,1.383505940437317,8.916951179504395,0.3458765149116516,6.445184598691211,0.08984360127914824,0.9999999992540365,0.9959883910385229,5.133838688790558,1,1,0,0,1,1,0.03905052691698074,0.35937437415122986,1.0,0.35937437415122986
21,600,1,dpga,roi_cls,0.18967857956886292,1.1155513525009155,0.0,0.2558610141277313,0.0,0.0,0.0,0.0,1.0,1.0,0.0,0,0,0,0,0,0,0.0,0.5,1.0,0.5
21,600,1,dpga,roi_reg,0.18967857956886292,1.1155513525009155,-0.2709077298641205,0.2506076693534851,2.386533498764038,0.012530384585261345,9.522986686404254,0.01025646718426912,1.0000000000014853,0.9999473211135544,0.5881090056951892,1,1,0,0,1,1,0.0054544201120734215,0.20512932538986206,1.0,0.20512932538986206
21,700,1,dpga,backbone,0.03472817689180374,0.1855384111404419,0.4013229310512543,0.8475046753883362,5.659909248352051,0.0847504734992981,6.678322152923365,0.08814898753225944,1.035376215299736,0.9969732935775785,4.458947719893684,0,1,0,0,0,1,0.014973821118474007,0.8814898133277893,1.0,0.8814898133277893
21,700,1,dpga,fpn,0.03472817689180374,0.1855384111404419,0.08495581895112991,0.20603635907173157,1.5773811340332031,0.030905457213521004,7.6558387128363,0.0906939545314947,1.0077049778296945,0.9960032845061194,5.124293533532342,0,1,0,0,0,1,0.0195928905159235,0.6046262979507446,1.0,0.6046262979507446
21,700,1,dpga,rpn,0.03472817689180374,0.1855384111404419,0.0,0.1452193558216095,0.0,0.0,0.0,0.0,1.0,1.0,0.0,0,0,0,0,0,0,0.0,0.0,1.0,0.0
21,700,1,dpga,roi_shared,0.03472817689180374,0.1855384111404419,-0.08681792765855789,0.4147840440273285,1.6855319738388062,0.10369601100683212,4.0636374472682295,0.09828755259513855,0.9999999996939659,0.9952044729747714,5.613445497833865,1,1,0,0,1,1,0.06175440549850464,0.3931502103805542,1.0,0.3931502103805542
21,700,1,dpga,roi_cls,0.03472817689180374,0.1855384111404419,0.0,0.10647674649953842,0.0,0.0,0.0,0.0,1.0,1.0,0.0,0,0,0,0,0,0,0.0,0.5,1.0,0.5
21,700,1,dpga,roi_reg,0.03472817689180374,0.1855384111404419,-0.06114857643842697,0.04801393672823906,0.47942638397216797,0.0024006967432796955,9.98515049256931,0.02120770878773362,0.9999999998483518,0.9997752012769815,1.2149060261612867,1,1,0,0,1,1,0.005016823764890432,0.4241541922092438,1.0,0.4241541922092438
22,0,1,dpga,backbone,0.16844898462295532,1.622340202331543,-0.08252198994159698,1.5832000970840454,10.465605735778809,0.15832002460956573,6.610412515167521,0.03982865291193921,0.9999999992785625,0.9992077561891604,2.280844797258935,1,1,0,0,1,1,0.015179422684013844,0.39828649163246155,1.0,0.39828649163246155
22,0,1,dpga,fpn,0.16844898462295532,1.622340202331543,-0.09146372228860855,0.42405176162719727,3.6763079166412354,0.06360776722431183,8.66947917521739,0.05814332042363738,0.9999999989730252,0.9983140199078391,3.327552282820864,1,1,0,0,1,1,0.017374904826283455,0.3876221179962158,1.0,0.3876221179962158
22,0,1,dpga,rpn,0.16844898462295532,1.622340202331543,0.0,0.24655526876449585,0.0,0.0,0.0,0.0,1.0,1.0,0.0,0,0,0,0,0,0,0.0,0.0,1.0,0.0
22,0,1,dpga,roi_shared,0.16844898462295532,1.622340202331543,-0.058486130088567734,0.8788186311721802,10.241189002990723,0.21970464289188385,11.653358997784203,0.10685222616277827,1.0000000000955682,0.9943397185518099,6.0990431889179515,1,1,0,0,1,1,0.0214898269623518,0.42740893363952637,1.0,0.42740893363952637
22,0,1,dpga,roi_cls,0.16844898462295532,1.622340202331543,0.0,0.11134036630392075,0.0,0.0,0.0,0.0,1.0,1.0,0.0,0,0,0,0,0,0,0.0,0.5,1.0,0.5
22,0,1,dpga,roi_reg,0.16844898462295532,1.622340202331543,0.005224654916673899,0.1556250900030136,2.83718204498291,0.007781254127621651,18.230878098949017,0.02532652197226422,1.0001323223021639,0.999679568137593,1.450497800993874,0,1,0,0,0,1,0.002742599695920944,0.5065304636955261,1.0,0.5065304636955261
22,100,1,dpga,backbone,0.3952988386154175,0.6635691523551941,0.07175394892692566,3.3686413764953613,3.4565329551696777,0.3368641436100006,1.0260911058350046,0.05887425646049687,1.0042244608298245,0.9982947939220166,3.3464766494233196,0,1,0,0,0,1,0.09745723754167557,0.5887425541877747,1.0,0.5887425541877747
22,100,1,dpga,fpn,0.3952988386154175,0.6635691523551941,-0.00672875065356493,0.7361011505126953,1.2098350524902344,0.11041517555713654,1.6435717450619156,0.07373848756500866,1.0000000002223755,0.9972923926836273,4.217241872973699,1,1,0,0,1,1,0.09126672148704529,0.49158990383148193,1.0,0.49158990383148193
22,100,1,dpga,rpn,0.3952988386154175,0.6635691523551941,0.0,0.43534204363822937,0.0,0.0,0.0,0.0,1.0,1.0,0.0,0,0,0,0,0,0,0.0,0.0,1.0,0.0
22,100,1,dpga,roi_shared,0.3952988386154175,0.6635691523551941,0.060197751969099045,1.4038937091827393,1.867316722869873,0.3509734272956848,1.3300983619029891,0.14367105066776276,1.0086486737380216,0.9900429468009412,8.092152551393704,0,1,0,0,0,1,0.18795602023601532,0.574684202671051,1.0,0.574684202671051
22,100,1,dpga,roi_cls,0.3952988386154175,0.6635691523551941,0.0,0.25127163529396057,0.0,0.0,0.0,0.0,1.0,1.0,0.0,0,0,0,0,0,0,0.0,0.5,1.0,0.5
22,100,1,dpga,roi_reg,0.3952988386154175,0.6635691523551941,0.18859171867370605,0.21985408663749695,0.5732064247131348,0.010992704890668392,2.607212963288044,0.03598484877879966,1.0067864439411913,0.999384480516548,2.010392296302116,0,1,0,0,0,1,0.019177567213773727,0.7196969389915466,1.0,0.7196969389915466
22,200,1,dpga,backbone,0.03580609709024429,0.048917438834905624,0.03368457779288292,1.0122456550598145,1.7713849544525146,0.10122456401586533,1.7499556017830888,0.0542006425031282,1.001825725960734,0.9985412874112347,3.0951043982675954,0,1,0,0,0,1,0.05714430660009384,0.5420064330101013,1.0,0.5420064330101013
22,200,1,dpga,fpn,0.03580609709024429,0.048917438834905624,-0.011541495099663734,0.2650526463985443,0.5913215279579163,0.039757899940013885,2.23095877740749,0.07283657590151607,1.000000000161086,0.9973579303120043,4.165867288178891,1,1,0,0,1,1,0.0672401487827301,0.48557713627815247,1.0,0.48557713627815247
22,200,1,dpga,rpn,0.03580609709024429,0.048917438834905624,0.0,0.1595889776945114,0.0,0.0,0.0,0.0,1.0,1.0,0.0,0,0,0,0,0,0,0.0,0.0,1.0,0.0
22,200,1,dpga,roi_shared,0.03580609709024429,0.048917438834905624,-0.21833756566047668,0.49166372418403625,0.7105863690376282,0.12291594594717026,1.4452690611187866,0.06282515095357402,1.00000000045289,0.9980323684669961,3.594849836751393,1,1,0,0,1,1,0.17725475132465363,0.251300573348999,1.0,0.251300573348999
22,200,1,dpga,roi_cls,0.03580609709024429,0.048917438834905624,0.0,0.0746840089559555,0.0,0.0,0.0,0.0,1.0,1.0,0.0,0,0,0,0,0,0,0.0,0.5,1.0,0.5
22,200,1,dpga,roi_reg,0.03580609709024429,0.048917438834905624,-0.47015097737312317,0.08358324319124222,0.20837289094924927,0.004179162438958883,2.4929983929013466,0.004350289248194816,1.0000000003914848,0.9999905516784271,0.24906649272720052,1,1,0,0,1,1,0.022724324837327003,0.08700577914714813,1.0,0.08700577914714813
22,300,1,dpga,backbone,0.5127601623535156,0.8434687852859497,-0.22323907911777496,6.805517196655273,3.9775867462158203,0.6805517673492432,0.5844650202589593,0.024671769380693324,1.0000000002778218,0.999695795066211,1.413291565546878,1,0,0,0,1,1,0.17552629113197327,0.2467176765203476,1.0,0.2467176765203476
22,300,1,dpga,fpn,0.5127601623535156,0.8434687852859497,-0.12756572663784027,1.7127680778503418,1.250532865524292,0.25691521167755127,0.7301238747360406,0.05186063200235367,1.0000000007317782,0.9986579603066591,2.968717638211858,1,0,0,0,1,1,0.207136869430542,0.3457375466823578,1.0,0.3457375466823578
22,300,1,dpga,rpn,0.5127601623535156,0.8434687852859497,0.0,1.2526507377624512,0.0,0.0,0.0,0.0,1.0,1.0,0.0,0,0,0,0,0,0,0.0,0.0,1.0,0.0
22,300,1,dpga,roi_shared,0.5127601623535156,0.8434687852859497,0.006953345611691475,2.6093552112579346,2.4482898712158203,0.6523387432098389,0.938273892589554,0.12717268199033493,1.0008842756102445,0.9920246570722456,7.241047119374852,0,0,0,0,0,1,0.26644670963287354,0.5086907744407654,1.0,0.5086907744407654
22,300,1,dpga,roi_cls,0.5127601623535156,0.8434687852859497,0.0,0.6382554769515991,0.0,0.0,0.0,0.0,1.0,1.0,0.0,0,0,0,0,0,0,0.0,0.5,1.0,0.5
22,300,1,dpga,roi_reg,0.5127601623535156,0.8434687852859497,0.08900616317987442,0.29752275347709656,0.8786951303482056,0.014876137487590313,2.9533711962498623,0.030472856378473575,1.0027122718003387,0.9995421977884128,1.733776624160234,0,1,0,0,0,1,0.016929805278778076,0.6094571352005005,1.0,0.6094571352005005
22,400,1,dpga,backbone,0.13879725337028503,2.383164405822754,0.0549970306456089,1.3527964353561401,20.176992416381836,0.13527964055538177,14.915024824906489,0.056831632792637206,1.0031255708386222,0.9984038608115741,3.2376566740301547,0,1,0,0,0,1,0.006704648490995169,0.5683163404464722,1.0,0.5683163404464722
22,400,1,dpga,fpn,0.13879725337028503,2.383164405822754,0.01835310272872448,0.3729874789714813,5.797567367553711,0.05594812333583832,15.543597826770464,0.07843879968224707,1.0014395953484863,0.9969474549301008,4.477949689018537,0,1,0,0,0,1,0.009650276042521,0.5229253172874451,1.0,0.5229253172874451
22,400,1,dpga,rpn,0.13879725337028503,2.383164405822754,0.0,0.34751588106155396,0.0,0.0,0.0,0.0,1.0,1.0,0.0,0,0,0,0,0,0,0.0,0.0,1.0,0.0
22,400,1,dpga,roi_shared,0.13879725337028503,2.383164405822754,-0.135091170668602,0.6042025685310364,15.279205322265625,0.1510506421327591,25.288216432798514,0.08431906253099442,0.999999999395213,0.9964640042227645,4.819717173433264,1,1,0,0,1,1,0.009977489709854126,0.33727625012397766,1.0,0.33727625012397766
22,400,1,dpga,roi_cls,0.13879725337028503,2.383164405822754,0.0,0.06734450906515121,0.0,0.0,0.0,0.0,1.0,1.0,0.0,0,0,0,0,0,0,0.0,0.5,1.0,0.5
22,400,1,dpga,roi_reg,0.13879725337028503,2.383164405822754,-0.18497732281684875,0.08581825345754623,5.387816905975342,0.004290912766009569,62.78171238524054,0.014198163459905534,1.0000000000701348,0.9998992143757585,0.8134681862856296,1,1,0,0,1,1,0.000810395460575819,0.28396326303482056,1.0,0.28396326303482056
22,500,1,dpga,backbone,0.14125317335128784,1.711780071258545,0.0641893669962883,2.1884026527404785,20.025238037109375,0.21884025633335114,9.150618608523574,0.0579554951355147,1.0037201269785072,0.9983440419209987,3.2977843199227683,0,1,0,0,0,1,0.01092822290956974,0.5795549750328064,1.0,0.5795549750328064
22,500,1,dpga,fpn,0.14125317335128784,1.711780071258545,0.015692776069045067,0.4669749140739441,6.569713115692139,0.07004623860120773,14.068663899688291,0.07794088291035024,1.0012231080962548,0.9969845609063831,4.45063627641709,0,1,0,0,0,1,0.01066199317574501,0.5196058750152588,1.0,0.5196058750152588
22,500,1,dpga,rpn,0.14125317335128784,1.711780071258545,0.0,0.22119362652301788,0.0,0.0,0.0,0.0,1.0,1.0,0.0,0,0,0,0,0,0,0.0,0.0,1.0,0.0
22,500,1,dpga,roi_shared,0.14125317335128784,1.711780071258545,-0.06075577065348625,0.8785133957862854,19.96472930908203,0.21962836384773254,22.725583246472,0.10615849470131282,0.9999999995138605,0.9944124292393094,6.059706317400029,1,1,0,0,1,1,0.011021177284419537,0.4246339499950409,1.0,0.4246339499950409
22,500,1,dpga,roi_cls,0.14125317335128784,1.711780071258545,0.0,0.11756768077611923,0.0,0.0,0.0,0.0,1.0,1.0,0.0,0,0,0,0,0,0,0.0,0.5,1.0,0.5
22,500,1,dpga,roi_reg,0.14125317335128784,1.711780071258545,-0.037242718040943146,0.0910855159163475,6.3136796951293945,0.004554275888949633,69.31595689624075,0.022679034339238277,1.0000000000435074,0.9997429761269425,1.2990733231413414,1,1,0,0,1,1,0.000721835414879024,0.45358067750930786,1.0,0.45358067750930786
22,600,1,dpga,backbone,0.006145191844552755,0.0,0.0,0.413418710231781,0.0,0.0,0.0,0.0,1.0,1.0,0.0,0,0,0,0,0,0,0.0,0.5,1.0,0.5
22,600,1,dpga,fpn,0.006145191844552755,0.0,0.0,0.1257445216178894,0.0,0.0,0.0,0.0,1.0,1.0,0.0,0,0,0,0,0,0,0.0,0.5,1.0,0.5
22,600,1,dpga,rpn,0.006145191844552755,0.0,0.0,0.03139696270227432,0.0,0.0,0.0,0.0,1.0,1.0,0.0,0,0,0,0,0,0,0.0,0.0,1.0,0.0
22,600,1,dpga,roi_shared,0.006145191844552755,0.0,0.0,0.19219517707824707,0.0,0.0,0.0,0.0,1.0,1.0,0.0,0,0,0,0,0,0,0.0,0.5,1.0,0.5
22,600,1,dpga,roi_cls,0.006145191844552755,0.0,0.0,0.06041567400097847,0.0,0.0,0.0,0.0,1.0,1.0,0.0,0,0,0,0,0,0,0.0,0.5,1.0,0.5
22,600,1,dpga,roi_reg,0.006145191844552755,0.0,0.0,0.0,0.0,0.0,0.0,0.0,0.0,0.0,90.0,0,0,0,1,0,0,0.0,0.0,1.0,0.0
22,700,1,dpga,backbone,0.26888713240623474,0.23609673976898193,0.25702738761901855,2.989492654800415,1.0414097309112549,0.298949271440506,0.3483566782607739,0.0783322886349282,1.0201335388450863,0.9972580312751763,4.243929528855866,0,0,0,0,0,1,0.2870621085166931,0.7833228707313538,1.0,0.7833228707313538
22,700,1,dpga,fpn,0.26888713240623474,0.23609673976898193,0.2203395962715149,1.0538091659545898,0.4928966760635376,0.1580713987350464,0.467728590704607,0.11258673279887195,1.0248073118950862,0.9943071377975451,6.116587783970302,0,0,0,0,0,1,0.3206988275051117,0.7505781054496765,1.0,0.7505781054496765
22,700,1,dpga,rpn,0.26888713240623474,0.23609673976898193,0.0,0.9241414666175842,0.0,0.0,0.0,0.0,1.0,1.0,0.0,0,0,0,0,0,0,0.0,0.0,1.0,0.0
22,700,1,dpga,roi_shared,0.26888713240623474,0.23609673976898193,0.12059852480888367,2.2893614768981934,0.289042592048645,0.289042592048645,0.12625467623411862,0.08160353932608265,1.0098412664619092,0.9967979378584222,4.586363397298106,0,0,0,0,0,0,1.0,0.6463407278060913,1.0,0.6463407278060913
22,700,1,dpga,roi_cls,0.26888713240623474,0.23609673976898193,0.0,0.5020908713340759,0.0,0.0,0.0,0.0,1.0,1.0,0.0,0,0,0,0,0,0,0.0,0.5,1.0,0.5
22,700,1,dpga,roi_reg,0.26888713240623474,0.23609673976898193,0.6204332113265991,0.4344816505908966,0.08978971093893051,0.02172408439218998,0.206659385538644,0.04784910791103432,1.029687172828327,0.999336547332055,2.0872122583577704,0,0,0,0,0,1,0.24194401502609253,0.9569820761680603,1.0,0.9569820761680603
23,0,1,dpga,backbone,0.10340221226215363,1.3834562301635742,-0.11817275732755661,2.335038661956787,17.911266326904297,0.23350383341312408,7.670650862754652,0.035643664958723634,1.0000000010312018,0.9993652104884672,2.041622662853511,1,1,0,0,1,1,0.013128694146871567,0.35643669962882996,1.0,0.35643669962882996
23,0,1,dpga,fpn,0.10340221226215363,1.3834562301635742,-0.06341295689344406,0.4628617763519287,5.071852684020996,0.06942927092313766,10.957596723572834,0.06320869137527381,1.0000000001381915,0.998008361242855,3.6167211087360904,1,1,0,0,1,1,0.013716740533709526,0.42139124870300293,1.0,0.42139124870300293
23,0,1,dpga,rpn,0.10340221226215363,1.3834562301635742,0.0,0.2758745849132538,0.0,0.0,0.0,0.0,1.0,1.0,0.0,0,0,0,0,0,0,0.0,0.0,1.0,0.0
23,0,1,dpga,roi_shared,0.10340221226215363,1.3834562301635742,-0.04704933613538742,0.8301200866699219,11.47567367553711,0.20753002166748047,13.82411275165318,0.11036451160907745,0.9999999998974536,0.9939648860151123,6.297947396416122,1,1,0,0,1,1,0.018104393035173416,0.4414580464363098,1.0,0.4414580464363098
23,0,1,dpga,roi_cls,0.10340221226215363,1.3834562301635742,0.0,0.10595836490392685,0.0,0.0,0.0,0.0,1.0,1.0,0.0,0,0,0,0,0,0,0.0,0.5,1.0,0.5
23,0,1,dpga,roi_reg,0.10340221226215363,1.3834562301635742,-0.4319363534450531,0.16460570693016052,3.418015956878662,0.008230285719037056,20.764869096117486,0.005171498145293359,0.9999999999045251,0.9999866021776137,0.2965891252825598,1,1,0,0,1,1,0.0026698107831180096,0.10342995822429657,1.0,0.10342995822429657
23,100,1,dpga,backbone,0.12517975270748138,1.0077615976333618,-0.2746523320674896,1.9283173084259033,8.942643165588379,0.19283173978328705,4.6375371555879,0.020209340198066614,1.0000000015691228,0.9997957269824708,1.1581119037954037,1,1,0,0,1,1,0.022425577044487,0.20209339261054993,1.0,0.20209339261054993
23,100,1,dpga,fpn,0.12517975270748138,1.0077615976333618,-0.4173359274864197,0.4979883134365082,3.200913906097412,0.07469824701547623,6.427688802591786,0.01655973494052887,1.0000000003850136,0.9998629133111528,0.9487247600762521,1,1,0,0,1,1,0.025679754093289375,0.11039823293685913,1.0,0.11039823293685913
23,100,1,dpga,rpn,0.12517975270748138,1.0077615976333618,0.0,0.1380198448896408,0.0,0.0,0.0,0.0,1.0,1.0,0.0,0,0,0,0,0,0,0.0,0.0,1.0,0.0
23,100,1,dpga,roi_shared,0.12517975270748138,1.0077615976333618,-0.44602251052856445,1.0764745473861694,7.94162654876709,0.26911860704421997,7.377440152254848,0.02426969177478136,1.000000000044497,0.9997056278344604,1.39026201123216,1,1,0,0,1,1,0.03786175325512886,0.09707877784967422,1.0,0.09707877784967422
23,100,1,dpga,roi_cls,0.12517975270748138,1.0077615976333618,0.0,0.1259945034980774,0.0,0.0,0.0,0.0,1.0,1.0,0.0,0,0,0,0,0,0,0.0,0.5,1.0,0.5
23,100,1,dpga,roi_reg,0.12517975270748138,1.0077615976333618,-0.541322648525238,0.1890646070241928,2.951582670211792,0.009453230537474155,15.61150294953992,0.0031292122473978268,0.999999999965963,0.999995113448629,0.17911792168866975,1,1,0,0,1,1,0.003809122135862708,0.06258424371480942,1.0,0.06258424371480942
23,200,1,dpga,backbone,0.05562511086463928,0.5360997915267944,-0.12254085391759872,1.1438449621200562,5.392106056213379,0.1143844947218895,4.714018275885392,0.03514425708763795,1.0000000004583034,0.9993829936720917,2.012819225787432,1,1,0,0,1,1,0.02137441188097,0.3514425754547119,1.0,0.3514425754547119
23,200,1,dpga,fpn,0.05562511086463928,0.5360997915267944,-0.13634994626045227,0.3016927242279053,1.9943207502365112,0.04525391012430191,6.61043701116888,0.05038063543034793,0.9999999996471836,0.9987333222797976,2.8841414049940877,1,1,0,0,1,1,0.02290530875325203,0.3358708918094635,1.0,0.3358708918094635
23,200,1,dpga,rpn,0.05562511086463928,0.5360997915267944,0.0,0.11998256295919418,0.0,0.0,0.0,0.0,1.0,1.0,0.0,0,0,0,0,0,0,0.0,0.0,1.0,0.0
23,200,1,dpga,roi_shared,0.05562511086463928,0.5360997915267944,0.008623450994491577,0.6031510829925537,0.5236510038375854,0.15078778564929962,0.8681920974749378,0.12769442568493788,1.0011011663843143,0.9919635931647367,7.268752210666548,0,0,0,0,0,1,0.287954717874527,0.5107776522636414,1.0,0.5107776522636414
23,200,1,dpga,roi_cls,0.05562511086463928,0.5360997915267944,0.0,0.0707116425037384,0.0,0.0,0.0,0.0,1.0,1.0,0.0,0,0,0,0,0,0,0.0,0.5,1.0,0.5
23,200,1,dpga,roi_reg,0.05562511086463928,0.5360997915267944,-0.04589339718222618,0.10583922266960144,0.179366335272789,0.005291961133480072,1.694705712576115,0.02214418351650238,0.999999999876394,0.9997549436155324,1.2684679846558817,1,1,0,0,1,1,0.02953476645052433,0.4428836703300476,1.0,0.4428836703300476
23,300,1,dpga,backbone,0.1597728580236435,0.8804798126220703,-0.11482755094766617,3.097938299179077,6.4445953369140625,0.3097938299179077,2.0802852460366354,0.03602825999259949,1.0000000008631276,0.9993516453053032,2.0633239901098626,1,1,0,0,1,1,0.04839041084051132,0.3602825999259949,1.0,0.3602825999259949
23,300,1,dpga,fpn,0.1597728580236435,0.8804798126220703,-0.14099480211734772,0.5271725058555603,2.116786003112793,0.079075887799263,4.015357363293089,0.049606560198408686,0.9999999995306932,0.9987718172421867,2.8399689231555416,1,1,0,0,1,1,0.0377335250377655,0.33071035146713257,1.0,0.33071035146713257
23,300,1,dpga,rpn,0.1597728580236435,0.8804798126220703,0.0,0.13064327836036682,0.0,0.0,0.0,0.0,1.0,1.0,0.0,0,0,0,0,0,0,0.0,0.0,1.0,0.0
23,300,1,dpga,roi_shared,0.1597728580236435,0.8804798126220703,-0.04706738889217377,1.0283554792404175,4.0080485343933105,0.25708886981010437,3.8975321426339926,0.11035894602537155,0.9999999997991662,0.993965554886465,6.297598034360774,1,1,0,0,1,1,0.064214326441288,0.4414357841014862,1.0,0.4414357841014862
23,300,1,dpga,roi_cls,0.1597728580236435,0.8804798126220703,0.0,0.17836874723434448,0.0,0.0,0.0,0.0,1.0,1.0,0.0,0,0,0,0,0,0,0.0,0.5,1.0,0.5
23,300,1,dpga,roi_reg,0.1597728580236435,0.8804798126220703,-0.4153841435909271,0.10923130810260773,1.3280601501464844,0.005461565684527159,12.158237168586824,0.005568016232780418,0.9999999999236026,0.9999845166739902,0.318838178739796,1,1,0,0,1,1,0.004520921502262354,0.11136031895875931,1.0,0.11136031895875931
23,400,1,dpga,backbone,0.11747283488512039,2.14310359954834,-0.10118774324655533,1.7311662435531616,16.2760009765625,0.17311662435531616,9.40175505222222,0.03761460781097412,1.0000000001241962,0.999293163162398,2.1543824492423838,1,1,0,0,1,1,0.010691185481846333,0.3761460781097412,1.0,0.3761460781097412
23,400,1,dpga,fpn,0.11747283488512039,2.14310359954834,-0.10976823419332504,0.43093374371528625,5.547977447509766,0.06464006751775742,12.874316593725045,0.05492000490205229,1.0000000000491436,0.9984952555221109,3.1435725144512117,1,1,0,0,1,1,0.011721939779818058,0.36613333225250244,1.0,0.36613333225250244
23,400,1,dpga,rpn,0.11747283488512039,2.14310359954834,0.0,0.2661656141281128,0.0,0.0,0.0,0.0,1.0,1.0,0.0,0,0,0,0,0,0,0.0,0.0,1.0,0.0
23,400,1,dpga,roi_shared,0.11747283488512039,2.14310359954834,-0.09324830025434494,0.8481864929199219,14.243575096130371,0.21204660832881927,16.792975619189825,0.0963765538557401,0.9999999993920807,0.9953879162616925,5.504948753021819,1,1,0,0,1,1,0.014952326193451881,0.3855062425136566,1.0,0.3855062425136566
23,400,1,dpga,roi_cls,0.11747283488512039,2.14310359954834,0.0,0.12614527344703674,0.0,0.0,0.0,0.0,1.0,1.0,0.0,0,0,0,0,0,0,0.0,0.5,1.0,0.5
23,400,1,dpga,roi_reg,0.11747283488512039,2.14310359954834,-0.21794363856315613,0.12401582300662994,4.80365514755249,0.006200791802257299,38.73421174083314,0.012583568525075969,0.9999999998697771,0.9999208237816868,0.7210043304131709,1,1,0,0,1,1,0.00132264313288033,0.25167134404182434,1.0,0.25167134404182434
23,500,1,dpga,backbone,0.13137555122375488,0.1844949722290039,0.24896173179149628,2.1300086975097656,4.744101047515869,0.2130008488893509,2.2272683924071717,0.07763998344082063,1.01932938473369,0.9972900863126547,4.2190384498398865,0,1,0,0,0,1,0.04489804804325104,0.7763999104499817,1.0,0.7763999104499817
23,500,1,dpga,fpn,0.13137555122375488,0.1844949722290039,0.06232742592692375,0.5944728851318359,1.4775071144104004,0.08917093276977539,2.4854070746771475,0.08659272193908692,1.005397101785052,0.9963257187470337,4.91311460820654,0,1,0,0,0,1,0.06035228818655014,0.5772848129272461,1.0,0.5772848129272461
23,500,1,dpga,rpn,0.13137555122375488,0.1844949722290039,0.0,0.44059768319129944,0.0,0.0,0.0,0.0,1.0,1.0,0.0,0,0,0,0,0,0,0.0,0.0,1.0,0.0
23,500,1,dpga,roi_shared,0.13137555122375488,0.1844949722290039,-0.11863698065280914,1.1124036312103271,1.2915008068084717,0.2781009078025818,1.1610001716762481,0.08897610753774643,0.9999999994841919,0.9960650617349642,5.084509988249891,1,1,0,0,1,1,0.21686312556266785,0.3559044301509857,1.0,0.3559044301509857
23,500,1,dpga,roi_cls,0.13137555122375488,0.1844949722290039,0.0,0.14912672340869904,0.0,0.0,0.0,0.0,1.0,1.0,0.0,0,0,0,0,0,0,0.0,0.5,1.0,0.5
23,500,1,dpga,roi_reg,0.13137555122375488,0.1844949722290039,-0.2717951238155365,0.12412253767251968,0.38190484046936035,0.006206126883625984,3.076837193555968,0.010220342129468919,1.0000000002473706,0.9999477803463535,0.5855399261939201,1,1,0,0,1,1,0.01688612997531891,0.20440684258937836,1.0,0.20440684258937836
23,600,1,dpga,backbone,0.03327042609453201,0.17900188267230988,0.06431625038385391,0.7846623659133911,17.766822814941406,0.07846622914075851,22.64263406370946,0.05797095344363662,1.0037284743566717,0.9983431115514951,3.2987108453935257,0,1,0,0,0,1,0.0044164471328258514,0.5797095894813538,1.0,0.5797095894813538
23,600,1,dpga,fpn,0.03327042609453201,0.17900188267230988,0.11601689457893372,0.22166702151298523,6.000466823577881,0.033250052481889725,27.06973181045054,0.09616302036336337,1.0111565378617695,0.9955684372997314,5.3960578061024265,0,1,0,0,0,1,0.005541244987398386,0.6410868167877197,1.0,0.6410868167877197
23,600,1,dpga,rpn,0.03327042609453201,0.17900188267230988,0.0,0.08289516717195511,0.0,0.0,0.0,0.0,1.0,1.0,0.0,0,0,0,0,0,0,0.0,0.0,1.0,0.0
23,600,1,dpga,roi_shared,0.03327042609453201,0.17900188267230988,0.07908060401678085,0.4145094156265259,1.6411430835723877,0.10362736135721207,3.959241989936031,0.14939568520830976,1.011814301023774,0.9893405404393236,8.373205657934665,0,1,0,0,0,1,0.06314340233802795,0.5975826978683472,1.0,0.5975826978683472
23,600,1,dpga,roi_cls,0.03327042609453201,0.17900188267230988,0.0,0.05818114057183266,0.0,0.0,0.0,0.0,1.0,1.0,0.0,0,0,0,0,0,0,0.0,0.5,1.0,0.5
23,600,1,dpga,roi_reg,0.03327042609453201,0.17900188267230988,-0.12882789969444275,0.04492698609828949,0.5468433499336243,0.0022463493514806032,12.171823605911644,0.017215569674214296,0.9999999998787932,0.99985176310057,0.9865546696041133,1,1,0,0,1,1,0.004142366349697113,0.344311386346817,1.0,0.344311386346817
23,700,1,dpga,backbone,0.11666877567768097,0.2081565409898758,-0.060105662792921066,2.0033907890319824,1.7438923120498657,0.20033907890319824,0.8704703653412005,0.042542833089828494,0.9999999996729976,0.9990963597880553,2.4359485646165155,1,0,0,0,1,1,0.11508850008249283,0.4254283308982849,1.0,0.4254283308982849
23,700,1,dpga,fpn,0.11666877567768097,0.2081565409898758,-0.08388783037662506,0.49440625309944153,0.6080764532089233,0.07416094094514847,1.2299125453953734,0.0594976478882951,0.9999999996470886,0.998234715895964,3.404935143249303,1,1,0,0,1,1,0.12239130586385727,0.3966509699821472,1.0,0.3966509699821472
23,700,1,dpga,rpn,0.11666877567768097,0.2081565409898758,0.0,0.38965311646461487,0.0,0.0,0.0,0.0,1.0,1.0,0.0,0,0,0,0,0,0,0.0,0.0,1.0,0.0
23,700,1,dpga,roi_shared,0.11666877567768097,0.2081565409898758,-0.16513007879257202,1.0578762292861938,0.6621469855308533,0.26446905732154846,0.6259210361288102,0.07614139467477798,0.9999999996064423,0.9971138657134828,4.354120112696798,1,0,0,0,1,1,0.4049709141254425,0.30456557869911194,1.0,0.30456557869911194
23,700,1,dpga,roi_cls,0.11666877567768097,0.2081565409898758,0.0,0.12554681301116943,0.0,0.0,0.0,0.0,1.0,1.0,0.0,0,0,0,0,0,0,0.0,0.5,1.0,0.5
23,700,1,dpga,roi_reg,0.11666877567768097,0.2081565409898758,-0.1650070995092392,0.21517862379550934,0.22488774359226227,0.010758930817246437,1.0451212096512885,0.01523479021489121,1.0000000001107237,0.9998839502566351,0.8728988523527814,1,1,0,0,1,1,0.0485062450170517,0.30469581484794617,1.0,0.30469581484794617
24,0,1,dpga,backbone,0.0935468003153801,1.7996852397918701,-0.10701164603233337,1.6283022165298462,20.87357521057129,0.16283021867275238,12.81922667590294,0.03693379096143265,0.9999999991567287,0.9993187247439641,2.1150644091940465,1,1,0,0,1,1,0.007845834828913212,0.36933791637420654,1.0,0.36933791637420654
24,0,1,dpga,fpn,0.0935468003153801,1.7996852397918701,-0.08219104260206223,0.3988020718097687,6.7785186767578125,0.05982031673192978,16.997200255246447,0.0598024710995059,1.0000000000116844,0.9982165509234732,3.42241407392131,1,1,0,0,1,1,0.008854943327605724,0.398683100938797,1.0,0.398683100938797
24,0,1,dpga,rpn,0.0935468003153801,1.7996852397918701,0.0,0.28890320658683777,0.0,0.0,0.0,0.0,1.0,1.0,0.0,0,0,0,0,0,0,0.0,0.0,1.0,0.0
24,0,1,dpga,roi_shared,0.0935468003153801,1.7996852397918701,-0.07783643901348114,0.787840723991394,18.08631706237793,0.1969601809978485,22.956819204201857,0.1009785458445549,0.999999999563214,0.9949403051373054,5.766112082616554,1,1,0,0,1,1,0.01092314999550581,0.4039141833782196,1.0,0.4039141833782196
24,0,1,dpga,roi_cls,0.0935468003153801,1.7996852397918701,0.0,0.08860622346401215,0.0,0.0,0.0,0.0,1.0,1.0,0.0,0,0,0,0,0,0,0.0,0.5,1.0,0.5
24,0,1,dpga,roi_reg,0.0935468003153801,1.7996852397918701,-0.30422443151474,0.1418209671974182,5.267548561096191,0.007091048639267683,37.14224113112722,0.008964816834100752,1.0000000000932372,0.9999597598156994,0.5140070398677344,1,1,0,0,1,1,0.0014131594216451049,0.1792963296175003,1.0,0.1792963296175003
24,100,1,dpga,backbone,0.05327547341585159,0.2058297097682953,0.005981250666081905,1.4400497674942017,2.5757575035095215,0.14400498569011688,1.7886586711454697,0.0507476063287413,1.0003035343668367,0.9987156773587893,2.9041643620934745,0,1,0,0,0,1,0.05590781942009926,0.5074760317802429,1.0,0.5074760317802429
24,100,1,dpga,fpn,0.05327547341585159,0.2058297097682953,0.03691994398832321,0.32966849207878113,0.8647732138633728,0.04945027083158493,2.6231600369522643,0.08190289242187791,1.0030238502006974,0.9966871988248318,4.665039046721627,0,1,0,0,0,1,0.05718293786048889,0.5460193157196045,1.0,0.5460193157196045
24,100,1,dpga,rpn,0.05327547341585159,0.2058297097682953,0.0,0.22255805134773254,0.0,0.0,0.0,0.0,1.0,1.0,0.0,0,0,0,0,0,0,0.0,0.0,1.0,0.0
24,100,1,dpga,roi_shared,0.05327547341585159,0.2058297097682953,-0.1353808045387268,0.5723955035209656,0.33667823672294617,0.1430988609790802,0.5881916169011526,0.08423814790441113,0.9999999980635806,0.9964707627052184,4.815106201123426,1,0,0,0,1,1,0.42898088693618774,0.3369526267051697,1.0,0.3369526267051697
24,100,1,dpga,roi_cls,0.05327547341585159,0.2058297097682953,0.0,0.0833369791507721,0.0,0.0,0.0,0.0,1.0,1.0,0.0,0,0,0,0,0,0,0.0,0.5,1.0,0.5
24,100,1,dpga,roi_reg,0.05327547341585159,0.2058297097682953,-0.19838696718215942,0.1464565247297287,0.09290064871311188,0.007322826888412237,0.634322362110879,0.013526503455842605,1.0000000000286773,0.9999085399948783,0.7749194312179869,1,0,0,0,1,1,0.0804227814078331,0.2705300450325012,1.0,0.2705300450325012
24,200,1,dpga,backbone,0.042697496712207794,1.8031314611434937,-0.11422236263751984,1.0381920337677002,30.734272003173828,0.10381919145584106,29.603648461485644,0.03609802904485552,0.9999999994541588,0.9993491420140959,2.067303821050336,1,1,0,0,1,1,0.003400215646252036,0.3609803318977356,1.0,0.3609803318977356
24,200,1,dpga,fpn,0.042697496712207794,1.8031314611434937,0.07690411061048508,0.24698173999786377,9.936675071716309,0.037047263234853745,40.23242799974708,0.08924444856256616,1.0068632656085503,0.9961177765838639,5.050315327401459,0,1,0,0,0,1,0.0037283359561115503,0.5949629545211792,1.0,0.5949629545211792
24,200,1,dpga,rpn,0.042697496712207794,1.8031314611434937,0.0,0.1793636977672577,0.0,0.0,0.0,0.0,1.0,1.0,0.0,0,0,0,0,0,0,0.0,0.0,1.0,0.0
24,200,1,dpga,roi_shared,0.042697496712207794,1.8031314611434937,0.08117061108350754,0.47870418429374695,26.317331314086914,0.11967604607343674,54.97618817122732,0.15002328157424927,1.0121774825598955,0.9892634860657493,8.403469163937219,0,1,0,0,0,1,0.004547423217445612,0.6000931262969971,1.0,0.6000931262969971
24,200,1,dpga,roi_cls,0.042697496712207794,1.8031314611434937,0.0,0.05605088546872139,0.0,0.0,0.0,0.0,1.0,1.0,0.0,0,0,0,0,0,0,0.0,0.5,1.0,0.5
24,200,1,dpga,roi_reg,0.042697496712207794,1.8031314611434937,-0.06509113311767578,0.07634793221950531,9.060235023498535,0.003817396704107523,118.67033932824488,0.02096733800066403,1.0000000000327152,0.9997802819548078,1.2010980051496312,1,1,0,0,1,1,0.000422230688855052,0.41934674978256226,1.0,0.41934674978256226
24,300,1,dpga,backbone,0.08267535269260406,0.789578378200531,0.09984859079122543,1.293864369392395,9.110315322875977,0.12938643991947174,7.041167172069376,0.06222813868805145,1.006213391955563,0.9981121436102859,3.5211980672116368,0,1,0,0,0,1,0.01420219149440527,0.6222813725471497,1.0,0.6222813725471497
24,300,1,dpga,fpn,0.08267535269260406,0.789578378200531,0.06241496652364731,0.36416521668434143,2.831181764602661,0.054624784737825394,7.774443123316554,0.0866087472115183,1.005405682057862,0.9963245457685327,4.9138992585914005,0,1,0,0,0,1,0.01929398812353611,0.5773916244506836,1.0,0.5773916244506836
24,300,1,dpga,rpn,0.08267535269260406,0.789578378200531,0.0,0.1789996474981308,0.0,0.0,0.0,0.0,1.0,1.0,0.0,0,0,0,0,0,0,0.0,0.0,1.0,0.0
24,300,1,dpga,roi_shared,0.08267535269260406,0.789578378200531,0.10573156177997589,0.8367046117782593,7.881923198699951,0.20917615294456482,9.420198105456114,0.15729250013828278,1.0166307840397386,0.9883708150683779,8.746494816940949,0,1,0,0,0,1,0.026538720354437828,0.6291700005531311,1.0,0.6291700005531311
24,300,1,dpga,roi_cls,0.08267535269260406,0.789578378200531,0.0,0.11753623932600021,0.0,0.0,0.0,0.0,1.0,1.0,0.0,0,0,0,0,0,0,0.0,0.5,1.0,0.5
24,300,1,dpga,roi_reg,0.08267535269260406,0.789578378200531,0.014064921997487545,0.17126712203025818,2.4488565921783447,0.008563356474041939,14.298462910737177,0.02587869577930389,1.000363981861634,0.9996655623086939,1.4818605726317895,0,1,0,0,0,1,0.003496879478916526,0.517573893070221,1.0,0.517573893070221
24,400,1,dpga,backbone,0.14815208315849304,0.4112076759338379,0.07665956020355225,2.540764808654785,5.720736980438232,0.2540764808654785,2.251580689779426,0.05946682691574097,1.004558701241124,0.9982626641618999,3.3778659897242402,0,1,0,0,0,1,0.0444132424890995,0.5946682691574097,1.0,0.5946682691574097
24,400,1,dpga,fpn,0.14815208315849304,0.4112076759338379,0.00536520779132843,0.5821743607521057,2.226423740386963,0.08732615411281586,3.8243246190207802,0.07600591778755188,1.0004077876838728,0.9971265575048246,4.344531331085302,0,1,0,0,0,1,0.03922261297702789,0.5067061185836792,1.0,0.5067061185836792
24,400,1,dpga,rpn,0.14815208315849304,0.4112076759338379,0.0,0.31298574805259705,0.0,0.0,0.0,0.0,1.0,1.0,0.0,0,0,0,0,0,0,0.0,0.0,1.0,0.0
24,400,1,dpga,roi_shared,0.14815208315849304,0.4112076759338379,-0.05805052071809769,1.0518951416015625,0.17102999985218048,0.17074157297611237,0.1625922519156984,0.06946271900084285,0.9999999994885043,0.9975962093201978,3.9734979031229942,1,0,0,0,1,0,1.0,0.42794203758239746,1.0,0.42794203758239746
24,400,1,dpga,roi_cls,0.14815208315849304,0.4112076759338379,0.0,0.1433485597372055,0.0,0.0,0.0,0.0,1.0,1.0,0.0,0,0,0,0,0,0,0.0,0.5,1.0,0.5
24,400,1,dpga,roi_reg,0.14815208315849304,0.4112076759338379,0.05415475368499756,0.09755558520555496,0.05426345765590668,0.004877779167145491,0.5562311736593102,0.028364142233974248,1.0015360533474964,0.9996003218846743,1.6199711509384405,0,0,0,0,0,1,0.08989068120718002,0.5672828555107117,1.0,0.5672828555107117
24,500,1,dpga,backbone,0.4949660301208496,1.4461179971694946,-0.10660187900066376,3.4660775661468506,4.868621349334717,0.34660783410072327,1.4046487005618395,0.03698153428460914,0.9999999991399382,0.999317005469834,2.117731831575779,1,1,0,0,1,1,0.07160017639398575,0.36981526017189026,1.0,0.36981526017189026
24,500,1,dpga,fpn,0.4949660301208496,1.4461179971694946,-0.06007152050733566,0.8424196839332581,1.4350121021270752,0.12636296451091766,1.703440849609547,0.0638205186135429,0.9999999994196956,0.9979696667277654,3.6516975798009677,1,1,0,0,1,1,0.0882163867354393,0.4254700839519501,1.0,0.4254700839519501
24,500,1,dpga,rpn,0.4949660301208496,1.4461179971694946,0.0,0.4682464301586151,0.0,0.0,0.0,0.0,1.0,1.0,0.0,0,0,0,0,0,0,0.0,0.0,1.0,0.0
24,500,1,dpga,roi_shared,0.4949660301208496,1.4461179971694946,0.006692103575915098,1.6415315866470337,3.997586488723755,0.4103828966617584,2.435278444375939,0.12709107995033264,1.000850506729784,0.9920341876960124,7.236713495598034,0,1,0,0,0,1,0.10265766829252243,0.5083643198013306,1.0,0.5083643198013306
24,500,1,dpga,roi_cls,0.4949660301208496,1.4461179971694946,0.0,0.19771811366081238,0.0,0.0,0.0,0.0,1.0,1.0,0.0,0,0,0,0,0,0,0.0,0.5,1.0,0.5
24,500,1,dpga,roi_reg,0.4949660301208496,1.4461179971694946,0.1770142912864685,0.40411117672920227,1.2317440509796143,0.020205557346343994,3.0480326254500367,0.03539359904575876,1.0062651739059738,0.999401371067889,1.982613911057695,0,1,0,0,0,1,0.01640402339398861,0.7078720331192017,1.0,0.7078720331192017
24,600,1,dpga,backbone,0.14950808882713318,0.2701680660247803,0.038785312324762344,1.4618948698043823,1.3044960498809814,0.14618949592113495,0.8923323262332382,0.05483303405417712,1.0021267165557746,0.9985086963012838,3.1294979008466357,0,0,0,0,0,1,0.1120658814907074,0.5483303070068359,1.0,0.5483303070068359
24,600,1,dpga,fpn,0.14950808882713318,0.2701680660247803,0.04151780530810356,0.39730289578437805,0.4509944021701813,0.05959543213248253,1.1351399825057966,0.08275674867188376,1.003435878270998,0.9966221901649779,4.710614352464114,0,1,0,0,0,1,0.13214229047298431,0.5517116785049438,1.0,0.5517116785049438
24,600,1,dpga,rpn,0.14950808882713318,0.2701680660247803,0.0,0.26867976784706116,0.0,0.0,0.0,0.0,1.0,1.0,0.0,0,0,0,0,0,0,0.0,0.0,1.0,0.0
24,600,1,dpga,roi_shared,0.14950808882713318,0.2701680660247803,-0.05020446330308914,0.8833144903182983,0.2393333464860916,0.22082863748073578,0.27094919092728675,0.10939297073148085,1.0000000002116738,0.9940696812071633,6.2429737582926,1,0,0,0,1,1,0.9238471984863281,0.43757185339927673,1.0,0.43757185339927673
24,600,1,dpga,roi_cls,0.14950808882713318,0.2701680660247803,0.0,0.10047190636396408,0.0,0.0,0.0,0.0,1.0,1.0,0.0,0,0,0,0,0,0,0.0,0.5,1.0,0.5
24,600,1,dpga,roi_reg,0.14950808882713318,0.2701680660247803,-0.24478428065776825,0.17223088443279266,0.08538804948329926,0.008611544966697693,0.4957766417127068,0.011362355440432476,1.0000000000243863,0.9999354613740816,0.6509532855251557,1,0,0,0,1,1,0.10401629656553268,0.22724708914756775,1.0,0.22724708914756775
24,700,1,dpga,backbone,0.06682641059160233,3.047712564468384,-0.2674541771411896,1.7312442064285278,30.46087646484375,0.17312441766262054,17.594788968381906,0.020795923113461557,0.9999999996445943,0.9997837647478973,1.191540215780797,1,1,0,0,1,1,0.005898375529795885,0.20795923471450806,1.0,0.20795923471450806
24,700,1,dpga,fpn,0.06682641059160233,3.047712564468384,-0.19989174604415894,0.38783302903175354,10.352035522460938,0.05817495658993721,26.69199048958095,0.04035718000021766,1.0000000008055059,0.9991865863614386,2.3111216079444694,1,1,0,0,1,1,0.0057354154996573925,0.2690478563308716,1.0,0.2690478563308716
24,700,1,dpga,rpn,0.06682641059160233,3.047712564468384,0.0,0.17868442833423615,0.0,0.0,0.0,0.0,1.0,1.0,0.0,0,0,0,0,0,0,0.0,0.0,1.0,0.0
24,700,1,dpga,roi_shared,0.06682641059160233,3.047712564468384,-0.237202450633049,0.7496441602706909,27.607446670532227,0.18741104006767273,36.827401764276246,0.058493226766586304,1.0000000015054782,0.998293678997399,3.3475708048318245,1,1,0,0,1,1,0.006987855304032564,0.23397290706634521,1.0,0.23397290706634521
24,700,1,dpga,roi_cls,0.06682641059160233,3.047712564468384,0.0,0.07675801217556,0.0,0.0,0.0,0.0,1.0,1.0,0.0,0,0,0,0,0,0,0.0,0.5,1.0,0.5
24,700,1,dpga,roi_reg,0.06682641059160233,3.047712564468384,-0.4344242811203003,0.18565721809864044,8.688708305358887,0.009282860904932022,46.79973337068177,0.005114103481173515,1.0000000001066038,0.9999869978826603,0.29217640514746346,1,1,0,0,1,1,0.0011861576931551099,0.1022820696234703,1.0,0.1022820696234703
25,0,1,dpga,backbone,0.05952531099319458,0.17163048684597015,-0.17608682811260223,1.5494056940078735,2.151005744934082,0.15494057536125183,1.3882779398919334,0.02930878215528392,1.0000000001154785,0.9995708662974307,1.67860871751945,1,1,0,0,1,1,0.07317507266998291,0.29308781027793884,1.0,0.29308781027793884
25,0,1,dpga,fpn,0.05952531099319458,0.17163048684597015,-0.08574304729700089,0.3625928461551666,0.7155202031135559,0.05438892915844917,1.9733434090074653,0.05916498248535313,1.000000000155166,0.9982542485988813,3.3860395847788265,1,1,0,0,1,1,0.07629409432411194,0.3944332003593445,1.0,0.3944332003593445
25,0,1,dpga,rpn,0.05952531099319458,0.17163048684597015,0.0,0.2754684090614319,0.0,0.0,0.0,0.0,1.0,1.0,0.0,0,0,0,0,0,0,0.0,0.0,1.0,0.0
25,0,1,dpga,roi_shared,0.05952531099319458,0.17163048684597015,-0.09954411536455154,0.6198992133140564,0.974030077457428,0.1549747884273529,1.5712716785848864,0.09451910689622323,0.9999999997505679,0.9955627398252512,5.399528002441667,1,1,0,0,1,1,0.1599009931087494,0.3780764639377594,1.0,0.3780764639377594
25,0,1,dpga,roi_cls,0.05952531099319458,0.17163048684597015,0.0,0.07334518432617188,0.0,0.0,0.0,0.0,1.0,1.0,0.0,0,0,0,0,0,0,0.0,0.5,1.0,0.5
25,0,1,dpga,roi_reg,0.05952531099319458,0.17163048684597015,-0.3829790949821472,0.09493348747491837,0.3241861164569855,0.004746674560010433,3.4148763000267546,0.006421593083601717,1.0000000001701115,0.9999793598006845,0.36812500721526226,1,1,0,0,1,1,0.015850292518734932,0.12843185663223267,1.0,0.12843185663223267
25,100,1,dpga,backbone,0.07817917317152023,1.1544238328933716,-0.2107577919960022,1.842037320137024,12.695536613464355,0.18420372903347015,6.892116937413608,0.025849818765125376,0.9999999991807333,0.9996661114167221,1.4806434832343829,1,1,0,0,1,1,0.014842723496258259,0.2584981918334961,1.0,0.2584981918334961
25,100,1,dpga,fpn,0.07817917317152023,1.1544238328933716,-0.11012625694274902,0.4399885833263397,4.4442362785339355,0.06599829345941544,10.100799081956279,0.05485770154713862,1.0000000003029599,0.9984986914422601,3.1399805610269653,1,1,0,0,1,1,0.01494118943810463,0.36571797728538513,1.0,0.36571797728538513
25,100,1,dpga,rpn,0.07817917317152023,1.1544238328933716,0.0,0.25909432768821716,0.0,0.0,0.0,0.0,1.0,1.0,0.0,0,0,0,0,0,0,0.0,0.0,1.0,0.0
25,100,1,dpga,roi_shared,0.07817917317152023,1.1544238328933716,-0.14228565990924835,0.9121091365814209,13.712545394897461,0.22802728414535522,15.033886675329217,0.08232083171606064,1.000000001526803,0.9966287238384145,4.706053727900858,1,1,0,0,1,1,0.016800029203295708,0.32928332686424255,1.0,0.32928332686424255
25,100,1,dpga,roi_cls,0.07817917317152023,1.1544238328933716,0.0,0.10250680148601532,0.0,0.0,0.0,0.0,1.0,1.0,0.0,0,0,0,0,0,0,0.0,0.5,1.0,0.5
25,100,1,dpga,roi_reg,0.07817917317152023,1.1544238328933716,-0.12234117835760117,0.20000553131103516,5.454348564147949,0.010000275447964668,27.270988599138857,0.017583506824483442,1.0000000001759033,0.9998454288000665,1.007412913838402,1,1,0,0,1,1,0.0018473269883543253,0.35167017579078674,1.0,0.35167017579078674
25,200,1,dpga,backbone,0.053704001009464264,0.30666103959083557,-0.01871560700237751,1.4387247562408447,2.9865200519561768,0.1438724845647812,2.0758105669631144,0.04766225514961398,1.0,0.99886605522537,2.728818367629713,1,1,0,0,1,1,0.04818239063024521,0.4766225218772888,1.0,0.4766225218772888
25,200,1,dpga,fpn,0.053704001009464264,0.30666103959083557,-0.05560529977083206,0.3708210587501526,0.9938365817070007,0.05562315881252289,2.6800974708845113,0.06464064717292786,0.9999999999344439,0.9979173379512298,3.6984728477219844,1,1,0,0,1,1,0.056054841727018356,0.43093764781951904,1.0,0.43093764781951904
25,200,1,dpga,rpn,0.053704001009464264,0.30666103959083557,0.0,0.2299029529094696,0.0,0.0,0.0,0.0,1.0,1.0,0.0,0,0,0,0,0,0,0.0,0.0,1.0,0.0
25,200,1,dpga,roi_shared,0.053704001009464264,0.30666103959083557,-0.0818144828081131,0.6545330286026001,0.6013807058334351,0.16363327205181122,0.9187935208057522,0.09978365316689779,0.999999999855529,0.9950584352576138,5.698346823039171,1,0,0,0,1,1,0.2730112075805664,0.3991345763206482,1.0,0.3991345763206482
25,200,1,dpga,roi_cls,0.053704001009464264,0.30666103959083557,0.0,0.18119454383850098,0.0,0.0,0.0,0.0,1.0,1.0,0.0,0,0,0,0,0,0,0.0,0.5,1.0,0.5
25,200,1,dpga,roi_reg,0.053704001009464264,0.30666103959083557,-0.07829990237951279,0.12655185163021088,0.18458837270736694,0.006327593233436346,1.4585987508641194,0.020167822233491766,0.999999999862563,0.9997968090128189,1.155040478523404,1,1,0,0,1,1,0.03438504785299301,0.4033564031124115,1.0,0.4033564031124115
25,300,1,dpga,backbone,0.06304269284009933,0.1796940118074417,0.12575823068618774,1.494220495223999,2.265557050704956,0.1494220495223999,1.5162133419708754,0.0652215301990509,1.0082021442404783,0.9979469864484238,3.672043922539687,0,1,0,0,0,1,0.06595377624034882,0.652215301990509,1.0,0.652215301990509
25,300,1,dpga,fpn,0.06304269284009933,0.1796940118074417,-0.062300652265548706,0.4138546586036682,0.8329468369483948,0.06207819655537605,2.012655456770088,0.06341217974985669,1.0000000002291844,0.9979954797807048,3.628402216390755,1,1,0,0,1,1,0.07467346638441086,0.4227478802204132,1.0,0.4227478802204132
25,300,1,dpga,rpn,0.06304269284009933,0.1796940118074417,0.0,0.09417058527469635,0.0,0.0,0.0,0.0,1.0,1.0,0.0,0,0,0,0,0,0,0.0,0.0,1.0,0.0
25,300,1,dpga,roi_shared,0.06304269284009933,0.1796940118074417,-0.0982377827167511,0.8050724864006042,0.7161881327629089,0.20126812160015106,0.8895945953449632,0.0949033871293068,0.9999999998232812,0.9955268316468785,5.4213478568976115,1,0,0,0,1,1,0.28239282965660095,0.3796135485172272,1.0,0.3796135485172272
25,300,1,dpga,roi_cls,0.06304269284009933,0.1796940118074417,0.0,0.20189626514911652,0.0,0.0,0.0,0.0,1.0,1.0,0.0,0,0,0,0,0,0,0.0,0.5,1.0,0.5
25,300,1,dpga,roi_reg,0.06304269284009933,0.1796940118074417,-0.3482140004634857,0.11828625202178955,0.22794723510742188,0.0059143127873539925,1.9270813912121558,0.007458853956526725,0.9999999999369701,0.9999721601425177,0.4275354604948916,1,1,0,0,1,1,0.02767821028828621,0.14917707443237305,1.0,0.14917707443237305
25,400,1,dpga,backbone,0.024474170058965683,0.006991532165557146,0.11832654476165771,0.7338778376579285,1.578437328338623,0.07338778674602509,2.1508175439334583,0.06437397264592515,1.0076171487965269,0.9979938775182905,3.629852547403772,0,1,0,0,0,1,0.046493951231241226,0.6437397003173828,1.0,0.6437397003173828
25,400,1,dpga,fpn,0.024474170058965683,0.006991532165557146,0.0887293592095375,0.2212824821472168,0.47587841749191284,0.03319237008690834,2.1505471778616267,0.0913691399558295,1.0081071266013135,0.9959497786013621,5.1585031910486325,0,1,0,0,0,1,0.06974969059228897,0.6091276407241821,1.0,0.6091276407241821
25,400,1,dpga,rpn,0.024474170058965683,0.006991532165557146,0.0,0.11762365698814392,0.0,0.0,0.0,0.0,1.0,1.0,0.0,0,0,0,0,0,0,0.0,0.0,1.0,0.0
25,400,1,dpga,roi_shared,0.024474170058965683,0.006991532165557146,-0.06907699257135391,0.4406788945198059,0.10067238658666611,0.10043191909790039,0.2284483959604321,0.09446613923043538,0.9999999996617897,0.995567700075359,5.396506957270749,1,0,0,0,1,0,1.0,0.41450202465057373,1.0,0.41450202465057373
25,400,1,dpga,roi_cls,0.024474170058965683,0.006991532165557146,0.0,0.06417707353830338,0.0,0.0,0.0,0.0,1.0,1.0,0.0,0,0,0,0,0,0,0.0,0.5,1.0,0.5
25,400,1,dpga,roi_reg,0.024474170058965683,0.006991532165557146,0.07229608297348022,0.044097788631916046,0.030367786064743996,0.002204889664426446,0.6886464606700283,0.029469943178287335,1.0021305616768093,0.9995702069838522,1.6798978075852664,0,0,0,0,0,1,0.07260619848966599,0.5893988013267517,1.0,0.5893988013267517
25,500,1,dpga,backbone,0.12545041739940643,1.2699638605117798,-0.2284969985485077,1.7364771366119385,7.495824337005615,0.17364774644374847,4.316684728501988,0.024186444378286022,0.9999999992669838,0.9997077040497147,1.3853503172858856,1,1,0,0,1,1,0.023795446380972862,0.2418643981218338,1.0,0.2418643981218338
25,500,1,dpga,fpn,0.12545041739940643,1.2699638605117798,-0.10382913053035736,0.42238059639930725,2.6158652305603027,0.06335709244012833,6.193147253590537,0.05595781172279436,0.9999999998003422,0.9984380317914101,3.2028033277690735,1,1,0,0,1,1,0.02435193955898285,0.37305206060409546,1.0,0.37305206060409546
25,500,1,dpga,rpn,0.12545041739940643,1.2699638605117798,0.0,0.2161095291376114,0.0,0.0,0.0,0.0,1.0,1.0,0.0,0,0,0,0,0,0,0.0,0.0,1.0,0.0
25,500,1,dpga,roi_shared,0.12545041739940643,1.2699638605117798,-0.12486597895622253,0.9041585922241211,6.101843357086182,0.22603961825370789,6.748642781877882,0.0871993188330511,1.0000000000059177,0.9962196980572161,4.983538108303518,1,1,0,0,1,1,0.037336695939302444,0.3487973213195801,1.0,0.3487973213195801
25,500,1,dpga,roi_cls,0.12545041739940643,1.2699638605117798,0.0,0.14065021276474,0.0,0.0,0.0,0.0,1.0,1.0,0.0,0,0,0,0,0,0,0.0,0.5,1.0,0.5
25,500,1,dpga,roi_reg,0.12545041739940643,1.2699638605117798,-0.042593829333782196,0.15369634330272675,1.8244389295578003,0.0076848166063427925,11.870412075870336,0.022347898646411218,0.9999999999397706,0.9997503140583882,1.2803942415838487,1,1,0,0,1,1,0.004215979482978582,0.4469580054283142,1.0,0.4469580054283142
25,600,1,dpga,backbone,0.10952341556549072,0.4224426746368408,0.17204147577285767,1.7005760669708252,12.500408172607422,0.17005760967731476,7.350690401561365,0.07027039651040805,1.012089421671684,0.9976691844028562,3.912694853844611,0,1,0,0,0,1,0.013604164123535156,0.7027039527893066,1.0,0.7027039527893066
25,600,1,dpga,fpn,0.10952341556549072,0.4224426746368408,0.1664990931749344,0.421932190656662,3.654421806335449,0.0632898211479187,8.661159037541069,0.10453233382370121,1.0174045387891058,0.9949073288029016,5.784887681070479,0,1,0,0,0,1,0.01731869764626026,0.6968823075294495,1.0,0.6968823075294495
25,600,1,dpga,rpn,0.10952341556549072,0.4224426746368408,0.0,0.2642590403556824,0.0,0.0,0.0,0.0,1.0,1.0,0.0,0,0,0,0,0,0,0.0,0.0,1.0,0.0
25,600,1,dpga,roi_shared,0.10952341556549072,0.4224426746368408,-0.09602709859609604,0.6890946626663208,4.645691871643066,0.1722736656665802,6.741732483701797,0.09555502980947495,1.000000001927006,0.9954655500029871,5.458385223982971,1,1,0,0,1,1,0.03725462034344673,0.3822201192378998,1.0,0.3822201192378998
25,600,1,dpga,roi_cls,0.10952341556549072,0.4224426746368408,0.0,0.07792205363512039,0.0,0.0,0.0,0.0,1.0,1.0,0.0,0,0,0,0,0,0,0.0,0.5,1.0,0.5
25,600,1,dpga,roi_reg,0.10952341556549072,0.4224426746368408,-0.2349672168493271,0.124979667365551,1.3850188255310059,0.006248984020203352,11.081953206676305,0.011799099782215458,0.9999999998522904,0.9999303751491222,0.676117674564215,1,1,0,0,1,1,0.00464179553091526,0.23598197102546692,1.0,0.23598197102546692
25,700,1,dpga,backbone,0.07973943650722504,1.789576530456543,0.04411395266652107,2.150888442993164,20.200698852539062,0.2150888293981552,9.391792920895464,0.0554919860065629,1.0024479712575123,0.9984743190985985,3.165371711363127,0,1,0,0,0,1,0.01064759399741888,0.5549198985099792,1.0,0.5549198985099792
25,700,1,dpga,fpn,0.07973943650722504,1.789576530456543,0.08976868540048599,0.4964309632778168,6.891966342926025,0.07446464896202087,13.883030779184269,0.09155464423971539,1.0082187407378438,0.9959351220366179,5.167834639677285,0,1,0,0,0,1,0.010804558172821999,0.6103642582893372,1.0,0.6103642582893372
25,700,1,dpga,rpn,0.07973943650722504,1.789576530456543,0.0,0.3725455403327942,0.0,0.0,0.0,0.0,1.0,1.0,0.0,0,0,0,0,0,0,0.0,0.0,1.0,0.0
25,700,1,dpga,roi_shared,0.07973943650722504,1.789576530456543,-0.016638053581118584,0.9120067954063416,20.069900512695312,0.22800171375274658,22.00630588914991,0.11980360784307824,1.000000000034748,0.9928999017239503,6.831673566017558,1,1,0,0,1,1,0.011361953802406788,0.4792144000530243,1.0,0.4792144000530243
25,700,1,dpga,roi_cls,0.07973943650722504,1.789576530456543,0.0,0.107046939432621,0.0,0.0,0.0,0.0,1.0,1.0,0.0,0,0,0,0,0,0,0.0,0.5,1.0,0.5
25,700,1,dpga,roi_reg,0.07973943650722504,1.789576530456543,-0.10676967352628708,0.16060730814933777,6.069802284240723,0.008030365221202374,37.79281499816203,0.018480988908300484,0.9999999999918546,0.9998291282603113,1.059202348544521,1,1,0,0,1,1,0.0013306087348610163,0.36961978673934937,1.0,0.36961978673934937
26,0,1,dpga,backbone,0.21527141332626343,0.5589022040367126,0.02541111409664154,4.160190105438232,3.528148889541626,0.4160190522670746,0.8480739581899401,0.05317212876488176,1.0013511620403976,0.9985943275656212,3.0382994882297867,0,0,0,0,0,1,0.11791424453258514,0.5317212343215942,1.0,0.5317212343215942
26,0,1,dpga,fpn,0.21527141332626343,0.5589022040367126,-0.025820603594183922,0.7469280958175659,1.1300917863845825,0.1120392307639122,1.512986046063265,0.07016535980824785,1.0000000000736822,0.997547480475594,4.013586863301286,1,1,0,0,1,1,0.09917476773262024,0.46776899695396423,1.0,0.46776899695396423
26,0,1,dpga,rpn,0.21527141332626343,0.5589022040367126,0.0,0.16365285217761993,0.0,0.0,0.0,0.0,1.0,1.0,0.0,0,0,0,0,0,0,0.0,0.0,1.0,0.0
26,0,1,dpga,roi_shared,0.21527141332626343,0.5589022040367126,-0.056795258074998856,1.2679377794265747,2.331352472305298,0.31698447465896606,1.8386962752696372,0.10736981298692894,1.0000000001637595,0.9942852288817438,6.12835750341934,1,1,0,0,1,1,0.13618573546409607,0.4294792115688324,1.0,0.4294792115688324
26,0,1,dpga,roi_cls,0.21527141332626343,0.5589022040367126,0.0,0.2555682063102722,0.0,0.0,0.0,0.0,1.0,1.0,0.0,0,0,0,0,0,0,0.0,0.5,1.0,0.5
26,0,1,dpga,roi_reg,0.21527141332626343,0.5589022040367126,-0.1617138534784317,0.16373209655284882,1.1061989068984985,0.00818660482764244,6.756151849197411,0.015409772098064423,1.0000000000287537,0.999881246855174,0.8830076942150892,1,1,0,0,1,1,0.007499371189624071,0.30819544196128845,1.0,0.30819544196128845
26,100,1,dpga,backbone,0.1212133839726448,1.1525965929031372,0.06616570800542831,2.1813018321990967,12.520941734313965,0.2181301862001419,5.74012342055885,0.0581960984074928,1.003850584753501,0.9983310370970435,3.3107119182635865,0,1,0,0,0,1,0.01742122881114483,0.5819609761238098,1.0,0.5819609761238098
26,100,1,dpga,fpn,0.1212133839726448,1.1525965929031372,-0.06469535827636719,0.6179111003875732,3.9987268447875977,0.09268666058778763,6.47136269647765,0.0629742949630374,0.9999999994202854,0.9980230780410966,3.6033294076367026,1,1,0,0,1,1,0.02322770468890667,0.4198286533355713,1.0,0.4198286533355713
26,100,1,dpga,rpn,0.1212133839726448,1.1525965929031372,0.0,0.1661491096019745,0.0,0.0,0.0,0.0,1.0,1.0,0.0,0,0,0,0,0,0,0.0,0.0,1.0,0.0
26,100,1,dpga,roi_shared,0.1212133839726448,1.1525965929031372,-0.12045168876647949,1.206128478050232,10.081901550292969,0.301532119512558,8.358895203760445,0.08845679461956024,1.00000000115383,0.996110462587413,5.055073498192961,1,1,0,0,1,1,0.030127614736557007,0.35382717847824097,1.0,0.35382717847824097
26,100,1,dpga,roi_cls,0.1212133839726448,1.1525965929031372,0.0,0.15487968921661377,0.0,0.0,0.0,0.0,1.0,1.0,0.0,0,0,0,0,0,0,0.0,0.5,1.0,0.5
26,100,1,dpga,roi_reg,0.1212133839726448,1.1525965929031372,-0.42133235931396484,0.15621404349803925,3.8810172080993652,0.007810702547430992,24.84422732549061,0.005422551070990512,1.0000000000889233,0.9999853103397629,0.31055894117005783,1,1,0,0,1,1,0.0022191267926245928,0.10845101624727249,1.0,0.10845101624727249
26,200,1,dpga,backbone,0.041616931557655334,0.18569983541965485,-0.03197905793786049,1.1422566175460815,2.1625094413757324,0.11422564834356308,1.8931905564455977,0.04601110573816308,1.000000000082106,0.9989431907142909,2.634354369072996,1,1,0,0,1,1,0.05284791439771652,0.4601111114025116,1.0,0.4601111114025116
26,200,1,dpga,fpn,0.041616931557655334,0.18569983541965485,0.04543415084481239,0.26725688576698303,0.6443561911582947,0.040088534355163574,2.410999399731457,0.08348246229060344,1.0037929547846076,0.9965665674365805,4.749263101761705,0,1,0,0,0,1,0.062214866280555725,0.5565497279167175,1.0,0.5565497279167175
26,200,1,dpga,rpn,0.041616931557655334,0.18569983541965485,0.0,0.11569571495056152,0.0,0.0,0.0,0.0,1.0,1.0,0.0,0,0,0,0,0,0,0.0,0.0,1.0,0.0
26,200,1,dpga,roi_shared,0.041616931557655334,0.18569983541965485,-0.027140816673636436,0.5608147382736206,0.6823121309280396,0.14020366966724396,1.2166444359654838,0.11653147889437451,1.0000000002092648,0.9932785994151068,6.6467765021680325,1,1,0,0,1,1,0.2055589258670807,0.4661259651184082,1.0,0.4661259651184082
26,200,1,dpga,roi_cls,0.041616931557655334,0.18569983541965485,0.0,0.06918825954198837,0.0,0.0,0.0,0.0,1.0,1.0,0.0,0,0,0,0,0,0,0.0,0.5,1.0,0.5
26,200,1,dpga,roi_reg,0.041616931557655334,0.18569983541965485,0.26729750633239746,0.12588058412075043,0.28362852334976196,0.006294029299169779,2.2531554435566687,0.03959558366713817,1.010583800776002,0.9992880655135344,2.162138025695026,0,1,0,0,0,1,0.02219110168516636,0.7919116616249084,1.0,0.7919116616249084
26,300,1,dpga,backbone,0.024835944175720215,0.1858997642993927,0.14095553755760193,1.2283611297607422,6.678204536437988,0.12283612042665482,5.43667849351335,0.06692462373397154,1.0094333983087713,0.9978528995056205,3.7552733306531785,0,1,0,0,0,1,0.018393583595752716,0.6692461967468262,1.0,0.6692461967468262
26,300,1,dpga,fpn,0.024835944175720215,0.1858997642993927,-0.013737711124122143,0.24404557049274445,1.7114989757537842,0.036606840789318085,7.013030280771548,0.07242520142288951,0.9999999999245974,0.9973875368229886,4.142450357634468,1,1,0,0,1,1,0.021390778943896294,0.4828346073627472,1.0,0.4828346073627472
26,300,1,dpga,rpn,0.024835944175720215,0.1858997642993927,0.0,0.11993323266506195,0.0,0.0,0.0,0.0,1.0,1.0,0.0,0,0,0,0,0,0,0.0,0.0,1.0,0.0
26,300,1,dpga,roi_shared,0.024835944175720215,0.1858997642993927,-0.07624541223049164,0.4495335817337036,1.3649653196334839,0.1123834028840065,3.03640345259471,0.10145775901364093,0.9999999999425793,0.9948925812349918,5.7932648174708286,1,1,0,0,1,1,0.08257462084293365,0.4058310091495514,1.0,0.4058310091495514
26,300,1,dpga,roi_cls,0.024835944175720215,0.1858997642993927,0.0,0.0895274430513382,0.0,0.0,0.0,0.0,1.0,1.0,0.0,0,0,0,0,0,0,0.0,0.5,1.0,0.5
26,300,1,dpga,roi_reg,0.024835944175720215,0.1858997642993927,0.08723589777946472,0.10612840205430984,0.5716552138328552,0.005306419916450977,5.3864488936742685,0.030367412097236444,1.0026491286837962,0.9995450915060978,1.7282880148490143,0,1,0,0,0,1,0.009282553568482399,0.6073482632637024,1.0,0.6073482632637024
26,400,1,dpga,backbone,0.25195422768592834,1.254279375076294,-0.004128193017095327,2.8484530448913574,7.8808274269104,0.2848453223705292,2.7667043488901824,0.04948399675588029,0.9999999999840251,0.9987777859173471,2.8330583232336597,1,1,0,0,1,1,0.03614439815282822,0.49483993649482727,1.0,0.49483993649482727
26,400,1,dpga,fpn,0.25195422768592834,1.254279375076294,-0.057917896658182144,0.7628347277641296,2.572843074798584,0.11442521214485168,3.372739836241584,0.06421566176772724,1.0000000001128682,0.9979445758628563,3.6741998294246336,1,1,0,0,1,1,0.04454900696873665,0.4281044006347656,1.0,0.4281044006347656
26,400,1,dpga,rpn,0.25195422768592834,1.254279375076294,0.0,0.30991873145103455,0.0,0.0,0.0,0.0,1.0,1.0,0.0,0,0,0,0,0,0,0.0,0.0,1.0,0.0
26,400,1,dpga,roi_shared,0.25195422768592834,1.254279375076294,-0.0538523904979229,1.5619184970855713,6.528378486633301,0.3904796242713928,4.179717763004145,0.10827206820249557,1.0000000006396164,0.994189499636499,6.179522387753459,1,1,0,0,1,1,0.05989956110715866,0.4330882728099823,1.0,0.4330882728099823
26,400,1,dpga,roi_cls,0.25195422768592834,1.254279375076294,0.0,0.19111444056034088,0.0,0.0,0.0,0.0,1.0,1.0,0.0,0,0,0,0,0,0,0.0,0.5,1.0,0.5
26,400,1,dpga,roi_reg,0.25195422768592834,1.254279375076294,0.18647031486034393,0.2369769662618637,2.325798749923706,0.011848848313093185,9.814450689497212,0.03587760627269745,1.0066901090727234,0.9993875892546523,2.0053085140345144,0,1,0,0,0,1,0.005094528663903475,0.717552125453949,1.0,0.717552125453949
26,500,1,dpga,backbone,0.07614032924175262,1.412473440170288,0.05821703001856804,1.3047354221343994,14.961639404296875,0.1304735541343689,11.467182656711602,0.0572261802983722,1.0033315371903577,0.9983828216083918,3.258930810070079,0,1,0,0,0,1,0.008720537647604942,0.5722617506980896,1.0,0.5722617506980896
26,500,1,dpga,fpn,0.07614032924175262,1.412473440170288,0.182874396443367,0.3074318468570709,4.868401050567627,0.04611478000879288,15.835708305232965,0.1070840994182855,1.0195829368584457,0.9947112526623868,5.895296222731418,0,1,0,0,0,1,0.009472263976931572,0.7138939499855042,1.0,0.7138939499855042
26,500,1,dpga,rpn,0.07614032924175262,1.412473440170288,0.0,0.24039268493652344,0.0,0.0,0.0,0.0,1.0,1.0,0.0,0,0,0,0,0,0,0.0,0.0,1.0,0.0
26,500,1,dpga,roi_shared,0.07614032924175262,1.412473440170288,0.16080938279628754,0.6746900081634521,13.656847953796387,0.16867250204086304,20.24166326543233,0.1727098673582077,1.027773362025547,0.9865234147410908,9.417085321332653,0,1,0,0,0,1,0.012350764125585556,0.6908394694328308,1.0,0.6908394694328308
26,500,1,dpga,roi_cls,0.07614032924175262,1.412473440170288,0.0,0.07680631428956985,0.0,0.0,0.0,0.0,1.0,1.0,0.0,0,0,0,0,0,0,0.0,0.5,1.0,0.5
26,500,1,dpga,roi_reg,0.07614032924175262,1.412473440170288,0.2053643763065338,0.14832082390785217,3.7519755363464355,0.007416040636599064,25.296350421282984,0.03681496402384654,1.0075604810283332,0.9993612871898298,2.047922709859335,0,1,0,0,0,1,0.0019765696488320827,0.7362993359565735,1.0,0.7362993359565735
26,600,1,dpga,backbone,0.00627006683498621,0.0,0.0,0.5096352100372314,0.0,0.0,0.0,0.0,1.0,1.0,0.0,0,0,0,0,0,0,0.0,0.5,1.0,0.5
26,600,1,dpga,fpn,0.00627006683498621,0.0,0.0,0.13745246827602386,0.0,0.0,0.0,0.0,1.0,1.0,0.0,0,0,0,0,0,0,0.0,0.5,1.0,0.5
26,600,1,dpga,rpn,0.00627006683498621,0.0,0.0,0.07212823629379272,0.0,0.0,0.0,0.0,1.0,1.0,0.0,0,0,0,0,0,0,0.0,0.0,1.0,0.0
26,600,1,dpga,roi_shared,0.00627006683498621,0.0,0.0,0.17739026248455048,0.0,0.0,0.0,0.0,1.0,1.0,0.0,0,0,0,0,0,0,0.0,0.5,1.0,0.5
26,600,1,dpga,roi_cls,0.00627006683498621,0.0,0.0,0.04981241375207901,0.0,0.0,0.0,0.0,1.0,1.0,0.0,0,0,0,0,0,0,0.0,0.5,1.0,0.5
26,600,1,dpga,roi_reg,0.00627006683498621,0.0,0.0,0.0,0.0,0.0,0.0,0.0,0.0,0.0,90.0,0,0,0,1,0,0,0.0,0.0,1.0,0.0
26,700,1,dpga,backbone,0.0712815597653389,2.0430185794830322,0.07295436412096024,2.021609306335449,34.48419189453125,0.20216095447540283,17.057792416399387,0.05901951293809855,1.0043057310371277,0.9982868666802003,3.354248475808998,0,1,0,0,0,1,0.005862423684448004,0.5901950597763062,1.0,0.5901950597763062
26,700,1,dpga,fpn,0.0712815597653389,2.0430185794830322,-0.048440493643283844,0.5141075849533081,10.467873573303223,0.07711613923311234,20.36125099040102,0.06596155145071952,1.0000000000262206,0.9978315690220428,3.7738874253017287,1,1,0,0,1,1,0.007375593297183514,0.43974366784095764,1.0,0.43974366784095764
26,700,1,dpga,rpn,0.0712815597653389,2.0430185794830322,0.0,0.17924106121063232,0.0,0.0,0.0,0.0,1.0,1.0,0.0,0,0,0,0,0,0,0.0,0.0,1.0,0.0
26,700,1,dpga,roi_shared,0.0712815597653389,2.0430185794830322,-0.05384774133563042,0.9455946683883667,28.917325973510742,0.23639866709709167,30.581100909543263,0.10827349871397018,0.9999999994815001,0.994189443900896,6.1795520541173365,1,1,0,0,1,1,0.00818686094135046,0.43309399485588074,1.0,0.43309399485588074
26,700,1,dpga,roi_cls,0.0712815597653389,2.0430185794830322,0.0,0.2166827768087387,0.0,0.0,0.0,0.0,1.0,1.0,0.0,0,0,0,0,0,0,0.0,0.5,1.0,0.5
26,700,1,dpga,roi_reg,0.0712815597653389,2.0430185794830322,-0.2909575402736664,0.1787073165178299,8.767608642578125,0.008935365825891495,49.061274118026205,0.009463290870189666,1.0000000001104947,0.9999551420416697,0.5426989799736816,1,1,0,0,1,1,0.0010652192868292332,0.18926581740379333,1.0,0.18926581740379333
27,0,1,dpga,backbone,0.022715846076607704,0.15104590356349945,0.14701350033283234,0.6847338676452637,15.436918258666992,0.06847338378429413,22.5444059189786,0.06759162847065134,1.0099368859234417,0.9978159690217158,3.7874429662985087,0,1,0,0,0,1,0.004435690585523844,0.675916314125061,1.0,0.675916314125061
27,0,1,dpga,fpn,0.022715846076607704,0.15104590356349945,0.045796360820531845,0.18780946731567383,5.267135143280029,0.028171423822641373,28.045099209119876,0.08354950757978041,1.0038262624617629,0.9965613952959989,4.75284096398464,0,1,0,0,0,1,0.005348528269678354,0.5569966435432434,1.0,0.5569966435432434
27,0,1,dpga,rpn,0.022715846076607704,0.15104590356349945,0.0,0.0595991276204586,0.0,0.0,0.0,0.0,1.0,1.0,0.0,0,0,0,0,0,0,0.0,0.0,1.0,0.0
27,0,1,dpga,roi_shared,0.022715846076607704,0.15104590356349945,-0.1785488724708557,0.35865986347198486,2.6172072887420654,0.08966495841741562,7.297184757185681,0.07263595007299042,1.0000000000686557,0.9973723585660935,4.154471885378409,1,1,0,0,1,1,0.03481929749250412,0.2905438244342804,1.0,0.2905438244342804
27,0,1,dpga,roi_cls,0.022715846076607704,0.15104590356349945,0.0,0.05222050100564957,0.0,0.0,0.0,0.0,1.0,1.0,0.0,0,0,0,0,0,0,0.0,0.5,1.0,0.5
27,0,1,dpga,roi_reg,0.022715846076607704,0.15104590356349945,-0.47595757246017456,0.052409276366233826,0.7748185396194458,0.0026204639580100775,14.783996142305922,0.004236350434363079,1.0000000000376985,0.9999910439443064,0.242491403510897,1,1,0,0,1,1,0.0038455461617559195,0.08472700417041779,1.0,0.08472700417041779
27,100,1,dpga,backbone,0.2398352324962616,1.7309377193450928,0.05571596324443817,2.69222354888916,10.188608169555664,0.26922234892845154,3.7844584539644157,0.05691979997501962,1.0031713412712462,0.9983992386305981,3.2423424200699844,0,1,0,0,0,1,0.026423858478665352,0.5691980123519897,1.0,0.5691980123519897
27,100,1,dpga,fpn,0.2398352324962616,1.7309377193450928,0.03198111429810524,0.7522327899932861,3.250694513320923,0.11283493041992188,4.32139432973925,0.08098372182510546,1.0025899502673505,0.9967568829386352,4.615687363656752,0,1,0,0,0,1,0.034711021929979324,0.5398914217948914,1.0,0.5398914217948914
27,100,1,dpga,rpn,0.2398352324962616,1.7309377193450928,0.0,0.33754846453666687,0.0,0.0,0.0,0.0,1.0,1.0,0.0,0,0,0,0,0,0,0.0,0.0,1.0,0.0
27,100,1,dpga,roi_shared,0.2398352324962616,1.7309377193450928,-0.004991800058633089,1.4586836099624634,8.450543403625488,0.36467087268829346,5.793266850954025,0.12344013635821986,1.0000000000426066,0.9924672310819688,7.037006463506472,1,1,0,0,1,1,0.04315407946705818,0.4937605857849121,1.0,0.4937605857849121
27,100,1,dpga,roi_cls,0.2398352324962616,1.7309377193450928,0.0,0.21878686547279358,0.0,0.0,0.0,0.0,1.0,1.0,0.0,0,0,0,0,0,0,0.0,0.5,1.0,0.5
27,100,1,dpga,roi_reg,0.2398352324962616,1.7309377193450928,0.21586818993091583,0.17094703018665314,3.297281503677368,0.008547351695597172,19.288322821853892,0.03731846294665427,1.0080558696033866,0.9993473425276943,2.0701599906168946,0,1,0,0,0,1,0.0025922420900315046,0.7463692426681519,1.0,0.7463692426681519
27,200,1,dpga,backbone,0.276361882686615,0.46820664405822754,0.10626412183046341,2.804635763168335,2.4246861934661865,0.2804636061191559,0.864528016546103,0.0629791147873881,1.0066924198573108,0.9980708353701349,3.559525587028741,0,0,0,0,0,1,0.11567004770040512,0.6297910809516907,1.0,0.6297910809516907
27,200,1,dpga,fpn,0.276361882686615,0.46820664405822754,0.07312189042568207,0.7315508723258972,0.7513137459754944,0.10973263531923294,1.0270150366805837,0.0885596520023764,1.006475650489496,0.9961717302146162,5.015076303901531,0,1,0,0,0,1,0.14605434238910675,0.5903976559638977,1.0,0.5903976559638977
27,200,1,dpga,rpn,0.276361882686615,0.46820664405822754,0.0,0.381556898355484,0.0,0.0,0.0,0.0,1.0,1.0,0.0,0,0,0,0,0,0,0.0,0.0,1.0,0.0
27,200,1,dpga,roi_shared,0.276361882686615,0.46820664405822754,-0.002707206644117832,1.6092668771743774,0.1397913694381714,0.1397908478975296,0.0868664926998456,0.043139134882324744,0.9999999999908219,0.9990707563852083,2.470222420572945,1,0,0,0,1,0,1.0,0.49661606550216675,1.0,0.49661606550216675
27,200,1,dpga,roi_cls,0.276361882686615,0.46820664405822754,0.0,0.19861286878585815,0.0,0.0,0.0,0.0,1.0,1.0,0.0,0,0,0,0,0,0,0.0,0.5,1.0,0.5
27,200,1,dpga,roi_reg,0.276361882686615,0.46820664405822754,0.113581582903862,0.21266761422157288,0.04564623907208443,0.010633381083607674,0.21463653146795916,0.03191401772249669,1.003624844649743,0.9995013074049701,1.8095564677416773,0,0,0,0,0,1,0.23295196890830994,0.6382803320884705,1.0,0.6382803320884705
27,300,1,dpga,backbone,0.21580460667610168,0.4260327219963074,0.01592538319528103,1.9209400415420532,3.1589624881744385,0.19209398329257965,1.6444878131847107,0.05198961527786446,1.0008279547391516,0.9986538979885806,2.97320836446688,0,1,0,0,0,1,0.06080920994281769,0.5198962092399597,1.0,0.5198962092399597
27,300,1,dpga,fpn,0.21580460667610168,0.4260327219963074,-0.024052875116467476,0.5573946237564087,1.0098470449447632,0.0836091935634613,1.8117272788516958,0.07049551159143448,1.0000000000871891,0.9975244109025077,4.032427298882547,1,1,0,0,1,1,0.08281788229942322,0.46997007727622986,1.0,0.46997007727622986
27,300,1,dpga,rpn,0.21580460667610168,0.4260327219963074,0.0,0.28951579332351685,0.0,0.0,0.0,0.0,1.0,1.0,0.0,0,0,0,0,0,0,0.0,0.0,1.0,0.0
27,300,1,dpga,roi_shared,0.21580460667610168,0.4260327219963074,0.05582987144589424,1.096699833869934,0.11106687784194946,0.11106687784194946,0.10127372541858315,0.05765894646045505,1.003219091568593,0.998357627415576,3.28422521442132,0,0,0,0,0,0,1.0,0.5693376660346985,1.0,0.5693376660346985
27,300,1,dpga,roi_cls,0.21580460667610168,0.4260327219963074,0.0,0.12071996182203293,0.0,0.0,0.0,0.0,1.0,1.0,0.0,0,0,0,0,0,0,0.0,0.5,1.0,0.5
27,300,1,dpga,roi_reg,0.21580460667610168,0.4260327219963074,0.20066428184509277,0.203159898519516,0.032427411526441574,0.0101579949259758,0.15961521817420343,0.03658555448055267,1.0073414145609119,0.9993676309920557,2.0377260981852703,0,0,0,0,0,1,0.31325334310531616,0.7317110896110535,1.0,0.7317110896110535
27,400,1,dpga,backbone,0.21623685956001282,0.3033733367919922,-0.048657286912202835,2.5882623195648193,1.7582135200500488,0.25882625579833984,0.6793026760694287,0.04394766497125644,0.9999999996945154,0.9990357461865073,2.516333598863538,1,0,0,0,1,1,0.14738436043262482,0.4394766092300415,1.0,0.4394766092300415
27,400,1,dpga,fpn,0.21623685956001282,0.3033733367919922,-0.035648833960294724,0.6478555202484131,0.5985525846481323,0.09717833250761032,0.9238982549976944,0.0683334888659843,0.999999999838754,0.9976735172044046,3.909055054668285,1,0,0,0,1,1,0.16245880722999573,0.45555657148361206,1.0,0.45555657148361206
27,400,1,dpga,rpn,0.21623685956001282,0.3033733367919922,0.0,0.3552761375904083,0.0,0.0,0.0,0.0,1.0,1.0,0.0,0,0,0,0,0,0,0.0,0.0,1.0,0.0
27,400,1,dpga,roi_shared,0.21623685956001282,0.3033733367919922,0.0063722999766469,1.2604607343673706,0.28042837977409363,0.28042837977409363,0.22248085333244558,0.11301242665164357,1.000720149083713,0.9936839698221054,6.4430066314220085,0,0,0,0,0,0,1.0,0.5079647302627563,1.0,0.5079647302627563
27,400,1,dpga,roi_cls,0.21623685956001282,0.3033733367919922,0.0,0.14555507898330688,0.0,0.0,0.0,0.0,1.0,1.0,0.0,0,0,0,0,0,0,0.0,0.5,1.0,0.5
27,400,1,dpga,roi_reg,0.21623685956001282,0.3033733367919922,-0.08983264863491058,0.2533300817012787,0.08428101986646652,0.01266650389879942,0.3326925065529678,0.019477987002999415,0.9999999998578399,0.9998103964970414,1.1157519918807701,1,0,0,0,1,1,0.1508990377187729,0.3895597457885742,1.0,0.3895597457885742
27,500,1,dpga,backbone,0.3082043528556824,0.31475743651390076,-0.005546484142541885,2.9581987857818604,2.7988834381103516,0.2958199083805084,0.9461444753350471,0.049306740363783706,1.0,0.9987866525827243,2.8227611888799866,1,0,0,0,1,1,0.1056937426328659,0.49306735396385193,1.0,0.49306735396385193
27,500,1,dpga,fpn,0.3082043528556824,0.31475743651390076,-0.051919277757406235,0.7925181984901428,0.786470353603363,0.11887773871421814,0.9923688252228129,0.06531944319129655,0.9999999996962231,0.997873554163827,3.737160771151252,1,0,0,0,1,1,0.15135762095451355,0.43546292185783386,1.0,0.43546292185783386
27,500,1,dpga,rpn,0.3082043528556824,0.31475743651390076,0.0,0.4560714364051819,0.0,0.0,0.0,0.0,1.0,1.0,0.0,0,0,0,0,0,0,0.0,0.0,1.0,0.0
27,500,1,dpga,roi_shared,0.3082043528556824,0.31475743651390076,-0.04447540268301964,1.6159324645996094,0.09994903951883316,0.0998501405119896,0.06185223807827774,0.027474380023251477,1.000000000057223,0.9996228763767102,1.5735956582130108,1,0,0,0,1,0,1.0,0.44463375210762024,1.0,0.44463375210762024
27,500,1,dpga,roi_cls,0.3082043528556824,0.31475743651390076,0.0,0.23685652017593384,0.0,0.0,0.0,0.0,1.0,1.0,0.0,0,0,0,0,0,0,0.0,0.5,1.0,0.5
27,500,1,dpga,roi_reg,0.3082043528556824,0.31475743651390076,-0.1412070244550705,0.2175273299217224,0.0345553494989872,0.010876365937292576,0.15885520918875803,0.016523776099512243,1.000000000069872,0.9998634247835237,0.9469532130543236,1,0,0,0,1,1,0.3179377317428589,0.3304755389690399,1.0,0.3304755389690399
27,600,1,dpga,backbone,0.0068892501294612885,0.0,0.0,0.4619205892086029,0.0,0.0,0.0,0.0,1.0,1.0,0.0,0,0,0,0,0,0,0.0,0.5,1.0,0.5
27,600,1,dpga,fpn,0.0068892501294612885,0.0,0.0,0.12788881361484528,0.0,0.0,0.0,0.0,1.0,1.0,0.0,0,0,0,0,0,0,0.0,0.5,1.0,0.5
27,600,1,dpga,rpn,0.0068892501294612885,0.0,0.0,0.0926557332277298,0.0,0.0,0.0,0.0,1.0,1.0,0.0,0,0,0,0,0,0,0.0,0.0,1.0,0.0
27,600,1,dpga,roi_shared,0.0068892501294612885,0.0,0.0,0.12680120766162872,0.0,0.0,0.0,0.0,1.0,1.0,0.0,0,0,0,0,0,0,0.0,0.5,1.0,0.5
27,600,1,dpga,roi_cls,0.0068892501294612885,0.0,0.0,0.0390305370092392,0.0,0.0,0.0,0.0,1.0,1.0,0.0,0,0,0,0,0,0,0.0,0.5,1.0,0.5
27,600,1,dpga,roi_reg,0.0068892501294612885,0.0,0.0,0.0,0.0,0.0,0.0,0.0,0.0,0.0,90.0,0,0,0,1,0,0,0.0,0.0,1.0,0.0
27,700,1,dpga,backbone,0.08854852616786957,0.47940853238105774,0.0841667428612709,1.5482783317565918,4.23441743850708,0.15482783317565918,2.7349200409612022,0.06036827564239502,1.0050810029320867,0.9982137345212421,3.425116130731775,0,1,0,0,0,1,0.036564141511917114,0.6036827564239502,1.0,0.6036827564239502
27,700,1,dpga,fpn,0.08854852616786957,0.47940853238105774,-0.02079465426504612,0.38816431164741516,1.3351285457611084,0.058224648237228394,3.4395963402577254,0.07110451343835866,0.9999999998211639,0.9974816037130739,4.067156194737643,1,1,0,0,1,1,0.043619200587272644,0.474030077457428,1.0,0.474030077457428
27,700,1,dpga,rpn,0.08854852616786957,0.47940853238105774,0.0,0.30832532048225403,0.0,0.0,0.0,0.0,1.0,1.0,0.0,0,0,0,0,0,0,0.0,0.0,1.0,0.0
27,700,1,dpga,roi_shared,0.08854852616786957,0.47940853238105774,-0.16782085597515106,0.7287079095840454,0.38100552558898926,0.18217697739601135,0.5228508166001264,0.07543086260557175,0.9999999991974148,0.9971672253495897,4.313663053951109,1,0,0,0,1,1,0.4850267171859741,0.301723450422287,1.0,0.301723450422287
27,700,1,dpga,roi_cls,0.08854852616786957,0.47940853238105774,0.0,0.07079242914915085,0.0,0.0,0.0,0.0,1.0,1.0,0.0,0,0,0,0,0,0,0.0,0.5,1.0,0.5
27,700,1,dpga,roi_reg,0.08854852616786957,0.47940853238105774,-0.19776929914951324,0.21277359127998352,0.11666882038116455,0.010638679377734661,0.5483237824737514,0.01355699873076525,0.9999999997834812,0.9999081250015461,0.7766755394817331,1,0,0,0,1,1,0.0930243581533432,0.2711399793624878,1.0,0.2711399793624878
28,0,1,dpga,backbone,0.24893581867218018,0.8459275364875793,0.002269043819978833,3.337991237640381,5.37925386428833,0.3337991535663605,1.611524261546868,0.05028362723113202,1.0001140956716619,0.9987383163509107,2.8784490065232125,0,1,0,0,0,1,0.06205305457115173,0.5028362274169922,1.0,0.5028362274169922
28,0,1,dpga,fpn,0.24893581867218018,0.8459275364875793,-0.05270641669631004,0.6877676248550415,1.7313470840454102,0.1031651422381401,2.517343098855984,0.0651743477109853,1.00000000023684,0.9978829586221152,3.728884671294204,1,1,0,0,1,1,0.05966956913471222,0.4344956576824188,1.0,0.4344956576824188
28,0,1,dpga,rpn,0.24893581867218018,0.8459275364875793,0.0,0.3348492681980133,0.0,0.0,0.0,0.0,1.0,1.0,0.0,0,0,0,0,0,0,0.0,0.0,1.0,0.0
28,0,1,dpga,roi_shared,0.24893581867218018,0.8459275364875793,-0.034912239760160446,1.3180911540985107,4.076656341552734,0.3295227885246277,3.0928485703562014,0.11411754041910172,0.9999999998640926,0.9935515453132162,6.510271645723642,1,1,0,0,1,1,0.08088093996047974,0.45647016167640686,1.0,0.45647016167640686
28,0,1,dpga,roi_cls,0.24893581867218018,0.8459275364875793,0.0,0.16348996758460999,0.0,0.0,0.0,0.0,1.0,1.0,0.0,0,0,0,0,0,0,0.0,0.5,1.0,0.5
28,0,1,dpga,roi_reg,0.24893581867218018,0.8459275364875793,-0.06957156211137772,0.22116604447364807,1.3359763622283936,0.011058301664888859,6.0406034091167875,0.020695098188824815,1.0000000000769593,0.9997859267423431,1.1855683234294843,1,1,0,0,1,1,0.008297423832118511,0.4139019846916199,1.0,0.4139019846916199
28,100,1,dpga,backbone,0.04453345015645027,0.29354092478752136,-0.24067910015583038,0.6281977891921997,2.6700026988983154,0.06281977891921997,4.250258031521689,0.02308717370033264,0.9999999995913614,0.9997335471491524,1.3226881404688913,1,1,0,0,1,1,0.024240540340542793,0.23087173700332642,1.0,0.23087173700332642
28,100,1,dpga,fpn,0.04453345015645027,0.29354092478752136,-0.07311070710420609,0.16560861468315125,0.8827100396156311,0.024841291829943657,5.3300973581867455,0.06144237575180942,1.000000000366754,0.9981177871462774,3.51592935895381,1,1,0,0,1,1,0.028217589482665062,0.4096158444881439,1.0,0.4096158444881439
28,100,1,dpga,rpn,0.04453345015645027,0.29354092478752136,0.0,0.09763892740011215,0.0,0.0,0.0,0.0,1.0,1.0,0.0,0,0,0,0,0,0,0.0,0.0,1.0,0.0
28,100,1,dpga,roi_shared,0.04453345015645027,0.29354092478752136,-0.19995352625846863,0.3224002420902252,0.4192063510417938,0.0806000605225563,1.300266861848314,0.06724677234888077,0.9999999994892591,0.9977466215678876,3.8471248715639184,1,1,0,0,1,1,0.19623103737831116,0.26898708939552307,1.0,0.26898708939552307
28,100,1,dpga,roi_cls,0.04453345015645027,0.29354092478752136,0.0,0.04145507887005806,0.0,0.0,0.0,0.0,1.0,1.0,0.0,0,0,0,0,0,0,0.0,0.5,1.0,0.5
28,100,1,dpga,roi_reg,0.04453345015645027,0.29354092478752136,-0.3252370059490204,0.06513106822967529,0.14642366766929626,0.003256553551182151,2.2481385865337624,0.008217682296889255,0.9999999999416381,0.9999662549537717,0.4706996390114057,1,1,0,0,1,1,0.023519307374954224,0.1643536388874054,1.0,0.1643536388874054
28,200,1,dpga,backbone,0.09380243718624115,1.4727376699447632,-0.27957800030708313,2.0250930786132812,24.672161102294922,0.2025093138217926,12.183223261614042,0.01981511621384576,0.9999999998903141,0.9998037788925229,1.1350567958462687,1,1,0,0,1,1,0.008548914454877377,0.19815115630626678,1.0,0.19815115630626678
28,200,1,dpga,fpn,0.09380243718624115,1.4727376699447632,-0.14745080471038818,0.4692927598953247,7.361410140991211,0.07039391994476318,15.68617879941972,0.048540736374608574,1.000000000740434,0.9988240071454934,2.7789615730550774,1,1,0,0,1,1,0.009668239392340183,0.32360488176345825,1.0,0.32360488176345825
28,200,1,dpga,rpn,0.09380243718624115,1.4727376699447632,0.0,0.18785980343818665,0.0,0.0,0.0,0.0,1.0,1.0,0.0,0,0,0,0,0,0,0.0,0.0,1.0,0.0
28,200,1,dpga,roi_shared,0.09380243718624115,1.4727376699447632,-0.16643142700195312,0.8603586554527283,18.37889862060547,0.21508966386318207,21.36190355513345,0.07579728215932846,0.9999999990780021,0.9971397825278993,4.334517162969582,1,1,0,0,1,1,0.011868607252836227,0.30318912863731384,1.0,0.30318912863731384
28,200,1,dpga,roi_cls,0.09380243718624115,1.4727376699447632,0.0,0.09901610761880875,0.0,0.0,0.0,0.0,1.0,1.0,0.0,0,0,0,0,0,0,0.0,0.5,1.0,0.5
28,200,1,dpga,roi_reg,0.09380243718624115,1.4727376699447632,-0.4917660653591156,0.15013346076011658,5.263724327087402,0.007506673689931631,35.06030101775771,0.003939760073445767,1.0000000000079485,0.9999922583521631,0.22545227197820228,1,1,0,0,1,1,0.0016378427390009165,0.07879519462585449,1.0,0.07879519462585449
28,300,1,dpga,backbone,0.08039899915456772,0.13796350359916687,0.0932195782661438,1.9731732606887817,3.6456494331359863,0.19731734693050385,1.8476073570262086,0.06144598180010392,1.0057279675939383,0.998154987826609,3.481000166410066,0,1,0,0,0,1,0.05412405729293823,0.614459753036499,1.0,0.614459753036499
28,300,1,dpga,fpn,0.08039899915456772,0.13796350359916687,0.11318131536245346,0.4963599741458893,1.1015955209732056,0.07445400953292847,2.2193480102193464,0.09567273194330778,1.0108283642200282,0.9956073879875952,5.372274001042329,0,1,0,0,0,1,0.06758742034435272,0.6378180980682373,1.0,0.6378180980682373
28,300,1,dpga,rpn,0.08039899915456772,0.13796350359916687,0.0,0.17083747684955597,0.0,0.0,0.0,0.0,1.0,1.0,0.0,0,0,0,0,0,0,0.0,0.0,1.0,0.0
28,300,1,dpga,roi_shared,0.08039899915456772,0.13796350359916687,-0.037426430732011795,0.8466401100158691,0.9751021265983582,0.21166002750396729,1.1517315504696337,0.11333824694156647,1.0000000004876843,0.9936384263510474,6.466219039134124,1,1,0,0,1,1,0.21721665561199188,0.45335298776626587,1.0,0.45335298776626587
28,300,1,dpga,roi_cls,0.08039899915456772,0.13796350359916687,0.0,0.11909416317939758,0.0,0.0,0.0,0.0,1.0,1.0,0.0,0,0,0,0,0,0,0.0,0.5,1.0,0.5
28,300,1,dpga,roi_reg,0.08039899915456772,0.13796350359916687,-0.014294433407485485,0.1185472384095192,0.28914403915405273,0.00592736154794693,2.4390617869579563,0.02410697785501658,1.0000000001209097,0.999709533386133,1.381008189867613,1,1,0,0,1,1,0.02050177939236164,0.48213958740234375,1.0,0.48213958740234375
28,400,1,dpga,backbone,0.21863609552383423,0.5092322826385498,-0.04535955563187599,1.9757816791534424,1.8513941764831543,0.19757817685604095,0.9370439031889475,0.04435423515280675,1.0000000002546232,0.9990178029497105,2.539641974190728,1,0,0,0,1,1,0.10682854801416397,0.44354233145713806,1.0,0.44354233145713806
28,400,1,dpga,fpn,0.21863609552383423,0.5092322826385498,-0.08315662294626236,0.5568805932998657,0.6356133818626404,0.08353209495544434,1.141381814180727,0.0596289438834471,1.0000000003318659,0.9982269357202473,3.4124324309291434,1,1,0,0,1,1,0.1318764090538025,0.39752626419067383,1.0,0.39752626419067383
28,400,1,dpga,rpn,0.21863609552383423,0.5092322826385498,0.0,0.3757876753807068,0.0,0.0,0.0,0.0,1.0,1.0,0.0,0,0,0,0,0,0,0.0,0.0,1.0,0.0
28,400,1,dpga,roi_shared,0.21863609552383423,0.5092322826385498,-0.20151224732398987,1.3022632598876953,0.8113078474998474,0.32556581497192383,0.6229983387305368,0.06686434894800186,0.9999999989464649,0.9977720365548225,3.8253601235415635,1,0,0,0,1,1,0.4096895158290863,0.26745739579200745,1.0,0.26745739579200745
28,400,1,dpga,roi_cls,0.21863609552383423,0.5092322826385498,0.0,0.15450777113437653,0.0,0.0,0.0,0.0,1.0,1.0,0.0,0,0,0,0,0,0,0.0,0.5,1.0,0.5
28,400,1,dpga,roi_reg,0.21863609552383423,0.5092322826385498,-0.21500658988952637,0.257649302482605,0.3086593449115753,0.012882465496659279,1.197982458859613,0.012722356985349802,0.9999999997646882,0.9999191528966559,0.7285725228480835,1,1,0,0,1,1,0.04273632913827896,0.2544471323490143,1.0,0.2544471323490143
28,500,1,dpga,backbone,0.03536801412701607,1.182909369468689,0.03452941030263901,0.9902258515357971,29.198333740234375,0.09902258962392807,29.48653955554587,0.0543054903227769,1.0018751367593448,0.9985360113698645,3.1006980769201244,0,1,0,0,0,1,0.003391378093510866,0.5430548787117004,1.0,0.5430548787117004
28,500,1,dpga,fpn,0.03536801412701607,1.182909369468689,0.053107235580682755,0.2678118050098419,9.88292407989502,0.04017176851630211,36.90249606260571,0.08489950124901811,1.0045087781297892,0.9964573017634422,4.824285581799384,0,1,0,0,0,1,0.0040647657588124275,0.5659967064857483,1.0,0.5659967064857483
28,500,1,dpga,rpn,0.03536801412701607,1.182909369468689,0.0,0.18606862425804138,0.0,0.0,0.0,0.0,1.0,1.0,0.0,0,0,0,0,0,0,0.0,0.0,1.0,0.0
28,500,1,dpga,roi_shared,0.03536801412701607,1.182909369468689,0.010369941592216492,0.4779495298862457,24.728422164916992,0.11948736757040024,51.73856363202716,0.12823986897989462,1.001329840309413,0.9918994715832871,7.297731983616618,0,1,0,0,0,1,0.00483198557049036,0.5129595398902893,1.0,0.5129595398902893
28,500,1,dpga,roi_cls,0.03536801412701607,1.182909369468689,0.0,0.04811637103557587,0.0,0.0,0.0,0.0,1.0,1.0,0.0,0,0,0,0,0,0,0.0,0.5,1.0,0.5
28,500,1,dpga,roi_reg,0.03536801412701607,1.182909369468689,0.0635082870721817,0.08267372101545334,8.547204971313477,0.004133685491979122,103.38478619724684,0.02893624510610026,1.0018376915765812,0.999584808742449,1.6511128515618887,0,1,0,0,0,1,0.00048363013775087893,0.5787249803543091,1.0,0.5787249803543091
28,600,1,dpga,backbone,0.26895391941070557,0.541138231754303,0.048738524317741394,2.5217015743255615,2.239757537841797,0.252170205116272,0.8881929410861507,0.056062357297874135,1.0027323963556238,0.9984443876233464,3.1962787001797484,0,0,0,0,0,1,0.11258815973997116,0.5606234669685364,1.0,0.5606234669685364
28,600,1,dpga,fpn,0.26895391941070557,0.541138231754303,-0.05985574051737785,0.6141988635063171,0.738193929195404,0.09212982654571533,1.2018809754567572,0.0638600686396568,0.9999999999846039,0.9979671759290921,3.6539375907764398,1,1,0,0,1,1,0.1250285506248474,0.4257338047027588,1.0,0.4257338047027588
28,600,1,dpga,rpn,0.26895391941070557,0.541138231754303,0.0,0.47997570037841797,0.0,0.0,0.0,0.0,1.0,1.0,0.0,0,0,0,0,0,0,0.0,0.0,1.0,0.0
28,600,1,dpga,roi_shared,0.26895391941070557,0.541138231754303,-0.17722174525260925,1.248539924621582,0.13408608734607697,0.13196364045143127,0.10739431291051177,0.030853611246853138,0.9999999996587553,0.9995243588799355,1.7672359693253998,1,0,0,0,1,0,1.0,0.2919134795665741,1.0,0.2919134795665741
28,600,1,dpga,roi_cls,0.26895391941070557,0.541138231754303,0.0,0.14514507353305817,0.0,0.0,0.0,0.0,1.0,1.0,0.0,0,0,0,0,0,0,0.0,0.5,1.0,0.5
28,600,1,dpga,roi_reg,0.26895391941070557,0.541138231754303,-0.38519060611724854,0.21694393455982208,0.03482029587030411,0.010847197845578194,0.16050366165320212,0.006359960049006557,0.9999999999238006,0.9999797377602537,0.36473890370053064,1,0,0,0,1,1,0.3375670909881592,0.127199187874794,1.0,0.127199187874794
28,700,1,dpga,backbone,0.09981977194547653,0.8252341747283936,0.03437120094895363,1.7734357118606567,16.56853675842285,0.17734359204769135,9.342620455657478,0.05428586644750593,1.001865870626586,0.9985368009134302,3.0998616415029483,0,1,0,0,0,1,0.010703635402023792,0.5428586006164551,1.0,0.5428586006164551
28,700,1,dpga,fpn,0.09981977194547653,0.8252341747283936,0.12707683444023132,0.5197042226791382,5.0274271965026855,0.07795563340187073,9.673631610275725,0.09805639386177063,1.0124606961285785,0.9954174969475976,5.487253163135926,0,1,0,0,0,1,0.015506069175899029,0.6537092924118042,1.0,0.6537092924118042
28,700,1,dpga,rpn,0.09981977194547653,0.8252341747283936,0.0,0.1564955860376358,0.0,0.0,0.0,0.0,1.0,1.0,0.0,0,0,0,0,0,0,0.0,0.0,1.0,0.0
28,700,1,dpga,roi_shared,0.09981977194547653,0.8252341747283936,0.05006570369005203,1.0821233987808228,12.812484741210938,0.2705308794975281,11.84013279413989,0.1405643677588447,1.007037453985594,0.9904222708259639,7.936264733288542,0,1,0,0,0,1,0.02111462876200676,0.5622574090957642,1.0,0.5622574090957642
28,700,1,dpga,roi_cls,0.09981977194547653,0.8252341747283936,0.0,0.12820257246494293,0.0,0.0,0.0,0.0,1.0,1.0,0.0,0,0,0,0,0,0,0.0,0.5,1.0,0.5
28,700,1,dpga,roi_reg,0.09981977194547653,0.8252341747283936,0.31350991129875183,0.17528849840164185,3.6869089603424072,0.008764425292611122,21.033376370733254,0.0413717019261466,1.0129704386011447,0.999248769247022,2.2210150481599125,0,1,0,0,0,1,0.0023771743290126324,0.8274340033531189,1.0,0.8274340033531189
29,0,1,dpga,backbone,0.160631000995636,1.6076610088348389,-0.10914980620145798,2.2924928665161133,11.220337867736816,0.2292492836713791,4.8943828927975215,0.03668512356274471,1.0000000003656762,0.9993277824620685,2.10095563188216,1,1,0,0,1,1,0.02055438980460167,0.36685124039649963,1.0,0.36685124039649963
29,0,1,dpga,fpn,0.160631000995636,1.6076610088348389,-0.08966422080993652,0.5840815901756287,3.9021708965301514,0.08761224150657654,6.680866101869089,0.058464000127625496,1.0000000004041059,0.9982953338570982,3.345946643995169,1,1,0,0,1,1,0.022542979568243027,0.38975998759269714,1.0,0.38975998759269714
29,0,1,dpga,rpn,0.160631000995636,1.6076610088348389,0.0,0.25683510303497314,0.0,0.0,0.0,0.0,1.0,1.0,0.0,0,0,0,0,0,0,0.0,0.0,1.0,0.0
29,0,1,dpga,roi_shared,0.160631000995636,1.6076610088348389,-0.012280500493943691,1.2042467594146729,12.07277774810791,0.3010616898536682,10.025169388021366,0.12116354703903198,0.9999999997090065,0.9927395635896609,6.908473685389764,1,1,0,0,1,1,0.02493911422789097,0.48465418815612793,1.0,0.48465418815612793
29,0,1,dpga,roi_cls,0.160631000995636,1.6076610088348389,0.0,0.14899373054504395,0.0,0.0,0.0,0.0,1.0,1.0,0.0,0,0,0,0,0,0,0.0,0.5,1.0,0.5
29,0,1,dpga,roi_reg,0.160631000995636,1.6076610088348389,0.2738302946090698,0.29213106632232666,4.982132911682129,0.014606553129851818,17.054444001464148,0.03986215242574746,1.010915464942494,0.9992816529488782,2.1718548057731515,0,1,0,0,0,1,0.0029317871667444706,0.797243058681488,1.0,0.797243058681488
29,100,1,dpga,backbone,0.1375630497932434,2.0116922855377197,-0.036713361740112305,2.4181571006774902,22.173152923583984,0.2418157160282135,9.169442679043382,0.04542367570307364,0.99999999977618,0.9989699537129241,2.600778021505138,1,1,0,0,1,1,0.01091314572840929,0.4542367458343506,1.0,0.4542367458343506
29,100,1,dpga,fpn,0.1375630497932434,2.0116922855377197,-0.05906935781240463,0.5324110984802246,6.3069868087768555,0.07986167073249817,11.8460844012836,0.06400431574249106,1.0000000001661702,0.9979579147495027,3.662254301018723,1,1,0,0,1,1,0.012684561312198639,0.42669540643692017,1.0,0.42669540643692017
29,100,1,dpga,rpn,0.1375630497932434,2.0116922855377197,0.0,0.255291610956192,0.0,0.0,0.0,0.0,1.0,1.0,0.0,0,0,0,0,0,0,0.0,0.0,1.0,0.0
29,100,1,dpga,roi_shared,0.1375630497932434,2.0116922855377197,-0.15072226524353027,0.9836474657058716,15.55745792388916,0.2459118664264679,15.816091095934487,0.08000873029232025,1.0000000003254963,0.9968146132874914,4.574399206426497,1,1,0,0,1,1,0.01598934642970562,0.320034921169281,1.0,0.320034921169281
29,100,1,dpga,roi_cls,0.1375630497932434,2.0116922855377197,0.0,0.12021525204181671,0.0,0.0,0.0,0.0,1.0,1.0,0.0,0,0,0,0,0,0,0.0,0.5,1.0,0.5
29,100,1,dpga,roi_reg,0.1375630497932434,2.0116922855377197,-0.4161856174468994,0.1377241313457489,4.551791667938232,0.006886206567287445,33.05006626987691,0.005548219010233879,0.9999999998683142,0.9999846363124884,0.3176039674517696,1,1,0,0,1,1,0.0016637963708490133,0.11096438020467758,1.0,0.11096438020467758
29,200,1,dpga,backbone,0.12391866743564606,1.5073715448379517,-0.05747104063630104,2.1017649173736572,11.172737121582031,0.2101765125989914,5.315883346051548,0.042865149461145204,0.9999999993447996,0.9990824534678235,2.4546235242370624,1,1,0,0,1,1,0.01884269528090954,0.42865145206451416,1.0,0.42865145206451416
29,200,1,dpga,fpn,0.12391866743564606,1.5073715448379517,0.01269443891942501,0.5116708874702454,3.771514654159546,0.07675064355134964,7.370977607904,0.07737942495546886,1.0009822883116521,0.9970259674130701,4.419958424151982,0,1,0,0,0,1,0.020350083708763123,0.515862762928009,1.0,0.515862762928009
29,200,1,dpga,rpn,0.12391866743564606,1.5073715448379517,0.0,0.2673552930355072,0.0,0.0,0.0,0.0,1.0,1.0,0.0,0,0,0,0,0,0,0.0,0.0,1.0,0.0
29,200,1,dpga,roi_shared,0.12391866743564606,1.5073715448379517,-0.04467407241463661,1.0733600854873657,10.881619453430176,0.26834002137184143,10.137902089483148,0.11109711229801178,0.9999999991720881,0.9938853504236801,6.339353382458946,1,1,0,0,1,1,0.02468458004295826,0.4443884491920471,1.0,0.4443884491920471
29,200,1,dpga,roi_cls,0.12391866743564606,1.5073715448379517,0.0,0.11275892704725266,0.0,0.0,0.0,0.0,1.0,1.0,0.0,0,0,0,0,0,0,0.0,0.5,1.0,0.5
29,200,1,dpga,roi_reg,0.12391866743564606,1.5073715448379517,-0.16093459725379944,0.25001758337020874,4.272557258605957,0.012500878423452377,17.089027103663543,0.015451340946539927,1.000000000283267,0.99988057523973,0.8855011744678004,1,1,0,0,1,1,0.002964495914056897,0.309026837348938,1.0,0.309026837348938
29,300,1,dpga,backbone,0.08307433128356934,0.35617896914482117,0.007035259623080492,1.5610027313232422,2.7486820220947266,0.1561002880334854,1.7608438261762065,0.050879322378932904,1.0003579492660748,0.9987090235156603,2.911679233648681,0,1,0,0,0,1,0.05679095536470413,0.5087931752204895,1.0,0.5087931752204895
29,300,1,dpga,fpn,0.08307433128356934,0.35617896914482117,0.015618350356817245,0.40909403562545776,0.9418590068817139,0.06136411055922508,2.302304421138088,0.07792695826990673,1.001217090318775,0.9969855235118017,4.449925483794372,0,1,0,0,0,1,0.0651521161198616,0.5195130109786987,1.0,0.5195130109786987
29,300,1,dpga,rpn,0.08307433128356934,0.35617896914482117,0.0,0.2807294428348541,0.0,0.0,0.0,0.0,1.0,1.0,0.0,0,0,0,0,0,0,0.0,0.0,1.0,0.0
29,300,1,dpga,roi_shared,0.08307433128356934,0.35617896914482117,0.022134017199277878,0.8119526505470276,0.2943722605705261,0.2029881626367569,0.36254855547574366,0.1319098323583603,1.0029196944981738,0.9914652592150114,7.491040842748119,0,0,0,0,0,1,0.6895627975463867,0.5276393294334412,1.0,0.5276393294334412
29,300,1,dpga,roi_cls,0.08307433128356934,0.35617896914482117,0.0,0.10985332727432251,0.0,0.0,0.0,0.0,1.0,1.0,0.0,0,0,0,0,0,0,0.0,0.5,1.0,0.5
29,300,1,dpga,roi_reg,0.08307433128356934,0.35617896914482117,0.037994615733623505,0.21153424680233002,0.10517188161611557,0.01057671383023262,0.49718607367815165,0.02736755101014486,1.0010398195842007,0.9996269733129736,1.5650242922218094,0,0,0,0,0,1,0.10056597739458084,0.5473509430885315,1.0,0.5473509430885315
29,400,1,dpga,backbone,0.17147253453731537,0.7721290588378906,-0.13825193047523499,2.033113956451416,5.229192733764648,0.20331139862537384,2.572011626387951,0.03337529350566416,1.000000000230879,0.9994435230733877,1.9115310317622343,1,1,0,0,1,1,0.03925705701112747,0.33375293016433716,1.0,0.33375293016433716
29,400,1,dpga,fpn,0.17147253453731537,0.7721290588378906,-0.08884645998477936,0.4531885087490082,2.064204216003418,0.06797827035188675,4.554846771603927,0.058609936462722154,0.9999999998851511,0.9982867641760983,3.3543488525032727,1,1,0,0,1,1,0.03306270390748978,0.39073294401168823,1.0,0.39073294401168823
29,400,1,dpga,rpn,0.17147253453731537,0.7721290588378906,0.0,0.23518908023834229,0.0,0.0,0.0,0.0,1.0,1.0,0.0,0,0,0,0,0,0,0.0,0.0,1.0,0.0
29,400,1,dpga,roi_shared,0.17147253453731537,0.7721290588378906,-0.11213330924510956,0.9274800419807434,5.594468116760254,0.23187001049518585,6.031901349394651,0.09084831923246384,1.0000000008527525,0.9958986517920144,5.190981679528295,1,1,0,0,1,1,0.041709352284669876,0.36339327692985535,1.0,0.36339327692985535
29,400,1,dpga,roi_cls,0.17147253453731537,0.7721290588378906,0.0,0.10368776321411133,0.0,0.0,0.0,0.0,1.0,1.0,0.0,0,0,0,0,0,0,0.0,0.5,1.0,0.5
29,400,1,dpga,roi_reg,0.17147253453731537,0.7721290588378906,-0.484004944562912,0.1846313625574112,1.678262710571289,0.0092315673828125,9.089802985391675,0.004082920072765574,0.9999999997249438,0.9999917676136266,0.23248813880643146,1,1,0,0,1,1,0.006286010146141052,0.08165840804576874,1.0,0.08165840804576874
29,500,1,dpga,backbone,0.1315000355243683,1.9737612009048462,-0.22709569334983826,2.1429765224456787,18.599721908569336,0.21429769694805145,8.679386691246783,0.024315155154364373,1.000000000788973,0.999704481471097,1.392966538649155,1,1,0,0,1,1,0.011830659583210945,0.2431515008211136,1.0,0.2431515008211136
29,500,1,dpga,fpn,0.1315000355243683,1.9737612009048462,-0.075050488114357,0.5208358764648438,5.354037761688232,0.07812538743019104,10.279702308582477,0.0610908733723122,0.9999999998062308,0.9981391212402548,3.49594056156217,1,1,0,0,1,1,0.01463313214480877,0.40727245807647705,1.0,0.40727245807647705
29,500,1,dpga,rpn,0.1315000355243683,1.9737612009048462,0.0,0.19698277115821838,0.0,0.0,0.0,0.0,1.0,1.0,0.0,0,0,0,0,0,0,0.0,0.0,1.0,0.0
29,500,1,dpga,roi_shared,0.1315000355243683,1.9737612009048462,-0.05980299040675163,1.1602809429168701,15.682785034179688,0.29007023572921753,13.51636871217948,0.10644957423210144,1.0000000004151277,0.9943819723763939,6.076214522069111,1,1,0,0,1,1,0.01852925680577755,0.42579829692840576,1.0,0.42579829692840576
29,500,1,dpga,roi_cls,0.1315000355243683,1.9737612009048462,0.0,0.11613434553146362,0.0,0.0,0.0,0.0,1.0,1.0,0.0,0,0,0,0,0,0,0.0,0.5,1.0,0.5
29,500,1,dpga,roi_reg,0.1315000355243683,1.9737612009048462,-0.19433920085430145,0.234756737947464,5.071415424346924,0.011737837456166744,21.602853526963948,0.0137271291592029,1.0000000000600329,0.9999058121760165,0.7863907942078028,1,1,0,0,1,1,0.0023594943340867758,0.27454257011413574,1.0,0.27454257011413574
29,600,1,dpga,backbone,0.3474156856536865,1.4935097694396973,-0.10851262509822845,3.446584939956665,9.329244613647461,0.3446585536003113,2.7068082685247155,0.03675915936552544,0.9999999999171437,0.9993250280922961,2.1052559829739463,1,1,0,0,1,1,0.037163324654102325,0.36759153008461,1.0,0.36759153008461
29,600,1,dpga,fpn,0.3474156856536865,1.4935097694396973,-0.05285221338272095,0.8378033638000488,2.570507764816284,0.12567050755023956,3.0681516402096527,0.06514747893333168,1.0000000002004827,0.9978846789872973,3.7273687322258047,1,1,0,0,1,1,0.04895779862999916,0.4343165159225464,1.0,0.4343165159225464
29,600,1,dpga,rpn,0.3474156856536865,1.4935097694396973,0.0,0.4467647969722748,0.0,0.0,0.0,0.0,1.0,1.0,0.0,0,0,0,0,0,0,0.0,0.0,1.0,0.0
29,600,1,dpga,roi_shared,0.3474156856536865,1.4935097694396973,-0.05900762975215912,1.5589522123336792,6.593490123748779,0.3897380232810974,4.229436971566069,0.10669271577134856,0.9999999997525908,0.9943564540451979,6.090011623534458,1,1,0,0,1,1,0.059212688356637955,0.4267708957195282,1.0,0.4267708957195282
29,600,1,dpga,roi_cls,0.3474156856536865,1.4935097694396973,0.0,0.18690946698188782,0.0,0.0,0.0,0.0,1.0,1.0,0.0,0,0,0,0,0,0,0.0,0.5,1.0,0.5
29,600,1,dpga,roi_reg,0.3474156856536865,1.4935097694396973,-0.01661718264222145,0.2481098622083664,2.548283100128174,0.012405493296682835,10.270785197519022,0.023962024214037807,0.9999999999522065,0.9997130616778727,1.3725946210976463,1,1,0,0,1,1,0.00486884918063879,0.4792404770851135,1.0,0.4792404770851135
29,700,1,dpga,backbone,0.16699299216270447,0.3635968863964081,0.009480193257331848,1.805138349533081,2.0418503284454346,0.18051382899284363,1.131132319566299,0.0511848015573586,1.0004852418106018,0.9986939687284884,2.928611047375604,0,1,0,0,0,1,0.0884069874882698,0.5118480324745178,1.0,0.5118480324745178
29,700,1,dpga,fpn,0.16699299216270447,0.3635968863964081,-0.01746041513979435,0.5029296278953552,0.6483633518218994,0.0754394456744194,1.2891731086417615,0.07172824733079314,0.999999999842887,0.9974374179598853,4.102695696180586,1,1,0,0,1,1,0.11637139320373535,0.47818830609321594,1.0,0.47818830609321594
29,700,1,dpga,rpn,0.16699299216270447,0.3635968863964081,0.0,0.5539042949676514,0.0,0.0,0.0,0.0,1.0,1.0,0.0,0,0,0,0,0,0,0.0,0.0,1.0,0.0
29,700,1,dpga,roi_shared,0.16699299216270447,0.3635968863964081,-0.06667342036962509,1.2035096883773804,0.27317285537719727,0.2725650370121002,0.22698018804111147,0.09453562148272888,1.0000000001272602,0.9955611914507587,5.400470696355267,1,0,0,0,1,0,1.0,0.4174216091632843,1.0,0.4174216091632843
29,700,1,dpga,roi_cls,0.16699299216270447,0.3635968863964081,0.0,0.14073140919208527,0.0,0.0,0.0,0.0,1.0,1.0,0.0,0,0,0,0,0,0,0.0,0.5,1.0,0.5
29,700,1,dpga,roi_reg,0.16699299216270447,0.3635968863964081,-0.10787919908761978,0.24391718208789825,0.09587600827217102,0.012195859104394913,0.39306787431490187,0.018416406214237215,1.0000000000591207,0.999830440009413,1.0551287551336965,1,0,0,0,1,1,0.1279512196779251,0.36832812428474426,1.0,0.36832812428474426
