epoch,step,rank,method,module,loss_det,loss_odam,cosine_raw,det_norm,odam_norm_raw,odam_norm_safe,aux_to_det_raw,aux_to_det_effective,directional_margin,final_cosine_to_det,final_angle_deg,conflict_raw,dominance_raw,dominance_effective,unsafe_descent,projected,cap_active,norm_scale,gate,alpha,effective_weight
0,0,0,dpga,backbone,16.616779327392578,1.2327778339385986,-0.03006216138601303,524.3538818359375,38.73914337158203,38.72163772583008,0.07387976844176951,0.0,1.0,1.0,0.0,1,0,0,0,1,0,1.0,0.4624928832054138,0.0,0.0
0,0,0,dpga,fpn,16.616779327392578,1.2327778339385986,-0.0041566104628145695,204.1015167236328,12.587601661682129,12.587493896484375,0.06167323919854348,0.0,1.0,1.0,0.0,1,0,0,0,1,0,1.0,0.4948044717311859,0.0,0.0
0,0,0,dpga,rpn,16.616779327392578,1.2327778339385986,0.0,422.72674560546875,0.0,0.0,0.0,0.0,1.0,1.0,0.0,0,0,0,0,0,0,0.0,0.0,0.0,0.0
0,0,0,dpga,roi_shared,16.616779327392578,1.2327778339385986,0.00148620898835361,525.3853759765625,38.5415153503418,38.5415153503418,0.07335856137735577,0.0,1.0,1.0,0.0,0,0,0,0,0,0,1.0,0.5018577575683594,0.0,0.0
0,0,0,dpga,roi_cls,16.616779327392578,1.2327778339385986,0.0,752.1109619140625,0.0,0.0,0.0,0.0,1.0,1.0,0.0,0,0,0,0,0,0,0.0,0.5,0.0,0.0
0,0,0,dpga,roi_reg,16.616779327392578,1.2327778339385986,-0.7446931004524231,215.95838928222656,319.9901123046875,10.797919273376465,1.4817211471535214,0.0,1.0,1.0,0.0,1,1,0,0,1,1,0.05056064575910568,0.023580655455589294,0.0,0.0
0,100,0,dpga,backbone,0.14498533308506012,0.00010002159251598641,0.14058363437652588,3.394441843032837,2.1355760909669286e-11,2.1355760909669286e-11,6.291391014255388e-12,0.0,1.0,1.0,0.0,0,0,0,0,0,0,1.0,0.6688344478607178,0.0,0.0
0,100,0,dpga,fpn,0.14498533308506012,0.00010002159251598641,0.11850753426551819,0.8319902420043945,5.4672095843588675e-12,5.4672095843588675e-12,6.571242435713555e-12,0.0,1.0,1.0,0.0,0,0,0,0,0,0,1.0,0.643947184085846,0.0,0.0
0,100,0,dpga,rpn,0.14498533308506012,0.00010002159251598641,0.0,1.8332666158676147,0.0,0.0,0.0,0.0,1.0,1.0,0.0,0,0,0,0,0,0,0.0,0.0,0.0,0.0
0,100,0,dpga,roi_shared,0.14498533308506012,0.00010002159251598641,0.09524791687726974,0.7710922956466675,1.2769145116275915e-11,1.2769145116275915e-11,1.6559814160206623e-11,0.0,1.0,1.0,0.0,0,0,0,0,0,0,1.0,0.6168595552444458,0.0,0.0
0,100,0,dpga,roi_cls,0.14498533308506012,0.00010002159251598641,0.0,0.8126223087310791,0.0,0.0,0.0,0.0,1.0,1.0,0.0,0,0,0,0,0,0,0.0,0.5,0.0,0.0
0,100,0,dpga,roi_reg,0.14498533308506012,0.00010002159251598641,-0.23818674683570862,0.05383143946528435,5.147222231771664e-11,4.8693032245195056e-11,9.561739910542582e-10,0.0,1.0,1.0,0.0,1,0,0,0,1,0,1.0,0.23309199512004852,0.0,0.0
0,200,0,dpga,backbone,0.2019207775592804,2.4630753993988037,-0.0028429843951016665,1.1668685674667358,25.82098388671875,0.1166868582367897,22.128442402708593,0.0,1.0,1.0,0.0,1,1,0,0,1,1,0.004519089125096798,0.4964463710784912,0.0,0.0
0,200,0,dpga,fpn,0.2019207775592804,2.4630753993988037,-0.06797073036432266,0.31705915927886963,7.977024078369141,0.047558873891830444,25.159418502567032,0.0,1.0,1.0,0.0,1,1,0,0,1,1,0.005975802429020405,0.4158450663089752,0.0,0.0
0,200,0,dpga,rpn,0.2019207775592804,2.4630753993988037,0.0,0.6866101026535034,0.0,0.0,0.0,0.0,1.0,1.0,0.0,0,0,0,0,0,0,0.0,0.0,0.0,0.0
0,200,0,dpga,roi_shared,0.2019207775592804,2.4630753993988037,0.0257053654640913,0.4841855764389038,10.843781471252441,0.12104639410972595,22.395920074708684,0.0,1.0,1.0,0.0,0,1,0,0,0,1,0.011162747628986835,0.5320875644683838,0.0,0.0
0,200,0,dpga,roi_cls,0.2019207775592804,2.4630753993988037,0.0,0.36183977127075195,0.0,0.0,0.0,0.0,1.0,1.0,0.0,0,0,0,0,0,0,0.0,0.5,0.0,0.0
0,200,0,dpga,roi_reg,0.2019207775592804,2.4630753993988037,0.24444973468780518,0.29835808277130127,26.35594367980957,0.014917904511094093,88.33661697716445,0.0,1.0,1.0,0.0,0,1,0,0,0,1,0.000566016708035022,0.7724589705467224,0.0,0.0
0,300,0,dpga,backbone,0.05399613827466965,0.37624067068099976,0.14742055535316467,1.2336318492889404,29.532508850097656,0.1233631893992424,23.93948313438896,0.0,1.0,1.0,0.0,0,1,0,0,0,1,0.004177199676632881,0.6763619780540466,0.0,0.0
0,300,0,dpga,fpn,0.05399613827466965,0.37624067068099976,0.05274409055709839,0.29864436388015747,7.6172356605529785,0.0447966568171978,25.506041907456478,0.0,1.0,1.0,0.0,0,1,0,0,0,1,0.005880959797650576,0.5655506253242493,0.0,0.0
0,300,0,dpga,rpn,0.05399613827466965,0.37624067068099976,0.0,0.3861068785190582,0.0,0.0,0.0,0.0,1.0,1.0,0.0,0,0,0,0,0,0,0.0,0.0,0.0,0.0
0,300,0,dpga,roi_shared,0.05399613827466965,0.37624067068099976,0.0,0.5997281074523926,0.0,0.0,0.0,0.0,1.0,1.0,0.0,0,0,0,0,0,0,0.0,0.5,0.0,0.0
0,300,0,dpga,roi_cls,0.05399613827466965,0.37624067068099976,0.0,0.6414268612861633,0.0,0.0,0.0,0.0,1.0,1.0,0.0,0,0,0,0,0,0,0.0,0.5,0.0,0.0
0,300,0,dpga,roi_reg,0.05399613827466965,0.37624067068099976,0.0,0.014227147214114666,0.0,0.0,0.0,0.0,1.0,1.0,0.0,0,0,0,0,0,0,0.0,0.5,0.0,0.0
0,400,0,dpga,backbone,0.33154797554016113,0.6725176572799683,0.00925364438444376,1.4773563146591187,4.498067855834961,0.14773565530776978,3.0446736587529553,0.0,1.0,1.0,0.0,0,1,0,0,0,1,0.03284424543380737,0.5115649700164795,0.0,0.0
0,400,0,dpga,fpn,0.33154797554016113,0.6725176572799683,-0.055486395955085754,0.5047445297241211,1.9218233823776245,0.0757116824388504,3.8075170095018924,0.0,1.0,1.0,0.0,1,1,0,0,1,1,0.03945653885602951,0.43108344078063965,0.0,0.0
0,400,0,dpga,rpn,0.33154797554016113,0.6725176572799683,0.0,0.3591914772987366,0.0,0.0,0.0,0.0,1.0,1.0,0.0,0,0,0,0,0,0,0.0,0.0,0.0,0.0
0,400,0,dpga,roi_shared,0.33154797554016113,0.6725176572799683,-0.06456886231899261,1.2205387353897095,0.511358916759491,0.305134654045105,0.41896164532313485,0.0,1.0,1.0,0.0,1,0,0,0,1,1,0.5979611277580261,0.4199827313423157,0.0,0.0
0,400,0,dpga,roi_cls,0.33154797554016113,0.6725176572799683,0.0,0.935529887676239,0.0,0.0,0.0,0.0,1.0,1.0,0.0,0,0,0,0,0,0,0.0,0.5,0.0,0.0
0,400,0,dpga,roi_reg,0.33154797554016113,0.6725176572799683,0.22896717488765717,0.18518026173114777,0.8938610553741455,0.009259012527763844,4.826978032204584,0.0,1.0,1.0,0.0,0,1,0,0,0,1,0.010358448140323162,0.7585663795471191,0.0,0.0
0,500,0,dpga,backbone,0.2084004282951355,1.3298970460891724,0.02269492857158184,1.0333027839660645,10.26172161102295,0.10333029180765152,9.930991932138221,0.0,1.0,1.0,0.0,0,1,0,0,0,1,0.010069487616419792,0.5283382534980774,0.0,0.0
0,500,0,dpga,fpn,0.2084004282951355,1.3298970460891724,0.01000649482011795,0.31438443064689636,2.9522957801818848,0.04715767130255699,9.390718790071961,0.0,1.0,1.0,0.0,0,1,0,0,0,1,0.015973219648003578,0.5125054717063904,0.0,0.0
0,500,0,dpga,rpn,0.2084004282951355,1.3298970460891724,0.0,0.4885021150112152,0.0,0.0,0.0,0.0,1.0,1.0,0.0,0,0,0,0,0,0,0.0,0.0,0.0,0.0
0,500,0,dpga,roi_shared,0.2084004282951355,1.3298970460891724,-0.018025388941168785,0.414174348115921,2.829285144805908,0.10354358702898026,6.83114528380699,0.0,1.0,1.0,0.0,1,1,0,0,1,1,0.03660303354263306,0.47748351097106934,0.0,0.0
0,500,0,dpga,roi_cls,0.2084004282951355,1.3298970460891724,0.0,0.3293939530849457,0.0,0.0,0.0,0.0,1.0,1.0,0.0,0,0,0,0,0,0,0.0,0.5,0.0,0.0
0,500,0,dpga,roi_reg,0.2084004282951355,1.3298970460891724,0.23814816772937775,0.11628498882055283,3.7939209938049316,0.0058142500929534435,32.62605975445022,0.0,1.0,1.0,0.0,0,1,0,0,0,1,0.0015325173735618591,0.7668735384941101,0.0,0.0
0,600,0,dpga,backbone,0.19421935081481934,0.4910707473754883,-0.0469326414167881,2.222508668899536,4.85802698135376,0.22225084900856018,2.185830385876149,0.0,1.0,1.0,0.0,1,1,0,0,1,1,0.04579966515302658,0.4416019022464752,0.0,0.0
0,600,0,dpga,fpn,0.19421935081481934,0.4910707473754883,-0.07925485819578171,0.675804078578949,1.8348876237869263,0.10137061029672623,2.7151177122891106,0.0,1.0,1.0,0.0,1,1,0,0,1,1,0.05542055517435074,0.40220779180526733,0.0,0.0
0,600,0,dpga,rpn,0.19421935081481934,0.4910707473754883,0.0,0.980217456817627,0.0,0.0,0.0,0.0,1.0,1.0,0.0,0,0,0,0,0,0,0.0,0.0,0.0,0.0
0,600,0,dpga,roi_shared,0.19421935081481934,0.4910707473754883,-0.06050155684351921,0.5139263272285461,1.153735637664795,0.12848156690597534,2.244943635961506,0.0,1.0,1.0,0.0,1,1,0,0,1,1,0.1115657389163971,0.42494457960128784,0.0,0.0
0,600,0,dpga,roi_cls,0.19421935081481934,0.4910707473754883,0.0,0.4894629716873169,0.0,0.0,0.0,0.0,1.0,1.0,0.0,0,0,0,0,0,0,0.0,0.5,0.0,0.0
0,600,0,dpga,roi_reg,0.19421935081481934,0.4910707473754883,-0.0814225971698761,0.21735665202140808,1.2363884449005127,0.010867833159863949,5.688293564527012,0.0,1.0,1.0,0.0,1,1,0,0,1,1,0.008819266222417355,0.39960458874702454,0.0,0.0
0,700,0,dpga,backbone,0.1907961368560791,1.8638885021209717,0.18796341121196747,2.0128259658813477,36.744850158691406,0.20128260552883148,18.25535380680669,0.0,1.0,1.0,0.0,0,1,0,0,0,1,0.005477845203131437,0.7190627455711365,0.0,0.0
0,700,0,dpga,fpn,0.1907961368560791,1.8638885021209717,0.0261209849268198,0.387369304895401,12.86707878112793,0.05810539051890373,33.216567803694076,0.0,1.0,1.0,0.0,0,1,0,0,0,1,0.004515818785876036,0.5326048731803894,0.0,0.0
0,700,0,dpga,rpn,0.1907961368560791,1.8638885021209717,0.0,0.6631199717521667,0.0,0.0,0.0,0.0,1.0,1.0,0.0,0,0,0,0,0,0,0.0,0.0,0.0,0.0
0,700,0,dpga,roi_shared,0.1907961368560791,1.8638885021209717,-0.06420891731977463,0.35224270820617676,6.105216979980469,0.08806067705154419,17.332415512791616,0.0,1.0,1.0,0.0,1,1,0,0,1,1,0.014453665353357792,0.42042121291160583,0.0,0.0
0,700,0,dpga,roi_cls,0.1907961368560791,1.8638885021209717,0.0,0.2711431384086609,0.0,0.0,0.0,0.0,1.0,1.0,0.0,0,0,0,0,0,0,0.0,0.5,0.0,0.0
0,700,0,dpga,roi_reg,0.1907961368560791,1.8638885021209717,-0.452380508184433,0.04474267363548279,9.583824157714844,0.0022371334489434958,214.19873644105334,0.0,1.0,1.0,0.0,1,1,0,0,1,1,0.0002617419813759625,0.09432770311832428,0.0,0.0
1,0,0,dpga,backbone,0.250803142786026,0.679011881351471,0.12942177057266235,1.5576173067092896,25.98722267150879,0.1557617485523224,16.683958607529128,0.0,1.0,1.0,0.0,0,1,0,0,0,1,0.005993781611323357,0.6563586592674255,0.0,0.0
1,0,0,dpga,fpn,0.250803142786026,0.679011881351471,0.2027996927499771,0.47747257351875305,9.898371696472168,0.0716208890080452,20.730764960017964,0.0,1.0,1.0,0.0,0,1,0,0,0,1,0.0072356234304606915,0.7338019609451294,0.0,0.0
1,0,0,dpga,rpn,0.250803142786026,0.679011881351471,0.0,0.30189478397369385,0.0,0.0,0.0,0.0,1.0,1.0,0.0,0,0,0,0,0,0,0.0,0.0,0.0,0.0
1,0,0,dpga,roi_shared,0.250803142786026,0.679011881351471,-0.19101585447788239,0.9594119787216187,1.8544975519180298,0.23985299468040466,1.9329522593506492,0.0,1.0,1.0,0.0,1,1,0,0,1,1,0.13176196813583374,0.2778644859790802,0.0,0.0
1,0,0,dpga,roi_cls,0.250803142786026,0.679011881351471,0.0,0.7880199551582336,0.0,0.0,0.0,0.0,1.0,1.0,0.0,0,0,0,0,0,0,0.0,0.5,0.0,0.0
1,0,0,dpga,roi_reg,0.250803142786026,0.679011881351471,-0.5357813239097595,0.7491670846939087,4.963535308837891,0.037458356469869614,6.625404946702736,0.0,1.0,1.0,0.0,1,1,0,0,1,1,0.008937819860875607,0.0642295554280281,0.0,0.0
1,100,0,dpga,backbone,0.1745559424161911,1.8788120746612549,-0.10928834974765778,1.5007885694503784,17.771223068237305,0.15007886290550232,11.841256943171892,0.0,1.0,1.0,0.0,1,1,0,0,1,1,0.008495938964188099,0.36669036746025085,0.0,0.0
1,100,0,dpga,fpn,0.1745559424161911,1.8788120746612549,0.04712202772498131,0.4711788296699524,6.176871299743652,0.07067683339118958,13.109399045093724,0.0,1.0,1.0,0.0,0,1,0,0,0,1,0.011442172341048717,0.5586315393447876,0.0,0.0
1,100,0,dpga,rpn,0.1745559424161911,1.8788120746612549,0.0,0.38894137740135193,0.0,0.0,0.0,0.0,1.0,1.0,0.0,0,0,0,0,0,0,0.0,0.0,0.0,0.0
1,100,0,dpga,roi_shared,0.1745559424161911,1.8788120746612549,0.004783652722835541,0.8905827403068542,5.479617118835449,0.22264568507671356,6.152844503754276,0.0,1.0,1.0,0.0,0,1,0,0,0,1,0.04063161462545395,0.5059792399406433,0.0,0.0
1,100,0,dpga,roi_cls,0.1745559424161911,1.8788120746612549,0.0,0.9582037925720215,0.0,0.0,0.0,0.0,1.0,1.0,0.0,0,0,0,0,0,0,0.0,0.5,0.0,0.0
1,100,0,dpga,roi_reg,0.1745559424161911,1.8788120746612549,-0.4726807773113251,0.04424619302153587,6.975717544555664,0.002212309744209051,157.65689810104985,0.0,1.0,1.0,0.0,1,1,0,0,1,1,0.00035988682066090405,0.08600624650716782,0.0,0.0
1,200,0,dpga,backbone,0.07037776708602905,0.00010002159251598641,0.0,0.8310841917991638,0.0,0.0,0.0,0.0,1.0,1.0,0.0,0,0,0,0,0,0,0.0,0.5,0.0,0.0
1,200,0,dpga,fpn,0.07037776708602905,0.00010002159251598641,0.0,0.3286043703556061,0.0,0.0,0.0,0.0,1.0,1.0,0.0,0,0,0,0,0,0,0.0,0.5,0.0,0.0
1,200,0,dpga,rpn,0.07037776708602905,0.00010002159251598641,0.0,0.2458171248435974,0.0,0.0,0.0,0.0,1.0,1.0,0.0,0,0,0,0,0,0,0.0,0.0,0.0,0.0
1,200,0,dpga,roi_shared,0.07037776708602905,0.00010002159251598641,0.0,0.5867341756820679,0.0,0.0,0.0,0.0,1.0,1.0,0.0,0,0,0,0,0,0,0.0,0.5,0.0,0.0
1,200,0,dpga,roi_cls,0.07037776708602905,0.00010002159251598641,0.0,0.5175259113311768,0.0,0.0,0.0,0.0,1.0,1.0,0.0,0,0,0,0,0,0,0.0,0.5,0.0,0.0
1,200,0,dpga,roi_reg,0.07037776708602905,0.00010002159251598641,0.0,0.014418259263038635,0.0,0.0,0.0,0.0,1.0,1.0,0.0,0,0,0,0,0,0,0.0,0.5,0.0,0.0
1,300,0,dpga,backbone,0.15124812722206116,0.08519472181797028,-0.05995548889040947,0.9197879433631897,5.3202972412109375,0.09197879582643509,5.784265035870504,0.0,1.0,1.0,0.0,1,1,0,0,1,1,0.017319437116384506,0.4256119132041931,0.0,0.0
1,300,0,dpga,fpn,0.15124812722206116,0.08519472181797028,-0.12261293083429337,0.2817627489566803,2.0975093841552734,0.0422644168138504,7.444239495540113,0.0,1.0,1.0,0.0,1,1,0,0,1,1,0.02030300535261631,0.3513604402542114,0.0,0.0
1,300,0,dpga,rpn,0.15124812722206116,0.08519472181797028,0.0,0.2784252166748047,0.0,0.0,0.0,0.0,1.0,1.0,0.0,0,0,0,0,0,0,0.0,0.0,0.0,0.0
1,300,0,dpga,roi_shared,0.15124812722206116,0.08519472181797028,-0.07383117079734802,0.541243314743042,0.501191258430481,0.1353108435869217,0.9259999057326446,0.0,1.0,1.0,0.0,1,0,0,0,1,1,0.2707172930240631,0.4087449908256531,0.0,0.0
1,300,0,dpga,roi_cls,0.15124812722206116,0.08519472181797028,0.0,0.4504460394382477,0.0,0.0,0.0,0.0,1.0,1.0,0.0,0,0,0,0,0,0,0.0,0.5,0.0,0.0
1,300,0,dpga,roi_reg,0.15124812722206116,0.08519472181797028,-0.9714808464050293,0.07689834386110306,0.4893248379230499,0.003844916820526123,6.363268873603943,0.0,1.0,1.0,0.0,1,1,0,0,1,1,0.03313792869448662,0.007710712030529976,0.0,0.0
1,400,0,dpga,backbone,0.22658735513687134,0.31705188751220703,0.06232059746980667,1.032130241394043,16.668331146240234,0.10321301966905594,16.149445561954675,0.0,1.0,1.0,0.0,0,1,0,0,0,1,0.006192163098603487,0.5772765278816223,0.0,0.0
1,400,0,dpga,fpn,0.22658735513687134,0.31705188751220703,0.06739600002765656,0.2575879693031311,6.535092353820801,0.038638196885585785,25.370332207286683,0.0,1.0,1.0,0.0,0,1,0,0,0,1,0.005912418011575937,0.5834566950798035,0.0,0.0
1,400,0,dpga,rpn,0.22658735513687134,0.31705188751220703,0.0,0.3709886968135834,0.0,0.0,0.0,0.0,1.0,1.0,0.0,0,0,0,0,0,0,0.0,0.0,0.0,0.0
1,400,0,dpga,roi_shared,0.22658735513687134,0.31705188751220703,0.22191523015499115,0.36474883556365967,0.6061508059501648,0.09118721634149551,1.6618306814152206,0.0,1.0,1.0,0.0,0,1,0,0,0,1,0.15043650567531586,0.7520501017570496,0.0,0.0
1,400,0,dpga,roi_cls,0.22658735513687134,0.31705188751220703,0.0,0.1629251092672348,0.0,0.0,0.0,0.0,1.0,1.0,0.0,0,0,0,0,0,0,0.0,0.5,0.0,0.0
1,400,0,dpga,roi_reg,0.22658735513687134,0.31705188751220703,0.3832642138004303,0.1435556709766388,0.6271954774856567,0.007177783641964197,4.369005231341379,0.0,1.0,1.0,0.0,0,1,0,0,0,1,0.011444252915680408,0.8717276453971863,0.0,0.0
1,500,0,dpga,backbone,0.7675410509109497,0.4743140935897827,-0.29221200942993164,2.620908737182617,3.927905797958374,0.26209089159965515,1.4986808743980653,0.0,1.0,1.0,0.0,1,1,0,0,1,1,0.06977058947086334,0.18830524384975433,0.0,0.0
1,500,0,dpga,fpn,0.7675410509109497,0.4743140935897827,-0.16292813420295715,0.9748990535736084,1.3775044679641724,0.14623486995697021,1.412971387052604,0.0,1.0,1.0,0.0,1,1,0,0,1,1,0.1075969934463501,0.3069024980068207,0.0,0.0
1,500,0,dpga,rpn,0.7675410509109497,0.4743140935897827,0.0,0.6260364651679993,0.0,0.0,0.0,0.0,1.0,1.0,0.0,0,0,0,0,0,0,0.0,0.0,0.0,0.0
1,500,0,dpga,roi_shared,0.7675410509109497,0.4743140935897827,-0.009230300784111023,1.7928515672683716,0.3090691566467285,0.30905601382255554,0.17238970715106836,0.0,1.0,1.0,0.0,1,0,0,0,1,0,1.0,0.4884641468524933,0.0,0.0
1,500,0,dpga,roi_cls,0.7675410509109497,0.4743140935897827,0.0,1.478849172592163,0.0,0.0,0.0,0.0,1.0,1.0,0.0,0,0,0,0,0,0,0.0,0.5,0.0,0.0
1,500,0,dpga,roi_reg,0.7675410509109497,0.4743140935897827,-0.035387132316827774,0.40846356749534607,0.3314342498779297,0.020423179492354393,0.811416920021162,0.0,1.0,1.0,0.0,1,0,0,0,1,1,0.06165922433137894,0.4558810889720917,0.0,0.0
1,600,0,dpga,backbone,0.30776113271713257,2.099742889404297,-0.06391521543264389,1.0102132558822632,17.435644149780273,0.10102132707834244,17.259369789750945,0.0,1.0,1.0,0.0,1,1,0,0,1,1,0.005805825348943472,0.4207790791988373,0.0,0.0
1,600,0,dpga,fpn,0.30776113271713257,2.099742889404297,-0.042051441967487335,0.3319403827190399,6.089280128479004,0.04979105666279793,18.344499330270025,0.0,1.0,1.0,0.0,1,1,0,0,1,1,0.008184078149497509,0.4476284980773926,0.0,0.0
1,600,0,dpga,rpn,0.30776113271713257,2.099742889404297,0.0,0.6278426051139832,0.0,0.0,0.0,0.0,1.0,1.0,0.0,0,0,0,0,0,0,0.0,0.0,0.0,0.0
1,600,0,dpga,roi_shared,0.30776113271713257,2.099742889404297,-0.09719535708427429,0.4999895393848419,7.0307440757751465,0.12499738484621048,14.061782341337311,0.0,1.0,1.0,0.0,1,1,0,0,1,1,0.017863262444734573,0.38084179162979126,0.0,0.0
1,600,0,dpga,roi_cls,0.30776113271713257,2.099742889404297,0.0,0.29217952489852905,0.0,0.0,0.0,0.0,1.0,1.0,0.0,0,0,0,0,0,0,0.0,0.5,0.0,0.0
1,600,0,dpga,roi_reg,0.30776113271713257,2.099742889404297,0.023770499974489212,0.23764416575431824,7.7407684326171875,0.011882207356393337,32.5729369708986,0.0,1.0,1.0,0.0,0,1,0,0,0,1,0.0015350165776908398,0.529678225517273,0.0,0.0
1,700,0,dpga,backbone,0.10934968292713165,0.00010002159251598641,-0.009430326521396637,1.2449835538864136,5.657530433716973e-12,5.657203438341751e-12,4.544261180042174e-12,0.0,1.0,1.0,0.0,1,0,0,0,1,0,1.0,0.48821428418159485,0.0,0.0
1,700,0,dpga,fpn,0.10934968292713165,0.00010002159251598641,-0.003266095882281661,0.5717964172363281,1.9537743818631714e-12,1.9537368684680034e-12,3.416905603057776e-12,0.0,1.0,1.0,0.0,1,0,0,0,1,0,1.0,0.49591749906539917,0.0,0.0
1,700,0,dpga,rpn,0.10934968292713165,0.00010002159251598641,0.0,0.20285506546497345,0.0,0.0,0.0,0.0,1.0,1.0,0.0,0,0,0,0,0,0,0.0,0.0,0.0,0.0
1,700,0,dpga,roi_shared,0.10934968292713165,0.00010002159251598641,0.027771521359682083,0.9000847935676575,4.831494579415896e-12,4.831494579415896e-12,5.3678215807483504e-12,0.0,1.0,1.0,0.0,0,0,0,0,0,0,1.0,0.5346587300300598,0.0,0.0
1,700,0,dpga,roi_cls,0.10934968292713165,0.00010002159251598641,0.0,0.6615064740180969,0.0,0.0,0.0,0.0,1.0,1.0,0.0,0,0,0,0,0,0,0.0,0.5,0.0,0.0
1,700,0,dpga,roi_reg,0.10934968292713165,0.00010002159251598641,0.0,0.0013654354261234403,8.478875587747403e-12,8.478875587747403e-12,6.2096496293636385e-09,0.0,1.0,1.0,0.0,0,0,0,0,0,0,1.0,0.5,0.0,0.0
2,0,0,dpga,backbone,0.15944471955299377,1.891793131828308,-0.09555450826883316,1.8978626728057861,9.282003402709961,0.18978625535964966,4.890766616420943,0.0,1.0,1.0,0.0,1,1,0,0,1,1,0.02054068073630333,0.38277822732925415,0.0,0.0
2,0,0,dpga,fpn,0.15944471955299377,1.891793131828308,-0.17421258985996246,0.29669269919395447,3.248173236846924,0.04450390487909317,10.94793786861443,0.0,1.0,1.0,0.0,1,1,0,0,1,1,0.01391398161649704,0.29503318667411804,0.0,0.0
2,0,0,dpga,rpn,0.15944471955299377,1.891793131828308,0.0,0.37627071142196655,0.0,0.0,0.0,0.0,1.0,1.0,0.0,0,0,0,0,0,0,0.0,0.0,0.0,0.0
2,0,0,dpga,roi_shared,0.15944471955299377,1.891793131828308,-0.19470974802970886,0.3434748351573944,7.780318737030029,0.0858687162399292,22.651786799649425,0.0,1.0,1.0,0.0,1,1,0,0,1,1,0.01125201117247343,0.27417370676994324,0.0,0.0
2,0,0,dpga,roi_cls,0.15944471955299377,1.891793131828308,0.0,0.1737598180770874,0.0,0.0,0.0,0.0,1.0,1.0,0.0,0,0,0,0,0,0,0.0,0.5,0.0,0.0
2,0,0,dpga,roi_reg,0.15944471955299377,1.891793131828308,-0.02059820480644703,0.19778406620025635,7.49045991897583,0.009889203123748302,37.87190779762683,0.0,1.0,1.0,0.0,1,1,0,0,1,1,0.0013205199502408504,0.47427499294281006,0.0,0.0
2,100,0,dpga,backbone,0.0956622064113617,0.08442268520593643,0.02946380153298378,0.5547982454299927,5.095799446105957,0.05547982081770897,9.184959556165309,0.0,1.0,1.0,0.0,0,1,0,0,0,1,0.01088736392557621,0.5367633104324341,0.0,0.0
2,100,0,dpga,fpn,0.0956622064113617,0.08442268520593643,0.05488019436597824,0.24088911712169647,1.7871196269989014,0.03613336756825447,7.418847511056524,0.0,1.0,1.0,0.0,0,1,0,0,0,1,0.020218774676322937,0.5681730508804321,0.0,0.0
2,100,0,dpga,rpn,0.0956622064113617,0.08442268520593643,0.0,0.20295223593711853,0.0,0.0,0.0,0.0,1.0,1.0,0.0,0,0,0,0,0,0,0.0,0.0,0.0,0.0
2,100,0,dpga,roi_shared,0.0956622064113617,0.08442268520593643,-0.09190363436937332,0.40590596199035645,0.16620199382305145,0.10147649049758911,0.40945935607371076,0.0,1.0,1.0,0.0,1,0,0,0,1,1,0.6131561398506165,0.38710010051727295,0.0,0.0
2,100,0,dpga,roi_cls,0.0956622064113617,0.08442268520593643,0.0,0.29902246594429016,0.0,0.0,0.0,0.0,1.0,1.0,0.0,0,0,0,0,0,0,0.0,0.5,0.0,0.0
2,100,0,dpga,roi_reg,0.0956622064113617,0.08442268520593643,-0.5244396924972534,0.06918763369321823,0.19311250746250153,0.0034593818709254265,2.7911419592520392,0.0,1.0,1.0,0.0,1,1,0,0,1,1,0.021039245650172234,0.067723348736763,0.0,0.0
2,200,0,dpga,backbone,0.36420321464538574,2.1420576572418213,-0.014346803538501263,2.8165695667266846,5.704380989074707,0.28165698051452637,2.025293838456166,0.0,1.0,1.0,0.0,1,1,0,0,1,1,0.04938063398003578,0.48207420110702515,0.0,0.0
2,200,0,dpga,fpn,0.36420321464538574,2.1420576572418213,-0.10989349335432053,0.8323552012443542,1.7760391235351562,0.12485329061746597,2.13375145716638,0.0,1.0,1.0,0.0,1,1,0,0,1,1,0.07072709500789642,0.36598795652389526,0.0,0.0
2,200,0,dpga,rpn,0.36420321464538574,2.1420576572418213,0.0,1.0487887859344482,0.0,0.0,0.0,0.0,1.0,1.0,0.0,0,0,0,0,0,0,0.0,0.0,0.0,0.0
2,200,0,dpga,roi_shared,0.36420321464538574,2.1420576572418213,-0.14425857365131378,0.8744648098945618,2.9616611003875732,0.21861620247364044,3.3868270819779176,0.0,1.0,1.0,0.0,1,1,0,0,1,1,0.07459566742181778,0.32710835337638855,0.0,0.0
2,200,0,dpga,roi_cls,0.36420321464538574,2.1420576572418213,0.0,0.42543739080429077,0.0,0.0,0.0,0.0,1.0,1.0,0.0,0,0,0,0,0,0,0.0,0.5,0.0,0.0
2,200,0,dpga,roi_reg,0.36420321464538574,2.1420576572418213,-0.29718881845474243,0.39334213733673096,2.9106431007385254,0.019667107611894608,7.399774457031519,0.0,1.0,1.0,0.0,1,1,0,0,1,1,0.0070766969583928585,0.1845312863588333,0.0,0.0
2,300,0,dpga,backbone,0.4311736822128296,0.590698778629303,0.033085767179727554,2.4550282955169678,3.4097392559051514,0.24550284445285797,1.388879819483769,0.0,1.0,1.0,0.0,0,1,0,0,0,1,0.07200047373771667,0.5412631630897522,0.0,0.0
2,300,0,dpga,fpn,0.4311736822128296,0.590698778629303,-0.03275076299905777,0.5206606984138489,1.1358370780944824,0.07809910923242569,2.181530277884847,0.0,1.0,1.0,0.0,1,1,0,0,1,1,0.06879597902297974,0.45915281772613525,0.0,0.0
2,300,0,dpga,rpn,0.4311736822128296,0.590698778629303,0.0,0.6600322723388672,0.0,0.0,0.0,0.0,1.0,1.0,0.0,0,0,0,0,0,0,0.0,0.0,0.0,0.0
2,300,0,dpga,roi_shared,0.4311736822128296,0.590698778629303,-0.2519252896308899,0.8247620463371277,0.9518222808837891,0.20619049668312073,1.1540568399224382,0.0,1.0,1.0,0.0,1,1,0,0,1,1,0.2238469123840332,0.22103820741176605,0.0,0.0
2,300,0,dpga,roi_cls,0.4311736822128296,0.590698778629303,0.0,0.4584314823150635,0.0,0.0,0.0,0.0,1.0,1.0,0.0,0,0,0,0,0,0,0.0,0.5,0.0,0.0
2,300,0,dpga,roi_reg,0.4311736822128296,0.590698778629303,-0.5556864142417908,0.2902233898639679,0.8224563002586365,0.014511169865727425,2.8338732472394255,0.0,1.0,1.0,0.0,1,1,0,0,1,1,0.02122187614440918,0.05850084871053696,0.0,0.0
2,400,0,dpga,backbone,0.26014021039009094,0.41434067487716675,0.07929819077253342,0.9949089288711548,6.167131423950195,0.09949089586734772,6.198689392553303,0.0,1.0,1.0,0.0,0,1,0,0,0,1,0.01613244228065014,0.5978443026542664,0.0,0.0
2,400,0,dpga,fpn,0.26014021039009094,0.41434067487716675,-0.02404484711587429,0.2850564420223236,2.4247782230377197,0.04275847226381302,8.506309157004871,0.0,1.0,1.0,0.0,1,1,0,0,1,1,0.017639070749282837,0.4699800908565521,0.0,0.0
2,400,0,dpga,rpn,0.26014021039009094,0.41434067487716675,0.0,0.4164520502090454,0.0,0.0,0.0,0.0,1.0,1.0,0.0,0,0,0,0,0,0,0.0,0.0,0.0,0.0
2,400,0,dpga,roi_shared,0.26014021039009094,0.41434067487716675,0.0036445988807827234,0.47474825382232666,0.37544193863868713,0.11868707090616226,0.7908232112828273,0.0,1.0,1.0,0.0,0,0,0,0,0,1,0.31612628698349,0.5045556426048279,0.0,0.0
2,400,0,dpga,roi_cls,0.26014021039009094,0.41434067487716675,0.0,0.1876276731491089,0.0,0.0,0.0,0.0,1.0,1.0,0.0,0,0,0,0,0,0,0.0,0.5,0.0,0.0
2,400,0,dpga,roi_reg,0.26014021039009094,0.41434067487716675,-0.013254609890282154,0.17271046340465546,0.3902711868286133,0.008635523729026318,2.2596846718789676,0.0,1.0,1.0,0.0,1,1,0,0,1,1,0.02212892659008503,0.48343780636787415,0.0,0.0
2,500,0,dpga,backbone,0.23941415548324585,2.427769184112549,0.3385072946548462,1.6928170919418335,8.422516822814941,0.1692817211151123,4.975444106104492,0.0,1.0,1.0,0.0,0,1,0,0,0,1,0.02009870857000351,0.8445574045181274,0.0,0.0
2,500,0,dpga,fpn,0.23941415548324585,2.427769184112549,0.0149717191234231,0.46458208560943604,2.554624319076538,0.06968730688095093,5.498757696878038,0.0,1.0,1.0,0.0,0,1,0,0,0,1,0.02727888897061348,0.5187059044837952,0.0,0.0
2,500,0,dpga,rpn,0.23941415548324585,2.427769184112549,0.0,0.3410130441188812,0.0,0.0,0.0,0.0,1.0,1.0,0.0,0,0,0,0,0,0,0.0,0.0,0.0,0.0
2,500,0,dpga,roi_shared,0.23941415548324585,2.427769184112549,0.03325946256518364,0.7626044154167175,4.780532360076904,0.19065110385417938,6.268692212416093,0.0,1.0,1.0,0.0,0,1,0,0,0,1,0.03988072648644447,0.5414788126945496,0.0,0.0
2,500,0,dpga,roi_cls,0.23941415548324585,2.427769184112549,0.0,0.4306972920894623,0.0,0.0,0.0,0.0,1.0,1.0,0.0,0,0,0,0,0,0,0.0,0.5,0.0,0.0
2,500,0,dpga,roi_reg,0.23941415548324585,2.427769184112549,-0.051072023808956146,0.14869652688503265,4.697931289672852,0.007434826344251633,31.594088900981124,0.0,1.0,1.0,0.0,1,1,0,0,1,1,0.0015846425667405128,0.43650463223457336,0.0,0.0
2,600,0,dpga,backbone,0.38798362016677856,0.5411263108253479,-0.24461649358272552,1.2737314701080322,3.509347915649414,0.1273731291294098,2.7551709273162315,0.0,1.0,1.0,0.0,1,1,0,0,1,1,0.03743259608745575,0.22739443182945251,0.0,0.0
2,600,0,dpga,fpn,0.38798362016677856,0.5411263108253479,-0.11719221621751785,0.3931749165058136,1.37248957157135,0.05897624045610428,3.4907861970667096,0.0,1.0,1.0,0.0,1,1,0,0,1,1,0.04326841980218887,0.3575620949268341,0.0,0.0
2,600,0,dpga,rpn,0.38798362016677856,0.5411263108253479,0.0,0.3092350661754608,0.0,0.0,0.0,0.0,1.0,1.0,0.0,0,0,0,0,0,0,0.0,0.0,0.0,0.0
2,600,0,dpga,roi_shared,0.38798362016677856,0.5411263108253479,-0.13554075360298157,0.8214897513389587,0.847999632358551,0.20537243783473969,1.0322704951295905,0.0,1.0,1.0,0.0,1,1,0,0,1,1,0.24444034695625305,0.33677399158477783,0.0,0.0
2,600,0,dpga,roi_cls,0.38798362016677856,0.5411263108253479,0.0,0.35439643263816833,0.0,0.0,0.0,0.0,1.0,1.0,0.0,0,0,0,0,0,0,0.0,0.5,0.0,0.0
2,600,0,dpga,roi_reg,0.38798362016677856,0.5411263108253479,-0.5286163091659546,0.24585168063640594,0.5339570045471191,0.012292583473026752,2.171866399956797,0.0,1.0,1.0,0.0,1,1,0,0,1,1,0.027120666578412056,0.06641669571399689,0.0,0.0
2,700,0,dpga,backbone,0.2862110137939453,1.075158715248108,0.27257099747657776,3.944108486175537,4.155095100402832,0.3944108188152313,1.0534941203992796,0.0,1.0,1.0,0.0,0,1,0,0,0,1,0.09492222219705582,0.7962232828140259,0.0,0.0
2,700,0,dpga,fpn,0.2862110137939453,1.075158715248108,-0.05881524458527565,0.37421342730522156,1.4475480318069458,0.05613201484084129,3.868241827213418,0.0,1.0,1.0,0.0,1,1,0,0,1,1,0.038844551891088486,0.4270062744617462,0.0,0.0
2,700,0,dpga,rpn,0.2862110137939453,1.075158715248108,0.0,0.4246480464935303,0.0,0.0,0.0,0.0,1.0,1.0,0.0,0,0,0,0,0,0,0.0,0.0,0.0,0.0
2,700,0,dpga,roi_shared,0.2862110137939453,1.075158715248108,-0.09857998043298721,0.5550557374954224,3.9351723194122314,0.1387639343738556,7.089688572842985,0.0,1.0,1.0,0.0,1,1,0,0,1,1,0.03543508052825928,0.3792106807231903,0.0,0.0
2,700,0,dpga,roi_cls,0.2862110137939453,1.075158715248108,0.0,0.23154371976852417,0.0,0.0,0.0,0.0,1.0,1.0,0.0,0,0,0,0,0,0,0.0,0.5,0.0,0.0
2,700,0,dpga,roi_reg,0.2862110137939453,1.075158715248108,-0.34423673152923584,0.1049979105591774,3.2417259216308594,0.005249895621091127,30.87419458507991,0.0,1.0,1.0,0.0,1,1,0,0,1,1,0.001724896254017949,0.15171876549720764,0.0,0.0
3,0,0,dpga,backbone,0.4255329668521881,0.6199396252632141,0.017383242025971413,1.26975417137146,4.146073818206787,0.126975417137146,3.2652570959689133,0.0,1.0,1.0,0.0,0,1,0,0,0,1,0.030625460669398308,0.5217154026031494,0.0,0.0
3,0,0,dpga,fpn,0.4255329668521881,0.6199396252632141,-0.1417972445487976,0.47106415033340454,1.714160442352295,0.07065961509943008,3.6389108386597995,0.0,1.0,1.0,0.0,1,1,0,0,1,1,0.04164188355207443,0.3298228979110718,0.0,0.0
3,0,0,dpga,rpn,0.4255329668521881,0.6199396252632141,0.0,0.34540995955467224,0.0,0.0,0.0,0.0,1.0,1.0,0.0,0,0,0,0,0,0,0.0,0.0,0.0,0.0
3,0,0,dpga,roi_shared,0.4255329668521881,0.6199396252632141,-0.1692407876253128,0.9661862850189209,0.8156293630599976,0.24154657125473022,0.8441740228635362,0.0,1.0,1.0,0.0,1,0,0,0,1,1,0.30048200488090515,0.3002297878265381,0.0,0.0
3,0,0,dpga,roi_cls,0.4255329668521881,0.6199396252632141,0.0,0.5472375154495239,0.0,0.0,0.0,0.0,1.0,1.0,0.0,0,0,0,0,0,0,0.0,0.5,0.0,0.0
3,0,0,dpga,roi_reg,0.4255329668521881,0.6199396252632141,-0.6829290390014648,0.2825344204902649,0.589279055595398,0.014126719906926155,2.0856894341328664,0.0,1.0,1.0,0.0,1,1,0,0,1,1,0.0328177772462368,0.031840886920690536,0.0,0.0
3,100,0,dpga,backbone,0.081222765147686,0.04288051649928093,-0.07768657058477402,0.48013871908187866,1.7655426263809204,0.048013873398303986,3.677151115321404,0.0,1.0,1.0,0.0,1,1,0,0,1,1,0.027277406305074692,0.4040946066379547,0.0,0.0
3,100,0,dpga,fpn,0.081222765147686,0.04288051649928093,-0.12028605490922928,0.14527744054794312,0.9018204212188721,0.021791616454720497,6.20757371424961,0.0,1.0,1.0,0.0,1,1,0,0,1,1,0.024340759962797165,0.3540165424346924,0.0,0.0
3,100,0,dpga,rpn,0.081222765147686,0.04288051649928093,0.0,0.20927618443965912,0.0,0.0,0.0,0.0,1.0,1.0,0.0,0,0,0,0,0,0,0.0,0.0,0.0,0.0
3,100,0,dpga,roi_shared,0.081222765147686,0.04288051649928093,0.06464067846536636,0.2214820235967636,0.1021776795387268,0.0553705058991909,0.46133621988552154,0.0,1.0,1.0,0.0,0,0,0,0,0,1,0.5419041514396667,0.5801047086715698,0.0,0.0
3,100,0,dpga,roi_cls,0.081222765147686,0.04288051649928093,0.0,0.1356731355190277,0.0,0.0,0.0,0.0,1.0,1.0,0.0,0,0,0,0,0,0,0.0,0.5,0.0,0.0
3,100,0,dpga,roi_reg,0.081222765147686,0.04288051649928093,0.12859675288200378,0.036269672214984894,0.08583655208349228,0.0018134836573153734,2.3666205631720243,0.0,1.0,1.0,0.0,0,1,0,0,0,1,0.02112717181444168,0.6554276347160339,0.0,0.0
3,200,0,dpga,backbone,0.058797359466552734,0.07189582288265228,-0.016738347709178925,0.5031924843788147,2.8427703380584717,0.05031925439834595,5.649468993098812,0.0,1.0,1.0,0.0,1,1,0,0,1,1,0.017703259363770485,0.47908928990364075,0.0,0.0
3,200,0,dpga,fpn,0.058797359466552734,0.07189582288265228,0.12638796865940094,0.15735894441604614,1.1082977056503296,0.02360384538769722,7.043118583205968,0.0,1.0,1.0,0.0,0,1,0,0,0,1,0.021297385916113853,0.6529291868209839,0.0,0.0
3,200,0,dpga,rpn,0.058797359466552734,0.07189582288265228,0.0,0.1404774785041809,0.0,0.0,0.0,0.0,1.0,1.0,0.0,0,0,0,0,0,0,0.0,0.0,0.0,0.0
3,200,0,dpga,roi_shared,0.058797359466552734,0.07189582288265228,-0.08456974476575851,0.25409483909606934,0.4172309637069702,0.06352370977401733,1.6420284850776588,0.0,1.0,1.0,0.0,1,1,0,0,1,1,0.1527981013059616,0.395835280418396,0.0,0.0
3,200,0,dpga,roi_cls,0.058797359466552734,0.07189582288265228,0.0,0.16057008504867554,0.0,0.0,0.0,0.0,1.0,1.0,0.0,0,0,0,0,0,0,0.0,0.5,0.0,0.0
3,200,0,dpga,roi_reg,0.058797359466552734,0.07189582288265228,-0.7017388343811035,0.044606197625398636,0.38441842794418335,0.002230309881269932,8.61804969732046,0.0,1.0,1.0,0.0,1,1,0,0,1,1,0.008143595419824123,0.029065866023302078,0.0,0.0
3,300,0,dpga,backbone,0.5186339616775513,0.654534637928009,-0.1651192456483841,2.047663688659668,2.4841878414154053,0.2047663927078247,1.2131815664717243,0.0,1.0,1.0,0.0,1,1,0,0,1,1,0.08357508480548859,0.3045770227909088,0.0,0.0
3,300,0,dpga,fpn,0.5186339616775513,0.654534637928009,-0.057923804968595505,0.582868218421936,0.9053435325622559,0.08743024617433548,1.5532559572614768,0.0,1.0,1.0,0.0,1,1,0,0,1,1,0.09673375636339188,0.428097128868103,0.0,0.0
3,300,0,dpga,rpn,0.5186339616775513,0.654534637928009,0.0,0.30613839626312256,0.0,0.0,0.0,0.0,1.0,1.0,0.0,0,0,0,0,0,0,0.0,0.0,0.0,0.0
3,300,0,dpga,roi_shared,0.5186339616775513,0.654534637928009,-0.012145083397626877,1.1371510028839111,0.7078821659088135,0.2842877507209778,0.6225049831671998,0.0,1.0,1.0,0.0,1,0,0,0,1,1,0.40163281559944153,0.4848232567310333,0.0,0.0
3,300,0,dpga,roi_cls,0.5186339616775513,0.654534637928009,0.0,0.6167532801628113,0.0,0.0,0.0,0.0,1.0,1.0,0.0,0,0,0,0,0,0,0.0,0.5,0.0,0.0
3,300,0,dpga,roi_reg,0.5186339616775513,0.654534637928009,-0.13640032708644867,0.3319685161113739,0.5444605350494385,0.016598425805568695,1.6400969026435461,0.0,1.0,1.0,0.0,1,1,0,0,1,1,0.030773619189858437,0.3358146846294403,0.0,0.0
3,400,0,dpga,backbone,0.27971816062927246,2.335400342941284,0.10479506850242615,0.9025503993034363,5.901419639587402,0.09025504440069199,6.538603987258725,0.0,1.0,1.0,0.0,0,1,0,0,0,1,0.015293785370886326,0.6280768513679504,0.0,0.0
3,400,0,dpga,fpn,0.27971816062927246,2.335400342941284,0.16761814057826996,0.3168922960758209,2.05171275138855,0.04753384739160538,6.474479742157092,0.0,1.0,1.0,0.0,0,1,0,0,0,1,0.023167885839939117,0.6980628967285156,0.0,0.0
3,400,0,dpga,rpn,0.27971816062927246,2.335400342941284,0.0,0.30933982133865356,0.0,0.0,0.0,0.0,1.0,1.0,0.0,0,0,0,0,0,0,0.0,0.0,0.0,0.0
3,400,0,dpga,roi_shared,0.27971816062927246,2.335400342941284,0.15871445834636688,0.504582941532135,4.587384223937988,0.12614573538303375,9.091437395819762,0.0,1.0,1.0,0.0,0,1,0,0,0,1,0.027498401701450348,0.6885978579521179,0.0,0.0
3,400,0,dpga,roi_cls,0.27971816062927246,2.335400342941284,0.0,0.1819373518228531,0.0,0.0,0.0,0.0,1.0,1.0,0.0,0,0,0,0,0,0,0.0,0.5,0.0,0.0
3,400,0,dpga,roi_reg,0.27971816062927246,2.335400342941284,0.3116314709186554,0.15092700719833374,2.7144153118133545,0.0075463498942554,17.98495419872953,0.0,1.0,1.0,0.0,0,1,0,0,0,1,0.0027801014948636293,0.8260887861251831,0.0,0.0
3,500,0,dpga,backbone,0.36829087138175964,0.6884433627128601,0.17209351062774658,1.6279680728912354,7.410254955291748,0.16279682517051697,4.551842925353751,0.0,1.0,1.0,0.0,0,1,0,0,0,1,0.021969124674797058,0.7027583122253418,0.0,0.0
3,500,0,dpga,fpn,0.36829087138175964,0.6884433627128601,0.09399937093257904,0.5376498103141785,2.3574888706207275,0.08064746856689453,4.3848036870748945,0.0,1.0,1.0,0.0,0,1,0,0,0,1,0.034209057688713074,0.615382969379425,0.0,0.0
3,500,0,dpga,rpn,0.36829087138175964,0.6884433627128601,0.0,0.7054765820503235,0.0,0.0,0.0,0.0,1.0,1.0,0.0,0,0,0,0,0,0,0.0,0.0,0.0,0.0
3,500,0,dpga,roi_shared,0.36829087138175964,0.6884433627128601,0.2175205796957016,0.7383208870887756,0.054609332233667374,0.054609332233667374,0.07396422502550866,0.0,1.0,1.0,0.0,0,0,0,0,0,0,1.0,0.7479299902915955,0.0,0.0
3,500,0,dpga,roi_cls,0.36829087138175964,0.6884433627128601,0.0,0.2528231143951416,0.0,0.0,0.0,0.0,1.0,1.0,0.0,0,0,0,0,0,0,0.0,0.5,0.0,0.0
3,500,0,dpga,roi_reg,0.36829087138175964,0.6884433627128601,0.4405069947242737,0.21679332852363586,0.03259669989347458,0.010839665308594704,0.15035840869946662,0.0,1.0,1.0,0.0,0,0,0,0,0,1,0.33253875374794006,0.9004769325256348,0.0,0.0
3,600,0,dpga,backbone,0.6371246576309204,0.500848114490509,-0.1327870637178421,3.6216180324554443,3.219399929046631,0.3621618449687958,0.8889396673519125,0.0,1.0,1.0,0.0,1,0,0,0,1,1,0.11349865049123764,0.3398561477661133,0.0,0.0
3,600,0,dpga,fpn,0.6371246576309204,0.500848114490509,-0.1398678869009018,1.3508473634719849,1.1930294036865234,0.20262710750102997,0.8831711383143738,0.0,1.0,1.0,0.0,1,0,0,0,1,1,0.17152859270572662,0.33195868134498596,0.0,0.0
3,600,0,dpga,rpn,0.6371246576309204,0.500848114490509,0.0,0.6260005831718445,0.0,0.0,0.0,0.0,1.0,1.0,0.0,0,0,0,0,0,0,0.0,0.0,0.0,0.0
3,600,0,dpga,roi_shared,0.6371246576309204,0.500848114490509,-0.061065249145030975,2.0409469604492188,0.22010913491249084,0.21969835460186005,0.10784657278111928,0.0,1.0,1.0,0.0,1,0,0,0,1,0,1.0,0.42425596714019775,0.0,0.0
3,600,0,dpga,roi_cls,0.6371246576309204,0.500848114490509,0.0,1.064090609550476,0.0,0.0,0.0,0.0,1.0,1.0,0.0,0,0,0,0,0,0,0.0,0.5,0.0,0.0
3,600,0,dpga,roi_reg,0.6371246576309204,0.500848114490509,-0.18223842978477478,0.20669293403625488,0.17418472468852997,0.010334646329283714,0.8427222028691952,0.0,1.0,1.0,0.0,1,0,0,0,1,1,0.06034200266003609,0.2867559492588043,0.0,0.0
3,700,0,dpga,backbone,0.12031488120555878,0.07368944585323334,-0.23834559321403503,1.3907357454299927,5.506717205047607,0.13907358050346375,3.9595712004547785,0.0,1.0,1.0,0.0,1,1,0,0,1,1,0.02600470371544361,0.23295003175735474,0.0,0.0
3,700,0,dpga,fpn,0.12031488120555878,0.07368944585323334,-0.14715854823589325,0.49545958638191223,2.000901460647583,0.07431893795728683,4.038475620704288,0.0,1.0,1.0,0.0,1,1,0,0,1,1,0.037551555782556534,0.32392483949661255,0.0,0.0
3,700,0,dpga,rpn,0.12031488120555878,0.07368944585323334,0.0,0.29960042238235474,0.0,0.0,0.0,0.0,1.0,1.0,0.0,0,0,0,0,0,0,0.0,0.0,0.0,0.0
3,700,0,dpga,roi_shared,0.12031488120555878,0.07368944585323334,0.06472624093294144,0.681739866733551,0.28622597455978394,0.17043496668338776,0.41984632046119075,0.0,1.0,1.0,0.0,0,0,0,0,0,1,0.5954560041427612,0.580208957195282,0.0,0.0
3,700,0,dpga,roi_cls,0.12031488120555878,0.07368944585323334,0.0,0.4294719099998474,0.0,0.0,0.0,0.0,1.0,1.0,0.0,0,0,0,0,0,0,0.0,0.5,0.0,0.0
3,700,0,dpga,roi_reg,0.12031488120555878,0.07368944585323334,0.2730279564857483,0.052809689193964005,0.17491678893566132,0.0026404845993965864,3.31221015698865,0.0,1.0,1.0,0.0,0,1,0,0,0,1,0.015095661394298077,0.7965937852859497,0.0,0.0
4,0,0,dpga,backbone,0.05787235498428345,0.04283510148525238,0.008586021140217781,0.610712468624115,0.9535836577415466,0.0610712505877018,1.5614281789430176,0.0,1.0,1.0,0.0,0,1,0,0,0,1,0.06404393166303635,0.5107308626174927,0.0,0.0
4,0,0,dpga,fpn,0.05787235498428345,0.04283510148525238,0.023453187197446823,0.16727668046951294,0.4188021421432495,0.025091502815485,2.5036492891164133,0.0,1.0,1.0,0.0,0,1,0,0,0,1,0.0599125474691391,0.5292829275131226,0.0,0.0
4,0,0,dpga,rpn,0.05787235498428345,0.04283510148525238,0.0,0.16665762662887573,0.0,0.0,0.0,0.0,1.0,1.0,0.0,0,0,0,0,0,0,0.0,0.0,0.0,0.0
4,0,0,dpga,roi_shared,0.05787235498428345,0.04283510148525238,-0.1443217247724533,0.21765945851802826,0.2744157612323761,0.05441486835479736,1.2607573459053094,0.0,1.0,1.0,0.0,1,1,0,0,1,1,0.20039145648479462,0.32703885436058044,0.0,0.0
4,0,0,dpga,roi_cls,0.05787235498428345,0.04283510148525238,0.0,0.11112132668495178,0.0,0.0,0.0,0.0,1.0,1.0,0.0,0,0,0,0,0,0,0.0,0.5,0.0,0.0
4,0,0,dpga,roi_reg,0.05787235498428345,0.04283510148525238,-0.9493324756622314,0.04965142533183098,0.1693480908870697,0.002482571406289935,3.410739767393999,0.0,1.0,1.0,0.0,1,1,0,0,1,1,0.04664589464664459,0.008605916984379292,0.0,0.0
4,100,0,dpga,backbone,0.14810830354690552,0.668188214302063,-0.25403839349746704,0.8222150802612305,3.4839158058166504,0.08222150802612305,4.237231704275914,0.0,1.0,1.0,0.0,1,1,0,0,1,1,0.024400806054472923,0.21922440826892853,0.0,0.0
4,100,0,dpga,fpn,0.14810830354690552,0.668188214302063,-0.20724420249462128,0.21856558322906494,1.2158713340759277,0.0327848382294178,5.562958797596458,0.0,1.0,1.0,0.0,1,1,0,0,1,1,0.027562471106648445,0.2618798017501831,0.0,0.0
4,100,0,dpga,rpn,0.14810830354690552,0.668188214302063,0.0,0.2150166928768158,0.0,0.0,0.0,0.0,1.0,1.0,0.0,0,0,0,0,0,0,0.0,0.0,0.0,0.0
4,100,0,dpga,roi_shared,0.14810830354690552,0.668188214302063,-0.012171939946711063,0.3820559084415436,2.499290943145752,0.0955139771103859,6.54168902488824,0.0,1.0,1.0,0.0,1,1,0,0,1,1,0.03821926191449165,0.48478975892066956,0.0,0.0
4,100,0,dpga,roi_cls,0.14810830354690552,0.668188214302063,0.0,0.13561317324638367,0.0,0.0,0.0,0.0,1.0,1.0,0.0,0,0,0,0,0,0,0.0,0.5,0.0,0.0
4,100,0,dpga,roi_reg,0.14810830354690552,0.668188214302063,0.22024062275886536,0.06440673023462296,1.5748414993286133,0.0032203367445617914,24.45150520126901,0.0,1.0,1.0,0.0,0,1,0,0,0,1,0.002044863998889923,0.7504854202270508,0.0,0.0
4,200,0,dpga,backbone,0.10674218833446503,1.92156982421875,0.005216586869210005,1.1193506717681885,8.512996673583984,0.11193506419658661,7.605299115188257,0.0,1.0,1.0,0.0,0,1,0,0,0,1,0.013148726895451546,0.5065203309059143,0.0,0.0
4,200,0,dpga,fpn,0.10674218833446503,1.92156982421875,0.06638272851705551,0.23149904608726501,2.7969322204589844,0.03472485765814781,12.081830433999556,0.0,1.0,1.0,0.0,0,1,0,0,0,1,0.01241533737629652,0.5822249054908752,0.0,0.0
4,200,0,dpga,rpn,0.10674218833446503,1.92156982421875,0.0,0.3459930717945099,0.0,0.0,0.0,0.0,1.0,1.0,0.0,0,0,0,0,0,0,0.0,0.0,0.0,0.0
4,200,0,dpga,roi_shared,0.10674218833446503,1.92156982421875,0.04389284923672676,0.20132863521575928,6.416215896606445,0.05033215880393982,31.86936567533145,0.0,1.0,1.0,0.0,0,1,0,0,0,1,0.007844523526728153,0.5546468496322632,0.0,0.0
4,200,0,dpga,roi_cls,0.10674218833446503,1.92156982421875,0.0,0.14618654549121857,0.0,0.0,0.0,0.0,1.0,1.0,0.0,0,0,0,0,0,0,0.0,0.5,0.0,0.0
4,200,0,dpga,roi_reg,0.10674218833446503,1.92156982421875,0.0023804004304111004,0.013139350339770317,4.268032550811768,0.0006569675169885159,324.8282784494484,0.0,1.0,1.0,0.0,0,1,0,0,0,1,0.00015392748173326254,0.5029754638671875,0.0,0.0
4,300,0,dpga,backbone,0.18477699160575867,1.3997881412506104,-0.09905525296926498,1.0428086519241333,12.868786811828613,0.10428085178136826,12.340506370064952,0.0,1.0,1.0,0.0,1,1,0,0,1,1,0.008143444545567036,0.37865138053894043,0.0,0.0
4,300,0,dpga,fpn,0.18477699160575867,1.3997881412506104,0.007222556509077549,0.30007070302963257,4.2704691886901855,0.045010607689619064,14.231543251553179,0.0,1.0,1.0,0.0,0,1,0,0,0,1,0.010539967566728592,0.5090271830558777,0.0,0.0
4,300,0,dpga,rpn,0.18477699160575867,1.3997881412506104,0.0,0.22045190632343292,0.0,0.0,0.0,0.0,1.0,1.0,0.0,0,0,0,0,0,0,0.0,0.0,0.0,0.0
4,300,0,dpga,roi_shared,0.18477699160575867,1.3997881412506104,0.03946433588862419,0.6227101683616638,5.0371174812316895,0.15567754209041595,8.08902397480393,0.0,1.0,1.0,0.0,0,1,0,0,0,1,0.030906077474355698,0.549170970916748,0.0,0.0
4,300,0,dpga,roi_cls,0.18477699160575867,1.3997881412506104,0.0,0.2452029287815094,0.0,0.0,0.0,0.0,1.0,1.0,0.0,0,0,0,0,0,0,0.0,0.5,0.0,0.0
4,300,0,dpga,roi_reg,0.18477699160575867,1.3997881412506104,0.14441239833831787,0.1261989027261734,2.9397761821746826,0.006309945601969957,23.294784016889704,0.0,1.0,1.0,0.0,0,1,0,0,0,1,0.002146403305232525,0.673060953617096,0.0,0.0
4,400,0,dpga,backbone,0.24205264449119568,4.087893962860107,-0.21143119037151337,1.5709011554718018,13.986540794372559,0.15709011256694794,8.903514231722534,0.0,1.0,1.0,0.0,1,1,0,0,1,1,0.011491304263472557,0.25785332918167114,0.0,0.0
4,400,0,dpga,fpn,0.24205264449119568,4.087893962860107,-0.10086576640605927,0.3764912188053131,4.657320976257324,0.056473683565855026,12.370330949646041,0.0,1.0,1.0,0.0,1,1,0,0,1,1,0.012187945656478405,0.3765239119529724,0.0,0.0
4,400,0,dpga,rpn,0.24205264449119568,4.087893962860107,0.0,0.49953076243400574,0.0,0.0,0.0,0.0,1.0,1.0,0.0,0,0,0,0,0,0,0.0,0.0,0.0,0.0
4,400,0,dpga,roi_shared,0.24205264449119568,4.087893962860107,-0.0009028797503560781,0.5228155255317688,9.076592445373535,0.130703866481781,17.360984902163157,0.0,1.0,1.0,0.0,1,1,0,0,1,1,0.014400110580027103,0.498871386051178,0.0,0.0
4,400,0,dpga,roi_cls,0.24205264449119568,4.087893962860107,0.0,0.1618066281080246,0.0,0.0,0.0,0.0,1.0,1.0,0.0,0,0,0,0,0,0,0.0,0.5,0.0,0.0
4,400,0,dpga,roi_reg,0.24205264449119568,4.087893962860107,0.10799270868301392,0.13794204592704773,4.388594150543213,0.006897102575749159,31.814767724006156,0.0,1.0,1.0,0.0,0,1,0,0,0,1,0.0015715972986072302,0.6318039298057556,0.0,0.0
4,500,0,dpga,backbone,0.05886091664433479,-0.0,0.0,0.6603696942329407,0.0,0.0,0.0,0.0,1.0,1.0,0.0,0,0,0,0,0,0,0.0,0.5,0.0,0.0
4,500,0,dpga,fpn,0.05886091664433479,-0.0,0.0,0.34207066893577576,0.0,0.0,0.0,0.0,1.0,1.0,0.0,0,0,0,0,0,0,0.0,0.5,0.0,0.0
4,500,0,dpga,rpn,0.05886091664433479,-0.0,0.0,0.3501355051994324,0.0,0.0,0.0,0.0,1.0,1.0,0.0,0,0,0,0,0,0,0.0,0.0,0.0,0.0
4,500,0,dpga,roi_shared,0.05886091664433479,-0.0,0.0,0.5020924210548401,0.0,0.0,0.0,0.0,1.0,1.0,0.0,0,0,0,0,0,0,0.0,0.5,0.0,0.0
4,500,0,dpga,roi_cls,0.05886091664433479,-0.0,0.0,0.3158981204032898,0.0,0.0,0.0,0.0,1.0,1.0,0.0,0,0,0,0,0,0,0.0,0.5,0.0,0.0
4,500,0,dpga,roi_reg,0.05886091664433479,-0.0,0.0,0.0,0.0,0.0,0.0,0.0,0.0,0.0,90.0,0,0,0,1,0,0,0.0,0.0,0.0,0.0
4,600,0,dpga,backbone,0.16817796230316162,0.42146435379981995,-0.09648824483156204,1.5033403635025024,9.395917892456055,0.15033406019210815,6.250027020205405,0.0,1.0,1.0,0.0,1,1,0,0,1,1,0.016074934974312782,0.3816758394241333,0.0,0.0
4,600,0,dpga,fpn,0.16817796230316162,0.42146435379981995,0.008868900127708912,0.4162219762802124,3.014415979385376,0.06243329867720604,7.2423277750139405,0.0,1.0,1.0,0.0,0,1,0,0,0,1,0.020711572840809822,0.5110843181610107,0.0,0.0
4,600,0,dpga,rpn,0.16817796230316162,0.42146435379981995,0.0,0.26034173369407654,0.0,0.0,0.0,0.0,1.0,1.0,0.0,0,0,0,0,0,0,0.0,0.0,0.0,0.0
4,600,0,dpga,roi_shared,0.16817796230316162,0.42146435379981995,-0.04172036051750183,0.517219066619873,0.896809458732605,0.12930476665496826,1.7339064172429466,0.0,1.0,1.0,0.0,1,1,0,0,1,1,0.14430874586105347,0.4480378329753876,0.0,0.0
4,600,0,dpga,roi_cls,0.16817796230316162,0.42146435379981995,0.0,0.25863561034202576,0.0,0.0,0.0,0.0,1.0,1.0,0.0,0,0,0,0,0,0,0.0,0.5,0.0,0.0
4,600,0,dpga,roi_reg,0.16817796230316162,0.42146435379981995,0.20701630413532257,0.040552739053964615,0.5336421728134155,0.002027637092396617,13.159214032454962,0.0,1.0,1.0,0.0,0,1,0,0,0,1,0.003799619385972619,0.7378998398780823,0.0,0.0
4,700,0,dpga,backbone,0.10838256776332855,0.1981969028711319,0.09586387872695923,0.8959804773330688,4.183847904205322,0.08959805220365524,4.66957485129448,0.0,1.0,1.0,0.0,0,1,0,0,0,1,0.02141522616147995,0.6175870895385742,0.0,0.0
4,700,0,dpga,fpn,0.10838256776332855,0.1981969028711319,0.035343728959560394,0.21166671812534332,1.5777751207351685,0.03175000846385956,7.454053876343718,0.0,1.0,1.0,0.0,0,1,0,0,0,1,0.020123278722167015,0.5440650582313538,0.0,0.0
4,700,0,dpga,rpn,0.10838256776332855,0.1981969028711319,0.0,0.21199285984039307,0.0,0.0,0.0,0.0,1.0,1.0,0.0,0,0,0,0,0,0,0.0,0.0,0.0,0.0
4,700,0,dpga,roi_shared,0.10838256776332855,0.1981969028711319,-0.010689015500247478,0.33445796370506287,0.290981650352478,0.08361449092626572,0.8700096332855635,0.0,1.0,1.0,0.0,1,0,0,0,1,1,0.2873695492744446,0.48664188385009766,0.0,0.0
4,700,0,dpga,roi_cls,0.10838256776332855,0.1981969028711319,0.0,0.12161850929260254,0.0,0.0,0.0,0.0,1.0,1.0,0.0,0,0,0,0,0,0,0.0,0.5,0.0,0.0
4,700,0,dpga,roi_reg,0.10838256776332855,0.1981969028711319,0.00278107519261539,0.07515642791986465,0.19666583836078644,0.0037578213959932327,2.61675340092641,0.0,1.0,1.0,0.0,0,1,0,0,0,1,0.019107647240161896,0.5034763216972351,0.0,0.0
5,0,0,dpga,backbone,0.1591549813747406,4.400805473327637,-0.17325933277606964,1.7305315732955933,16.937808990478516,0.17305317521095276,9.787633610303022,0.0,1.0,1.0,0.0,1,1,0,0,1,1,0.010373866185545921,0.29602545499801636,0.0,0.0
5,0,0,dpga,fpn,0.1591549813747406,4.400805473327637,-0.19306884706020355,0.4919986128807068,5.438532829284668,0.07379978895187378,11.053959679767086,0.0,1.0,1.0,0.0,1,1,0,0,1,1,0.01383000798523426,0.27580946683883667,0.0,0.0
5,0,0,dpga,rpn,0.1591549813747406,4.400805473327637,0.0,0.32577672600746155,0.0,0.0,0.0,0.0,1.0,1.0,0.0,0,0,0,0,0,0,0.0,0.0,0.0,0.0
5,0,0,dpga,roi_shared,0.1591549813747406,4.400805473327637,-0.16196167469024658,0.6002415418624878,13.563385963439941,0.15006041526794434,22.596546585819684,0.0,1.0,1.0,0.0,1,1,0,0,1,1,0.011211665347218513,0.3079313337802887,0.0,0.0
5,0,0,dpga,roi_cls,0.1591549813747406,4.400805473327637,0.0,0.3580656945705414,0.0,0.0,0.0,0.0,1.0,1.0,0.0,0,0,0,0,0,0,0.0,0.5,0.0,0.0
5,0,0,dpga,roi_reg,0.1591549813747406,4.400805473327637,-0.634567379951477,0.10344617813825607,8.193394660949707,0.005172309465706348,79.20442116285065,0.0,1.0,1.0,0.0,1,1,0,0,1,1,0.0008167997002601624,0.040200818330049515,0.0,0.0
5,100,0,dpga,backbone,0.11978834122419357,0.31219589710235596,-0.31791868805885315,1.58041512966156,6.436800479888916,0.15804152190685272,4.07285425144426,0.0,1.0,1.0,0.0,1,1,0,0,1,1,0.025896361097693443,0.1694411039352417,0.0,0.0
5,100,0,dpga,fpn,0.11978834122419357,0.31219589710235596,-0.007104663643985987,0.40377649664878845,2.4915101528167725,0.06056647375226021,6.170518030384343,0.0,1.0,1.0,0.0,1,1,0,0,1,1,0.024309754371643066,0.4911200702190399,0.0,0.0
5,100,0,dpga,rpn,0.11978834122419357,0.31219589710235596,0.0,0.1334780901670456,0.0,0.0,0.0,0.0,1.0,1.0,0.0,0,0,0,0,0,0,0.0,0.0,0.0,0.0
5,100,0,dpga,roi_shared,0.11978834122419357,0.31219589710235596,0.015904026105999947,0.6054913997650146,0.12982584536075592,0.12982584536075592,0.21441402043223087,0.0,1.0,1.0,0.0,0,0,0,0,0,0,1.0,0.5198695659637451,0.0,0.0
5,100,0,dpga,roi_cls,0.11978834122419357,0.31219589710235596,0.0,0.35365498065948486,0.0,0.0,0.0,0.0,1.0,1.0,0.0,0,0,0,0,0,0,0.0,0.5,0.0,0.0
5,100,0,dpga,roi_reg,0.11978834122419357,0.31219589710235596,0.2935084104537964,0.06386901438236237,0.06881767511367798,0.003193450625985861,1.0774814012580443,0.0,1.0,1.0,0.0,0,1,0,0,0,1,0.04640451446175575,0.8126835227012634,0.0,0.0
5,200,0,dpga,backbone,0.24178273975849152,1.9322330951690674,0.0021320965606719255,1.4427449703216553,10.709951400756836,0.1442745178937912,7.4233157079515495,0.0,1.0,1.0,0.0,0,1,0,0,0,1,0.013471069745719433,0.502665102481842,0.0,0.0
5,200,0,dpga,fpn,0.24178273975849152,1.9322330951690674,0.030939895659685135,0.3819183111190796,4.0674357414245605,0.057287752628326416,10.650014997988302,0.0,1.0,1.0,0.0,0,1,0,0,0,1,0.014084488153457642,0.5385979413986206,0.0,0.0
5,200,0,dpga,rpn,0.24178273975849152,1.9322330951690674,0.0,0.2220083475112915,0.0,0.0,0.0,0.0,1.0,1.0,0.0,0,0,0,0,0,0,0.0,0.0,0.0,0.0
5,200,0,dpga,roi_shared,0.24178273975849152,1.9322330951690674,-0.05713692307472229,0.615078866481781,5.532987117767334,0.15376973152160645,8.995573444777467,0.0,1.0,1.0,0.0,1,1,0,0,1,1,0.02783692255616188,0.4290606677532196,0.0,0.0
5,200,0,dpga,roi_cls,0.24178273975849152,1.9322330951690674,0.0,0.21950918436050415,0.0,0.0,0.0,0.0,1.0,1.0,0.0,0,0,0,0,0,0,0.0,0.5,0.0,0.0
5,200,0,dpga,roi_reg,0.24178273975849152,1.9322330951690674,-0.1726992279291153,0.13831855356693268,2.6944680213928223,0.006915928330272436,19.480163375833474,0.0,1.0,1.0,0.0,1,1,0,0,1,1,0.00260586803779006,0.29660943150520325,0.0,0.0
5,300,0,dpga,backbone,0.13236674666404724,0.08973716199398041,0.05158314108848572,1.8447214365005493,3.214616537094116,0.18447214365005493,1.7426026897547569,0.0,1.0,1.0,0.0,0,1,0,0,0,1,0.05738542601466179,0.5641238689422607,0.0,0.0
5,300,0,dpga,fpn,0.13236674666404724,0.08973716199398041,-0.030013222247362137,0.6374893188476562,1.2620128393173218,0.09562340378761292,1.9796611519681175,0.0,1.0,1.0,0.0,1,1,0,0,1,1,0.0758046954870224,0.4625537395477295,0.0,0.0
5,300,0,dpga,rpn,0.13236674666404724,0.08973716199398041,0.0,0.4497000575065613,0.0,0.0,0.0,0.0,1.0,1.0,0.0,0,0,0,0,0,0,0.0,0.0,0.0,0.0
5,300,0,dpga,roi_shared,0.13236674666404724,0.08973716199398041,0.04322873428463936,0.9664485454559326,0.5975338816642761,0.24161213636398315,0.6182780081503284,0.0,1.0,1.0,0.0,0,0,0,0,0,1,0.40434885025024414,0.5538265705108643,0.0,0.0
5,300,0,dpga,roi_cls,0.13236674666404724,0.08973716199398041,0.0,0.5369656085968018,0.0,0.0,0.0,0.0,1.0,1.0,0.0,0,0,0,0,0,0,0.0,0.5,0.0,0.0
5,300,0,dpga,roi_reg,0.13236674666404724,0.08973716199398041,0.40596631169319153,0.08199482411146164,0.2678464353084564,0.0040997411124408245,3.2666261341612604,0.0,1.0,1.0,0.0,0,1,0,0,0,1,0.015306311659514904,0.8838937878608704,0.0,0.0
5,400,0,dpga,backbone,0.4047461450099945,0.4687778353691101,-0.0016023379284888506,1.6403303146362305,2.3759419918060303,0.16403302550315857,1.448453381984185,0.0,1.0,1.0,0.0,1,1,0,0,1,1,0.0690392479300499,0.49799710512161255,0.0,0.0
5,400,0,dpga,fpn,0.4047461450099945,0.4687778353691101,0.02897312492132187,0.46783149242401123,0.7986267805099487,0.07017472386360168,1.7070821298753585,0.0,1.0,1.0,0.0,0,1,0,0,0,1,0.08786923438310623,0.5361531972885132,0.0,0.0
5,400,0,dpga,rpn,0.4047461450099945,0.4687778353691101,0.0,0.27956056594848633,0.0,0.0,0.0,0.0,1.0,1.0,0.0,0,0,0,0,0,0,0.0,0.0,0.0,0.0
5,400,0,dpga,roi_shared,0.4047461450099945,0.4687778353691101,-0.1716431826353073,0.9144819378852844,0.39152219891548157,0.2286204695701599,0.4281355188062723,0.0,1.0,1.0,0.0,1,0,0,0,1,1,0.5927237272262573,0.29771220684051514,0.0,0.0
5,400,0,dpga,roi_cls,0.4047461450099945,0.4687778353691101,0.0,0.29342910647392273,0.0,0.0,0.0,0.0,1.0,1.0,0.0,0,0,0,0,0,0,0.0,0.5,0.0,0.0
5,400,0,dpga,roi_reg,0.4047461450099945,0.4687778353691101,-0.47520747780799866,0.28861528635025024,0.20323283970355988,0.014430764131247997,0.7041651960767104,0.0,1.0,1.0,0.0,1,0,0,0,1,1,0.08070027828216553,0.08501830697059631,0.0,0.0
5,500,0,dpga,backbone,0.06732437759637833,0.11615611612796783,0.19901832938194275,0.576397180557251,2.0202157497406006,0.0576397180557251,3.504902206127189,0.0,1.0,1.0,0.0,0,1,0,0,0,1,0.02853146567940712,0.7300924062728882,0.0,0.0
5,500,0,dpga,fpn,0.06732437759637833,0.11615611612796783,0.0771469995379448,0.14529719948768616,0.9644094109535217,0.021794579923152924,6.637494833720142,0.0,1.0,1.0,0.0,0,1,0,0,0,1,0.022598886862397194,0.5952555537223816,0.0,0.0
5,500,0,dpga,rpn,0.06732437759637833,0.11615611612796783,0.0,0.12443136423826218,0.0,0.0,0.0,0.0,1.0,1.0,0.0,0,0,0,0,0,0,0.0,0.0,0.0,0.0
5,500,0,dpga,roi_shared,0.06732437759637833,0.11615611612796783,0.06338877975940704,0.2917490601539612,0.8498255610466003,0.0729372575879097,2.912864777004362,0.0,1.0,1.0,0.0,0,1,0,0,0,1,0.08582615852355957,0.5785792469978333,0.0,0.0
5,500,0,dpga,roi_cls,0.06732437759637833,0.11615611612796783,0.0,0.06549820303916931,0.0,0.0,0.0,0.0,1.0,1.0,0.0,0,0,0,0,0,0,0.0,0.5,0.0,0.0
5,500,0,dpga,roi_reg,0.06732437759637833,0.11615611612796783,0.16442275047302246,0.0760316401720047,0.345567524433136,0.003801582148298621,4.545048925044445,0.0,1.0,1.0,0.0,0,1,0,0,0,1,0.011000982485711575,0.6946848630905151,0.0,0.0
5,600,0,dpga,backbone,0.12069661170244217,0.9963549375534058,-0.12271448224782944,0.600977897644043,5.835888385772705,0.060097791254520416,9.710653933614845,0.0,1.0,1.0,0.0,1,1,0,0,1,1,0.010376391932368279,0.35124471783638,0.0,0.0
5,600,0,dpga,fpn,0.12069661170244217,0.9963549375534058,-0.09696517884731293,0.14778688549995422,2.061920166015625,0.022168030962347984,13.95198335116321,0.0,1.0,1.0,0.0,1,1,0,0,1,1,0.01080206036567688,0.381113201379776,0.0,0.0
5,600,0,dpga,rpn,0.12069661170244217,0.9963549375534058,0.0,0.1485658884048462,0.0,0.0,0.0,0.0,1.0,1.0,0.0,0,0,0,0,0,0,0.0,0.0,0.0,0.0
5,600,0,dpga,roi_shared,0.12069661170244217,0.9963549375534058,-0.19314591586589813,0.2794891595840454,5.028600692749023,0.06987228989601135,17.992113541122404,0.0,1.0,1.0,0.0,1,1,0,0,1,1,0.014161639846861362,0.27573251724243164,0.0,0.0
5,600,0,dpga,roi_cls,0.12069661170244217,0.9963549375534058,0.0,0.08545291423797607,0.0,0.0,0.0,0.0,1.0,1.0,0.0,0,0,0,0,0,0,0.0,0.5,0.0,0.0
5,600,0,dpga,roi_reg,0.12069661170244217,0.9963549375534058,-0.3457691967487335,0.08613688498735428,2.698526382446289,0.004306844435632229,31.328348858244162,0.0,1.0,1.0,0.0,1,1,0,0,1,1,0.0017009115545079112,0.15073524415493011,0.0,0.0
5,700,0,dpga,backbone,0.07062175869941711,0.00010002159251598641,0.0,1.0277944803237915,0.0,0.0,0.0,0.0,1.0,1.0,0.0,0,0,0,0,0,0,0.0,0.5,0.0,0.0
5,700,0,dpga,fpn,0.07062175869941711,0.00010002159251598641,0.0,0.3150816857814789,0.0,0.0,0.0,0.0,1.0,1.0,0.0,0,0,0,0,0,0,0.0,0.5,0.0,0.0
5,700,0,dpga,rpn,0.07062175869941711,0.00010002159251598641,0.0,0.26016509532928467,0.0,0.0,0.0,0.0,1.0,1.0,0.0,0,0,0,0,0,0,0.0,0.0,0.0,0.0
5,700,0,dpga,roi_shared,0.07062175869941711,0.00010002159251598641,0.0,0.4093451201915741,0.0,0.0,0.0,0.0,1.0,1.0,0.0,0,0,0,0,0,0,0.0,0.5,0.0,0.0
5,700,0,dpga,roi_cls,0.07062175869941711,0.00010002159251598641,0.0,0.22870346903800964,0.0,0.0,0.0,0.0,1.0,1.0,0.0,0,0,0,0,0,0,0.0,0.5,0.0,0.0
5,700,0,dpga,roi_reg,0.07062175869941711,0.00010002159251598641,0.0,0.004059378057718277,0.0,0.0,0.0,0.0,1.0,1.0,0.0,0,0,0,0,0,0,0.0,0.5,0.0,0.0
6,0,0,dpga,backbone,0.040464844554662704,0.5359894037246704,0.101670041680336,0.6136031746864319,8.351566314697266,0.06136031821370125,13.610696064219592,0.012488392892126408,1.0012696954258629,0.9999228734159333,0.7116107006363692,0,1,0,0,0,1,0.007347162812948227,0.624419629573822,0.2,0.12488392740488052
6,0,0,dpga,fpn,0.040464844554662704,0.5359894037246704,0.0658910721540451,0.18622905015945435,4.006596565246582,0.027934357523918152,21.514347851830987,0.01744880564510822,1.0011497205117639,0.9998487895211909,0.9964007532524713,0,1,0,0,0,1,0.006972091738134623,0.581626832485199,0.2,0.11632537096738815
6,0,0,dpga,rpn,0.040464844554662704,0.5359894037246704,0.0,0.09970647841691971,0.0,0.0,0.0,0.0,1.0,1.0,0.0,0,0,0,0,0,0,0.0,0.0,0.2,0.0
6,0,0,dpga,roi_shared,0.040464844554662704,0.5359894037246704,-0.0008319304324686527,0.3050383925437927,9.157478594867818e-12,9.157472523335652e-12,3.002074105656431e-11,2.9958285852794063e-12,1.0,1.0,0.0,1,0,0,0,1,0,1.0,0.49896010756492615,0.2,0.09979202598333359
6,0,0,dpga,roi_cls,0.040464844554662704,0.5359894037246704,0.0,0.15683162212371826,0.0,0.0,0.0,0.0,1.0,1.0,0.0,0,0,0,0,0,0,0.0,0.5,0.2,0.10000000149011612
6,0,0,dpga,roi_reg,0.040464844554662704,0.5359894037246704,0.0,0.008874177932739258,4.1130319636262236e-12,4.1130319636262236e-12,4.634831524452681e-10,4.6348315935170525e-11,1.0,1.0,0.0,0,0,0,0,0,0,1.0,0.5,0.2,0.10000000149011612
6,100,0,dpga,backbone,0.6966840028762817,0.7875463962554932,-0.2667666971683502,2.816704273223877,5.2474775314331055,0.2816704213619232,1.8629849009413655,0.004170519397816775,1.0,0.9999912816905259,0.2392511788486648,1,1,0,0,1,1,0.05569564551115036,0.20852597057819366,0.2,0.04170519486069679
6,100,0,dpga,fpn,0.6966840028762817,0.7875463962554932,-0.13839049637317657,1.1683534383773804,2.0633134841918945,0.1752530038356781,1.7660011229627934,0.010007966001560483,1.0000000001660116,0.9999499050260482,0.573504091787109,1,1,0,0,1,1,0.0857628881931305,0.33359888195991516,0.2,0.06671977788209915
6,100,0,dpga,rpn,0.6966840028762817,0.7875463962554932,0.0,0.7973595261573792,0.0,0.0,0.0,0.0,1.0,1.0,0.0,0,0,0,0,0,0,0.0,0.0,0.2,0.0
6,100,0,dpga,roi_shared,0.6966840028762817,0.7875463962554932,-0.0025046358350664377,1.7215473651885986,0.06612800061702728,0.06612779945135117,0.03841195540372649,0.0038171324629075955,0.9999999999957458,0.9999927292783386,0.2184875289926258,1,0,0,0,1,0,1.0,0.4968692660331726,0.2,0.09937385469675064
6,100,0,dpga,roi_cls,0.6966840028762817,0.7875463962554932,0.0,0.8302907943725586,0.0,0.0,0.0,0.0,1.0,1.0,0.0,0,0,0,0,0,0,0.0,0.5,0.2,0.10000000149011612
6,100,0,dpga,roi_reg,0.6966840028762817,0.7875463962554932,-0.28335824608802795,0.36999791860580444,0.03430857136845589,0.018499895930290222,0.0927263901854762,0.0019516510888934135,0.9999999999400974,0.9999980668093456,0.11266137404599065,1,0,0,0,1,1,0.5622657537460327,0.19516511261463165,0.2,0.03903302177786827
6,200,0,dpga,backbone,0.3809501528739929,0.3523031771183014,-0.09267454594373703,1.8157719373703003,2.23340106010437,0.1815771609544754,1.2300008685776382,0.007723719722314759,1.0000000001118143,0.9999700636381899,0.4433413334769479,1,1,0,0,1,1,0.08165213465690613,0.38618603348731995,0.2,0.07723721116781235
6,200,0,dpga,fpn,0.3809501528739929,0.3523031771183014,-0.04937385022640228,0.5685682892799377,0.8712109327316284,0.0852852463722229,1.5322889952849321,0.013157828239441631,0.9999999999521382,0.9999135203148998,0.7535252502233003,1,1,0,0,1,1,0.0980122983455658,0.438594251871109,0.2,0.08771885186433792
6,200,0,dpga,rpn,0.3809501528739929,0.3523031771183014,0.0,0.6086444854736328,0.0,0.0,0.0,0.0,1.0,1.0,0.0,0,0,0,0,0,0,0.0,0.0,0.2,0.0
6,200,0,dpga,roi_shared,0.3809501528739929,0.3523031771183014,-0.03396857902407646,0.8860173225402832,0.3616032302379608,0.2215043306350708,0.4081220773440582,0.02288205176591873,1.0000000000678129,0.9997383110741678,1.31081008420468,1,0,0,0,1,1,0.6129154562950134,0.45764103531837463,0.2,0.09152820706367493
6,200,0,dpga,roi_cls,0.3809501528739929,0.3523031771183014,0.0,0.3504165709018707,0.0,0.0,0.0,0.0,1.0,1.0,0.0,0,0,0,0,0,0,0.0,0.5,0.2,0.10000000149011612
6,200,0,dpga,roi_reg,0.3809501528739929,0.3523031771183014,-0.03985428810119629,0.12065978348255157,0.19352109730243683,0.006032989826053381,1.6038574885261718,0.0045034636953203595,0.9999999999753834,0.9999899350442281,0.2570655797550198,1,1,0,0,1,1,0.031199628487229347,0.45034632086753845,0.2,0.09006926417350769
6,300,0,dpga,backbone,0.07853749394416809,0.043174564838409424,0.06161424517631531,0.8070510029792786,5.005546569824219,0.08070509880781174,6.202267950037773,0.011528288360171602,1.0007103067425407,0.9999338480348163,0.6590394308661341,0,1,0,0,0,1,0.016123134642839432,0.5764144062995911,0.2,0.11528288573026657
6,300,0,dpga,fpn,0.07853749394416809,0.043174564838409424,-0.07306956499814987,0.2410627156496048,1.7180036306381226,0.03615940734744072,7.126791158925282,0.012289968878030777,0.9999999999615702,0.9999244683989295,0.7042140883253702,1,1,0,0,1,1,0.02110375463962555,0.40966561436653137,0.2,0.08193312585353851
6,300,0,dpga,rpn,0.07853749394416809,0.043174564838409424,0.0,0.16767573356628418,0.0,0.0,0.0,0.0,1.0,1.0,0.0,0,0,0,0,0,0,0.0,0.0,0.2,0.0
6,300,0,dpga,roi_shared,0.07853749394416809,0.043174564838409424,-0.010257840156555176,0.33585524559020996,0.1792163848876953,0.0839638039469719,0.5336119868330542,0.02435902289961741,1.000000000009722,0.9997034448136827,1.3954077327429022,1,0,0,0,1,1,0.4685298502445221,0.4871805012226105,0.2,0.0974361002445221
6,300,0,dpga,roi_cls,0.07853749394416809,0.043174564838409424,0.0,0.22578829526901245,0.0,0.0,0.0,0.0,1.0,1.0,0.0,0,0,0,0,0,0,0.0,0.5,0.2,0.10000000149011612
6,300,0,dpga,roi_reg,0.07853749394416809,0.043174564838409424,-0.1119622141122818,0.018915900960564613,0.08655399829149246,0.0009457950363866985,4.575726975518535,0.003635911598751656,0.9999999999667871,0.99999340253313,0.20812606732402958,1,1,0,0,1,1,0.010996364988386631,0.36359116435050964,0.2,0.07271823287010193
6,400,0,dpga,backbone,0.09210498631000519,1.0349639654159546,-0.011877243407070637,0.5731849074363708,11.593148231506348,0.057318489998579025,20.225843495003925,0.009703155480858004,1.0000000000171911,0.9999529994195964,0.5555087982528372,1,1,0,0,1,1,0.004944518208503723,0.4851577877998352,0.2,0.09703155606985092
6,400,0,dpga,fpn,0.09210498631000519,1.0349639654159546,-0.06798683106899261,0.160078763961792,4.587883949279785,0.024011816829442978,28.660166006621797,0.01247476529969146,1.0000000001477238,0.9999221859449449,0.7147751912839666,1,1,0,0,1,1,0.005245882552117109,0.4158254563808441,0.2,0.08316509425640106
6,400,0,dpga,rpn,0.09210498631000519,1.0349639654159546,0.0,0.1697603166103363,0.0,0.0,0.0,0.0,1.0,1.0,0.0,0,0,0,0,0,0,0.0,0.0,0.2,0.0
6,400,0,dpga,roi_shared,0.09210498631000519,1.0349639654159546,-0.02391183376312256,0.2816225588321686,7.4036126136779785,0.07040563970804214,26.28913196577452,0.023507289588451385,0.9999999999774111,0.9997237707945817,1.34673586158799,1,1,0,0,1,1,0.00951235368847847,0.4701457917690277,0.2,0.09402915835380554
6,400,0,dpga,roi_cls,0.09210498631000519,1.0349639654159546,0.0,0.11034496873617172,0.0,0.0,0.0,0.0,1.0,1.0,0.0,0,0,0,0,0,0,0.0,0.5,0.2,0.10000000149011612
6,400,0,dpga,roi_reg,0.09210498631000519,1.0349639654159546,-0.04595502093434334,0.039098165929317474,2.840404987335205,0.0019549084827303886,72.6480365465263,0.0044280767934596075,1.0000000000223317,0.9999901862337299,0.2538375343544807,1,1,0,0,1,1,0.0006889777723699808,0.4428076446056366,0.2,0.0885615274310112
6,500,0,dpga,backbone,0.535832405090332,0.46134862303733826,-0.06058642640709877,2.5608248710632324,2.615271806716919,0.2560825049877167,1.0212614834653182,0.008496817794680615,0.9999999999818997,0.999963970706019,0.4863700346750588,1,1,0,0,1,1,0.09809833019971848,0.4248408377170563,0.2,0.08496817201375961
6,500,0,dpga,fpn,0.535832405090332,0.46134862303733826,-0.06875971704721451,0.933948278427124,0.9779209494590759,0.14009226858615875,1.0470825548348426,0.01244661338511836,1.0000000000416158,0.999922464668412,0.7134938937068511,1,1,0,0,1,1,0.14359505474567413,0.41488704085350037,0.2,0.08297740668058395
6,500,0,dpga,rpn,0.535832405090332,0.46134862303733826,0.0,0.868280291557312,0.0,0.0,0.0,0.0,1.0,1.0,0.0,0,0,0,0,0,0,0.0,0.0,0.2,0.0
6,500,0,dpga,roi_shared,0.535832405090332,0.46134862303733826,0.15703295171260834,1.8062725067138672,0.07684047520160675,0.07684047520160675,0.04254090947849382,0.005843353045054707,1.0009175989765637,0.9999834212640447,0.3299240217146601,0,0,0,0,0,0,1.0,0.6867921948432922,0.2,0.13735844194889069
6,500,0,dpga,roi_cls,0.535832405090332,0.46134862303733826,0.0,0.7176575660705566,0.0,0.0,0.0,0.0,1.0,1.0,0.0,0,0,0,0,0,0,0.0,0.5,0.2,0.10000000149011612
6,500,0,dpga,roi_reg,0.535832405090332,0.46134862303733826,0.5184248089790344,0.5531294345855713,0.0492682047188282,0.027656471356749535,0.08907174639104515,0.00930353018030668,1.0048231814110897,0.9999686851652627,0.453433732445912,0,0,0,0,0,1,0.5613452196121216,0.930353045463562,0.2,0.18607060611248016
6,600,0,dpga,backbone,0.07277897000312805,0.04544176906347275,-0.09736071527004242,0.728205144405365,1.447664737701416,0.0728205069899559,1.987990264588895,0.007612936164857074,0.999999999868385,0.9999708616023235,0.43739268733607123,1,1,0,0,1,1,0.05054217576980591,0.38064682483673096,0.2,0.07612936943769455
6,600,0,dpga,fpn,0.07277897000312805,0.04544176906347275,-0.04675784334540367,0.20636005699634552,0.5458996295928955,0.030954008921980858,2.6453744854439685,0.013254523809328882,0.9999999999522593,0.9999121286853302,0.7595639992875796,1,1,0,0,1,1,0.05676483362913132,0.4418174624443054,0.2,0.08836349099874496
6,600,0,dpga,rpn,0.07277897000312805,0.04544176906347275,0.0,0.1527148187160492,0.0,0.0,0.0,0.0,1.0,1.0,0.0,0,0,0,0,0,0,0.0,0.0,0.2,0.0
6,600,0,dpga,roi_shared,0.07277897000312805,0.04544176906347275,-0.1096530333161354,0.3291061818599701,0.22842855751514435,0.08227655291557312,0.6940877142573316,0.018313351814321255,0.9999999998731326,0.9998324100287906,1.0489812099420066,1,0,0,0,1,1,0.36237019300460815,0.36626699566841125,0.2,0.07325340062379837
6,600,0,dpga,roi_cls,0.07277897000312805,0.04544176906347275,0.0,0.17320701479911804,0.0,0.0,0.0,0.0,1.0,1.0,0.0,0,0,0,0,0,0,0.0,0.5,0.2,0.10000000149011612
6,600,0,dpga,roi_reg,0.07277897000312805,0.04544176906347275,-0.6621739268302917,0.030414246022701263,0.09658525884151459,0.0015207122778519988,3.1756584979756894,0.0003520017435897229,0.9999999999632279,0.9999999999632279,0.0004913569326076528,1,1,0,0,1,1,0.02101122960448265,0.035200174897909164,0.2,0.007040034979581833
6,700,0,dpga,backbone,0.23236608505249023,2.860022783279419,0.08645070344209671,2.0798227787017822,15.586845397949219,0.20798230171203613,7.494314206751054,0.012128235299915918,1.0010484942924642,0.9999271107914873,0.6917861858188802,0,1,0,0,0,1,0.0133434496819973,0.6064116954803467,0.2,0.12128233909606934
6,700,0,dpga,fpn,0.23236608505249023,2.860022783279419,0.0561751089990139,0.500541627407074,4.931674957275391,0.0750812441110611,9.852676954807242,0.017092826217412947,1.0009601916305675,0.9998548106822983,0.9763605359810303,0,1,0,0,0,1,0.015224289149045944,0.5697608590126038,0.2,0.11395217478275299
6,700,0,dpga,rpn,0.23236608505249023,2.860022783279419,0.0,0.3866589665412903,0.0,0.0,0.0,0.0,1.0,1.0,0.0,0,0,0,0,0,0,0.0,0.0,0.2,0.0
6,700,0,dpga,roi_shared,0.23236608505249023,2.860022783279419,-0.0619201697409153,0.8209847211837769,11.109661102294922,0.20524616539478302,13.532116756418944,0.02116060662122563,0.9999999999779569,0.9997762199330591,1.2121501767746017,1,1,0,0,1,1,0.018510084599256516,0.4232121407985687,0.2,0.0846424326300621
6,700,0,dpga,roi_cls,0.23236608505249023,2.860022783279419,0.0,0.39557406306266785,0.0,0.0,0.0,0.0,1.0,1.0,0.0,0,0,0,0,0,0,0.0,0.5,0.2,0.10000000149011612
6,700,0,dpga,roi_reg,0.23236608505249023,2.860022783279419,-0.18683674931526184,0.13253191113471985,5.2152533531188965,0.00662659527733922,39.35092543725221,0.002820767157057205,1.0000000000481994,0.9999959524220308,0.1630179353520543,1,1,0,0,1,1,0.001293393550440669,0.28207671642303467,0.2,0.05641534551978111
7,0,0,dpga,backbone,0.0633789673447609,0.00010002159251598641,0.053022533655166626,0.7263991236686707,2.4372701773467398e-11,2.4372701773467398e-11,3.355276869054211e-11,7.594906998115512e-12,1.0000000000004028,1.0000000000004028,0.0,0,0,0,0,0,0,1.0,0.5658926963806152,0.4,0.2263570874929428
7,0,0,dpga,fpn,0.0633789673447609,0.00010002159251598641,-0.00606756703928113,0.2266501933336258,9.560117454621153e-12,9.559741886988604e-12,4.218005426780642e-11,8.307729354373856e-12,1.0,1.0,0.0,1,0,0,0,1,0,1.0,0.492416113615036,0.4,0.19696645438671112
7,0,0,dpga,rpn,0.0633789673447609,0.00010002159251598641,0.0,0.18214984238147736,0.0,0.0,0.0,0.0,1.0,1.0,0.0,0,0,0,0,0,0,0.0,0.0,0.4,0.0
7,0,0,dpga,roi_shared,0.0633789673447609,0.00010002159251598641,-0.005643246229737997,0.35193586349487305,2.749203122098809e-11,2.7491496926157488e-11,7.811659473399644e-11,1.5402619283118197e-11,1.0,1.0,0.0,1,0,0,0,1,0,1.0,0.49294641613960266,0.4,0.19717857241630554
7,0,0,dpga,roi_cls,0.0633789673447609,0.00010002159251598641,0.0,0.21578174829483032,0.0,0.0,0.0,0.0,1.0,1.0,0.0,0,0,0,0,0,0,0.0,0.5,0.4,0.20000000298023224
7,0,0,dpga,roi_reg,0.0633789673447609,0.00010002159251598641,0.0,0.004230840597301722,1.1509812200549696e-11,1.1509812200549696e-11,2.7204551757138383e-09,5.440910432503559e-10,1.0,1.0,0.0,0,0,0,0,0,0,1.0,0.5,0.4,0.20000000298023224
7,100,0,dpga,backbone,0.6156706213951111,0.2914542257785797,0.1649363785982132,5.1352219581604,1.518479824066162,0.5135222673416138,0.2956989661670106,0.027809176742109497,1.0045867449036412,0.9996274724100019,1.5639769020717398,0,0,0,0,0,1,0.3381817638874054,0.6952292919158936,0.4,0.2780917286872864
7,100,0,dpga,fpn,0.6156706213951111,0.2914542257785797,0.08557192236185074,1.4224789142608643,0.6320736408233643,0.2133718580007553,0.44434658010505323,0.036321751599288854,1.0031081221079008,0.9993498667718641,2.066152360708981,0,0,0,0,0,1,0.3375743329524994,0.6053624749183655,0.4,0.24214498698711395
7,100,0,dpga,rpn,0.6156706213951111,0.2914542257785797,0.0,1.0720624923706055,0.0,0.0,0.0,0.0,1.0,1.0,0.0,0,0,0,0,0,0,0.0,0.0,0.4,0.0
7,100,0,dpga,roi_shared,0.6156706213951111,0.2914542257785797,-0.024377360939979553,2.1781222820281982,0.09587506204843521,0.09584657102823257,0.04401730005679911,0.008265153262052074,1.0000000000017013,0.999965849459764,0.4735192677169933,1,0,0,0,1,0,1.0,0.4695659577846527,0.4,0.18782638013362885
7,100,0,dpga,roi_cls,0.6156706213951111,0.2914542257785797,0.0,0.9717897772789001,0.0,0.0,0.0,0.0,1.0,1.0,0.0,0,0,0,0,0,0,0.0,0.5,0.4,0.20000000298023224
7,100,0,dpga,roi_reg,0.6156706213951111,0.2914542257785797,-0.3001912832260132,0.30087077617645264,0.05966257303953171,0.015043538995087147,0.1982996613953002,0.0036456581656523906,1.000000000164461,0.9999932645675431,0.21029096633428432,1,0,0,0,1,1,0.264335036277771,0.18228290975093842,0.4,0.07291316241025925
7,200,0,dpga,backbone,0.15094491839408875,0.3572392761707306,0.1364150494337082,0.9370596408843994,11.992021560668945,0.09370596706867218,12.79750086061848,0.02656807089902736,1.0036242847050492,0.9996563719128551,1.502084603619266,0,1,0,0,0,1,0.00781402550637722,0.6642017364501953,0.4,0.2656807005405426
7,200,0,dpga,fpn,0.15094491839408875,0.3572392761707306,-0.06644793599843979,0.28906238079071045,4.279440402984619,0.04335935786366463,14.804556688692944,0.025061747862399293,1.00000000000807,0.9996861591306488,1.435501789555674,1,1,0,0,1,1,0.010154458694159985,0.4176957905292511,0.4,0.16707831621170044
7,200,0,dpga,rpn,0.15094491839408875,0.3572392761707306,0.0,0.3163226842880249,0.0,0.0,0.0,0.0,1.0,1.0,0.0,0,0,0,0,0,0,0.0,0.0,0.4,0.0
7,200,0,dpga,roi_shared,0.15094491839408875,0.3572392761707306,-0.2591421902179718,0.4340316355228424,1.6861087083816528,0.1085079163312912,3.8847599354146976,0.0214887779059917,0.9999999996100727,0.9997692733531027,1.230820888615008,1,1,0,0,1,1,0.06663018465042114,0.21488776803016663,0.4,0.08595510572195053
7,200,0,dpga,roi_cls,0.15094491839408875,0.3572392761707306,0.0,0.12168516218662262,0.0,0.0,0.0,0.0,1.0,1.0,0.0,0,0,0,0,0,0,0.0,0.5,0.4,0.20000000298023224
7,200,0,dpga,roi_reg,0.15094491839408875,0.3572392761707306,-0.6591994166374207,0.14054381847381592,0.9653651714324951,0.007027191575616598,6.868784283190284,0.0007141754228074044,0.9999999999435221,0.9999997878935266,0.037317676838793556,1,1,0,0,1,1,0.009680340997874737,0.03570876643061638,0.4,0.014283507131040096
7,300,0,dpga,backbone,0.09996917098760605,0.1281898468732834,-0.0741162970662117,0.6887308359146118,3.279125928878784,0.0688730850815773,4.761113860285075,0.016336022670850495,1.0000000001127587,0.999866655553431,0.9356855505313222,1,1,0,0,1,1,0.02106141485273838,0.4084005355834961,0.4,0.16336022317409515
7,300,0,dpga,fpn,0.09996917098760605,0.1281898468732834,-0.05049861595034599,0.1905175894498825,1.1015409231185913,0.028577636927366257,5.781833196080629,0.026232599589315765,1.000000000210648,0.9996559765774028,1.502948460000339,1,1,0,0,1,1,0.02597646974027157,0.43720999360084534,0.4,0.17488400638103485
7,300,0,dpga,rpn,0.09996917098760605,0.1281898468732834,0.0,0.15104222297668457,0.0,0.0,0.0,0.0,1.0,1.0,0.0,0,0,0,0,0,0,0.0,0.0,0.4,0.0
7,300,0,dpga,roi_shared,0.09996917098760605,0.1281898468732834,-0.1059529110789299,0.31341272592544556,0.981183648109436,0.07835318148136139,3.1306439303388065,0.03705717995762825,1.0000000001762646,0.9993141134780124,2.1222111445075056,1,1,0,0,1,1,0.08030781894922256,0.3705717921257019,0.4,0.148228719830513
7,300,0,dpga,roi_cls,0.09996917098760605,0.1281898468732834,0.0,0.08770260214805603,0.0,0.0,0.0,0.0,1.0,1.0,0.0,0,0,0,0,0,0,0.0,0.5,0.4,0.20000000298023224
7,300,0,dpga,roi_reg,0.09996917098760605,0.1281898468732834,-0.13826686143875122,0.08698716014623642,0.4967811405658722,0.0043493579141795635,5.710970903415173,0.006674726909525087,0.9999999999360688,0.9999777310424343,0.38237402274226956,1,1,0,0,1,1,0.0088399862870574,0.3337363302707672,0.4,0.1334945410490036
7,400,0,dpga,backbone,0.379427045583725,2.324129343032837,0.06225656345486641,1.8216440677642822,9.06999397277832,0.18216441571712494,4.979015458222854,0.023087934792717885,1.0014373756494832,0.9997351957138999,1.3185898228102517,0,1,0,0,0,1,0.02008429355919361,0.577198326587677,0.4,0.23087933659553528
7,400,0,dpga,fpn,0.379427045583725,2.324129343032837,0.06281688064336777,0.54451584815979,3.1179254055023193,0.0816773772239685,5.7260507954717115,0.03467291593551636,1.0021780439052121,0.9994044669369748,1.9774801127918515,0,1,0,0,0,1,0.026196064427495003,0.577881932258606,0.4,0.23115277290344238
7,400,0,dpga,rpn,0.379427045583725,2.324129343032837,0.0,0.298865407705307,0.0,0.0,0.0,0.0,1.0,1.0,0.0,0,0,0,0,0,0,0.0,0.0,0.4,0.0
7,400,0,dpga,roi_shared,0.379427045583725,2.324129343032837,-0.004128039814531803,1.0123203992843628,6.238524436950684,0.2530800700187683,6.162598759603055,0.04948400495865728,0.9999999998424272,0.9987778671381321,2.8329641687237617,1,1,0,0,1,1,0.04056764394044876,0.4948401153087616,0.4,0.1979360431432724
7,400,0,dpga,roi_cls,0.379427045583725,2.324129343032837,0.0,0.3963073492050171,0.0,0.0,0.0,0.0,1.0,1.0,0.0,0,0,0,0,0,0,0.0,0.5,0.4,0.20000000298023224
7,400,0,dpga,roi_reg,0.379427045583725,2.324129343032837,-0.13857628405094147,0.21458707749843597,3.3205654621124268,0.010729353874921799,15.474209821123216,0.0066678486764431,0.9999999999460039,0.9999777792900305,0.3819595736311903,1,1,0,0,1,1,0.00326266186311841,0.3333924114704132,0.4,0.133356973528862
7,500,0,dpga,backbone,0.2959187924861908,1.2493653297424316,0.024433748796582222,2.4172446727752686,6.307337284088135,0.24172446131706238,2.6093085880489717,0.021220169438203554,1.000518488289474,0.9997753616959333,1.214472447111872,0,1,0,0,0,1,0.03832433000206947,0.5305042266845703,0.4,0.21220169961452484
7,500,0,dpga,fpn,0.2959187924861908,1.2493653297424316,-0.046006593853235245,0.5219919085502625,2.0291459560394287,0.07829879224300385,3.887313046048956,0.026564642574028366,0.9999999998780235,0.9996474008729687,1.5215667469638972,1,1,0,0,1,1,0.03862797096371651,0.44274401664733887,0.4,0.1770976036787033
7,500,0,dpga,rpn,0.2959187924861908,1.2493653297424316,0.0,0.34459930658340454,0.0,0.0,0.0,0.0,1.0,1.0,0.0,0,0,0,0,0,0,0.0,0.0,0.4,0.0
7,500,0,dpga,roi_shared,0.2959187924861908,1.2493653297424316,-0.026491697877645493,0.8506061434745789,5.279313087463379,0.21265153586864471,6.2065306346111,0.04669337347149849,0.9999999998408201,0.9989116883470367,2.6733367282952805,1,1,0,0,1,1,0.04029429331421852,0.4669337272644043,0.4,0.18677349388599396
7,500,0,dpga,roi_cls,0.2959187924861908,1.2493653297424316,0.0,0.23059280216693878,0.0,0.0,0.0,0.0,1.0,1.0,0.0,0,0,0,0,0,0,0.0,0.5,0.4,0.20000000298023224
7,500,0,dpga,roi_reg,0.2959187924861908,1.2493653297424316,0.09050531685352325,0.20573334395885468,2.6227636337280273,0.010286668315529823,12.74836437914781,0.012224796252412679,1.0011064089672126,0.9999260404440001,0.6968470319564883,0,1,0,0,0,1,0.003922071773558855,0.6112397313117981,0.4,0.24449589848518372
7,600,0,dpga,backbone,0.3323419392108917,1.4373536109924316,0.024979038164019585,1.5796306133270264,4.129726409912109,0.15796305239200592,2.6143621015384464,0.021247330595479338,1.0005307381192854,0.9997746581294767,1.2163728935334939,0,1,0,0,0,1,0.03825024887919426,0.5311833024024963,0.4,0.2124733179807663
7,600,0,dpga,fpn,0.3323419392108917,1.4373536109924316,0.014260565862059593,0.4786454439163208,1.3892937898635864,0.07179681956768036,2.902553043221842,0.031069094487239008,1.0004430628971452,0.9995182051858467,1.7786321125381046,0,1,0,0,0,1,0.05167864263057709,0.5178182125091553,0.4,0.20712728798389435
7,600,0,dpga,rpn,0.3323419392108917,1.4373536109924316,0.0,0.5248286128044128,0.0,0.0,0.0,0.0,1.0,1.0,0.0,0,0,0,0,0,0,0.0,0.0,0.4,0.0
7,600,0,dpga,roi_shared,0.3323419392108917,1.4373536109924316,0.031598757952451706,0.6215154528617859,2.588531494140625,0.15537887811660767,4.164870691825371,0.053941653626592076,1.0017044890555533,0.9985546360505734,3.0809068138630566,0,1,0,0,0,1,0.06002587452530861,0.539416491985321,0.4,0.21576659381389618
7,600,0,dpga,roi_cls,0.3323419392108917,1.4373536109924316,0.0,0.1860036998987198,0.0,0.0,0.0,0.0,1.0,1.0,0.0,0,0,0,0,0,0,0.0,0.5,0.4,0.20000000298023224
7,600,0,dpga,roi_reg,0.3323419392108917,1.4373536109924316,0.29077526926994324,0.07300177216529846,1.3727307319641113,0.0036500883288681507,18.804074082692498,0.016211885463025894,1.0047140158440366,0.9998809150024243,0.8842406296042389,0,1,0,0,0,1,0.002658998128026724,0.8105943202972412,0.4,0.32423773407936096
7,700,0,dpga,backbone,0.1662265509366989,2.2814815044403076,0.04457950219511986,1.1142563819885254,10.104462623596191,0.11142563819885254,9.068346196558062,0.022219792008399963,1.000990547018288,0.9997540986184671,1.2706531413297233,0,1,0,0,0,1,0.01102736871689558,0.5554947853088379,0.4,0.22219792008399963
7,700,0,dpga,fpn,0.1662265509366989,2.2814815044403076,-0.07116726040840149,0.26067283749580383,3.6714305877685547,0.039100926369428635,14.084438651294672,0.024718071991325002,0.9999999999798738,0.9996947219036689,1.41578237546653,1,1,0,0,1,1,0.010677125304937363,0.41196784377098083,0.4,0.1647871434688568
7,700,0,dpga,rpn,0.1662265509366989,2.2814815044403076,0.0,0.25568199157714844,0.0,0.0,0.0,0.0,1.0,1.0,0.0,0,0,0,0,0,0,0.0,0.0,0.4,0.0
7,700,0,dpga,roi_shared,0.1662265509366989,2.2814815044403076,0.007499805651605129,0.46509313583374023,9.765974998474121,0.11627328395843506,20.997891058889387,0.05093736574053764,1.0003820203671783,0.9987061760837527,2.9148892179270214,0,1,0,0,0,1,0.011905957944691181,0.509373664855957,0.4,0.20374946296215057
7,700,0,dpga,roi_cls,0.1662265509366989,2.2814815044403076,0.0,0.15750135481357574,0.0,0.0,0.0,0.0,1.0,1.0,0.0,0,0,0,0,0,0,0.0,0.5,0.4,0.20000000298023224
7,700,0,dpga,roi_reg,0.1662265509366989,2.2814815044403076,0.16691724956035614,0.12091758102178574,4.112947463989258,0.006045878864824772,34.01447026341213,0.013946476149042325,1.0023279074398572,0.9999059088105124,0.7859872751073592,0,1,0,0,0,1,0.0014699626481160522,0.6973237991333008,0.4,0.27892953157424927
8,0,0,dpga,backbone,0.09123476594686508,1.422073245048523,-0.012682848609983921,0.8881316781044006,7.967670440673828,0.0888131707906723,8.971271532257203,0.02904910244667834,0.9999999998820981,0.999578175148044,1.6642515846855042,1,1,0,0,1,1,0.011147589422762394,0.484151691198349,0.6,0.2904910147190094
8,0,0,dpga,fpn,0.09123476594686508,1.422073245048523,-0.012996876612305641,0.26085707545280457,2.9616758823394775,0.03912856802344322,11.35363446515108,0.04353837073914931,0.9999999998965869,0.9990534404968581,2.4931353312778466,1,1,0,0,1,1,0.013212746940553188,0.4837595820426941,0.6,0.29025575518608093
8,0,0,dpga,rpn,0.09123476594686508,1.422073245048523,0.0,0.1862693727016449,0.0,0.0,0.0,0.0,1.0,1.0,0.0,0,0,0,0,0,0,0.0,0.0,0.6,0.0
8,0,0,dpga,roi_shared,0.09123476594686508,1.422073245048523,0.05573734641075134,0.4623553454875946,5.682716369628906,0.11558883637189865,12.290798462892171,0.08538363873958588,1.0047590571321598,0.9964197797994124,4.849781328711226,0,1,0,0,0,1,0.020340420305728912,0.5692242383956909,0.6,0.3415345549583435
8,0,0,dpga,roi_cls,0.09123476594686508,1.422073245048523,0.0,0.16123127937316895,0.0,0.0,0.0,0.0,1.0,1.0,0.0,0,0,0,0,0,0,0.0,0.5,0.6,0.30000001192092896
8,0,0,dpga,roi_reg,0.09123476594686508,1.422073245048523,0.20097458362579346,0.13696415722370148,3.9388601779937744,0.006848207674920559,28.758328148294257,0.021960467992956416,1.0044134962383484,0.9997708181069059,1.2266935343322243,0,1,0,0,0,1,0.001738626859150827,0.7320156097412109,0.6,0.43920937180519104
8,100,0,dpga,backbone,0.48522281646728516,0.6472052335739136,-0.23078402876853943,2.788501501083374,2.8040578365325928,0.27885013818740845,1.005578743795969,0.014386425297356124,1.0000000012255572,0.999896470706497,0.8244664779653577,1,1,0,0,1,1,0.10220422595739365,0.23977376520633698,0.6,0.14386425912380219
8,100,0,dpga,fpn,0.48522281646728516,0.6472052335739136,-0.19408081471920013,0.8341910243034363,0.9785583019256592,0.12512865662574768,1.1730626120591168,0.024731999479688887,1.0000000003879448,0.9996942791797102,1.4168086620174596,1,1,0,0,1,1,0.13034893572330475,0.27479997277259827,0.6,0.16487999260425568
8,100,0,dpga,rpn,0.48522281646728516,0.6472052335739136,0.0,0.5341049432754517,0.0,0.0,0.0,0.0,1.0,1.0,0.0,0,0,0,0,0,0,0.0,0.0,0.6,0.0
8,100,0,dpga,roi_shared,0.48522281646728516,0.6472052335739136,-0.08485453575849533,1.3522038459777832,1.3998003005981445,0.3380509614944458,1.0351991711619073,0.059324219822883606,0.99999999993095,0.9982449255236784,3.39507165033693,1,1,0,0,1,1,0.24237358570098877,0.3954947888851166,0.6,0.23729687929153442
8,100,0,dpga,roi_cls,0.48522281646728516,0.6472052335739136,0.0,0.46778425574302673,0.0,0.0,0.0,0.0,1.0,1.0,0.0,0,0,0,0,0,0,0.0,0.5,0.6,0.30000001192092896
8,100,0,dpga,roi_reg,0.48522281646728516,0.6472052335739136,-0.21807222068309784,0.26439958810806274,0.5171793103218079,0.013219980522990227,1.956051875959926,0.00754650969524817,0.999999999744731,0.9999715958732455,0.43184647527711967,1,1,0,0,1,1,0.02619207091629505,0.2515502870082855,0.6,0.15093018114566803
8,200,0,dpga,backbone,0.0930105447769165,0.08715102076530457,-0.1523987054824829,1.0302311182022095,1.9175509214401245,0.10302311927080154,1.8612822769189112,0.019092818985324923,0.9999999995026359,0.999817903222847,1.0934409904462585,1,1,0,0,1,1,0.05436139181256294,0.3182136118412018,0.6,0.19092817604541779
8,200,0,dpga,fpn,0.0930105447769165,0.08715102076530457,0.07089854031801224,0.2635703384876251,0.6817666292190552,0.03953555226325989,2.5866591556965535,0.052893601861408894,1.0037500791641358,0.9986214465152826,3.0088417357445034,0,1,0,0,0,1,0.05798986181616783,0.5877066254615784,0.6,0.35262399911880493
8,200,0,dpga,rpn,0.0930105447769165,0.08715102076530457,0.0,0.13163460791110992,0.0,0.0,0.0,0.0,1.0,1.0,0.0,0,0,0,0,0,0,0.0,0.0,0.6,0.0
8,200,0,dpga,roi_shared,0.0930105447769165,0.08715102076530457,0.0373990461230278,0.4549351632595062,0.1457546204328537,0.11373378336429596,0.32038547952318136,0.08199195026672534,1.003066421035186,0.99668039190692,4.6698319415049925,0,0,0,0,0,1,0.7803100347518921,0.5466130375862122,0.6,0.3279678225517273
8,200,0,dpga,roi_cls,0.0930105447769165,0.08715102076530457,0.0,0.25762590765953064,0.0,0.0,0.0,0.0,1.0,1.0,0.0,0,0,0,0,0,0,0.0,0.5,0.6,0.30000001192092896
8,200,0,dpga,roi_reg,0.0930105447769165,0.08715102076530457,0.2490568310022354,0.03663848340511322,0.06708794832229614,0.0018319243099540472,1.8310787480066228,0.02329447596089691,1.0058016483626786,0.9997485103170283,1.2850109222765302,0,1,0,0,0,1,0.02730630896985531,0.7764824628829956,0.6,0.46588948369026184
8,300,0,dpga,backbone,0.07560715824365616,0.00010002159251598641,0.14580292999744415,1.1560518741607666,2.23185983583285e-11,2.23185983583285e-11,1.930587965572967e-11,7.814120754535537e-12,1.0000000000011393,1.0000000000011393,0.0,0,0,0,0,0,0,1.0,0.6745889782905579,0.6,0.4047534167766571
8,300,0,dpga,fpn,0.07560715824365616,0.00010002159251598641,0.11608360707759857,0.37407976388931274,7.97439111271947e-12,7.97439111271947e-12,2.131735496678465e-11,8.200748343419889e-12,1.0000000000009521,1.0000000000009521,0.0,0,0,0,0,0,0,1.0,0.6411636471748352,0.6,0.38469821214675903
8,300,0,dpga,rpn,0.07560715824365616,0.00010002159251598641,0.0,0.2007032185792923,0.0,0.0,0.0,0.0,1.0,1.0,0.0,0,0,0,0,0,0,0.0,0.0,0.6,0.0
8,300,0,dpga,roi_shared,0.07560715824365616,0.00010002159251598641,0.014597265981137753,0.5546444058418274,2.1034871761083096e-11,2.1034871761083096e-11,3.792496875391147e-11,1.1792507233272243e-11,1.000000000000172,1.000000000000172,0.0,0,0,0,0,0,0,1.0,0.5182384848594666,0.6,0.3109430968761444
8,300,0,dpga,roi_cls,0.07560715824365616,0.00010002159251598641,0.0,0.3179270923137665,0.0,0.0,0.0,0.0,1.0,1.0,0.0,0,0,0,0,0,0,0.0,0.5,0.6,0.30000001192092896
8,300,0,dpga,roi_reg,0.07560715824365616,0.00010002159251598641,0.0,0.000832371530123055,1.159955638485588e-11,1.159955638485588e-11,1.3935551571713465e-08,4.18066563763876e-09,1.0,1.0,0.0,0,0,0,0,0,0,1.0,0.5,0.6,0.30000001192092896
8,400,0,dpga,backbone,0.13238944113254547,3.1293399333953857,-0.17228081822395325,1.1665736436843872,16.959808349609375,0.11665736138820648,14.53813776903552,0.017822764358583876,1.0000000003582852,0.9998412261360917,1.0210167893089845,1,1,0,0,1,1,0.00698286946862936,0.29704606533050537,0.6,0.17822764813899994
8,400,0,dpga,fpn,0.13238944113254547,3.1293399333953857,-0.30797499418258667,0.3369866609573364,6.0479326248168945,0.050548005849123,17.947097987901017,0.015889812878637322,1.0000000000174982,0.999873726940826,0.9105369018121482,1,1,0,0,1,1,0.008784892037510872,0.17655344307422638,0.6,0.1059320718050003
8,400,0,dpga,rpn,0.13238944113254547,3.1293399333953857,0.0,0.3348294198513031,0.0,0.0,0.0,0.0,1.0,1.0,0.0,0,0,0,0,0,0,0.0,0.0,0.6,0.0
8,400,0,dpga,roi_shared,0.13238944113254547,3.1293399333953857,-0.21941770613193512,0.601280152797699,16.485755920410156,0.15032005310058594,27.417761660190365,0.0375428758524797,0.9999999987456906,0.9992960798519778,2.1499324127874906,1,1,0,0,1,1,0.009345929138362408,0.250285804271698,0.6,0.15017148852348328
8,400,0,dpga,roi_cls,0.13238944113254547,3.1293399333953857,0.0,0.15183855593204498,0.0,0.0,0.0,0.0,1.0,1.0,0.0,0,0,0,0,0,0,0.0,0.5,0.6,0.30000001192092896
8,400,0,dpga,roi_reg,0.13238944113254547,3.1293399333953857,-0.5371259450912476,0.21538735926151276,10.778487205505371,0.010769367218017578,50.042338800480216,0.0019147994534667182,1.0000000001535345,0.9999981322138275,0.1107391729814737,1,1,0,0,1,1,0.001184530439786613,0.06382665038108826,0.6,0.038295991718769073
8,500,0,dpga,backbone,0.5951271057128906,1.2320863008499146,-0.1503654420375824,4.38870096206665,3.4480268955230713,0.43887007236480713,0.785660022253917,0.019225396661601557,1.000000000227756,0.9998154360902096,1.1008235221476845,1,0,0,0,1,1,0.12874527275562286,0.32042327523231506,0.6,0.192253977060318
8,500,0,dpga,fpn,0.5951271057128906,1.2320863008499146,-0.08038230240345001,0.9976968169212341,1.1969369649887085,0.14965452253818512,1.1997000939446758,0.03607678860425949,0.9999999999526977,0.9993498299323725,2.0662109049970816,1,1,0,0,1,1,0.1254371553659439,0.4008531868457794,0.6,0.2405119240283966
8,500,0,dpga,rpn,0.5951271057128906,1.2320863008499146,0.0,0.8357169032096863,0.0,0.0,0.0,0.0,1.0,1.0,0.0,0,0,0,0,0,0,0.0,0.0,0.6,0.0
8,500,0,dpga,roi_shared,0.5951271057128906,1.2320863008499146,-0.1342730075120926,1.931229829788208,3.036720037460327,0.4828073978424072,1.572428092514165,0.05072868361650536,0.9999999997244851,0.9987158129764304,2.9040109930540305,1,1,0,0,1,1,0.16044268012046814,0.3381912410259247,0.6,0.202914759516716
8,500,0,dpga,roi_cls,0.5951271057128906,1.2320863008499146,0.0,0.6631168723106384,0.0,0.0,0.0,0.0,1.0,1.0,0.0,0,0,0,0,0,0,0.0,0.5,0.6,0.30000001192092896
8,500,0,dpga,roi_reg,0.5951271057128906,1.2320863008499146,-0.3488118350505829,0.4618547558784485,1.527150273323059,0.023092737421393394,3.3065595923515323,0.004463941904416303,1.0000000001050624,0.9999899984460764,0.2562546368790439,1,1,0,0,1,1,0.01613484136760235,0.14879806339740753,0.6,0.08927883952856064
8,600,0,dpga,backbone,0.30144259333610535,1.386006236076355,0.05626480281352997,2.4986088275909424,7.505517959594727,0.24986088275909424,3.0038787491322694,0.03419224619865417,1.0019238201174951,0.9994199120065455,1.9516663079659278,0,1,0,0,0,1,0.03329029306769371,0.5698707699775696,0.6,0.34192246198654175
8,600,0,dpga,fpn,0.30144259333610535,1.386006236076355,0.06517739593982697,0.5889977216720581,3.1586124897003174,0.08834965527057648,5.362690505378505,0.05226824554322162,1.0034067085242795,0.9986518213601543,2.9755013766189853,0,1,0,0,0,1,0.02797103486955166,0.580758273601532,0.6,0.3484549820423126
8,600,0,dpga,rpn,0.30144259333610535,1.386006236076355,0.0,0.2746405303478241,0.0,0.0,0.0,0.0,1.0,1.0,0.0,0,0,0,0,0,0,0.0,0.0,0.6,0.0
8,600,0,dpga,roi_shared,0.30144259333610535,1.386006236076355,-0.048019684851169586,1.0113846063613892,5.031680583953857,0.2528461515903473,4.97504169265152,0.0660393163561821,1.0000000000667035,0.9978264270729178,3.778360861221006,1,1,0,0,1,1,0.050308872014284134,0.440262109041214,0.6,0.2641572654247284
8,600,0,dpga,roi_cls,0.30144259333610535,1.386006236076355,0.0,0.33491623401641846,0.0,0.0,0.0,0.0,1.0,1.0,0.0,0,0,0,0,0,0,0.0,0.5,0.6,0.30000001192092896
8,600,0,dpga,roi_reg,0.30144259333610535,1.386006236076355,-0.5348151326179504,0.1567430943250656,3.188929557800293,0.007837154902517796,20.344944519130465,0.0019356161816007358,0.9999999999344363,0.9999980985897009,0.11173149763561611,1,1,0,0,1,1,0.002908524125814438,0.06452053785324097,0.6,0.03871232271194458
8,700,0,dpga,backbone,0.14396610856056213,0.9346152544021606,-0.2411695271730423,1.1729925870895386,4.628145694732666,0.11729927361011505,3.945588186721749,0.013826199142204827,1.0000000006317076,0.9999044791172045,0.7919363016202822,1,1,0,0,1,1,0.026115622371435165,0.23043660819530487,0.6,0.13826197385787964
8,700,0,dpga,fpn,0.14396610856056213,0.9346152544021606,-0.35812678933143616,0.4001753628253937,1.8660718202590942,0.06002630665898323,4.663135199238408,0.012869553374644863,0.9999999997651956,0.9999171924729011,0.7373531414725305,1,1,0,0,1,1,0.034452322870492935,0.14299502968788147,0.6,0.085797019302845
8,700,0,dpga,rpn,0.14396610856056213,0.9346152544021606,0.0,0.18180036544799805,0.0,0.0,0.0,0.0,1.0,1.0,0.0,0,0,0,0,0,0,0.0,0.0,0.6,0.0
8,700,0,dpga,roi_shared,0.14396610856056213,0.9346152544021606,-0.3214412331581116,0.8218638300895691,4.495767593383789,0.20546597242355347,5.4702098191787165,0.025046534790115548,0.9999999991832217,0.9996865048094474,1.4347109664939635,1,1,0,0,1,1,0.04826345294713974,0.16697688400745392,0.6,0.10018613189458847
8,700,0,dpga,roi_cls,0.14396610856056213,0.9346152544021606,0.0,0.15769299864768982,0.0,0.0,0.0,0.0,1.0,1.0,0.0,0,0,0,0,0,0,0.0,0.5,0.6,0.30000001192092896
8,700,0,dpga,roi_reg,0.14396610856056213,0.9346152544021606,-0.3689686954021454,0.38585907220840454,2.480294704437256,0.019292954355478287,6.427980791644146,0.004094384396241413,1.0000000000665292,0.999991581382023,0.23510308943224045,1,1,0,0,1,1,0.008368993178009987,0.1364794671535492,0.6,0.08188768476247787
9,0,0,dpga,backbone,0.03670424595475197,0.12714822590351105,0.004715159069746733,0.4816761016845703,6.425559043884277,0.04816761612892151,13.339999683214737,0.04047149622572728,1.000190829580187,0.9991823349443795,2.317154253629593,0,1,0,0,0,1,0.007496252190321684,0.5058936476707458,0.8,0.4047149121761322
9,0,0,dpga,fpn,0.03670424595475197,0.12714822590351105,0.011505663394927979,0.13993851840496063,2.1483218669891357,0.020990777760744095,15.351898044055472,0.0617253765463829,1.0007101914629541,0.998103420850179,3.5293260324088824,0,1,0,0,0,1,0.009770778939127922,0.5143781304359436,0.8,0.41150251030921936
9,0,0,dpga,rpn,0.03670424595475197,0.12714822590351105,0.0,0.10185887664556503,0.0,0.0,0.0,0.0,1.0,1.0,0.0,0,0,0,0,0,0,0.0,0.0,0.8,0.0
9,0,0,dpga,roi_shared,0.03670424595475197,0.12714822590351105,-0.07969765365123749,0.2261766642332077,1.0025910139083862,0.056544169783592224,4.432778320908598,0.08033513061981658,1.0000000004427636,0.996788675352073,4.59299557248554,1,1,0,0,1,1,0.05657801032066345,0.40167561173439026,0.8,0.32134050130844116
9,0,0,dpga,roi_cls,0.03670424595475197,0.12714822590351105,0.0,0.10238278657197952,0.0,0.0,0.0,0.0,1.0,1.0,0.0,0,0,0,0,0,0,0.0,0.5,0.8,0.4000000059604645
9,0,0,dpga,roi_reg,0.03670424595475197,0.12714822590351105,-0.14723141491413116,0.0271681547164917,0.26152610778808594,0.0013584078988060355,9.626200620439397,0.012953803007307701,0.999999999958849,0.9999160897197741,0.7422466614015453,1,1,0,0,1,1,0.005251386668533087,0.3238450288772583,0.8,0.2590760290622711
9,100,0,dpga,backbone,0.2928439974784851,1.3202266693115234,-0.1462778002023697,2.4810545444488525,4.612810134887695,0.24810543656349182,1.8592135127413718,0.02599119654729353,1.0000000000196618,0.9996624338525077,1.4887757686152467,1,1,0,0,1,1,0.054371025413274765,0.32488998770713806,0.8,0.25991198420524597
9,100,0,dpga,fpn,0.2928439974784851,1.3202266693115234,-0.07858715206384659,0.6424025297164917,1.6572471857070923,0.09636038541793823,2.579764414125948,0.048361299943205587,0.9999999997840827,0.9988325648521276,2.7688298759575765,1,1,0,0,1,1,0.058325231075286865,0.4030107855796814,0.8,0.32240864634513855
9,100,0,dpga,rpn,0.2928439974784851,1.3202266693115234,0.0,0.8184512257575989,0.0,0.0,0.0,0.0,1.0,1.0,0.0,0,0,0,0,0,0,0.0,0.0,0.8,0.0
9,100,0,dpga,roi_shared,0.2928439974784851,1.3202266693115234,-0.12524329125881195,0.7915367484092712,3.2205307483673096,0.1978841871023178,4.068706544376516,0.06967378407716751,0.9999999987319947,0.9975815750854412,3.985579706915783,1,1,0,0,1,1,0.061932243406772614,0.34836891293525696,0.8,0.27869513630867004
9,100,0,dpga,roi_cls,0.2928439974784851,1.3202266693115234,0.0,0.24569493532180786,0.0,0.0,0.0,0.0,1.0,1.0,0.0,0,0,0,0,0,0,0.0,0.5,0.8,0.4000000059604645
9,100,0,dpga,roi_reg,0.2928439974784851,1.3202266693115234,-0.2838011085987091,0.28301146626472473,1.5054855346679688,0.014150574803352356,5.319521341441904,0.007792702392784724,0.9999999997619695,0.9999696730453083,0.44622420968692583,1,1,0,0,1,1,0.009802386164665222,0.19481754302978516,0.8,0.1558540314435959
9,200,0,dpga,backbone,0.23728393018245697,2.476602792739868,-0.2539234459400177,1.2325704097747803,10.161218643188477,0.12325705587863922,8.243925509330676,0.017545825874082634,0.9999999992000232,0.9998462443916822,1.0047515340157487,1,1,0,0,1,1,0.012541188858449459,0.2193227857351303,0.8,0.17545823752880096
9,200,0,dpga,fpn,0.23728393018245697,2.476602792739868,-0.07372312992811203,0.37724000215530396,3.479116201400757,0.05658600106835365,9.222553762918434,0.04906506901017462,1.000000000285089,0.9987984980084256,2.8089458762015322,1,1,0,0,1,1,0.0163088571280241,0.40887555480003357,0.8,0.3271004557609558
9,200,0,dpga,rpn,0.23728393018245697,2.476602792739868,0.0,0.34784406423568726,0.0,0.0,0.0,0.0,1.0,1.0,0.0,0,0,0,0,0,0,0.0,0.0,0.8,0.0
9,200,0,dpga,roi_shared,0.23728393018245697,2.476602792739868,-0.14060978591442108,0.7233046889305115,8.301267623901367,0.18082618713378906,11.476861343420486,0.06622732231391242,1.000000000532599,0.9978141080728378,3.7890567954508483,1,1,0,0,1,1,0.022001544013619423,0.3311365842819214,0.8,0.2649092674255371
9,200,0,dpga,roi_cls,0.23728393018245697,2.476602792739868,0.0,0.23640654981136322,0.0,0.0,0.0,0.0,1.0,1.0,0.0,0,0,0,0,0,0,0.0,0.5,0.8,0.4000000059604645
9,200,0,dpga,roi_reg,0.23728393018245697,2.476602792739868,-0.44670289754867554,0.18785153329372406,3.4117157459259033,0.009392577223479748,18.161766827803078,0.003871239579558072,1.0000000001526554,0.9999924644162089,0.2224315327892373,1,1,0,0,1,1,0.003077110042795539,0.09678098559379578,0.8,0.0774247869849205
9,300,0,dpga,backbone,0.026714742183685303,-0.0,0.0,0.6342678666114807,0.0,0.0,0.0,0.0,1.0,1.0,0.0,0,0,0,0,0,0,0.0,0.5,0.8,0.4000000059604645
9,300,0,dpga,fpn,0.026714742183685303,-0.0,0.0,0.1936982125043869,0.0,0.0,0.0,0.0,1.0,1.0,0.0,0,0,0,0,0,0,0.0,0.5,0.8,0.4000000059604645
9,300,0,dpga,rpn,0.026714742183685303,-0.0,0.0,0.14603906869888306,0.0,0.0,0.0,0.0,1.0,1.0,0.0,0,0,0,0,0,0,0.0,0.0,0.8,0.0
9,300,0,dpga,roi_shared,0.026714742183685303,-0.0,0.0,0.22130094468593597,0.0,0.0,0.0,0.0,1.0,1.0,0.0,0,0,0,0,0,0,0.0,0.5,0.8,0.4000000059604645
9,300,0,dpga,roi_cls,0.026714742183685303,-0.0,0.0,0.12390147894620895,0.0,0.0,0.0,0.0,1.0,1.0,0.0,0,0,0,0,0,0,0.0,0.5,0.8,0.4000000059604645
9,300,0,dpga,roi_reg,0.026714742183685303,-0.0,0.0,0.0,0.0,0.0,0.0,0.0,0.0,0.0,90.0,0,0,0,1,0,0,0.0,0.0,0.8,0.0
9,400,0,dpga,backbone,0.15652386844158173,1.3964709043502808,-0.10763753950595856,0.9759707450866699,7.194108009338379,0.09759707748889923,7.371233252180643,0.02948874325200263,1.000000000049556,0.9995654772828733,1.689116485870531,1,1,0,0,1,1,0.013645527884364128,0.3686092793941498,0.8,0.2948874235153198
9,400,0,dpga,fpn,0.15652386844158173,1.3964709043502808,-0.028993284329771996,0.28410008549690247,2.600983142852783,0.04261501505970955,9.155164942325023,0.05565860712397037,0.9999999999997387,0.9984545809130854,3.185786829916497,1,1,0,0,1,1,0.01639108546078205,0.4638217091560364,0.8,0.3710573613643646
9,400,0,dpga,rpn,0.15652386844158173,1.3964709043502808,0.0,0.33760055899620056,0.0,0.0,0.0,0.0,1.0,1.0,0.0,0,0,0,0,0,0,0.0,0.0,0.8,0.0
9,400,0,dpga,roi_shared,0.15652386844158173,1.3964709043502808,-0.06283293664455414,0.5702096223831177,6.12388801574707,0.14255240559577942,10.739713563852305,0.08441969752311707,1.0000000002470644,0.9964557267212256,4.825358507283203,1,1,0,0,1,1,0.02332417666912079,0.4220984876155853,0.8,0.33767879009246826
9,400,0,dpga,roi_cls,0.15652386844158173,1.3964709043502808,0.0,0.11334459483623505,0.0,0.0,0.0,0.0,1.0,1.0,0.0,0,0,0,0,0,0,0.0,0.5,0.8,0.4000000059604645
9,400,0,dpga,roi_reg,0.15652386844158173,1.3964709043502808,-0.02218196913599968,0.18644137680530548,2.4292538166046143,0.009322067722678185,13.029585268196142,0.018892034113489834,0.9999999999456265,0.9998215612530317,1.082402211227607,1,1,0,0,1,1,0.003838364966213703,0.4723008871078491,0.8,0.37784072756767273
9,500,0,dpga,backbone,0.0537509024143219,0.00010002159251598641,0.0,0.7564714550971985,0.0,0.0,0.0,0.0,1.0,1.0,0.0,0,0,0,0,0,0,0.0,0.5,0.8,0.4000000059604645
9,500,0,dpga,fpn,0.0537509024143219,0.00010002159251598641,0.0,0.26461872458457947,0.0,0.0,0.0,0.0,1.0,1.0,0.0,0,0,0,0,0,0,0.0,0.5,0.8,0.4000000059604645
9,500,0,dpga,rpn,0.0537509024143219,0.00010002159251598641,0.0,0.17270737886428833,0.0,0.0,0.0,0.0,1.0,1.0,0.0,0,0,0,0,0,0,0.0,0.0,0.8,0.0
9,500,0,dpga,roi_shared,0.0537509024143219,0.00010002159251598641,0.0,0.3332515358924866,0.0,0.0,0.0,0.0,1.0,1.0,0.0,0,0,0,0,0,0,0.0,0.5,0.8,0.4000000059604645
9,500,0,dpga,roi_cls,0.0537509024143219,0.00010002159251598641,0.0,0.16996756196022034,0.0,0.0,0.0,0.0,1.0,1.0,0.0,0,0,0,0,0,0,0.0,0.5,0.8,0.4000000059604645
9,500,0,dpga,roi_reg,0.0537509024143219,0.00010002159251598641,0.0,0.003580996301025152,0.0,0.0,0.0,0.0,1.0,1.0,0.0,0,0,0,0,0,0,0.0,0.5,0.8,0.4000000059604645
9,600,0,dpga,backbone,0.27670663595199585,1.0326510667800903,0.03201209008693695,1.6978118419647217,5.04998779296875,0.1697811633348465,2.974409571277853,0.043194389996275256,1.0013827435083693,0.9990719874384337,2.4685853612067823,0,1,0,0,0,1,0.03362011909484863,0.5399299263954163,0.8,0.43194395303726196
9,600,0,dpga,fpn,0.27670663595199585,1.0326510667800903,0.008314019069075584,0.43450912833213806,1.8065259456634521,0.06517637521028519,4.157624841157645,0.06124692523306916,1.0005092080472693,0.9981317173145065,3.5028905142307556,0,1,0,0,0,1,0.03607829287648201,0.5103909969329834,0.8,0.4083127975463867
9,600,0,dpga,rpn,0.27670663595199585,1.0326510667800903,0.0,0.4366588890552521,0.0,0.0,0.0,0.0,1.0,1.0,0.0,0,0,0,0,0,0,0.0,0.0,0.8,0.0
9,600,0,dpga,roi_shared,0.27670663595199585,1.0326510667800903,-0.060952674597501755,0.6152427196502686,3.513803005218506,0.15381067991256714,5.711246786009769,0.08487868309020996,0.9999999998088048,0.9964171855409791,4.85153915743721,1,1,0,0,1,1,0.04385482147336006,0.4243934154510498,0.8,0.33951473236083984
9,600,0,dpga,roi_cls,0.27670663595199585,1.0326510667800903,0.0,0.13106366991996765,0.0,0.0,0.0,0.0,1.0,1.0,0.0,0,0,0,0,0,0,0.0,0.5,0.8,0.4000000059604645
9,600,0,dpga,roi_reg,0.27670663595199585,1.0326510667800903,-0.16289356350898743,0.1344771534204483,1.169875979423523,0.006723858416080475,8.699440385727515,0.012277570982255842,0.9999999998085844,0.9999246559608839,0.7033391728596308,1,1,0,0,1,1,0.005825301632285118,0.3069392442703247,0.8,0.24555139243602753
9,700,0,dpga,backbone,0.1160217821598053,1.7911946773529053,0.06500311195850372,1.7043601274490356,11.315568923950195,0.17043602466583252,6.639188949395648,0.046443695098153194,1.0030189843661994,0.998934361855022,2.6453374692801317,0,1,0,0,0,1,0.015062080696225166,0.5805461406707764,0.8,0.46443691849708557
9,700,0,dpga,fpn,0.1160217821598053,1.7911946773529053,-0.06013374403119087,0.4768292307853699,4.136960029602051,0.07152438908815384,8.675978238138208,0.05104728213118562,1.0000000001031188,0.9986996091742493,2.9222788348879742,1,1,0,0,1,1,0.017320461571216583,0.4253939986228943,0.8,0.34031519293785095
9,700,0,dpga,rpn,0.1160217821598053,1.7911946773529053,0.0,0.5196701884269714,0.0,0.0,0.0,0.0,1.0,1.0,0.0,0,0,0,0,0,0,0.0,0.0,0.8,0.0
9,700,0,dpga,roi_shared,0.1160217821598053,1.7911946773529053,-0.05133058875799179,0.49063125252723694,13.001065254211426,0.12265782058238983,26.498648806497876,0.08723734104056109,0.9999999994706564,0.9962164249002652,4.985696490005181,1,1,0,0,1,1,0.00944689754396677,0.43618667125701904,0.8,0.3489493429660797
9,700,0,dpga,roi_cls,0.1160217821598053,1.7911946773529053,0.0,0.2358369082212448,0.0,0.0,0.0,0.0,1.0,1.0,0.0,0,0,0,0,0,0,0.0,0.5,0.8,0.4000000059604645
9,700,0,dpga,roi_reg,0.1160217821598053,1.7911946773529053,-0.7561788558959961,0.02102876827120781,9.258843421936035,0.001051438506692648,440.294139082462,0.0008917577423277444,1.00000000006319,0.9999995571831551,0.0539199788108423,1,1,0,0,1,1,0.00017354298324789852,0.02229394018650055,0.8,0.01783515326678753
10,0,0,dpga,backbone,0.355481892824173,1.5701793432235718,-0.2865920662879944,2.1762964725494385,7.128224849700928,0.21762965619564056,3.2753923647868235,0.019263786868897396,1.000000001216883,0.9998144538250165,1.1037490645915982,1,1,0,0,1,1,0.03186744451522827,0.1926378607749939,1.0,0.1926378607749939
10,0,0,dpga,fpn,0.355481892824173,1.5701793432235718,-0.0613151416182518,0.438171923160553,2.669694662094116,0.06572578847408295,6.092801754246355,0.06359262317419052,0.9999999999389982,0.9979840905524798,3.63869895042599,1,1,0,0,1,1,0.024665625765919685,0.42395082116127014,1.0,0.42395082116127014
10,0,0,dpga,rpn,0.355481892824173,1.5701793432235718,0.0,0.2578735649585724,0.0,0.0,0.0,0.0,1.0,1.0,0.0,0,0,0,0,0,0,0.0,0.0,1.0,0.0
10,0,0,dpga,roi_shared,0.355481892824173,1.5701793432235718,-0.10631406307220459,0.9194246530532837,5.224067687988281,0.22985617816448212,5.681887766050068,0.09253767732664156,1.0000000004185516,0.9957456745507086,5.286972780555854,1,1,0,0,1,1,0.0442502461373806,0.37015068531036377,1.0,0.37015068531036377
10,0,0,dpga,roi_cls,0.355481892824173,1.5701793432235718,0.0,0.27050670981407166,0.0,0.0,0.0,0.0,1.0,1.0,0.0,0,0,0,0,0,0,0.0,0.5,1.0,0.5
10,0,0,dpga,roi_reg,0.355481892824173,1.5701793432235718,-0.2819783389568329,0.13696686923503876,2.263789176940918,0.006848343648016453,16.528005565026067,0.009812557219124692,1.0000000002283456,0.9999518068490821,0.5625123156693576,1,1,0,0,1,1,0.0031531197018921375,0.19625113904476166,1.0,0.19625113904476166
10,100,0,dpga,backbone,0.18641643226146698,1.3437762260437012,0.04893128201365471,1.077985405921936,7.0130615234375,0.10779853910207748,6.505711009547157,0.056086080491116505,1.0027443644483622,0.998443112315492,3.1975889437136553,0,1,0,0,0,1,0.015371110290288925,0.560860812664032,1.0,0.560860812664032
10,100,0,dpga,fpn,0.18641643226146698,1.3437762260437012,0.01752161793410778,0.34633809328079224,2.649975061416626,0.051950715482234955,7.651410898275545,0.07828320489358072,1.0013716485526165,0.9969591360549176,4.469369272410439,0,1,0,0,0,1,0.01960422843694687,0.521888017654419,1.0,0.521888017654419
10,100,0,dpga,rpn,0.18641643226146698,1.3437762260437012,0.0,0.24856622517108917,0.0,0.0,0.0,0.0,1.0,1.0,0.0,0,0,0,0,0,0,0.0,0.0,1.0,0.0
10,100,0,dpga,roi_shared,0.18641643226146698,1.3437762260437012,-0.05607513338327408,0.731477677822113,5.739708423614502,0.18286943435668945,7.846730799364643,0.10759042335071534,1.000000000720739,0.9942618425644221,6.140896103638044,1,1,0,0,1,1,0.03191061690449715,0.43036165833473206,1.0,0.43036165833473206
10,100,0,dpga,roi_cls,0.18641643226146698,1.3437762260437012,0.0,0.2449771612882614,0.0,0.0,0.0,0.0,1.0,1.0,0.0,0,0,0,0,0,0,0.0,0.5,1.0,0.5
10,100,0,dpga,roi_reg,0.18641643226146698,1.3437762260437012,-0.6975293755531311,0.0720457211136818,3.102346897125244,0.0036022858694195747,43.06080707041594,0.0014832882374966414,1.0000000001955762,0.999998862636092,0.08641465347274992,1,1,0,0,1,1,0.0016204571584239602,0.029665766283869743,1.0,0.029665766283869743
10,200,0,dpga,backbone,0.17092999815940857,0.9428727030754089,-0.07657226175069809,1.6714746952056885,8.663145065307617,0.1671474575996399,5.182935218915502,0.04054369637295666,0.9999999998057184,0.9991790698547189,2.321776691606726,1,1,0,0,1,1,0.019350895658135414,0.40543699264526367,1.0,0.40543699264526367
10,200,0,dpga,fpn,0.17092999815940857,0.9428727030754089,0.04350145533680916,0.34620487689971924,2.8454627990722656,0.051930733025074005,8.219014199203423,0.0831245207796703,1.0036160379377534,0.996593978817889,4.730256025120751,0,1,0,0,0,1,0.018250364810228348,0.5541634559631348,1.0,0.5541634559631348
10,200,0,dpga,rpn,0.17092999815940857,0.9428727030754089,0.0,0.19847525656223297,0.0,0.0,0.0,0.0,1.0,1.0,0.0,0,0,0,0,0,0,0.0,0.0,1.0,0.0
10,200,0,dpga,roi_shared,0.17092999815940857,0.9428727030754089,-0.010347898118197918,0.7069888710975647,6.568113327026367,0.17674721777439117,9.290264098259003,0.12176700681447983,0.999999999937075,0.9926677873194388,6.942579733228494,1,1,0,0,1,1,0.026911335065960884,0.4870680272579193,1.0,0.4870680272579193
10,200,0,dpga,roi_cls,0.17092999815940857,0.9428727030754089,0.0,0.14795713126659393,0.0,0.0,0.0,0.0,1.0,1.0,0.0,0,0,0,0,0,0,0.0,0.5,1.0,0.5
10,200,0,dpga,roi_reg,0.17092999815940857,0.9428727030754089,-0.0006760216201655567,0.11632301658391953,3.116868734359741,0.005816150922328234,26.794944164047898,0.024957749647191826,1.000000000033551,0.9996886820629571,1.4297199254678814,1,1,0,0,1,1,0.0018660241039469838,0.4991549849510193,1.0,0.4991549849510193
10,300,0,dpga,backbone,0.26827892661094666,1.2411458492279053,-0.10014922171831131,2.1571075916290283,4.946743965148926,0.21571072936058044,2.293230056926919,0.03773652687846345,1.0000000000188825,0.9992888229528991,2.1609874152279067,1,1,0,0,1,1,0.04382695257663727,0.3773653209209442,1.0,0.3773653209209442
10,300,0,dpga,fpn,0.26827892661094666,1.2411458492279053,-0.2158476710319519,0.46025577187538147,1.8117272853851318,0.06903836131095886,3.9363488653341077,0.03804752133291829,1.0000000001888092,0.9992769883337759,2.178895755383129,1,1,0,0,1,1,0.03902634605765343,0.25365015864372253,1.0,0.25365015864372253
10,300,0,dpga,rpn,0.26827892661094666,1.2411458492279053,0.0,0.2543901205062866,0.0,0.0,0.0,0.0,1.0,1.0,0.0,0,0,0,0,0,0,0.0,0.0,1.0,0.0
10,300,0,dpga,roi_shared,0.26827892661094666,1.2411458492279053,-0.26084181666374207,0.8404186367988586,3.8513755798339844,0.21010467410087585,4.582687021915427,0.05336437752827231,1.0000000001660188,0.9985792440240809,3.0545610404658583,1,1,0,0,1,1,0.05650941655039787,0.21345749497413635,1.0,0.21345749497413635
10,300,0,dpga,roi_cls,0.26827892661094666,1.2411458492279053,0.0,0.19943836331367493,0.0,0.0,0.0,0.0,1.0,1.0,0.0,0,0,0,0,0,0,0.0,0.5,1.0,0.5
10,300,0,dpga,roi_reg,0.26827892661094666,1.2411458492279053,-0.1913384646177292,0.23976895213127136,2.0009326934814453,0.011988446116447449,8.34525352717875,0.013877044383384485,0.9999999999626784,0.9999037419748691,0.7949861958574549,1,1,0,0,1,1,0.006104209925979376,0.277540922164917,1.0,0.277540922164917
10,400,0,dpga,backbone,0.5239254236221313,0.5466499328613281,0.08996866643428802,2.6635677814483643,3.1003427505493164,0.26635679602622986,1.163981172975237,0.0610602062209038,1.0054935062357653,0.9981760173336854,3.4610989681230593,0,1,0,0,0,1,0.08591204881668091,0.6106020212173462,1.0,0.6106020212173462
10,400,0,dpga,fpn,0.5239254236221313,0.5466499328613281,0.026651974767446518,0.7507261633872986,1.1828089952468872,0.11260893195867538,1.5755531816155417,0.0799898617739468,1.0021318879266434,0.996831821781115,4.562019728261637,0,1,0,0,0,1,0.0952046662569046,0.5332657098770142,1.0,0.5332657098770142
10,400,0,dpga,rpn,0.5239254236221313,0.5466499328613281,0.0,0.3776840567588806,0.0,0.0,0.0,0.0,1.0,1.0,0.0,0,0,0,0,0,0,0.0,0.0,1.0,0.0
10,400,0,dpga,roi_shared,0.5239254236221313,0.5466499328613281,0.06176300719380379,1.5710331201553345,0.1072007268667221,0.1072007268667221,0.06823581596810813,0.039344500021404286,1.0024300346378587,0.9992335562787752,2.2433937626268947,0,0,0,0,0,0,1.0,0.5765960216522217,1.0,0.5765960216522217
10,400,0,dpga,roi_cls,0.5239254236221313,0.5466499328613281,0.0,0.5150700211524963,0.0,0.0,0.0,0.0,1.0,1.0,0.0,0,0,0,0,0,0,0.0,0.5,1.0,0.5
10,400,0,dpga,roi_reg,0.5239254236221313,0.5466499328613281,-0.03441299498081207,0.33940809965133667,0.04193495213985443,0.016970405355095863,0.12355318621722021,0.022854477668823862,0.99999999994226,0.9997389308406021,1.3092568792692143,1,0,0,0,1,1,0.40492385625839233,0.45708954334259033,1.0,0.45708954334259033
10,500,0,dpga,backbone,0.16922205686569214,0.08183567970991135,0.17503778636455536,1.297455072402954,3.2850725650787354,0.1297455132007599,2.5319355058627275,0.07058243479732722,1.0123545952466653,0.9976522110706838,3.9269209724036953,0,1,0,0,0,1,0.03949547931551933,0.7058243155479431,1.0,0.7058243155479431
10,500,0,dpga,fpn,0.16922205686569214,0.08183567970991135,0.007001535966992378,0.3922945261001587,1.1758428812026978,0.0588441826403141,2.997347153659971,0.07631265110097726,1.0005343056648124,0.9971040765111002,4.361501585062366,0,1,0,0,0,1,0.05004425719380379,0.5087509751319885,1.0,0.5087509751319885
10,500,0,dpga,rpn,0.16922205686569214,0.08183567970991135,0.0,0.3534182608127594,0.0,0.0,0.0,0.0,1.0,1.0,0.0,0,0,0,0,0,0,0.0,0.0,1.0,0.0
10,500,0,dpga,roi_shared,0.16922205686569214,0.08183567970991135,-0.13943864405155182,0.6121609210968018,0.31907862424850464,0.15304023027420044,0.5212332464424797,0.08310870826244354,0.999999999353739,0.9965642521372184,4.7508650576579265,1,0,0,0,1,1,0.4843636155128479,0.33243483304977417,1.0,0.33243483304977417
10,500,0,dpga,roi_cls,0.16922205686569214,0.08183567970991135,0.0,0.2488308846950531,0.0,0.0,0.0,0.0,1.0,1.0,0.0,0,0,0,0,0,0,0.0,0.5,1.0,0.5
10,500,0,dpga,roi_reg,0.16922205686569214,0.08183567970991135,-0.20118451118469238,0.06394843757152557,0.14550720155239105,0.0031974217854440212,2.2753832161988785,0.013388928381035673,1.0000000001898306,0.9999104126501472,0.7669449945393694,1,1,0,0,1,1,0.022432999685406685,0.26777857542037964,1.0,0.26777857542037964
10,600,0,dpga,backbone,0.052457354962825775,0.15910476446151733,0.179542675614357,0.5370725989341736,4.478073596954346,0.05370726436376572,8.337929743280762,0.07104794378373326,1.0127561400412235,0.9976271782665818,3.9478086899086478,0,1,0,0,0,1,0.011993384920060635,0.7104793787002563,1.0,0.7104793787002563
10,600,0,dpga,fpn,0.052457354962825775,0.15910476446151733,0.09372002631425858,0.1632237732410431,1.6676334142684937,0.024483568966388702,10.216853716558749,0.09225786259220295,1.008646408622464,0.9958791675827814,5.203305887834748,0,1,0,0,0,1,0.014681624248623848,0.615052342414856,1.0,0.615052342414856
10,600,0,dpga,rpn,0.052457354962825775,0.15910476446151733,0.0,0.15705296397209167,0.0,0.0,0.0,0.0,1.0,1.0,0.0,0,0,0,0,0,0,0.0,0.0,1.0,0.0
10,600,0,dpga,roi_shared,0.052457354962825775,0.15910476446151733,-0.0032470286823809147,0.23624299466609955,1.1136599779129028,0.05906074866652489,4.714044450236183,0.12398532778024673,1.0000000002416987,0.9924012508633211,7.067797135102304,1,1,0,0,1,1,0.05303329601883888,0.49594131112098694,1.0,0.49594131112098694
10,600,0,dpga,roi_cls,0.052457354962825775,0.15910476446151733,0.0,0.08430925011634827,0.0,0.0,0.0,0.0,1.0,1.0,0.0,0,0,0,0,0,0,0.0,0.5,1.0,0.5
10,600,0,dpga,roi_reg,0.052457354962825775,0.15910476446151733,0.2588317394256592,0.04073574021458626,0.5298677086830139,0.002036787336692214,13.007440294242745,0.039242518267971226,1.0101572092627422,0.9992967315679414,2.148936821110402,0,1,0,0,0,1,0.0038439540658146143,0.7848502397537231,1.0,0.7848502397537231
10,700,0,dpga,backbone,0.05676639452576637,0.05057540535926819,-0.20621009171009064,0.7236229777336121,1.3901946544647217,0.07236230373382568,1.921158804020863,0.02628805257847189,1.000000000569834,0.9996545788199735,1.505998758967858,1,1,0,0,1,1,0.053195204585790634,0.26288050413131714,1.0,0.26288050413131714
10,700,0,dpga,fpn,0.05676639452576637,0.05057540535926819,-0.0024778172373771667,0.19610439240932465,0.5968165993690491,0.029415659606456757,3.043361711773014,0.07453541646440968,1.0000000002473115,0.9972337338447007,4.262700080704791,1,1,0,0,1,1,0.04928775131702423,0.4969027638435364,1.0,0.4969027638435364
10,700,0,dpga,rpn,0.05676639452576637,0.05057540535926819,0.0,0.11789330095052719,0.0,0.0,0.0,0.0,1.0,1.0,0.0,0,0,0,0,0,0,0.0,0.0,1.0,0.0
10,700,0,dpga,roi_shared,0.05676639452576637,0.05057540535926819,0.030924826860427856,0.3562995195388794,0.4182143211364746,0.08907488733530045,1.1737717796468683,0.1346448176472725,1.0041638676733957,0.9911382651535477,7.633403946366006,0,1,0,0,0,1,0.21298860013484955,0.5385792255401611,1.0,0.5385792255401611
10,700,0,dpga,roi_cls,0.05676639452576637,0.05057540535926819,0.0,0.11914221197366714,0.0,0.0,0.0,0.0,1.0,1.0,0.0,0,0,0,0,0,0,0.0,0.5,1.0,0.5
10,700,0,dpga,roi_reg,0.05676639452576637,0.05057540535926819,-4.7135137720033526e-05,0.05979909375309944,0.1585269570350647,0.002989954547956586,2.650992633594018,0.02499705436262126,0.9999999998927138,0.9996877414314242,1.4318783221866036,1,1,0,0,1,1,0.01886085979640484,0.4999411106109619,1.0,0.4999411106109619
11,0,0,dpga,backbone,0.42841094732284546,0.26580941677093506,-0.1076800599694252,2.180452585220337,1.561738133430481,0.21804526448249817,0.716244941080737,0.03685597878115789,1.0000000005617773,0.9993214374412034,2.1108488571960886,1,0,0,0,1,1,0.14043357968330383,0.3685597777366638,1.0,0.3685597777366638
11,0,0,dpga,fpn,0.42841094732284546,0.26580941677093506,-0.09617802500724792,0.5391280055046082,0.5149936079978943,0.08086921274662018,0.955234383559569,0.05730629812037177,0.9999999997555328,0.9983620138472478,3.2798353452119784,1,0,0,0,1,1,0.15776090323925018,0.38204193115234375,1.0,0.38204193115234375
11,0,0,dpga,rpn,0.42841094732284546,0.26580941677093506,0.0,0.4309968650341034,0.0,0.0,0.0,0.0,1.0,1.0,0.0,0,0,0,0,0,0,0.0,0.0,1.0,0.0
11,0,0,dpga,roi_shared,0.42841094732284546,0.26580941677093506,-0.025750290602445602,1.060692310333252,0.17407096922397614,0.17401325702667236,0.16411071102164013,0.07675481604659472,0.9999999998946683,0.9970674262293318,4.389027415973177,1,0,0,0,1,0,1.0,0.4678565561771393,1.0,0.4678565561771393
11,0,0,dpga,roi_cls,0.42841094732284546,0.26580941677093506,0.0,0.18893839418888092,0.0,0.0,0.0,0.0,1.0,1.0,0.0,0,0,0,0,0,0,0.0,0.5,1.0,0.5
11,0,0,dpga,roi_reg,0.42841094732284546,0.26580941677093506,0.3380665183067322,0.30040499567985535,0.083377406001091,0.015020249411463737,0.27754999816962816,0.042213394190955045,1.0142709352000459,0.9992338321474699,2.2429899385395835,0,0,0,0,0,1,0.18014772236347198,0.8442679047584534,1.0,0.8442679047584534
11,100,0,dpga,backbone,0.1328352987766266,0.3651498556137085,0.3616422414779663,1.27833890914917,7.0061845779418945,0.12783387303352356,5.480694147536379,0.0859145461545051,1.0310703316073304,0.9969960454271245,4.442148648109477,0,1,0,0,0,1,0.018245862796902657,0.8591455817222595,1.0,0.8591455817222595
11,100,0,dpga,fpn,0.1328352987766266,0.3651498556137085,0.06413176655769348,0.3415974974632263,2.312026023864746,0.051239628344774246,6.768275649073338,0.08692272937445553,1.0055745068935504,0.996300017997498,4.930278290074317,0,1,0,0,0,1,0.022162219509482384,0.5794848203659058,1.0,0.5794848203659058
11,100,0,dpga,rpn,0.1328352987766266,0.3651498556137085,0.0,0.27269604802131653,0.0,0.0,0.0,0.0,1.0,1.0,0.0,0,0,0,0,0,0,0.0,0.0,1.0,0.0
11,100,0,dpga,roi_shared,0.1328352987766266,0.3651498556137085,0.014951958321034908,0.6998997330665588,0.2154601663351059,0.17497491836547852,0.3078443327747578,0.12967029599727192,1.0019388252235222,0.9917308721383312,7.373390046188706,0,0,0,0,0,1,0.8120987415313721,0.5186812281608582,1.0,0.5186812281608582
11,100,0,dpga,roi_cls,0.1328352987766266,0.3651498556137085,0.0,0.1965552419424057,0.0,0.0,0.0,0.0,1.0,1.0,0.0,0,0,0,0,0,0,0.0,0.5,1.0,0.5
11,100,0,dpga,roi_reg,0.1328352987766266,0.3651498556137085,-0.1044442430138588,0.1643037050962448,0.10609304159879684,0.008215186186134815,0.645713019902079,0.01861665161897108,1.000000000003136,0.9998268067779829,1.0663735007576791,1,0,0,0,1,1,0.07785961776971817,0.37233299016952515,1.0,0.37233299016952515
11,200,0,dpga,backbone,0.18107300996780396,0.309858113527298,0.14873211085796356,1.8017020225524902,3.7229950428009033,0.1801702231168747,2.066376679494702,0.06777958462650295,1.0100809996845812,0.9978057701612438,3.7962790856721846,0,1,0,0,0,1,0.048393890261650085,0.6777957677841187,1.0,0.6777957677841187
11,200,0,dpga,fpn,0.18107300996780396,0.309858113527298,0.058258917182683945,0.3638589680194855,1.3471723794937134,0.05457884818315506,3.702457539596961,0.08584695629149053,1.0050013516763858,0.9963838191203974,4.874091342847438,0,1,0,0,0,1,0.04051363468170166,0.5723130106925964,1.0,0.5723130106925964
11,200,0,dpga,rpn,0.18107300996780396,0.309858113527298,0.0,0.33479294180870056,0.0,0.0,0.0,0.0,1.0,1.0,0.0,0,0,0,0,0,0,0.0,0.0,1.0,0.0
11,200,0,dpga,roi_shared,0.18107300996780396,0.309858113527298,0.0756036564707756,0.5390874743461609,0.7547529339790344,0.13477185368537903,1.4000565212435072,0.148348747182789,1.011215709930446,0.9894693213882193,8.322382369753766,0,1,0,0,0,1,0.17856422066688538,0.5933950543403625,1.0,0.5933950543403625
11,200,0,dpga,roi_cls,0.18107300996780396,0.309858113527298,0.0,0.11672572046518326,0.0,0.0,0.0,0.0,1.0,1.0,0.0,0,0,0,0,0,0,0.0,0.5,1.0,0.5
11,200,0,dpga,roi_reg,0.18107300996780396,0.309858113527298,-0.08513171225786209,0.08747703582048416,0.25414541363716125,0.004373852163553238,2.90528149763448,0.01975817550619676,1.0000000000117417,0.9998049093810286,1.1317822652759977,1,1,0,0,1,1,0.017272742465138435,0.39516347646713257,1.0,0.39516347646713257
11,300,0,dpga,backbone,0.5467966198921204,0.3993629515171051,-0.043112292885780334,3.6131649017333984,4.427489757537842,0.3613164722919464,1.2253771632215775,0.04463173526182187,0.9999999995622048,0.9990055894199071,2.55538589865426,1,1,0,0,1,1,0.08168346434831619,0.4463173747062683,1.0,0.4463173747062683
11,300,0,dpga,fpn,0.5467966198921204,0.3993629515171051,0.015400845557451248,0.9189554452896118,1.5546009540557861,0.1378433257341385,1.6917043824315645,0.07788624076576124,1.0011995142552328,0.9969885308153498,4.447704145607276,0,1,0,0,0,1,0.08866798132658005,0.5192415714263916,1.0,0.5192415714263916
11,300,0,dpga,rpn,0.5467966198921204,0.3993629515171051,0.0,0.7933036088943481,0.0,0.0,0.0,0.0,1.0,1.0,0.0,0,0,0,0,0,0,0.0,0.0,1.0,0.0
11,300,0,dpga,roi_shared,0.5467966198921204,0.3993629515171051,0.030037352815270424,1.337278962135315,0.09110157191753387,0.09110157191753387,0.06812458319995286,0.036615344938100036,1.0010998280343586,0.9993324081900283,2.0937136970576438,0,0,0,0,0,0,1.0,0.5374762415885925,1.0,0.5374762415885925
11,300,0,dpga,roi_cls,0.5467966198921204,0.3993629515171051,0.0,0.5630780458450317,0.0,0.0,0.0,0.0,1.0,1.0,0.0,0,0,0,0,0,0,0.0,0.5,1.0,0.5
11,300,0,dpga,roi_reg,0.5467966198921204,0.3993629515171051,-0.03525424003601074,0.15892547369003296,0.04371345415711403,0.007946274243295193,0.2750563087348251,0.022802299374467826,0.9999999999794728,0.9997400656951396,1.3064080195256815,1,0,0,0,1,1,0.18189404904842377,0.4560459554195404,1.0,0.4560459554195404
11,400,0,dpga,backbone,0.05307648330926895,0.19714035093784332,0.14566606283187866,0.5372901558876038,16.435880661010742,0.053729016333818436,30.5903253221877,0.06744387839381387,1.009824284227739,0.9978240280707128,3.7804461568861236,0,1,0,0,0,1,0.0032690074294805527,0.6744387745857239,1.0,0.6744387745857239
11,400,0,dpga,fpn,0.05307648330926895,0.19714035093784332,0.03252201899886131,0.18289481103420258,5.398277282714844,0.027434220537543297,29.515748709269445,0.08108448055878696,1.0026370307151824,0.996749290214102,4.621090212455772,0,1,0,0,0,1,0.005082032643258572,0.5405632257461548,1.0,0.5405632257461548
11,400,0,dpga,rpn,0.05307648330926895,0.19714035093784332,0.0,0.09747180342674255,0.0,0.0,0.0,0.0,1.0,1.0,0.0,0,0,0,0,0,0,0.0,0.0,1.0,0.0
11,400,0,dpga,roi_shared,0.05307648330926895,0.19714035093784332,0.024931658059358597,0.33360859751701355,1.1860480308532715,0.08340214937925339,3.555208228087661,0.13278107345104218,1.0033104520727119,0.9913614702919317,7.536516962267237,0,1,0,0,0,1,0.07031936943531036,0.5311242938041687,1.0,0.5311242938041687
11,400,0,dpga,roi_cls,0.05307648330926895,0.19714035093784332,0.0,0.14940670132637024,0.0,0.0,0.0,0.0,1.0,1.0,0.0,0,0,0,0,0,0,0.0,0.5,1.0,0.5
11,400,0,dpga,roi_reg,0.05307648330926895,0.19714035093784332,-0.04806450381875038,0.030654041096568108,0.46355971693992615,0.0015327021246775985,15.122303629710482,0.022010345269959743,1.000000000039944,0.999757916329149,1.2607504737364708,1,1,0,0,1,1,0.00331020075827837,0.4402068853378296,1.0,0.4402068853378296
11,500,0,dpga,backbone,0.16046011447906494,1.123767375946045,-0.17260636389255524,1.5524110794067383,4.903353691101074,0.15524111688137054,3.158540773217694,0.0296706306140969,0.9999999987459021,0.9995601101623799,1.699517011888962,1,1,0,0,1,1,0.032142624258995056,0.29670628905296326,1.0,0.29670628905296326
11,500,0,dpga,fpn,0.16046011447906494,1.123767375946045,-0.10956723242998123,0.4220736622810364,2.2000370025634766,0.06331105530261993,5.212447966247629,0.0549549944282518,1.0000000004508887,0.9984933532949876,3.145559363977251,1,1,0,0,1,1,0.028951574116945267,0.36636659502983093,1.0,0.36636659502983093
11,500,0,dpga,rpn,0.16046011447906494,1.123767375946045,0.0,0.40936604142189026,0.0,0.0,0.0,0.0,1.0,1.0,0.0,0,0,0,0,0,0,0.0,0.0,1.0,0.0
11,500,0,dpga,roi_shared,0.16046011447906494,1.123767375946045,-0.027167538180947304,0.697408139705658,6.084827899932861,0.1743520200252533,8.724916664294987,0.11652316647289265,1.000000000149582,0.9932795586308919,6.646301669597809,1,1,0,0,1,1,0.02866414561867714,0.46609270572662354,1.0,0.46609270572662354
11,500,0,dpga,roi_cls,0.16046011447906494,1.123767375946045,0.0,0.16694650053977966,0.0,0.0,0.0,0.0,1.0,1.0,0.0,0,0,0,0,0,0,0.0,0.5,1.0,0.5
11,500,0,dpga,roi_reg,0.16046011447906494,1.123767375946045,-0.028601428493857384,0.09951230883598328,2.4817311763763428,0.004975615534931421,24.938936754715897,0.023215452271126702,0.9999999999626868,0.9997306120212317,1.3299535899036525,1,1,0,0,1,1,0.002005717484280467,0.46430903673171997,1.0,0.46430903673171997
11,600,0,dpga,backbone,0.20469456911087036,2.155996084213257,-0.1503123641014099,1.352126955986023,9.720982551574707,0.135212704539299,7.1894007500839985,0.0320481112928984,0.999999999845035,0.9994868827100687,1.8355428472590127,1,1,0,0,1,1,0.014069214463233948,0.3204810917377472,1.0,0.3204810917377472
11,600,0,dpga,fpn,0.20469456911087036,2.155996084213257,-0.06432701647281647,0.30316078662872314,3.456256151199341,0.04547411575913429,11.40073618898532,0.06304159152585684,1.0000000001067046,0.998018755314938,3.607268066495104,1,1,0,0,1,1,0.013184350915253162,0.42027729749679565,1.0,0.42027729749679565
11,600,0,dpga,rpn,0.20469456911087036,2.155996084213257,0.0,0.2322305589914322,0.0,0.0,0.0,0.0,1.0,1.0,0.0,0,0,0,0,0,0,0.0,0.0,1.0,0.0
11,600,0,dpga,roi_shared,0.20469456911087036,2.155996084213257,-0.06839056313037872,0.5790681838989258,9.414721488952637,0.14476704597473145,16.25839883925645,0.10383380204439163,1.0000000000346405,0.9946524064515676,5.928032165496972,1,1,0,0,1,1,0.015412754379212856,0.41533520817756653,1.0,0.41533520817756653
11,600,0,dpga,roi_cls,0.20469456911087036,2.155996084213257,0.0,0.1403426229953766,0.0,0.0,0.0,0.0,1.0,1.0,0.0,0,0,0,0,0,0,0.0,0.5,1.0,0.5
11,600,0,dpga,roi_reg,0.20469456911087036,2.155996084213257,-0.08504641056060791,0.09327411651611328,3.7789626121520996,0.004663706291466951,40.51459025612188,0.0197632749740387,0.9999999999173588,0.9998048153849345,1.132054891817669,1,1,0,0,1,1,0.001238610944710672,0.39526546001434326,1.0,0.39526546001434326
11,700,0,dpga,backbone,0.21603815257549286,0.15123742818832397,0.049421776086091995,1.228352665901184,2.964355230331421,0.12283527106046677,2.413276994971647,0.05614648069629496,1.0027748585878324,0.9984400873174627,3.200694665535089,0,1,0,0,0,1,0.041437432169914246,0.561464786529541,1.0,0.561464786529541
11,700,0,dpga,fpn,0.21603815257549286,0.15123742818832397,0.004825204145163298,0.3427678644657135,1.1294727325439453,0.051415178924798965,3.295153512434724,0.07590468117869735,1.0003662556882984,0.9971337627949831,4.339078247226405,0,1,0,0,0,1,0.04552140086889267,0.5060312151908875,1.0,0.5060312151908875
11,700,0,dpga,rpn,0.21603815257549286,0.15123742818832397,0.0,0.3977072238922119,0.0,0.0,0.0,0.0,1.0,1.0,0.0,0,0,0,0,0,0,0.0,0.0,1.0,0.0
11,700,0,dpga,roi_shared,0.21603815257549286,0.15123742818832397,-0.05933438986539841,0.6682263016700745,0.8274505734443665,0.16705656051635742,1.23827896533906,0.10659279468560064,1.000000000740347,0.9943669284731104,6.084352142575997,1,1,0,0,1,1,0.2022494375705719,0.4263712167739868,1.0,0.4263712167739868
11,700,0,dpga,roi_cls,0.21603815257549286,0.15123742818832397,0.0,0.14601632952690125,0.0,0.0,0.0,0.0,1.0,1.0,0.0,0,0,0,0,0,0,0.0,0.5,1.0,0.5
11,700,0,dpga,roi_reg,0.21603815257549286,0.15123742818832397,-0.08931376785039902,0.13876189291477203,0.29454004764556885,0.0069380952045321465,2.1226292136737874,0.019508846185269595,0.9999999999170659,0.9998097471503908,1.1176610111893028,1,1,0,0,1,1,0.023650210350751877,0.3901768922805786,1.0,0.3901768922805786
12,0,0,dpga,backbone,0.25606769323349,2.7294602394104004,-0.20195446908473969,1.7902851104736328,9.940299034118652,0.17902851104736328,5.552355306964976,0.026702442765235902,1.0000000005188843,0.9996436885822095,1.5295560496420204,1,1,0,0,1,1,0.01838929019868374,0.267024427652359,1.0,0.267024427652359
12,0,0,dpga,fpn,0.25606769323349,2.7294602394104004,-0.15579351782798767,0.39638763666152954,3.914137363433838,0.05945815145969391,9.874519287230118,0.04718136664344227,1.000000000220988,0.9988888021590755,2.7013045398761886,1,1,0,0,1,1,0.01537838950753212,0.31454241275787354,1.0,0.31454241275787354
12,0,0,dpga,rpn,0.25606769323349,2.7294602394104004,0.0,0.2682676911354065,0.0,0.0,0.0,0.0,1.0,1.0,0.0,0,0,0,0,0,0,0.0,0.0,1.0,0.0
12,0,0,dpga,roi_shared,0.25606769323349,2.7294602394104004,-0.08135964721441269,0.7022249102592468,10.605813026428223,0.1755562126636505,15.103156939438074,0.09992001102622614,1.0000000000301312,0.9950450361725781,5.706073528375125,1,1,0,0,1,1,0.01660788804292679,0.39968007802963257,1.0,0.39968007802963257
12,0,0,dpga,roi_cls,0.25606769323349,2.7294602394104004,0.0,0.14886240661144257,0.0,0.0,0.0,0.0,1.0,1.0,0.0,0,0,0,0,0,0,0.0,0.5,1.0,0.5
12,0,0,dpga,roi_reg,0.25606769323349,2.7294602394104004,-0.45807403326034546,0.11985138803720474,4.7511982917785645,0.005992569029331207,39.642413572245644,0.004596182045720427,0.9999999999621684,0.9999894319968173,0.26341134774572755,1,1,0,0,1,1,0.001418894506059587,0.09192364662885666,1.0,0.09192364662885666
12,100,0,dpga,backbone,0.33007943630218506,2.1965365409851074,-0.295101135969162,2.808372974395752,8.370285034179688,0.2808372974395752,2.9804748551892875,0.018610721826553343,1.0000000004944658,0.9998268434077991,1.0662607242356308,1,1,0,0,1,1,0.03511553257703781,0.18610721826553345,1.0,0.18610721826553345
12,100,0,dpga,fpn,0.33007943630218506,2.1965365409851074,-0.030668936669826508,0.7995726466178894,3.4282968044281006,0.11993589997291565,4.28766143880665,0.0692608209773361,1.0000000000931937,0.9976101269794971,3.9619735674961523,1,1,0,0,1,1,0.03500057011842728,0.46173879504203796,1.0,0.46173879504203796
12,100,0,dpga,rpn,0.33007943630218506,2.1965365409851074,0.0,0.5683924555778503,0.0,0.0,0.0,0.0,1.0,1.0,0.0,0,0,0,0,0,0,0.0,0.0,1.0,0.0
12,100,0,dpga,roi_shared,0.33007943630218506,2.1965365409851074,-0.09671255946159363,0.9519224762916565,9.581811904907227,0.23798058927059174,10.065748150242737,0.09535278675929787,1.0000000008755008,0.9954846497060679,5.4468686889403815,1,1,0,0,1,1,0.024953674525022507,0.38141119480133057,1.0,0.38141119480133057
12,100,0,dpga,roi_cls,0.33007943630218506,2.1965365409851074,0.0,0.23180806636810303,0.0,0.0,0.0,0.0,1.0,1.0,0.0,0,0,0,0,0,0,0.0,0.5,1.0,0.5
12,100,0,dpga,roi_reg,0.33007943630218506,2.1965365409851074,-0.04037129506468773,0.2119615375995636,5.036157131195068,0.01059807650744915,23.759768815743094,0.022485325440152693,1.0000000000364146,0.9997472606322378,1.2881997928501991,1,1,0,0,1,1,0.002106114523485303,0.4497065246105194,1.0,0.4497065246105194
12,200,0,dpga,backbone,0.061585795134305954,0.26468929648399353,-0.07543157041072845,1.0507394075393677,5.7024993896484375,0.10507393628358841,5.427130027418129,0.04068125313296372,1.0000000006380745,0.9991733869412655,2.329800219606454,1,1,0,0,1,1,0.01847858913242817,0.40681254863739014,1.0,0.40681254863739014
12,200,0,dpga,fpn,0.061585795134305954,0.26468929648399353,0.03669752553105354,0.2775382995605469,1.9565322399139404,0.04163074493408203,7.0495936705381075,0.08186154663562775,1.0030041158927145,0.9966903580013353,4.662812933626088,0,1,0,0,0,1,0.02127782255411148,0.5457436442375183,1.0,0.5457436442375183
12,200,0,dpga,rpn,0.061585795134305954,0.26468929648399353,0.0,0.1557418555021286,0.0,0.0,0.0,0.0,1.0,1.0,0.0,0,0,0,0,0,0,0.0,0.0,1.0,0.0
12,200,0,dpga,roi_shared,0.061585795134305954,0.26468929648399353,-0.020231330767273903,0.47616615891456604,2.1251883506774902,0.11904153972864151,4.463123451531953,0.11868308484554291,0.9999999995818903,0.9930307845935462,6.768339292083752,1,1,0,0,1,1,0.056026048958301544,0.47473233938217163,1.0,0.47473233938217163
12,200,0,dpga,roi_cls,0.061585795134305954,0.26468929648399353,0.0,0.14843985438346863,0.0,0.0,0.0,0.0,1.0,1.0,0.0,0,0,0,0,0,0,0.0,0.5,1.0,0.5
12,200,0,dpga,roi_reg,0.061585795134305954,0.26468929648399353,0.11766283959150314,0.05733631178736687,0.9214636087417603,0.0028668155428022146,16.071204791808565,0.032148912026819104,1.003782732278853,0.9994946285306324,1.821634664739051,0,1,0,0,0,1,0.003111154306679964,0.6429782509803772,1.0,0.6429782509803772
12,300,0,dpga,backbone,0.6646348834037781,0.4321689009666443,-0.07113976776599884,4.227214336395264,1.5055960416793823,0.4227214753627777,0.3561674241867925,0.04120012034325545,0.999999999606778,0.9991524494272379,2.35912590620861,1,0,0,0,1,1,0.28148001432418823,0.4120011627674103,1.0,0.4120011627674103
12,300,0,dpga,fpn,0.6646348834037781,0.4321689009666443,-0.11059962213039398,1.0593608617782593,0.5812204480171204,0.15890413522720337,0.5486519929020928,0.05477536824170949,1.0000000010607295,0.9985031277849366,3.1353366728715972,1,0,0,0,1,1,0.2750850021839142,0.36516910791397095,1.0,0.36516910791397095
12,300,0,dpga,rpn,0.6646348834037781,0.4321689009666443,0.0,0.9230729937553406,0.0,0.0,0.0,0.0,1.0,1.0,0.0,0,0,0,0,0,0,0.0,0.0,1.0,0.0
12,300,0,dpga,roi_shared,0.6646348834037781,0.4321689009666443,-0.14652489125728607,1.4201054573059082,0.5150294899940491,0.35502636432647705,0.3626698900031798,0.08115477114915848,0.9999999990089453,0.9967231067627522,4.639673741118003,1,0,0,0,1,1,0.6968532800674438,0.3246190845966339,1.0,0.3246190845966339
12,300,0,dpga,roi_cls,0.6646348834037781,0.4321689009666443,0.0,0.3394015431404114,0.0,0.0,0.0,0.0,1.0,1.0,0.0,0,0,0,0,0,0,0.0,0.5,1.0,0.5
12,300,0,dpga,roi_reg,0.6646348834037781,0.4321689009666443,-0.18989746272563934,0.2674597203731537,0.2840481996536255,0.013372985646128654,1.0620223458595108,0.013949396817720438,1.0000000000177354,0.999902622015157,0.7995977179997078,1,1,0,0,1,1,0.04795253649353981,0.27898794412612915,1.0,0.27898794412612915
12,400,0,dpga,backbone,0.018340125679969788,0.0,0.0,0.5000937581062317,0.0,0.0,0.0,0.0,1.0,1.0,0.0,0,0,0,0,0,0,0.0,0.5,1.0,0.5
12,400,0,dpga,fpn,0.018340125679969788,0.0,0.0,0.13574308156967163,0.0,0.0,0.0,0.0,1.0,1.0,0.0,0,0,0,0,0,0,0.0,0.5,1.0,0.5
12,400,0,dpga,rpn,0.018340125679969788,0.0,0.0,0.1311519593000412,0.0,0.0,0.0,0.0,1.0,1.0,0.0,0,0,0,0,0,0,0.0,0.0,1.0,0.0
12,400,0,dpga,roi_shared,0.018340125679969788,0.0,0.0,0.12774144113063812,0.0,0.0,0.0,0.0,1.0,1.0,0.0,0,0,0,0,0,0,0.0,0.5,1.0,0.5
12,400,0,dpga,roi_cls,0.018340125679969788,0.0,0.0,0.06795646250247955,0.0,0.0,0.0,0.0,1.0,1.0,0.0,0,0,0,0,0,0,0.0,0.5,1.0,0.5
12,400,0,dpga,roi_reg,0.018340125679969788,0.0,0.0,0.0,0.0,0.0,0.0,0.0,0.0,0.0,90.0,0,0,0,1,0,0,0.0,0.0,1.0,0.0
12,500,0,dpga,backbone,0.5483450293540955,0.6011925339698792,-0.11013107746839523,4.345760822296143,2.558661699295044,0.4345760643482208,0.5887718638742617,0.036571235940090055,0.9999999992154919,0.9993320030630246,2.094348954805779,1,0,0,0,1,1,0.17088451981544495,0.36571237444877625,1.0,0.36571237444877625
12,500,0,dpga,fpn,0.5483450293540955,0.6011925339698792,-0.12461580336093903,1.119876742362976,0.9571044445037842,0.16798150539398193,0.8546515953927777,0.05236223005226698,1.000000000896169,0.998631775820164,2.997545547853049,1,0,0,0,1,1,0.17688895761966705,0.34908154606819153,1.0,0.34908154606819153
12,500,0,dpga,rpn,0.5483450293540955,0.6011925339698792,0.0,0.35232388973236084,0.0,0.0,0.0,0.0,1.0,1.0,0.0,0,0,0,0,0,0,0.0,0.0,1.0,0.0
12,500,0,dpga,roi_shared,0.5483450293540955,0.6011925339698792,-0.004165892954915762,2.316981792449951,1.2966454029083252,0.5792454481124878,0.5596269280723465,0.12369819730520248,0.9999999999175153,0.9924361171392765,7.051542924610981,1,0,0,0,1,1,0.4467300772666931,0.49479278922080994,1.0,0.49479278922080994
12,500,0,dpga,roi_cls,0.5483450293540955,0.6011925339698792,0.0,0.6653148531913757,0.0,0.0,0.0,0.0,1.0,1.0,0.0,0,0,0,0,0,0,0.0,0.5,1.0,0.5
12,500,0,dpga,roi_reg,0.5483450293540955,0.6011925339698792,0.17706948518753052,0.5442283749580383,0.558329701423645,0.027211420238018036,1.0259106785211152,0.03539645567654688,1.0062676321841095,0.9994012504363331,1.9828136822431064,0,1,0,0,0,1,0.048737186938524246,0.7079290747642517,1.0,0.7079290747642517
12,600,0,dpga,backbone,0.27881234884262085,0.3199826776981354,0.014816981740295887,2.340832233428955,3.301259756088257,0.23408323526382446,1.4102931892955117,0.05185127522358721,1.0007682792050379,0.9986608324357509,2.9655385171924236,0,1,0,0,0,1,0.07090724259614944,0.5185127258300781,1.0,0.5185127258300781
12,600,0,dpga,fpn,0.27881234884262085,0.3199826776981354,0.016883382573723793,0.7620866298675537,1.1683462858200073,0.11431299895048141,1.5330885492940076,0.07816375799672144,1.0013196686296586,0.9969679460867447,4.462886937721886,0,1,0,0,0,1,0.09784170985221863,0.5210916996002197,1.0,0.5210916996002197
12,600,0,dpga,rpn,0.27881234884262085,0.3199826776981354,0.0,0.38782936334609985,0.0,0.0,0.0,0.0,1.0,1.0,0.0,0,0,0,0,0,0,0.0,0.0,1.0,0.0
12,600,0,dpga,roi_shared,0.27881234884262085,0.3199826776981354,0.014926641248166561,1.5055676698684692,0.17962095141410828,0.17962095141410828,0.11930446901121387,0.061877219628552825,1.0009236190588295,0.9980950441447975,3.53711398163208,0,0,0,0,0,0,1.0,0.5186496376991272,1.0,0.5186496376991272
12,600,0,dpga,roi_cls,0.27881234884262085,0.3199826776981354,0.0,0.5832438468933105,0.0,0.0,0.0,0.0,1.0,1.0,0.0,0,0,0,0,0,0,0.0,0.5,1.0,0.5
12,600,0,dpga,roi_reg,0.27881234884262085,0.3199826776981354,0.2401037961244583,0.22406770288944244,0.07598456740379333,0.011203385889530182,0.33911432314404094,0.03843085723391885,1.0092273935648524,0.9993174432561143,2.1170529329598473,0,0,0,0,0,1,0.14744290709495544,0.7686170935630798,1.0,0.7686170935630798
12,700,0,dpga,backbone,0.3708518147468567,0.9964848756790161,-0.19302111864089966,2.4737954139709473,3.030802011489868,0.24737955629825592,1.2251627577499675,0.02758571373688721,0.9999999997415522,0.9996196455189574,1.5803222882230705,1,1,0,0,1,1,0.08318616449832916,0.2758571207523346,1.0,0.2758571207523346
12,700,0,dpga,fpn,0.3708518147468567,0.9964848756790161,-0.11795694380998611,0.5771858096122742,1.0034048557281494,0.0865778848528862,1.7384433903567187,0.0535026484157767,1.0000000008099266,0.9985717860287783,3.0625696273642853,1,1,0,0,1,1,0.08689071238040924,0.35668426752090454,1.0,0.35668426752090454
12,700,0,dpga,rpn,0.3708518147468567,0.9964848756790161,0.0,0.7022716999053955,0.0,0.0,0.0,0.0,1.0,1.0,0.0,0,0,0,0,0,0,0.0,0.0,1.0,0.0
12,700,0,dpga,roi_shared,0.3708518147468567,0.9964848756790161,-0.1533958464860916,0.9661023020744324,2.3456296920776367,0.2415255755186081,2.427930962426089,0.0792832300066948,1.0000000014916692,0.9968717745015786,4.533148386329962,1,1,0,0,1,1,0.10420157760381699,0.3171329200267792,1.0,0.3171329200267792
12,700,0,dpga,roi_cls,0.3708518147468567,0.9964848756790161,0.0,0.18130667507648468,0.0,0.0,0.0,0.0,1.0,1.0,0.0,0,0,0,0,0,0,0.0,0.5,1.0,0.5
12,700,0,dpga,roi_reg,0.3708518147468567,0.9964848756790161,-0.33686384558677673,0.2903120219707489,0.8842179179191589,0.01451560016721487,3.045750265237898,0.007826218251922054,1.0000000000540508,0.9999694094490398,0.4481592729045142,1,1,0,0,1,1,0.017435353249311447,0.15652437508106232,1.0,0.15652437508106232
13,0,0,dpga,backbone,0.05621759220957756,0.2020891159772873,-0.02946915663778782,0.9268065690994263,5.65412712097168,0.09268064051866531,6.1006549904644825,0.046322996172392585,0.9999999996547042,0.998928748371259,2.6522970079656054,1,1,0,0,1,1,0.016398802399635315,0.46323004364967346,1.0,0.46323004364967346
13,0,0,dpga,fpn,0.05621759220957756,0.2020891159772873,0.00943328533321619,0.2339201420545578,2.121549606323242,0.03508802130818367,9.069546502876301,0.07676840722560882,1.0007241782899357,0.997070777158516,4.386517894137449,0,1,0,0,0,1,0.016538864001631737,0.5117893815040588,1.0,0.5117893815040588
13,0,0,dpga,rpn,0.05621759220957756,0.2020891159772873,0.0,0.1503189206123352,0.0,0.0,0.0,0.0,1.0,1.0,0.0,0,0,0,0,0,0,0.0,0.0,1.0,0.0
13,0,0,dpga,roi_shared,0.05621759220957756,0.2020891159772873,-0.13086465001106262,0.4262315630912781,2.563798666000366,0.10655789077281952,6.015037101912899,0.08550399541854858,1.0000000018003818,0.9963643966334033,4.887171093260947,1,1,0,0,1,1,0.04192303493618965,0.34201598167419434,1.0,0.34201598167419434
13,0,0,dpga,roi_cls,0.05621759220957756,0.2020891159772873,0.0,0.19084228575229645,0.0,0.0,0.0,0.0,1.0,1.0,0.0,0,0,0,0,0,0,0.0,0.5,1.0,0.5
13,0,0,dpga,roi_reg,0.05621759220957756,0.2020891159772873,-0.4402475655078888,0.03109009563922882,0.7975400686264038,0.0015545047353953123,25.65254471652653,0.004981968775165305,0.999999999942869,0.9999875984768607,0.28534849941732165,1,1,0,0,1,1,0.002170815598219633,0.09963937848806381,1.0,0.09963937848806381
13,100,0,dpga,backbone,0.10927166789770126,0.7757858037948608,-0.045828789472579956,1.2161668539047241,5.549943923950195,0.1216166689991951,4.563472443054252,0.044296330203831,0.9999999992689211,0.9990204605919116,2.5362031859399137,1,1,0,0,1,1,0.02193618379533291,0.4429633617401123,1.0,0.4429633617401123
13,100,0,dpga,fpn,0.10927166789770126,0.7757858037948608,-0.0035802938509732485,0.3084924817085266,2.280913829803467,0.04627386853098869,7.393742036016767,0.07432870862529334,0.9999999999100974,0.9972489954396613,4.250919666913019,1,1,0,0,1,1,0.02028755657374859,0.4955247640609741,1.0,0.4955247640609741
13,100,0,dpga,rpn,0.10927166789770126,0.7757858037948608,0.0,0.2921603322029114,0.0,0.0,0.0,0.0,1.0,1.0,0.0,0,0,0,0,0,0,0.0,0.0,1.0,0.0
13,100,0,dpga,roi_shared,0.10927166789770126,0.7757858037948608,-0.020161472260951996,0.6000989675521851,4.946639060974121,0.15002474188804626,8.243038779339273,0.11870487034320831,1.0000000000367246,0.9930281817268769,6.76960456789167,1,1,0,0,1,1,0.03033478744328022,0.47481948137283325,1.0,0.47481948137283325
13,100,0,dpga,roi_cls,0.10927166789770126,0.7757858037948608,0.0,0.2443772852420807,0.0,0.0,0.0,0.0,1.0,1.0,0.0,0,0,0,0,0,0,0.0,0.5,1.0,0.5
13,100,0,dpga,roi_reg,0.10927166789770126,0.7757858037948608,-0.12920472025871277,0.10763465613126755,1.7464109659194946,0.00538173271343112,16.225359272664296,0.017194308042997583,1.0000000000877394,0.9998521658489429,0.9852135280207807,1,1,0,0,1,1,0.003107644384726882,0.3438861668109894,1.0,0.3438861668109894
13,200,0,dpga,backbone,0.06937423348426819,-0.0,0.0,1.633720874786377,0.0,0.0,0.0,0.0,1.0,1.0,0.0,0,0,0,0,0,0,0.0,0.5,1.0,0.5
13,200,0,dpga,fpn,0.06937423348426819,-0.0,0.0,0.5089902877807617,0.0,0.0,0.0,0.0,1.0,1.0,0.0,0,0,0,0,0,0,0.0,0.5,1.0,0.5
13,200,0,dpga,rpn,0.06937423348426819,-0.0,0.0,0.33273059129714966,0.0,0.0,0.0,0.0,1.0,1.0,0.0,0,0,0,0,0,0,0.0,0.0,1.0,0.0
13,200,0,dpga,roi_shared,0.06937423348426819,-0.0,0.0,0.6436614394187927,0.0,0.0,0.0,0.0,1.0,1.0,0.0,0,0,0,0,0,0,0.0,0.5,1.0,0.5
13,200,0,dpga,roi_cls,0.06937423348426819,-0.0,0.0,0.3031950891017914,0.0,0.0,0.0,0.0,1.0,1.0,0.0,0,0,0,0,0,0,0.0,0.5,1.0,0.5
13,200,0,dpga,roi_reg,0.06937423348426819,-0.0,0.0,0.0,0.0,0.0,0.0,0.0,0.0,0.0,90.0,0,0,0,1,0,0,0.0,0.0,1.0,0.0
13,300,0,dpga,backbone,0.31448206305503845,1.153523564338684,-0.24173447489738464,2.14188551902771,5.667068958282471,0.2141885757446289,2.6458318654000643,0.022993605908206902,1.0000000016104,0.9997355930988245,1.3176000209324217,1,1,0,0,1,1,0.03895047307014465,0.22993603348731995,1.0,0.22993603348731995
13,300,0,dpga,fpn,0.31448206305503845,1.153523564338684,-0.18468868732452393,0.5303224921226501,1.7675060033798218,0.07954837381839752,3.33288900552806,0.042638517916202545,1.0000000010795376,0.9990922391866129,2.441497051660928,1,1,0,0,1,1,0.04579378664493561,0.28425678610801697,1.0,0.28425678610801697
13,300,0,dpga,rpn,0.31448206305503845,1.153523564338684,0.0,0.3524470627307892,0.0,0.0,0.0,0.0,1.0,1.0,0.0,0,0,0,0,0,0,0.0,0.0,1.0,0.0
13,300,0,dpga,roi_shared,0.31448206305503845,1.153523564338684,-0.18400892615318298,1.0696346759796143,3.6616568565368652,0.2674086391925812,3.4232780020742815,0.07123719106917856,0.9999999990464304,0.9974722862542874,4.074676163729295,1,1,0,0,1,1,0.07429809123277664,0.28494879603385925,1.0,0.28494879603385925
13,300,0,dpga,roi_cls,0.31448206305503845,1.153523564338684,0.0,0.24217072129249573,0.0,0.0,0.0,0.0,1.0,1.0,0.0,0,0,0,0,0,0,0.0,0.5,1.0,0.5
13,300,0,dpga,roi_reg,0.31448206305503845,1.153523564338684,-0.32857829332351685,0.17943517863750458,1.3348479270935059,0.008971759118139744,7.439165147154166,0.008103600312626785,0.9999999995765182,0.9999671979506344,0.46407621067801236,1,1,0,0,1,1,0.00711630517616868,0.16207200288772583,1.0,0.16207200288772583
13,400,0,dpga,backbone,0.0738389641046524,0.09970773756504059,0.22305381298065186,1.1177669763565063,2.2151169776916504,0.11177671700716019,1.981734140072814,0.07531102412778128,1.0167984110911794,0.9974036020677559,4.1296882599897,0,1,0,0,0,1,0.05046085640788078,0.7531101107597351,1.0,0.7531101107597351
13,400,0,dpga,fpn,0.0738389641046524,0.09970773756504059,0.008737413212656975,0.27537262439727783,0.7516356110572815,0.041305895894765854,2.729521907642144,0.07663801131109234,1.0006696179012466,0.9970802261193874,4.379433807053782,0,1,0,0,0,1,0.05495468154549599,0.5109200477600098,1.0,0.5109200477600098
13,400,0,dpga,rpn,0.0738389641046524,0.09970773756504059,0.0,0.21480916440486908,0.0,0.0,0.0,0.0,1.0,1.0,0.0,0,0,0,0,0,0,0.0,0.0,1.0,0.0
13,400,0,dpga,roi_shared,0.0738389641046524,0.09970773756504059,-0.049405280500650406,0.41706383228302,0.6477289795875549,0.104265958070755,1.5530691693927687,0.10963888466358185,1.0000000009163732,0.9940432734883747,6.256872103611979,1,1,0,0,1,1,0.16116838157176971,0.4385555386543274,1.0,0.4385555386543274
13,400,0,dpga,roi_cls,0.0738389641046524,0.09970773756504059,0.0,0.11715375632047653,0.0,0.0,0.0,0.0,1.0,1.0,0.0,0,0,0,0,0,0,0.0,0.5,1.0,0.5
13,400,0,dpga,roi_reg,0.0738389641046524,0.09970773756504059,-0.16554340720176697,0.0901656374335289,0.22052200138568878,0.004508281592279673,2.445743274961706,0.015206398617571538,1.000000000085058,0.9998844110677068,0.8711640388612727,1,1,0,0,1,1,0.020729700103402138,0.3041279911994934,1.0,0.3041279911994934
13,500,0,dpga,backbone,0.23255857825279236,0.43288853764533997,-0.16423916816711426,1.7032641172409058,4.167166709899902,0.17032641172409058,2.4465769387840086,0.030550989508628845,0.9999999999908054,0.9995336726904662,1.7498464208030153,1,1,0,0,1,1,0.04143610596656799,0.30550989508628845,1.0,0.30550989508628845
13,500,0,dpga,fpn,0.23255857825279236,0.43288853764533997,-0.07802210003137589,0.4760841429233551,1.5020296573638916,0.07141263037919998,3.154966784108379,0.06055361194556778,1.0000000004094234,0.9981715819419107,3.4653058842812046,1,1,0,0,1,1,0.04768946021795273,0.4036906957626343,1.0,0.4036906957626343
13,500,0,dpga,rpn,0.23255857825279236,0.43288853764533997,0.0,0.2867676019668579,0.0,0.0,0.0,0.0,1.0,1.0,0.0,0,0,0,0,0,0,0.0,0.0,1.0,0.0
13,500,0,dpga,roi_shared,0.23255857825279236,0.43288853764533997,-0.01901421509683132,0.9404396414756775,0.22296904027462006,0.2229287475347519,0.23709021870319222,0.11289383142516542,1.0000000001337626,0.9936877551447314,6.441073594473907,1,0,0,0,1,0,1.0,0.4762500822544098,1.0,0.4762500822544098
13,500,0,dpga,roi_cls,0.23255857825279236,0.43288853764533997,0.0,0.2518438696861267,0.0,0.0,0.0,0.0,1.0,1.0,0.0,0,0,0,0,0,0,0.0,0.5,1.0,0.5
13,500,0,dpga,roi_reg,0.23255857825279236,0.43288853764533997,0.17006707191467285,0.2061357945203781,0.08488358557224274,0.01030678953975439,0.4117847934646369,0.03503187533488265,1.0059577684618832,0.9994116711751723,1.9654816263829562,0,0,0,0,0,1,0.1214226484298706,0.7006375193595886,1.0,0.7006375193595886
13,600,0,dpga,backbone,0.17130526900291443,1.2135452032089233,-1.591745240148157e-05,1.7659401893615723,6.994212627410889,0.17659401893615723,3.9606169390931956,0.0499980092048645,1.0000000013064985,0.9987525197135317,2.8621977372983904,1,1,0,0,1,1,0.025248590856790543,0.499980092048645,1.0,0.499980092048645
13,600,0,dpga,fpn,0.17130526900291443,1.2135452032089233,0.07397595047950745,0.33561912178993225,2.6455211639404297,0.0503428690135479,7.882510239080748,0.08871449363396,1.006562738326906,0.9961595730927689,5.023038070945572,0,1,0,0,0,1,0.019029472023248672,0.5914299488067627,1.0,0.5914299488067627
13,600,0,dpga,rpn,0.17130526900291443,1.2135452032089233,0.0,0.3118508458137512,0.0,0.0,0.0,0.0,1.0,1.0,0.0,0,0,0,0,0,0,0.0,0.0,1.0,0.0
13,600,0,dpga,roi_shared,0.17130526900291443,1.2135452032089233,0.019938906654715538,0.6534786224365234,7.132115840911865,0.16336964070796967,10.91407675176804,0.13122573788099987,1.0026164979827323,0.9915466088696381,7.455203898563306,0,1,0,0,0,1,0.022906197234988213,0.5249029994010925,1.0,0.5249029994010925
13,600,0,dpga,roi_cls,0.17130526900291443,1.2135452032089233,0.0,0.10647603869438171,0.0,0.0,0.0,0.0,1.0,1.0,0.0,0,0,0,0,0,0,0.0,0.5,1.0,0.5
13,600,0,dpga,roi_reg,0.17130526900291443,1.2135452032089233,0.21469157934188843,0.10058941692113876,2.20662522315979,0.0050294711254537106,21.936952123798125,0.03726270107800252,1.0079999875897236,0.9993488572641082,2.06775604278283,0,1,0,0,0,1,0.0022792592644691467,0.7452539801597595,1.0,0.7452539801597595
13,700,0,dpga,backbone,0.15783780813217163,2.0816359519958496,-0.03690106049180031,1.9566655158996582,9.90037727355957,0.19566650688648224,5.059821003186363,0.045400397537821005,0.9999999999206212,0.998971005678433,2.5994493932047726,1,1,0,0,1,1,0.01977701112627983,0.45400407910346985,1.0,0.45400407910346985
13,700,0,dpga,fpn,0.15783780813217163,2.0816359519958496,0.013083372265100479,0.4514085352420807,3.632356643676758,0.06771128624677658,8.046716798850078,0.0774522611132886,1.001013336764919,0.9970204516478632,4.424057281090764,0,1,0,0,0,1,0.018641144037246704,0.5163483619689941,1.0,0.5163483619689941
13,700,0,dpga,rpn,0.15783780813217163,2.0816359519958496,0.0,0.2985806167125702,0.0,0.0,0.0,0.0,1.0,1.0,0.0,0,0,0,0,0,0,0.0,0.0,1.0,0.0
13,700,0,dpga,roi_shared,0.15783780813217163,2.0816359519958496,-0.04689546674489975,0.7297534346580505,7.460446357727051,0.18243835866451263,10.223242541123335,0.11041194200515747,1.0000000012283203,0.9939597173449324,6.3006464237713065,1,1,0,0,1,1,0.024481015279889107,0.4416477680206299,1.0,0.4416477680206299
13,700,0,dpga,roi_cls,0.15783780813217163,2.0816359519958496,0.0,0.20558694005012512,0.0,0.0,0.0,0.0,1.0,1.0,0.0,0,0,0,0,0,0,0.0,0.5,1.0,0.5
13,700,0,dpga,roi_reg,0.15783780813217163,2.0816359519958496,0.04844734072685242,0.10406964272260666,2.576860189437866,0.005203482694923878,24.760920879745697,0.028013241319110333,1.0013571668383354,0.999609852270833,1.6005391176827704,0,1,0,0,0,1,0.0020193110685795546,0.5602647662162781,1.0,0.5602647662162781
14,0,0,dpga,backbone,0.21637146174907684,2.162733554840088,-0.10392975807189941,1.74402916431427,12.541314125061035,0.17440292239189148,7.191000231921075,0.037293438397854206,1.0000000008207348,0.9993053356641387,2.1357493140277115,1,1,0,0,1,1,0.013981988653540611,0.37293437123298645,1.0,0.37293437123298645
14,0,0,dpga,fpn,0.21637146174907684,2.162733554840088,-0.015440440736711025,0.5295529365539551,4.760080337524414,0.07943294942378998,8.988865907345259,0.07210636056450478,0.9999999996909158,0.9974104935569914,4.124201635129442,1,1,0,0,1,1,0.016689300537109375,0.4807090163230896,1.0,0.4807090163230896
14,0,0,dpga,rpn,0.21637146174907684,2.162733554840088,0.0,0.3743138015270233,0.0,0.0,0.0,0.0,1.0,1.0,0.0,0,0,0,0,0,0,0.0,0.0,1.0,0.0
14,0,0,dpga,roi_shared,0.21637146174907684,2.162733554840088,-0.014297809451818466,0.784099817276001,13.253695487976074,0.19602495431900024,16.903071772188426,0.12053383141756058,0.9999999997626744,0.9928139352820227,6.87295670233605,1,1,0,0,1,1,0.014791722409427166,0.4821353256702423,1.0,0.4821353256702423
14,0,0,dpga,roi_cls,0.21637146174907684,2.162733554840088,0.0,0.22102896869182587,0.0,0.0,0.0,0.0,1.0,1.0,0.0,0,0,0,0,0,0,0.0,0.5,1.0,0.5
14,0,0,dpga,roi_reg,0.21637146174907684,2.162733554840088,-0.00738158542662859,0.15591713786125183,4.80080509185791,0.007795857265591621,30.79074666012706,0.0245387029452843,1.0000000000367217,0.9996990419006563,1.4057287936964182,1,1,0,0,1,1,0.0016239088727161288,0.4907740354537964,1.0,0.4907740354537964
14,100,0,dpga,backbone,0.1416894793510437,0.8171160221099854,0.03461616113781929,1.304646611213684,4.216555118560791,0.13046465814113617,3.2319519188711356,0.05431624526879433,1.0018802196962822,0.9985353967458414,3.1013490481285104,0,1,0,0,0,1,0.030941054224967957,0.54316246509552,1.0,0.54316246509552
14,100,0,dpga,fpn,0.1416894793510437,0.8171160221099854,0.06224237009882927,0.47537466883659363,1.5853712558746338,0.07130620628595352,3.334993132374062,0.08657716342306304,1.0053887681704101,0.9963269670973078,4.912279401411297,0,1,0,0,0,1,0.04497760906815529,0.5771810412406921,1.0,0.5771810412406921
14,100,0,dpga,rpn,0.1416894793510437,0.8171160221099854,0.0,0.27626940608024597,0.0,0.0,0.0,0.0,1.0,1.0,0.0,0,0,0,0,0,0,0.0,0.0,1.0,0.0
14,100,0,dpga,roi_shared,0.1416894793510437,0.8171160221099854,0.23141621053218842,0.8556704521179199,0.08133906126022339,0.08133906126022339,0.09505886414436343,0.0723209655321781,1.0167362437854857,0.9976142082075866,3.9585878085802157,0,0,0,0,0,0,1.0,0.7608019113540649,1.0,0.7608019113540649
14,100,0,dpga,roi_cls,0.1416894793510437,0.8171160221099854,0.0,0.18160830438137054,0.0,0.0,0.0,0.0,1.0,1.0,0.0,0,0,0,0,0,0,0.0,0.5,1.0,0.5
14,100,0,dpga,roi_reg,0.1416894793510437,0.8171160221099854,0.39066097140312195,0.1920880675315857,0.028731944039463997,0.00960440281778574,0.14957693316759255,0.04379032297465899,1.0171071740264968,0.9992155216243204,2.2696375805608735,0,0,0,0,0,1,0.33427613973617554,0.8758065104484558,1.0,0.8758065104484558
14,200,0,dpga,backbone,0.3400505483150482,1.8175073862075806,-0.08141995221376419,3.5919597148895264,7.915755748748779,0.35919591784477234,2.203742908345016,0.03996076881137141,1.0000000008040555,0.9992025367179826,2.2883468045603843,1,1,0,0,1,1,0.04552850127220154,0.39960774779319763,1.0,0.39960774779319763
14,200,0,dpga,fpn,0.3400505483150482,1.8175073862075806,-0.03704525902867317,0.7066852450370789,2.4751975536346436,0.1060028001666069,3.5025459651485624,0.06807381626918858,1.0000000006380494,0.9976910299078858,3.8943087804660306,1,1,0,0,1,1,0.042855411767959595,0.4538253843784332,1.0,0.4538253843784332
14,200,0,dpga,rpn,0.3400505483150482,1.8175073862075806,0.0,0.3802901804447174,0.0,0.0,0.0,0.0,1.0,1.0,0.0,0,0,0,0,0,0,0.0,0.0,1.0,0.0
14,200,0,dpga,roi_shared,0.3400505483150482,1.8175073862075806,-0.0722784474492073,1.405885100364685,6.737121105194092,0.35147127509117126,4.792085145113559,0.10265563428401947,0.9999999994093473,0.9947721694207443,5.861216529510627,1,1,0,0,1,1,0.0523061640560627,0.4106225371360779,1.0,0.4106225371360779
14,200,0,dpga,roi_cls,0.3400505483150482,1.8175073862075806,0.0,0.3236372768878937,0.0,0.0,0.0,0.0,1.0,1.0,0.0,0,0,0,0,0,0,0.0,0.5,1.0,0.5
14,200,0,dpga,roi_reg,0.3400505483150482,1.8175073862075806,-0.06623923033475876,0.24359990656375885,2.520195960998535,0.012179995886981487,10.34563599201919,0.0208974818041855,0.999999999820639,0.9997817294734357,1.1971348618532511,1,1,0,0,1,1,0.004843593575060368,0.4179496169090271,1.0,0.4179496169090271
14,300,0,dpga,backbone,0.12486299872398376,6.173085689544678,-0.2496151477098465,1.4912647008895874,41.780860900878906,0.14912648499011993,28.017065565861834,0.022303343557714062,1.0000000019497866,0.999751295570119,1.2778750536155183,1,1,0,0,1,1,0.0036859307438135147,0.22303341329097748,1.0,0.22303341329097748
14,300,0,dpga,fpn,0.12486299872398376,6.173085689544678,-0.022564930841326714,0.39212340116500854,13.14107608795166,0.0588185079395771,33.5126035551798,0.07077355562913457,1.0000000007303271,0.997504926474061,4.0482716333773725,1,1,0,0,1,1,0.0044770678505301476,0.47182372212409973,1.0,0.47182372212409973
14,300,0,dpga,rpn,0.12486299872398376,6.173085689544678,0.0,0.2874850928783417,0.0,0.0,0.0,0.0,1.0,1.0,0.0,0,0,0,0,0,0,0.0,0.0,1.0,0.0
14,300,0,dpga,roi_shared,0.12486299872398376,6.173085689544678,-0.11474395543336868,0.604027509689331,36.5831298828125,0.15100689232349396,60.56533733310966,0.09009474659899948,0.9999999986899795,0.9959660702563388,5.148110927517202,1,1,0,0,1,1,0.004155218601226807,0.3603789508342743,1.0,0.3603789508342743
14,300,0,dpga,roi_cls,0.12486299872398376,6.173085689544678,0.0,0.12584462761878967,0.0,0.0,0.0,0.0,1.0,1.0,0.0,0,0,0,0,0,0,0.0,0.5,1.0,0.5
14,300,0,dpga,roi_reg,0.12486299872398376,6.173085689544678,-0.2330770641565323,0.12352600693702698,12.181028366088867,0.006176300346851349,98.61104287373834,0.011884506046772002,1.0000000002691833,0.9999293753544675,0.6809548647187155,1,1,0,0,1,1,0.0005214029806666076,0.23769012093544006,1.0,0.23769012093544006
14,400,0,dpga,backbone,0.022411875426769257,0.0,0.0,0.6528043150901794,0.0,0.0,0.0,0.0,1.0,1.0,0.0,0,0,0,0,0,0,0.0,0.5,1.0,0.5
14,400,0,dpga,fpn,0.022411875426769257,0.0,0.0,0.19359102845191956,0.0,0.0,0.0,0.0,1.0,1.0,0.0,0,0,0,0,0,0,0.0,0.5,1.0,0.5
14,400,0,dpga,rpn,0.022411875426769257,0.0,0.0,0.11670595407485962,0.0,0.0,0.0,0.0,1.0,1.0,0.0,0,0,0,0,0,0,0.0,0.0,1.0,0.0
14,400,0,dpga,roi_shared,0.022411875426769257,0.0,0.0,0.24066390097141266,0.0,0.0,0.0,0.0,1.0,1.0,0.0,0,0,0,0,0,0,0.0,0.5,1.0,0.5
14,400,0,dpga,roi_cls,0.022411875426769257,0.0,0.0,0.11855944246053696,0.0,0.0,0.0,0.0,1.0,1.0,0.0,0,0,0,0,0,0,0.0,0.5,1.0,0.5
14,400,0,dpga,roi_reg,0.022411875426769257,0.0,0.0,0.0,0.0,0.0,0.0,0.0,0.0,0.0,90.0,0,0,0,1,0,0,0.0,0.0,1.0,0.0
14,500,0,dpga,backbone,0.18942545354366302,0.11767329275608063,0.21392765641212463,1.340169072151184,1.9628357887268066,0.13401691615581512,1.4646180317951552,0.07445281644655377,1.0159275176451268,0.9974473987750092,4.094694846412813,0,1,0,0,0,1,0.06827719509601593,0.7445281147956848,1.0,0.7445281147956848
14,500,0,dpga,fpn,0.18942545354366302,0.11767329275608063,0.019598638638854027,0.3672410547733307,0.6922124028205872,0.0550861656665802,1.8848992884192537,0.07867182067155329,1.001541860291327,0.9969302378395624,4.490566740638796,0,1,0,0,0,1,0.07957985252141953,0.5244787335395813,1.0,0.5244787335395813
14,500,0,dpga,rpn,0.18942545354366302,0.11767329275608063,0.0,0.2268267720937729,0.0,0.0,0.0,0.0,1.0,1.0,0.0,0,0,0,0,0,0,0.0,0.0,1.0,0.0
14,500,0,dpga,roi_shared,0.18942545354366302,0.11767329275608063,-0.012376444414258003,0.77950519323349,0.456932932138443,0.1948762983083725,0.586183307186223,0.12113359570503235,0.9999999999252995,0.9927430969524084,6.906790403390422,1,0,0,0,1,1,0.4265204071998596,0.4845343828201294,1.0,0.4845343828201294
14,500,0,dpga,roi_cls,0.18942545354366302,0.11767329275608063,0.0,0.26644062995910645,0.0,0.0,0.0,0.0,1.0,1.0,0.0,0,0,0,0,0,0,0.0,0.5,1.0,0.5
14,500,0,dpga,roi_reg,0.18942545354366302,0.11767329275608063,0.30297863483428955,0.11000028997659683,0.17207783460617065,0.0055000148713588715,1.5643398271293754,0.04098926464191579,1.0124188714440692,0.9992564798530872,2.2095860189978063,0,1,0,0,0,1,0.03196236491203308,0.8197852373123169,1.0,0.8197852373123169
14,600,0,dpga,backbone,0.2337951362133026,0.46173492074012756,0.040197137743234634,1.9850913286209106,2.4073612689971924,0.19850914180278778,1.212720661406366,0.055007799957137865,1.0022111561118294,0.9984996162738207,3.139013029314701,0,1,0,0,0,1,0.0824592262506485,0.5500779747962952,1.0,0.5500779747962952
14,600,0,dpga,fpn,0.2337951362133026,0.46173492074012756,-0.01760822907090187,0.5108317732810974,0.8683280348777771,0.07662475854158401,1.699831686859382,0.07170058536725844,1.0000000000537286,0.9974393462989724,4.1011511098861835,1,1,0,0,1,1,0.08825771510601044,0.47800394892692566,1.0,0.47800394892692566
14,600,0,dpga,rpn,0.2337951362133026,0.46173492074012756,0.0,0.23715443909168243,0.0,0.0,0.0,0.0,1.0,1.0,0.0,0,0,0,0,0,0,0.0,0.0,1.0,0.0
14,600,0,dpga,roi_shared,0.2337951362133026,0.46173492074012756,0.018313784152269363,1.0974684953689575,0.15046586096286774,0.15046586096286774,0.13710267000628812,0.07168773169425262,1.0013128736446144,0.9974478879867291,4.094302281837993,0,0,0,0,0,0,1.0,0.5228762626647949,1.0,0.5228762626647949
14,600,0,dpga,roi_cls,0.2337951362133026,0.46173492074012756,0.0,0.1931339055299759,0.0,0.0,0.0,0.0,1.0,1.0,0.0,0,0,0,0,0,0,0.0,0.5,1.0,0.5
14,600,0,dpga,roi_reg,0.2337951362133026,0.46173492074012756,0.25715383887290955,0.23524537682533264,0.04594605788588524,0.011762269772589207,0.19531120443654768,0.03917151403638375,1.010073104041518,0.9992985388951698,2.146173448629715,0,0,0,0,0,1,0.25600171089172363,0.7834302186965942,1.0,0.7834302186965942
14,700,0,dpga,backbone,0.08692102134227753,0.08649250119924545,0.07554277032613754,1.3616317510604858,3.1770384311676025,0.1361631602048874,2.333258187239843,0.05933215564872196,1.004482115849185,0.998269996977535,3.370727870296341,0,1,0,0,0,1,0.04285852238535881,0.5933216214179993,1.0,0.5933216214179993
14,700,0,dpga,fpn,0.08692102134227753,0.08649250119924545,0.07585294544696808,0.36963266134262085,1.1740561723709106,0.055444903671741486,3.176278222022841,0.08905437114616227,1.006755035692857,0.9961328062092243,5.0405236393434185,0,1,0,0,0,1,0.04722508415579796,0.5936957597732544,1.0,0.5936957597732544
14,700,0,dpga,rpn,0.08692102134227753,0.08649250119924545,0.0,0.2768585979938507,0.0,0.0,0.0,0.0,1.0,1.0,0.0,0,0,0,0,0,0,0.0,0.0,1.0,0.0
14,700,0,dpga,roi_shared,0.08692102134227753,0.08649250119924545,-0.03686153516173363,0.5711532235145569,0.5180820822715759,0.14278830587863922,0.9070807288516891,0.11351326107978821,1.0000000002012792,0.9936189711162186,6.47610964798479,1,0,0,0,1,1,0.2757968604564667,0.45405304431915283,1.0,0.45405304431915283
14,700,0,dpga,roi_cls,0.08692102134227753,0.08649250119924545,0.0,0.26813995838165283,0.0,0.0,0.0,0.0,1.0,1.0,0.0,0,0,0,0,0,0,0.0,0.5,1.0,0.5
14,700,0,dpga,roi_reg,0.08692102134227753,0.08649250119924545,-0.29934394359588623,0.030544791370630264,0.2363947182893753,0.001527239684946835,7.739280829289799,0.009145764213570808,0.9999999998216899,0.9999581687577297,0.524070272328411,1,1,0,0,1,1,0.006771032698452473,0.18291527032852173,1.0,0.18291527032852173
15,0,0,dpga,backbone,0.20567971467971802,1.4175533056259155,-0.11483034491539001,1.5692650079727173,9.017461776733398,0.1569264680147171,5.746296343141409,0.0360279306011417,1.0000000003874703,0.9993516036148549,2.0633903340555,1,1,0,0,1,1,0.01751839369535446,0.360279381275177,1.0,0.360279381275177
15,0,0,dpga,fpn,0.20567971467971802,1.4175533056259155,-0.16950742900371552,0.4731762707233429,3.2517685890197754,0.07097644358873367,6.872213993421116,0.04499246666999767,1.000000000805691,0.9989893813729339,2.5761305140607984,1,1,0,0,1,1,0.02214752696454525,0.2999497652053833,1.0,0.2999497652053833
15,0,0,dpga,rpn,0.20567971467971802,1.4175533056259155,0.0,0.24111615121364594,0.0,0.0,0.0,0.0,1.0,1.0,0.0,0,0,0,0,0,0,0.0,0.0,1.0,0.0
15,0,0,dpga,roi_shared,0.20567971467971802,1.4175533056259155,-0.2298515886068344,0.9370507001876831,8.437867164611816,0.23426268994808197,9.004707176379874,0.06015616292937615,0.9999999975184005,0.9981956250721623,3.4424397370625326,1,1,0,0,1,1,0.028527051210403442,0.24062463641166687,1.0,0.24062463641166687
15,0,0,dpga,roi_cls,0.20567971467971802,1.4175533056259155,0.0,0.16951555013656616,0.0,0.0,0.0,0.0,1.0,1.0,0.0,0,0,0,0,0,0,0.0,0.5,1.0,0.5
15,0,0,dpga,roi_reg,0.20567971467971802,1.4175533056259155,-0.43053850531578064,0.1403515636920929,2.629744529724121,0.007017578464001417,18.73683812667258,0.005203994570737398,0.9999999999351267,0.9999864103272705,0.29870508859266415,1,1,0,0,1,1,0.002956594340503216,0.10407988727092743,1.0,0.10407988727092743
15,100,0,dpga,backbone,0.045228011906147,0.05603386089205742,0.016175588592886925,0.5854398608207703,2.299062967300415,0.058543987572193146,3.9270694073977013,0.05202084912147692,1.000841467950538,0.9986522124235707,2.9750696995238455,0,1,0,0,0,1,0.02546428143978119,0.520208477973938,1.0,0.520208477973938
15,100,0,dpga,fpn,0.045228011906147,0.05603386089205742,-0.010296761989593506,0.20593568682670593,0.8152199983596802,0.03089035302400589,3.9586145117513536,0.07306978404521942,0.999999999928831,0.9973411183306546,4.17910622563853,1,1,0,0,1,1,0.037894055247306824,0.48713189363479614,1.0,0.48713189363479614
15,100,0,dpga,rpn,0.045228011906147,0.05603386089205742,0.0,0.07104774564504623,0.0,0.0,0.0,0.0,1.0,1.0,0.0,0,0,0,0,0,0,0.0,0.0,1.0,0.0
15,100,0,dpga,roi_shared,0.045228011906147,0.05603386089205742,-0.008425712585449219,0.3985142111778259,0.42274805903434753,0.09962855279445648,1.0608104985388034,0.12236735224723816,0.9999999999403029,0.9925962347474602,6.976414339232519,1,1,0,0,1,1,0.23567722737789154,0.48946940898895264,1.0,0.48946940898895264
15,100,0,dpga,roi_cls,0.045228011906147,0.05603386089205742,0.0,0.14483655989170074,0.0,0.0,0.0,0.0,1.0,1.0,0.0,0,0,0,0,0,0,0.0,0.5,1.0,0.5
15,100,0,dpga,roi_reg,0.045228011906147,0.05603386089205742,0.1080850139260292,0.04552947357296944,0.12452545017004013,0.002276473678648472,2.7350513941362613,0.0315955638885498,1.0034150062566787,0.9995104325494776,1.7929229139017615,0,1,0,0,0,1,0.01828119158744812,0.6319112777709961,1.0,0.6319112777709961
15,200,0,dpga,backbone,0.19352871179580688,1.8195300102233887,0.03910384699702263,1.8453257083892822,9.775041580200195,0.18453256785869598,5.297190374447487,0.054872470207931776,1.0021457242705278,0.9985066550055021,3.131639529029954,0,1,0,0,0,1,0.01887793093919754,0.5487247109413147,1.0,0.5487247109413147
15,200,0,dpga,fpn,0.19352871179580688,1.8195300102233887,-0.05830247700214386,0.4099276065826416,3.816850185394287,0.06148913875222206,9.31103473906876,0.06414504414083119,1.000000000216804,0.9979489463141983,3.6702901847873397,1,1,0,0,1,1,0.016137367114424706,0.4276336431503296,1.0,0.4276336431503296
15,200,0,dpga,rpn,0.19352871179580688,1.8195300102233887,0.0,0.3492937386035919,0.0,0.0,0.0,0.0,1.0,1.0,0.0,0,0,0,0,0,0,0.0,0.0,1.0,0.0
15,200,0,dpga,roi_shared,0.19352871179580688,1.8195300102233887,-0.0815909206867218,0.5946202874183655,10.025424003601074,0.14865507185459137,16.86021182884287,0.09985066950321198,1.0000000007165986,0.9950519079101798,5.702112181415414,1,1,0,0,1,1,0.014877411536872387,0.3994026780128479,1.0,0.3994026780128479
15,200,0,dpga,roi_cls,0.19352871179580688,1.8195300102233887,0.0,0.09474759548902512,0.0,0.0,0.0,0.0,1.0,1.0,0.0,0,0,0,0,0,0,0.0,0.5,1.0,0.5
15,200,0,dpga,roi_reg,0.19352871179580688,1.8195300102233887,0.0016859726747497916,0.06097284331917763,3.911363124847412,0.0030486425384879112,64.1492656718074,0.025105375139018764,1.0000423270203136,0.9996850190337389,1.4381069526180983,0,1,0,0,0,1,0.0007794321863912046,0.5021074414253235,1.0,0.5021074414253235
15,300,0,dpga,backbone,0.21166031062602997,0.10229900479316711,-0.003700345056131482,1.8933690786361694,1.81986665725708,0.18933691084384918,0.9611790314902393,0.04953747171651313,1.0000000000683695,0.9987752644073803,2.835979808753581,1,0,0,0,1,1,0.10403959453105927,0.4953747093677521,1.0,0.4953747093677521
15,300,0,dpga,fpn,0.21166031062602997,0.10229900479316711,0.08703223615884781,0.47826728224754333,0.623100221157074,0.07174009829759598,1.3028284482035037,0.09106582265725881,1.0079256621835062,0.9959738422700996,5.143145869084056,0,1,0,0,0,1,0.11513412743806839,0.6071054339408875,1.0,0.6071054339408875
15,300,0,dpga,rpn,0.21166031062602997,0.10229900479316711,0.0,0.32440343499183655,0.0,0.0,0.0,0.0,1.0,1.0,0.0,0,0,0,0,0,0,0.0,0.0,1.0,0.0
15,300,0,dpga,roi_shared,0.21166031062602997,0.10229900479316711,-0.13153120875358582,0.7978413105010986,0.4094756245613098,0.19946032762527466,0.5132294093723114,0.08531658351421356,0.9999999985735365,0.996380277425558,4.8764790473154225,1,0,0,0,1,1,0.4913806915283203,0.34126633405685425,1.0,0.34126633405685425
15,300,0,dpga,roi_cls,0.21166031062602997,0.10229900479316711,0.0,0.15310707688331604,0.0,0.0,0.0,0.0,1.0,1.0,0.0,0,0,0,0,0,0,0.0,0.5,1.0,0.5
15,300,0,dpga,roi_reg,0.21166031062602997,0.10229900479316711,-0.5600656270980835,0.1385616660118103,0.1425599455833435,0.00692808348685503,1.0288555968372408,0.002865322011258594,1.0000000002938634,0.9999959137248443,0.1637953550309705,1,1,0,0,1,1,0.05866110324859619,0.0573064386844635,1.0,0.0573064386844635
15,400,0,dpga,backbone,0.09153372794389725,1.355095386505127,-0.08332183957099915,1.1080166101455688,6.9954304695129395,0.11080165207386017,6.313470759787522,0.03973284043138359,1.0000000007205576,0.9992115724475579,2.2753439985178296,1,1,0,0,1,1,0.015894416719675064,0.3973284363746643,1.0,0.3973284363746643
15,400,0,dpga,fpn,0.09153372794389725,1.355095386505127,-0.07223914563655853,0.3193659484386444,2.854001522064209,0.04790489748120308,8.9364615608433,0.061600530893538105,1.000000000186761,0.9981080350910355,3.525028763141228,1,1,0,0,1,1,0.01682913675904274,0.4106701612472534,1.0,0.4106701612472534
15,400,0,dpga,rpn,0.09153372794389725,1.355095386505127,0.0,0.2625712454319,0.0,0.0,0.0,0.0,1.0,1.0,0.0,0,0,0,0,0,0,0.0,0.0,1.0,0.0
15,400,0,dpga,roi_shared,0.09153372794389725,1.355095386505127,0.016655096784234047,0.5706976056098938,9.23544979095459,0.14267440140247345,16.182737933664253,0.13020171225070953,1.0021685221190084,0.9916680267803888,7.401394767915974,0,1,0,0,0,1,0.015448560006916523,0.5208068490028381,1.0,0.5208068490028381
15,400,0,dpga,roi_cls,0.09153372794389725,1.355095386505127,0.0,0.10744625329971313,0.0,0.0,0.0,0.0,1.0,1.0,0.0,0,0,0,0,0,0,0.0,0.5,1.0,0.5
15,400,0,dpga,roi_reg,0.09153372794389725,1.355095386505127,0.2113635241985321,0.09699729830026627,4.312240123748779,0.004849865101277828,44.45732200086383,0.03710409545349735,1.007842452930144,0.9993532039048307,2.060842186540205,0,1,0,0,0,1,0.0011246742215007544,0.742081880569458,1.0,0.742081880569458
15,500,0,dpga,backbone,0.13238506019115448,1.3386871814727783,0.006455069873481989,1.5441855192184448,6.877786636352539,0.15441855788230896,4.453989854686358,0.05080681639325706,1.0003279615025502,0.9987126513136522,2.907584392999085,0,1,0,0,0,1,0.02245178073644638,0.5080681443214417,1.0,0.5080681443214417
15,500,0,dpga,fpn,0.13238506019115448,1.3386871814727783,-0.02643561363220215,0.3877999484539032,2.569197654724121,0.05816999450325966,6.62505929917501,0.07005052686684911,1.000000000390101,0.9975554067947829,4.007093192136367,1,1,0,0,1,1,0.02264922484755516,0.4670034945011139,1.0,0.4670034945011139
15,500,0,dpga,rpn,0.13238506019115448,1.3386871814727783,0.0,0.4048094153404236,0.0,0.0,0.0,0.0,1.0,1.0,0.0,0,0,0,0,0,0,0.0,0.0,1.0,0.0
15,500,0,dpga,roi_shared,0.13238506019115448,1.3386871814727783,-0.10025382786989212,0.5276893973350525,5.189258575439453,0.13192233443260193,9.83392617256733,0.09431060828425092,1.0000000002291802,0.9955822046255189,5.387663256404497,1,1,0,0,1,1,0.025550924241542816,0.37724247574806213,1.0,0.37724247574806213
15,500,0,dpga,roi_cls,0.13238506019115448,1.3386871814727783,0.0,0.16722166538238525,0.0,0.0,0.0,0.0,1.0,1.0,0.0,0,0,0,0,0,0,0.0,0.5,1.0,0.5
15,500,0,dpga,roi_reg,0.13238506019115448,1.3386871814727783,-0.38886523246765137,0.061982106417417526,2.037816286087036,0.0030991053208708763,32.877493261739026,0.006258667260408401,0.9999999998314608,0.9999804668441551,0.35811667596040125,1,1,0,0,1,1,0.0016507174586877227,0.12517334520816803,1.0,0.12517334520816803
15,600,0,dpga,backbone,0.17462727427482605,0.8830466270446777,-0.0657002180814743,1.4059869050979614,8.837726593017578,0.14059869945049286,6.285781582298459,0.04186053840277156,1.0000000004498992,0.9991250873541795,2.39690955327026,1,1,0,0,1,1,0.015943368896842003,0.41860535740852356,1.0,0.41860535740852356
15,600,0,dpga,fpn,0.17462727427482605,0.8830466270446777,-0.009696584194898605,0.4499635696411133,3.245354413986206,0.06749454140663147,7.2124825940346025,0.0731822555319622,1.0000000000061637,0.997332853155725,4.185599479686118,1,1,0,0,1,1,0.020798254758119583,0.4878816604614258,1.0,0.4878816604614258
15,600,0,dpga,rpn,0.17462727427482605,0.8830466270446777,0.0,0.23609980940818787,0.0,0.0,0.0,0.0,1.0,1.0,0.0,0,0,0,0,0,0,0.0,0.0,1.0,0.0
15,600,0,dpga,roi_shared,0.17462727427482605,0.8830466270446777,-0.014698818325996399,0.8638554215431213,8.618687629699707,0.21596385538578033,9.977002418187041,0.12040868401527405,1.0000000000956806,0.9928287692503991,6.865850713286107,1,1,0,0,1,1,0.02506033517420292,0.4816347360610962,1.0,0.4816347360610962
15,600,0,dpga,roi_cls,0.17462727427482605,0.8830466270446777,0.0,0.14494459331035614,0.0,0.0,0.0,0.0,1.0,1.0,0.0,0,0,0,0,0,0,0.0,0.5,1.0,0.5
15,600,0,dpga,roi_reg,0.17462727427482605,0.8830466270446777,0.09038949012756348,0.12875573337078094,3.229637861251831,0.006437786389142275,25.083448920688962,0.03055510686350617,1.0027618605301856,0.9995398598134129,1.7381984839789408,0,1,0,0,0,1,0.0019933462608605623,0.6111021637916565,1.0,0.6111021637916565
15,700,0,dpga,backbone,0.12919938564300537,0.08505535125732422,0.046975575387477875,1.4656327962875366,1.2344906330108643,0.14656327664852142,0.8422919002207389,0.055845098552016505,1.0026233560531297,0.9984558613599305,3.184466435053393,0,0,0,0,0,1,0.11872368305921555,0.5584509968757629,1.0,0.5584509968757629
15,700,0,dpga,fpn,0.12919938564300537,0.08505535125732422,-0.012186544947326183,0.4871782064437866,0.4787002503871918,0.07307673245668411,0.9825978339251243,0.07271572499731166,0.9999999998541752,0.9973666497855636,4.158984393823732,1,0,0,0,1,1,0.15266789495944977,0.4847714900970459,1.0,0.4847714900970459
15,700,0,dpga,rpn,0.12919938564300537,0.08505535125732422,0.0,0.1898423582315445,0.0,0.0,0.0,0.0,1.0,1.0,0.0,0,0,0,0,0,0,0.0,0.0,1.0,0.0
15,700,0,dpga,roi_shared,0.12919938564300537,0.08505535125732422,-0.0110606225207448,0.8160304427146912,0.2507895529270172,0.2040075808763504,0.3073286728038169,0.12154441786456616,1.0000000000102924,0.9926943274842546,6.929988062474825,1,0,0,0,1,1,0.813511073589325,0.4861777424812317,1.0,0.4861777424812317
15,700,0,dpga,roi_cls,0.12919938564300537,0.08505535125732422,0.0,0.3405488133430481,0.0,0.0,0.0,0.0,1.0,1.0,0.0,0,0,0,0,0,0,0.0,0.5,1.0,0.5
15,700,0,dpga,roi_reg,0.12919938564300537,0.08505535125732422,-0.27681267261505127,0.05845033749938011,0.0912555456161499,0.0029225172474980354,1.5612492505645104,0.01001786121272272,0.9999999999799986,0.9999497798878967,0.5742199627932247,1,1,0,0,1,1,0.033327966928482056,0.20035719871520996,1.0,0.20035719871520996
16,0,0,dpga,backbone,0.21508941054344177,0.5999660491943359,-0.028961215168237686,1.6860138177871704,3.374577522277832,0.1686013787984848,2.0015123759227773,0.04638615466617577,0.9999999999620067,0.9989258761678678,2.655850887993339,1,1,0,0,1,1,0.0499831885099411,0.4638615548610687,1.0,0.4638615548610687
16,0,0,dpga,fpn,0.21508941054344177,0.5999660491943359,0.028924738988280296,0.518930971622467,1.4939968585968018,0.07783965021371841,2.878989577218211,0.08041396304848193,1.0023259525926254,0.9967998393512338,4.585000698828061,0,1,0,0,0,1,0.05210161581635475,0.5360930562019348,1.0,0.5360930562019348
16,0,0,dpga,rpn,0.21508941054344177,0.5999660491943359,0.0,0.2155824452638626,0.0,0.0,0.0,0.0,1.0,1.0,0.0,0,0,0,0,0,0,0.0,0.0,1.0,0.0
16,0,0,dpga,roi_shared,0.21508941054344177,0.5999660491943359,-0.1211337000131607,1.115706205368042,0.24700286984443665,0.24518398940563202,0.22138701806624525,0.07758466696654127,1.000000001322876,0.9970037347478069,4.4364568027603,1,0,0,0,1,0,1.0,0.3530479073524475,1.0,0.3530479073524475
16,0,0,dpga,roi_cls,0.21508941054344177,0.5999660491943359,0.0,0.22358597815036774,0.0,0.0,0.0,0.0,1.0,1.0,0.0,0,0,0,0,0,0,0.0,0.5,1.0,0.5
16,0,0,dpga,roi_reg,0.21508941054344177,0.5999660491943359,-0.2952321767807007,0.19818812608718872,0.09577669203281403,0.009909405373036861,0.4832615047315149,0.009300398697571306,0.9999999997760352,0.9999567691474076,0.5327655018140622,1,0,0,0,1,1,0.1082906499505043,0.18600799143314362,1.0,0.18600799143314362
16,100,0,dpga,backbone,0.12265476584434509,0.2870296835899353,-0.23107416927814484,2.055591106414795,1.8784058094024658,0.2055591195821762,0.9138032381734896,0.023950947372759303,0.9999999995182938,0.9997133657651739,1.3718670793992058,1,0,0,0,1,1,0.11247679591178894,0.2395094633102417,1.0,0.2395094633102417
16,100,0,dpga,fpn,0.12265476584434509,0.2870296835899353,-0.081339031457901,0.41954463720321655,0.6321244835853577,0.06293170899152756,1.5066918452330804,0.059955734870433056,0.9999999998740167,0.9982075267016005,3.4310644086560513,1,1,0,0,1,1,0.09988684952259064,0.39970481395721436,1.0,0.39970481395721436
16,100,0,dpga,rpn,0.12265476584434509,0.2870296835899353,0.0,0.281358003616333,0.0,0.0,0.0,0.0,1.0,1.0,0.0,0,0,0,0,0,0,0.0,0.0,1.0,0.0
16,100,0,dpga,roi_shared,0.12265476584434509,0.2870296835899353,0.02340174838900566,0.7202192544937134,0.21286946535110474,0.18005481362342834,0.2955620306218331,0.13230471312999725,1.0030961616073477,0.9914181556224022,7.511713662145059,0,0,0,0,0,1,0.8458461165428162,0.529218852519989,1.0,0.529218852519989
16,100,0,dpga,roi_cls,0.12265476584434509,0.2870296835899353,0.0,0.11132099479436874,0.0,0.0,0.0,0.0,1.0,1.0,0.0,0,0,0,0,0,0,0.0,0.5,1.0,0.5
16,100,0,dpga,roi_reg,0.12265476584434509,0.2870296835899353,0.11989858001470566,0.0934905931353569,0.05639190226793289,0.004674529191106558,0.603182634495515,0.03227701163623995,1.0038699678623033,0.9994908959008667,1.8283500752426607,0,0,0,0,0,1,0.08289363235235214,0.6455402970314026,1.0,0.6455402970314026
16,200,0,dpga,backbone,0.008712446317076683,-0.0,0.0,0.30638521909713745,0.0,0.0,0.0,0.0,1.0,1.0,0.0,0,0,0,0,0,0,0.0,0.5,1.0,0.5
16,200,0,dpga,fpn,0.008712446317076683,-0.0,0.0,0.10361101478338242,0.0,0.0,0.0,0.0,1.0,1.0,0.0,0,0,0,0,0,0,0.0,0.5,1.0,0.5
16,200,0,dpga,rpn,0.008712446317076683,-0.0,0.0,0.034091245383024216,0.0,0.0,0.0,0.0,1.0,1.0,0.0,0,0,0,0,0,0,0.0,0.0,1.0,0.0
16,200,0,dpga,roi_shared,0.008712446317076683,-0.0,0.0,0.19181355834007263,0.0,0.0,0.0,0.0,1.0,1.0,0.0,0,0,0,0,0,0,0.0,0.5,1.0,0.5
16,200,0,dpga,roi_cls,0.008712446317076683,-0.0,0.0,0.07469137012958527,0.0,0.0,0.0,0.0,1.0,1.0,0.0,0,0,0,0,0,0,0.0,0.5,1.0,0.5
16,200,0,dpga,roi_reg,0.008712446317076683,-0.0,0.0,0.0,0.0,0.0,0.0,0.0,0.0,0.0,90.0,0,0,0,1,0,0,0.0,0.0,1.0,0.0
16,300,0,dpga,backbone,0.03727194294333458,0.28901156783103943,0.3233482837677002,0.7700792551040649,9.364171981811523,0.07700791954994202,12.160010699867629,0.0834345156940597,1.0269784149162904,0.9970578493093951,4.396191720483607,0,1,0,0,0,1,0.008223677054047585,0.8343452215194702,1.0,0.8343452215194702
16,300,0,dpga,fpn,0.03727194294333458,0.28901156783103943,0.08727162331342697,0.22110848128795624,3.570096254348755,0.033166274428367615,16.146356003862696,0.09110864716848778,1.0079511974998472,0.9959704262515728,5.145328740378484,0,1,0,0,0,1,0.009290022775530815,0.6073909401893616,1.0,0.6073909401893616
16,300,0,dpga,rpn,0.03727194294333458,0.28901156783103943,0.0,0.20113058388233185,0.0,0.0,0.0,0.0,1.0,1.0,0.0,0,0,0,0,0,0,0.0,0.0,1.0,0.0
16,300,0,dpga,roi_shared,0.03727194294333458,0.28901156783103943,0.00048129030619747937,0.3252009451389313,2.662405252456665,0.08130023628473282,8.186954227083323,0.1251503974199295,1.0000602335783937,0.9922605016456415,7.133037979936789,0,1,0,0,0,1,0.030536387115716934,0.500601589679718,1.0,0.500601589679718
16,300,0,dpga,roi_cls,0.03727194294333458,0.28901156783103943,0.0,0.12507738173007965,0.0,0.0,0.0,0.0,1.0,1.0,0.0,0,0,0,0,0,0,0.0,0.5,1.0,0.5
16,300,0,dpga,roi_reg,0.03727194294333458,0.28901156783103943,0.0721578374505043,0.04442289099097252,0.8613652586936951,0.002221144735813141,19.390121612497914,0.029461577025082154,1.0021258832469997,0.9995703510358575,1.6796162415136313,0,1,0,0,0,1,0.0025786326732486486,0.5892314910888672,1.0,0.5892314910888672
16,400,0,dpga,backbone,0.15183059871196747,1.6631885766983032,0.058433257043361664,3.2336924076080322,13.271665573120117,0.32336926460266113,4.104183051515772,0.057252643753298686,1.003345458022283,0.9983815548765395,3.2602072608208763,0,1,0,0,0,1,0.024365384131669998,0.5725263953208923,1.0,0.5725263953208923
16,400,0,dpga,fpn,0.15183059871196747,1.6631885766983032,-0.08449752628803253,0.4695601165294647,4.700073719024658,0.07043401896953583,10.00952498641296,0.059388243918382475,1.0000000001279985,0.9982411473855825,3.398725031571089,1,1,0,0,1,1,0.015039512887597084,0.39592161774635315,1.0,0.39592161774635315
16,400,0,dpga,rpn,0.15183059871196747,1.6631885766983032,0.0,0.22514373064041138,0.0,0.0,0.0,0.0,1.0,1.0,0.0,0,0,0,0,0,0,0.0,0.0,1.0,0.0
16,400,0,dpga,roi_shared,0.15183059871196747,1.6631885766983032,-0.11317762732505798,0.8428753018379211,12.47447395324707,0.2107187956571579,14.799904477027637,0.09054652810981453,1.000000000169325,0.9959256853882205,5.173833822789395,1,1,0,0,1,1,0.017001235857605934,0.36218616366386414,1.0,0.36218616366386414
16,400,0,dpga,roi_cls,0.15183059871196747,1.6631885766983032,0.0,0.1312844157218933,0.0,0.0,0.0,0.0,1.0,1.0,0.0,0,0,0,0,0,0,0.0,0.5,1.0,0.5
16,400,0,dpga,roi_reg,0.15183059871196747,1.6631885766983032,-0.15244853496551514,0.11154643446207047,3.675398349761963,0.0055773211643099785,32.949491998435164,0.015907977417710432,0.9999999998691853,0.9998734421405785,0.9115631719644217,1,1,0,0,1,1,0.0015354208881035447,0.3181595802307129,1.0,0.3181595802307129
16,500,0,dpga,backbone,0.329995721578598,1.5948190689086914,-0.09913340955972672,2.7397677898406982,6.470032691955566,0.27397680282592773,2.3615259351347295,0.037855950311949264,1.000000001021565,0.9992841532094523,2.168071407902041,1,1,0,0,1,1,0.04255511984229088,0.3785594701766968,1.0,0.3785594701766968
16,500,0,dpga,fpn,0.329995721578598,1.5948190689086914,-0.09872312843799591,0.6865549087524414,2.085278034210205,0.1029832512140274,3.0373070057854856,0.05685633945603775,1.0000000004406504,0.9983875477948476,3.2541639481548645,1,1,0,0,1,1,0.04962829500436783,0.37904220819473267,1.0,0.37904220819473267
16,500,0,dpga,rpn,0.329995721578598,1.5948190689086914,0.0,0.5617808103561401,0.0,0.0,0.0,0.0,1.0,1.0,0.0,0,0,0,0,0,0,0.0,0.0,1.0,0.0
16,500,0,dpga,roi_shared,0.329995721578598,1.5948190689086914,-0.10024604946374893,1.2582837343215942,6.018312454223633,0.31457093358039856,4.782953391246384,0.09431289881467819,1.0000000003409895,0.9955820030938458,5.38778623326216,1,1,0,0,1,1,0.0525335855782032,0.37725159525871277,1.0,0.37725159525871277
16,500,0,dpga,roi_cls,0.329995721578598,1.5948190689086914,0.0,0.2424207329750061,0.0,0.0,0.0,0.0,1.0,1.0,0.0,0,0,0,0,0,0,0.0,0.5,1.0,0.5
16,500,0,dpga,roi_reg,0.329995721578598,1.5948190689086914,-0.28213736414909363,0.24375130236148834,2.5470006465911865,0.012187566608190536,10.449177591732129,0.009806288487634278,1.000000000099073,0.9999518910241195,0.562020849893181,1,1,0,0,1,1,0.004987696185708046,0.19612574577331543,1.0,0.19612574577331543
16,600,0,dpga,backbone,0.10666870325803757,0.1100330501794815,-0.05985621362924576,1.5928614139556885,1.9984771013259888,0.15928614139556885,1.2546459370642926,0.042573320865631106,0.999999999941398,0.9990949599062903,2.4378349539245803,1,1,0,0,1,1,0.07984693348407745,0.42573320865631104,1.0,0.42573320865631104
16,600,0,dpga,fpn,0.10666870325803757,0.1100330501794815,-0.005626619327813387,0.36817726492881775,0.7095561027526855,0.05522659048438072,1.9272132484602733,0.07394508372168233,1.0000000001419138,0.9972771399258088,4.229109061257778,1,1,0,0,1,1,0.07783381640911102,0.4929672181606293,1.0,0.4929672181606293
16,600,0,dpga,rpn,0.10666870325803757,0.1100330501794815,0.0,0.19044393301010132,0.0,0.0,0.0,0.0,1.0,1.0,0.0,0,0,0,0,0,0,0.0,0.0,1.0,0.0
16,600,0,dpga,roi_shared,0.10666870325803757,0.1100330501794815,-0.04949430003762245,0.68418949842453,0.5995762348175049,0.1710473895072937,0.8763306601433338,0.10961149097718713,1.0000000000969513,0.9940462675890517,6.25529785857487,1,0,0,0,1,1,0.2856305241584778,0.43844592571258545,1.0,0.43844592571258545
16,600,0,dpga,roi_cls,0.10666870325803757,0.1100330501794815,0.0,0.15309910476207733,0.0,0.0,0.0,0.0,1.0,1.0,0.0,0,0,0,0,0,0,0.0,0.5,1.0,0.5
16,600,0,dpga,roi_reg,0.10666870325803757,0.1100330501794815,-0.20051178336143494,0.11342194676399231,0.17942394316196442,0.005671097431331873,1.58191556644067,0.01342193059313348,1.0000000004151444,0.9999098831523175,0.7692081684764814,1,1,0,0,1,1,0.03226245939731598,0.2684386074542999,1.0,0.2684386074542999
16,700,0,dpga,backbone,0.04596593976020813,0.02300257235765457,0.022423313930630684,0.8231425285339355,3.2002391815185547,0.08231425285339355,3.8878311721037737,0.05279998183250427,1.0011839503714666,0.9986129452716167,3.018107056724264,0,1,0,0,0,1,0.02572128176689148,0.5279998183250427,1.0,0.5279998183250427
16,700,0,dpga,fpn,0.04596593976020813,0.02300257235765457,-0.03278597816824913,0.2538073658943176,0.9773819446563721,0.03807110711932182,3.850880927795225,0.06886636870105863,1.0000000000792018,0.997637213879654,3.939448114818539,1,1,0,0,1,1,0.03897308185696602,0.4591090977191925,1.0,0.4591090977191925
16,700,0,dpga,rpn,0.04596593976020813,0.02300257235765457,0.0,0.18517513573169708,0.0,0.0,0.0,0.0,1.0,1.0,0.0,0,0,0,0,0,0,0.0,0.0,1.0,0.0
16,700,0,dpga,roi_shared,0.04596593976020813,0.02300257235765457,-0.07306917011737823,0.37787777185440063,0.3319377303123474,0.09446943551301956,0.8784261870800003,0.10241651472357448,1.0000000001689535,0.9947964028727148,5.847604171600814,1,0,0,0,1,1,0.28536269068717957,0.4096660912036896,1.0,0.4096660912036896
16,700,0,dpga,roi_cls,0.04596593976020813,0.02300257235765457,0.0,0.14614883065223694,0.0,0.0,0.0,0.0,1.0,1.0,0.0,0,0,0,0,0,0,0.0,0.5,1.0,0.5
16,700,0,dpga,roi_reg,0.04596593976020813,0.02300257235765457,-0.710486650466919,0.017174914479255676,0.09921018779277802,0.0008587456541135907,5.7764589111990485,0.0013928300499495478,1.0000000001303437,0.9999990240678427,0.08004744598439796,1,1,0,0,1,1,0.01230025477707386,0.027856603264808655,1.0,0.027856603264808655
17,0,0,dpga,backbone,0.4442986249923706,0.7365919351577759,-0.2417159229516983,4.2676591873168945,2.568265438079834,0.42676597833633423,0.6017972207603859,0.022995250158463463,0.9999999993914881,0.9997358213233435,1.3170312256505803,1,0,0,0,1,1,0.17124690115451813,0.22995246946811676,1.0,0.22995246946811676
17,0,0,dpga,fpn,0.4442986249923706,0.7365919351577759,-0.17260919511318207,0.9723537564277649,0.8740316033363342,0.14585305750370026,0.898882322980222,0.04450550344503328,1.0000000002311846,0.9990111173250904,2.5482721606680276,1,0,0,0,1,1,0.16941678524017334,0.29670336842536926,1.0,0.29670336842536926
17,0,0,dpga,rpn,0.4442986249923706,0.7365919351577759,0.0,0.6676368117332458,0.0,0.0,0.0,0.0,1.0,1.0,0.0,0,0,0,0,0,0,0.0,0.0,1.0,0.0
17,0,0,dpga,roi_shared,0.4442986249923706,0.7365919351577759,-0.08431302756071091,1.6565333604812622,2.140808343887329,0.41413334012031555,1.2923424272393607,0.09903557598590851,1.00000000065149,0.9951317642153049,5.655874669590219,1,1,0,0,1,1,0.19413846731185913,0.39614230394363403,1.0,0.39614230394363403
17,0,0,dpga,roi_cls,0.4442986249923706,0.7365919351577759,0.0,0.3389733135700226,0.0,0.0,0.0,0.0,1.0,1.0,0.0,0,0,0,0,0,0,0.0,0.5,1.0,0.5
17,0,0,dpga,roi_reg,0.4442986249923706,0.7365919351577759,-0.13548679649829865,0.35143357515335083,0.5612981915473938,0.017571676522493362,1.597167235095471,0.016841710451712157,1.0000000000248046,0.9998583157111878,0.9645030501143413,1,1,0,0,1,1,0.031596772372722626,0.33683425188064575,1.0,0.33683425188064575
17,100,0,dpga,backbone,0.20485186576843262,2.7055165767669678,-0.19014957547187805,2.7168331146240234,11.303584098815918,0.27168330550193787,4.1605735876714665,0.027873443945674,1.0000000001802432,0.9996117426459507,1.5966566274279759,1,1,0,0,1,1,0.024481814354658127,0.2787344455718994,1.0,0.2787344455718994
17,100,0,dpga,fpn,0.20485186576843262,2.7055165767669678,-0.038401514291763306,0.5249290466308594,4.231213092803955,0.07873935997486115,8.060542886626408,0.06782175857229548,1.0000000001747007,0.9977080755183638,3.8799020740017545,1,1,0,0,1,1,0.018622905015945435,0.4521450400352478,1.0,0.4521450400352478
17,100,0,dpga,rpn,0.20485186576843262,2.7055165767669678,0.0,0.20550628006458282,0.0,0.0,0.0,0.0,1.0,1.0,0.0,0,0,0,0,0,0,0.0,0.0,1.0,0.0
17,100,0,dpga,roi_shared,0.20485186576843262,2.7055165767669678,0.022481387481093407,0.943853497505188,12.90186595916748,0.2359633892774582,13.66935228112196,0.13201805292793098,1.002967949494178,0.9914523706389867,7.496703012299771,0,1,0,0,0,1,0.01828908920288086,0.5280721783638,1.0,0.5280721783638
17,100,0,dpga,roi_cls,0.20485186576843262,2.7055165767669678,0.0,0.18246199190616608,0.0,0.0,0.0,0.0,1.0,1.0,0.0,0,0,0,0,0,0,0.0,0.5,1.0,0.5
17,100,0,dpga,roi_reg,0.20485186576843262,2.7055165767669678,-0.07967303693294525,0.1563333421945572,4.0452117919921875,0.007816667668521404,25.875553705990065,0.02008525872763751,0.9999999997981921,0.9997984458410473,1.1503786341085902,1,1,0,0,1,1,0.001938488450832665,0.40170514583587646,1.0,0.40170514583587646
17,200,0,dpga,backbone,0.47635483741760254,1.389425277709961,-0.1852506548166275,4.13613224029541,9.210695266723633,0.4136132001876831,2.2268860693065724,0.028368542943307602,1.0000000002779847,0.9995978147857754,1.6250444210730624,1,1,0,0,1,1,0.04569670557975769,0.28368544578552246,1.0,0.28368544578552246
17,200,0,dpga,fpn,0.47635483741760254,1.389425277709961,0.011304304003715515,1.1251872777938843,2.5237979888916016,0.16877809166908264,2.243002599389432,0.07711898982524872,1.0008717768645572,0.997045006337661,4.405781042666839,0,1,0,0,0,1,0.06687464565038681,0.5141265988349915,1.0,0.5141265988349915
17,200,0,dpga,rpn,0.47635483741760254,1.389425277709961,0.0,0.6347472667694092,0.0,0.0,0.0,0.0,1.0,1.0,0.0,0,0,0,0,0,0,0.0,0.0,1.0,0.0
17,200,0,dpga,roi_shared,0.47635483741760254,1.389425277709961,-0.03608941286802292,1.5675349235534668,5.974975109100342,0.3918837308883667,3.811701429627856,0.11375255882740021,1.0000000008319818,0.9935922272925793,6.489681115753183,1,1,0,0,1,1,0.06563027203083038,0.45501023530960083,1.0,0.45501023530960083
17,200,0,dpga,roi_cls,0.47635483741760254,1.389425277709961,0.0,0.4673081934452057,0.0,0.0,0.0,0.0,1.0,1.0,0.0,0,0,0,0,0,0,0.0,0.5,1.0,0.5
17,200,0,dpga,roi_reg,0.47635483741760254,1.389425277709961,-0.10335086286067963,0.15527229011058807,1.6196047067642212,0.0077636148780584335,10.430738836985697,0.018680576386366,0.9999999997709734,0.9998255604978054,1.0702034900904895,1,1,0,0,1,1,0.004819332156330347,0.3736115097999573,1.0,0.3736115097999573
17,300,0,dpga,backbone,0.2593410909175873,0.9329825639724731,0.033175837248563766,2.98818039894104,6.145362377166748,0.29881808161735535,2.0565566855818207,0.054137499738959725,1.0017960562753503,0.9985445994885641,3.091587755734955,0,1,0,0,0,1,0.04862497001886368,0.541374921798706,1.0,0.541374921798706
17,300,0,dpga,fpn,0.2593410909175873,0.9329825639724731,0.004050447605550289,0.7490347623825073,1.945504903793335,0.11235521733760834,2.5973492840374073,0.07575943372930576,1.0003068597227813,0.997144364488064,4.331042249705617,0,1,0,0,0,1,0.057751186192035675,0.5050628781318665,1.0,0.5050628781318665
17,300,0,dpga,rpn,0.2593410909175873,0.9329825639724731,0.0,0.4730236530303955,0.0,0.0,0.0,0.0,1.0,1.0,0.0,0,0,0,0,0,0,0.0,0.0,1.0,0.0
17,300,0,dpga,roi_shared,0.2593410909175873,0.9329825639724731,0.03302746266126633,1.3024201393127441,4.656850337982178,0.32560503482818604,3.5755361863795243,0.13529770076274872,1.00446854026412,0.9910597653138543,7.667189185488173,0,1,0,0,0,1,0.06991958618164062,0.5411908030509949,1.0,0.5411908030509949
17,300,0,dpga,roi_cls,0.2593410909175873,0.9329825639724731,0.0,0.32820945978164673,0.0,0.0,0.0,0.0,1.0,1.0,0.0,0,0,0,0,0,0,0.0,0.5,1.0,0.5
17,300,0,dpga,roi_reg,0.2593410909175873,0.9329825639724731,0.40119990706443787,0.3752007782459259,1.5229405164718628,0.018760040402412415,4.0590014860620816,0.044071281476632314,1.0176813914057825,0.9992141451716426,2.271628131598455,0,1,0,0,0,1,0.01231830008327961,0.8814255595207214,1.0,0.8814255595207214
17,400,0,dpga,backbone,0.011474402621388435,-0.0,0.0,0.4045126438140869,0.0,0.0,0.0,0.0,1.0,1.0,0.0,0,0,0,0,0,0,0.0,0.5,1.0,0.5
17,400,0,dpga,fpn,0.011474402621388435,-0.0,0.0,0.12724582850933075,0.0,0.0,0.0,0.0,1.0,1.0,0.0,0,0,0,0,0,0,0.0,0.5,1.0,0.5
17,400,0,dpga,rpn,0.011474402621388435,-0.0,0.0,0.0555497370660305,0.0,0.0,0.0,0.0,1.0,1.0,0.0,0,0,0,0,0,0,0.0,0.0,1.0,0.0
17,400,0,dpga,roi_shared,0.011474402621388435,-0.0,0.0,0.17564623057842255,0.0,0.0,0.0,0.0,1.0,1.0,0.0,0,0,0,0,0,0,0.0,0.5,1.0,0.5
17,400,0,dpga,roi_cls,0.011474402621388435,-0.0,0.0,0.07657559961080551,0.0,0.0,0.0,0.0,1.0,1.0,0.0,0,0,0,0,0,0,0.0,0.5,1.0,0.5
17,400,0,dpga,roi_reg,0.011474402621388435,-0.0,0.0,0.0,0.0,0.0,0.0,0.0,0.0,0.0,90.0,0,0,0,1,0,0,0.0,0.0,1.0,0.0
17,500,0,dpga,backbone,0.3578076958656311,0.5054078102111816,-0.1888415813446045,4.243061065673828,3.3354008197784424,0.42430609464645386,0.7860836240990459,0.02800511341092411,1.0000000006759098,0.9996080589261198,1.6042136419657897,1,0,0,0,1,1,0.129543736577034,0.2800511419773102,1.0,0.2800511419773102
17,500,0,dpga,fpn,0.3578076958656311,0.5054078102111816,-0.15890702605247498,0.941885769367218,1.1458803415298462,0.141282856464386,1.2165810109857342,0.04667935672047912,1.000000000366411,0.9989122872072306,2.6726009713681247,1,1,0,0,1,1,0.12488316744565964,0.3111957311630249,1.0,0.3111957311630249
17,500,0,dpga,rpn,0.3578076958656311,0.5054078102111816,0.0,0.5819910764694214,0.0,0.0,0.0,0.0,1.0,1.0,0.0,0,0,0,0,0,0,0.0,0.0,1.0,0.0
17,500,0,dpga,roi_shared,0.3578076958656311,0.5054078102111816,-0.07204882055521011,1.7375017404556274,2.2485125064849854,0.4343754053115845,1.2941066210934298,0.10272511135073768,1.000000000034909,0.9947651236819856,5.865168338046278,1,1,0,0,1,1,0.1936868131160736,0.4109004735946655,1.0,0.4109004735946655
17,500,0,dpga,roi_cls,0.3578076958656311,0.5054078102111816,0.0,0.39660918712615967,0.0,0.0,0.0,0.0,1.0,1.0,0.0,0,0,0,0,0,0,0.0,0.5,1.0,0.5
17,500,0,dpga,roi_reg,0.3578076958656311,0.5054078102111816,-0.3198668658733368,0.2709544897079468,0.807505190372467,0.013547725044190884,2.9802244326818546,0.008403733719311223,1.0000000001608451,0.9999645845899108,0.4822087087136862,1,1,0,0,1,1,0.017707573249936104,0.16807466745376587,1.0,0.16807466745376587
17,600,0,dpga,backbone,0.03822825476527214,0.10438138246536255,-0.027512336149811745,0.8311911821365356,4.467511177062988,0.08311911672353745,5.3748298503113,0.0465663722749999,0.9999999997057532,0.9989175641939347,2.6661089183296283,1,1,0,0,1,1,0.01861228421330452,0.46566373109817505,1.0,0.46566373109817505
17,600,0,dpga,fpn,0.03822825476527214,0.10438138246536255,-0.03792756795883179,0.2601003348827362,1.552337884902954,0.03901505097746849,5.968227167422953,0.06790981869444673,1.0000000000983331,0.9977020038771919,3.8850398545857945,1,1,0,0,1,1,0.025151189416646957,0.452732115983963,1.0,0.452732115983963
17,600,0,dpga,rpn,0.03822825476527214,0.10438138246536255,0.0,0.1245623230934143,0.0,0.0,0.0,0.0,1.0,1.0,0.0,0,0,0,0,0,0,0.0,0.0,1.0,0.0
17,600,0,dpga,roi_shared,0.03822825476527214,0.10438138246536255,0.05055435746908188,0.3885844051837921,1.0482100248336792,0.09714609384536743,2.6975092434239563,0.14071463459368988,1.0071137374141779,0.990403829022405,7.943913901931138,0,1,0,0,0,1,0.09267808496952057,0.5628585815429688,1.0,0.5628585815429688
17,600,0,dpga,roi_cls,0.03822825476527214,0.10438138246536255,0.0,0.13147194683551788,0.0,0.0,0.0,0.0,1.0,1.0,0.0,0,0,0,0,0,0,0.0,0.5,1.0,0.5
17,600,0,dpga,roi_reg,0.03822825476527214,0.10438138246536255,0.009914775379002094,0.055683594197034836,0.29553261399269104,0.0027841797564178705,5.307355213942498,0.02561954600745016,1.0002540120916958,0.999672163867163,1.4671614416198189,0,1,0,0,0,1,0.009420888498425484,0.5123909115791321,1.0,0.5123909115791321
17,700,0,dpga,backbone,0.028419317677617073,0.0,0.0,1.054925799369812,0.0,0.0,0.0,0.0,1.0,1.0,0.0,0,0,0,0,0,0,0.0,0.5,1.0,0.5
17,700,0,dpga,fpn,0.028419317677617073,0.0,0.0,0.32888153195381165,0.0,0.0,0.0,0.0,1.0,1.0,0.0,0,0,0,0,0,0,0.0,0.5,1.0,0.5
17,700,0,dpga,rpn,0.028419317677617073,0.0,0.0,0.21005645394325256,0.0,0.0,0.0,0.0,1.0,1.0,0.0,0,0,0,0,0,0,0.0,0.0,1.0,0.0
17,700,0,dpga,roi_shared,0.028419317677617073,0.0,0.0,0.29996684193611145,0.0,0.0,0.0,0.0,1.0,1.0,0.0,0,0,0,0,0,0,0.0,0.5,1.0,0.5
17,700,0,dpga,roi_cls,0.028419317677617073,0.0,0.0,0.10656736046075821,0.0,0.0,0.0,0.0,1.0,1.0,0.0,0,0,0,0,0,0,0.0,0.5,1.0,0.5
17,700,0,dpga,roi_reg,0.028419317677617073,0.0,0.0,0.0,0.0,0.0,0.0,0.0,0.0,0.0,90.0,0,0,0,1,0,0,0.0,0.0,1.0,0.0
18,0,0,dpga,backbone,0.3984915018081665,0.7009499073028564,-0.06135587766766548,2.468284845352173,2.820416212081909,0.24682846665382385,1.142662370347088,0.04239009907712159,0.9999999997975004,0.9991027821278694,2.427275458830506,1,1,0,0,1,1,0.08768010884523392,0.4239010214805603,1.0,0.4239010214805603
18,0,0,dpga,fpn,0.3984915018081665,0.7009499073028564,0.012829286977648735,0.591981828212738,1.0394153594970703,0.08879727125167847,1.7558230843591704,0.07740466036885711,1.0009930467454569,0.9970240469707851,4.421385967110672,0,1,0,0,0,1,0.08543002605438232,0.5160310864448547,1.0,0.5160310864448547
18,0,0,dpga,rpn,0.3984915018081665,0.7009499073028564,0.0,0.3607642948627472,0.0,0.0,0.0,0.0,1.0,1.0,0.0,0,0,0,0,0,0,0.0,0.0,1.0,0.0
18,0,0,dpga,roi_shared,0.3984915018081665,0.7009499073028564,0.03448257967829704,1.2408205270767212,2.0172324180603027,0.3102051317691803,1.6257245701864305,0.1357491910457611,1.0046809817907947,0.9910053785876862,7.690509957025169,0,1,0,0,0,1,0.1537775844335556,0.5429967641830444,1.0,0.5429967641830444
18,0,0,dpga,roi_cls,0.3984915018081665,0.7009499073028564,0.0,0.17338696122169495,0.0,0.0,0.0,0.0,1.0,1.0,0.0,0,0,0,0,0,0,0.0,0.5,1.0,0.5
18,0,0,dpga,roi_reg,0.3984915018081665,0.7009499073028564,0.19109496474266052,0.2416718602180481,0.5353369116783142,0.012083591893315315,2.2151396161526926,0.03611074054046221,1.006900580152319,0.9993810320570949,2.0160166402467348,0,1,0,0,0,1,0.02257193997502327,0.7222148776054382,1.0,0.7222148776054382
18,100,0,dpga,backbone,0.17103517055511475,0.32279184460639954,-0.06445839256048203,1.8330209255218506,2.228187084197998,0.18330207467079163,1.2155819135363366,0.04201172478448259,0.9999999999490536,0.999118716663403,2.4056215708227615,1,1,0,0,1,1,0.08243655413389206,0.4201172888278961,1.0,0.4201172888278961
18,100,0,dpga,fpn,0.17103517055511475,0.32279184460639954,0.010678901337087154,0.46171262860298157,0.8998106122016907,0.06925690174102783,1.948854236290387,0.07700183027855291,1.0008222951634604,0.9970536043020198,4.399363602066873,0,1,0,0,0,1,0.07696830481290817,0.51334547996521,1.0,0.51334547996521
18,100,0,dpga,rpn,0.17103517055511475,0.32279184460639954,0.0,0.23433290421962738,0.0,0.0,0.0,0.0,1.0,1.0,0.0,0,0,0,0,0,0,0.0,0.0,1.0,0.0
18,100,0,dpga,roi_shared,0.17103517055511475,0.32279184460639954,0.0007808583322912455,0.9380413889884949,0.44112321734428406,0.23451034724712372,0.47025986542017545,0.12524402141571045,1.0000977977502103,0.9922495069664875,7.138109313378754,0,0,0,0,0,1,0.531620979309082,0.5009760856628418,1.0,0.5009760856628418
18,100,0,dpga,roi_cls,0.17103517055511475,0.32279184460639954,0.0,0.1183406263589859,0.0,0.0,0.0,0.0,1.0,1.0,0.0,0,0,0,0,0,0,0.0,0.5,1.0,0.5
18,100,0,dpga,roi_reg,0.17103517055511475,0.32279184460639954,0.06847895681858063,0.22228555381298065,0.13257303833961487,0.011114277876913548,0.5964087007253509,0.02923860598927825,1.0020022294548199,0.9995765494795509,1.667455651812954,0,0,0,0,0,1,0.08383513242006302,0.5847721099853516,1.0,0.5847721099853516
18,200,0,dpga,backbone,0.061835214495658875,0.14279809594154358,0.004909330513328314,1.8831937313079834,2.895458936691284,0.1883193701505661,1.5375257938439642,0.05061363497744533,1.0002484792275668,0.9987222033140886,2.8967750070041944,0,1,0,0,0,1,0.06503956019878387,0.5061363577842712,1.0,0.5061363577842712
18,200,0,dpga,fpn,0.061835214495658875,0.14279809594154358,0.017862645909190178,0.2966461181640625,0.9480549693107605,0.044496919959783554,3.195912271423795,0.07834702527686024,1.0013994854624242,0.9969542625683445,4.472951108309962,0,1,0,0,0,1,0.046934958547353745,0.5223134756088257,1.0,0.5223134756088257
18,200,0,dpga,rpn,0.061835214495658875,0.14279809594154358,0.0,0.11773554235696793,0.0,0.0,0.0,0.0,1.0,1.0,0.0,0,0,0,0,0,0,0.0,0.0,1.0,0.0
18,200,0,dpga,roi_shared,0.061835214495658875,0.14279809594154358,-0.08355505019426346,0.5250377058982849,0.7464051842689514,0.13125942647457123,1.4216220585375479,0.0992623046040535,1.0000000003072305,0.995109558515485,5.668769698336693,1,1,0,0,1,1,0.17647255957126617,0.397049218416214,1.0,0.397049218416214
18,200,0,dpga,roi_cls,0.061835214495658875,0.14279809594154358,0.0,0.08440843224525452,0.0,0.0,0.0,0.0,1.0,1.0,0.0,0,0,0,0,0,0,0.0,0.5,1.0,0.5
18,200,0,dpga,roi_reg,0.061835214495658875,0.14279809594154358,-0.17036549746990204,0.05587884038686752,0.17700722813606262,0.0027939421124756336,3.167696876144594,0.014952482781536049,0.9999999998271487,0.9998882112966713,0.8567234124652873,1,1,0,0,1,1,0.016018515452742577,0.29904964566230774,1.0,0.29904964566230774
18,300,0,dpga,backbone,0.12406603991985321,0.3462032973766327,-0.35674744844436646,2.5174612998962402,3.5109992027282715,0.25174614787101746,1.3946586598463226,0.014384227522691948,1.000000001442659,0.9998964985465594,0.824355614958864,1,1,0,0,1,1,0.07675237208604813,0.14384226500988007,1.0,0.14384226500988007
18,300,0,dpga,fpn,0.12406603991985321,0.3462032973766327,-0.10491736978292465,0.42025449872016907,0.9374144077301025,0.0630381777882576,2.2305874430490986,0.055767044081256024,0.9999999992477698,0.9984486633051203,3.191881970406392,1,1,0,0,1,1,0.06762006133794785,0.37178027629852295,1.0,0.37178027629852295
18,300,0,dpga,rpn,0.12406603991985321,0.3462032973766327,0.0,0.3744903802871704,0.0,0.0,0.0,0.0,1.0,1.0,0.0,0,0,0,0,0,0,0.0,0.0,1.0,0.0
18,300,0,dpga,roi_shared,0.12406603991985321,0.3462032973766327,0.014554993249475956,0.7324185967445374,0.0951918512582779,0.0951918512582779,0.1299691893152191,0.06734817986001794,1.0009802523032272,0.9977446318772182,3.848823604855402,0,0,0,0,0,0,1.0,0.5181857347488403,1.0,0.5181857347488403
18,300,0,dpga,roi_cls,0.12406603991985321,0.3462032973766327,0.0,0.18279393017292023,0.0,0.0,0.0,0.0,1.0,1.0,0.0,0,0,0,0,0,0,0.0,0.5,1.0,0.5
18,300,0,dpga,roi_reg,0.12406603991985321,0.3462032973766327,-0.04777850583195686,0.10580641776323318,0.03126675263047218,0.005290321074426174,0.2955090370835436,0.022027964175459682,0.9999999999865783,0.9997574719275987,1.2619071919822489,1,0,0,0,1,1,0.16939303278923035,0.4405592679977417,1.0,0.4405592679977417
18,400,0,dpga,backbone,0.0918455645442009,0.47777238488197327,0.17902016639709473,1.539377212524414,3.325486898422241,0.15393772721290588,2.16028071051461,0.07099416530840137,1.0127093862288374,0.9976298633207192,3.9455735296301104,0,1,0,0,0,1,0.046290282160043716,0.7099416255950928,1.0,0.7099416255950928
18,400,0,dpga,fpn,0.0918455645442009,0.47777238488197327,0.14510631561279297,0.3725787103176117,1.1336908340454102,0.05588680878281593,3.0428223692088423,0.10107359694363448,1.014666418764337,0.9951782525934838,5.628783145371547,0,1,0,0,0,1,0.049296341836452484,0.6738239526748657,1.0,0.6738239526748657
18,400,0,dpga,rpn,0.0918455645442009,0.47777238488197327,0.0,0.16224709153175354,0.0,0.0,0.0,0.0,1.0,1.0,0.0,0,0,0,0,0,0,0.0,0.0,1.0,0.0
18,400,0,dpga,roi_shared,0.0918455645442009,0.47777238488197327,0.02680976316332817,0.7432335019111633,0.5984017252922058,0.18580836057662964,0.8051328737919717,0.13336551609995329,1.0035754979007947,0.9912915457078499,7.5670018903734935,0,0,0,0,0,1,0.31050774455070496,0.5334621071815491,1.0,0.5334621071815491
18,400,0,dpga,roi_cls,0.0918455645442009,0.47777238488197327,0.0,0.15435265004634857,0.0,0.0,0.0,0.0,1.0,1.0,0.0,0,0,0,0,0,0,0.0,0.5,1.0,0.5
18,400,0,dpga,roi_reg,0.0918455645442009,0.47777238488197327,0.041217610239982605,0.07690896093845367,0.20064495503902435,0.003845448140054941,2.608863162246988,0.027567020726272904,1.0011362465103826,0.9996217863068579,1.5758683869973173,0,1,0,0,0,1,0.019165435805916786,0.5513404011726379,1.0,0.5513404011726379
18,500,0,dpga,backbone,0.3610738515853882,0.8231886625289917,0.03478801250457764,2.95943284034729,3.7137436866760254,0.2959432899951935,1.2548835831125726,0.05433757414584197,1.0018902966137004,0.9985343264929006,3.102482267220405,0,1,0,0,0,1,0.0796886682510376,0.5433757305145264,1.0,0.5433757305145264
18,500,0,dpga,fpn,0.3610738515853882,0.8231886625289917,0.04692789912223816,0.6348667740821838,1.3037282228469849,0.09523002058267593,2.053546154989388,0.08375883793626294,1.0039306269213208,0.9965452081226918,4.764021222844632,0,1,0,0,0,1,0.07304438203573227,0.5583922266960144,1.0,0.5583922266960144
18,500,0,dpga,rpn,0.3610738515853882,0.8231886625289917,0.0,0.3647288680076599,0.0,0.0,0.0,0.0,1.0,1.0,0.0,0,0,0,0,0,0,0.0,0.0,1.0,0.0
18,500,0,dpga,roi_shared,0.3610738515853882,0.8231886625289917,0.054648466408252716,1.3082482814788818,2.7298593521118164,0.32706207036972046,2.0866523509023103,0.14197218418121338,1.007758562667021,0.9902505781688792,8.007197427703451,0,1,0,0,0,1,0.11980912834405899,0.5678887367248535,1.0,0.5678887367248535
18,500,0,dpga,roi_cls,0.3610738515853882,0.8231886625289917,0.0,0.21109840273857117,0.0,0.0,0.0,0.0,1.0,1.0,0.0,0,0,0,0,0,0,0.0,0.5,1.0,0.5
18,500,0,dpga,roi_reg,0.3610738515853882,0.8231886625289917,0.18847006559371948,0.23723597824573517,0.9409363865852356,0.011861799284815788,3.9662465766916237,0.03597870582087246,1.0067809101182859,0.9993846921558225,2.0100466060280837,0,1,0,0,0,1,0.012606377713382244,0.7195740938186646,1.0,0.7195740938186646
18,600,0,dpga,backbone,0.4186963438987732,0.30611589550971985,-0.05918702855706215,5.152369976043701,2.5327603816986084,0.515237033367157,0.49157191612303697,0.04265514908268792,1.0000000000523752,0.9990915503326387,2.442423380827283,1,0,0,0,1,1,0.20378631353378296,0.4265514612197876,1.0,0.4265514612197876
18,600,0,dpga,fpn,0.4186963438987732,0.30611589550971985,-0.11236411333084106,1.0155394077301025,0.8525002002716064,0.1523309201002121,0.83945555808325,0.05446894935580984,0.9999999998586978,0.9985199707576456,3.1176428142983865,1,0,0,0,1,1,0.17982608079910278,0.36312630772590637,1.0,0.36312630772590637
18,600,0,dpga,rpn,0.4186963438987732,0.30611589550971985,0.0,0.23079051077365875,0.0,0.0,0.0,0.0,1.0,1.0,0.0,0,0,0,0,0,0,0.0,0.0,1.0,0.0
18,600,0,dpga,roi_shared,0.4186963438987732,0.30611589550971985,-0.05696309730410576,1.6477859020233154,0.13449840247631073,0.1342800110578537,0.08162371234707143,0.03498200609575849,1.0000000001117257,0.9993887681937543,2.003377198617369,1,0,0,0,1,0,1.0,0.4292735457420349,1.0,0.4292735457420349
18,600,0,dpga,roi_cls,0.4186963438987732,0.30611589550971985,0.0,0.4291323125362396,0.0,0.0,0.0,0.0,1.0,1.0,0.0,0,0,0,0,0,0,0.0,0.5,1.0,0.5
18,600,0,dpga,roi_reg,0.4186963438987732,0.30611589550971985,0.04475650191307068,0.1449761688709259,0.04888836294412613,0.00724880862981081,0.33721654617354424,0.027785665510806343,1.001243588984571,0.9996159178340424,1.5880479176513658,0,0,0,0,0,1,0.14827267825603485,0.5557132959365845,1.0,0.5557132959365845
18,700,0,dpga,backbone,0.05296393483877182,0.17023099958896637,-0.005286212079226971,1.1926074028015137,5.613885879516602,0.1192607581615448,4.707237156443279,0.04933926904873553,0.9999999995911135,0.998785202063855,2.82444828781149,1,1,0,0,1,1,0.02124418132007122,0.49339261651039124,1.0,0.49339261651039124
18,700,0,dpga,fpn,0.05296393483877182,0.17023099958896637,-0.040356412529945374,0.3340757489204407,1.648404598236084,0.05011136457324028,4.934224060150644,0.06745874437580233,1.0000000001172755,0.9977323945320974,3.859255035827904,1,1,0,0,1,1,0.030424702912569046,0.449724942445755,1.0,0.449724942445755
18,700,0,dpga,rpn,0.05296393483877182,0.17023099958896637,0.0,0.11163497716188431,0.0,0.0,0.0,0.0,1.0,1.0,0.0,0,0,0,0,0,0,0.0,0.0,1.0,0.0
18,700,0,dpga,roi_shared,0.05296393483877182,0.17023099958896637,0.049204811453819275,0.4474458396434784,1.202807068824768,0.1118614673614502,2.68816237018352,0.14029941897261688,1.006903405934972,0.9904544685779975,7.922892375255992,0,1,0,0,0,1,0.09300033748149872,0.5611976385116577,1.0,0.5611976385116577
18,700,0,dpga,roi_cls,0.05296393483877182,0.17023099958896637,0.0,0.15447969734668732,0.0,0.0,0.0,0.0,1.0,1.0,0.0,0,0,0,0,0,0,0.0,0.5,1.0,0.5
18,700,0,dpga,roi_reg,0.05296393483877182,0.17023099958896637,0.39379411935806274,0.033679503947496414,0.307077020406723,0.001683975220657885,9.117623017412338,0.04387502432927573,1.017277725259983,0.9992151401334969,2.2701894465927897,0,1,0,0,0,1,0.005483885295689106,0.8775004744529724,1.0,0.8775004744529724
19,0,0,dpga,backbone,0.13216722011566162,1.6268333196640015,-0.19240257143974304,1.2984918355941772,13.639328002929688,0.12984919548034668,10.503976712867404,0.02764753953123541,1.0000000002457736,0.9996179580461225,1.5838242439574497,1,1,0,0,1,1,0.00970146618783474,0.27647536993026733,1.0,0.27647536993026733
19,0,0,dpga,fpn,0.13216722011566162,1.6268333196640015,-0.1699969321489334,0.3621155917644501,4.81976842880249,0.05431734025478363,13.310027346012944,0.04491541508869452,0.9999999994652052,0.998992832796597,2.571727063787922,1,1,0,0,1,1,0.011436156928539276,0.299436092376709,1.0,0.299436092376709
19,0,0,dpga,rpn,0.13216722011566162,1.6268333196640015,0.0,0.19799013435840607,0.0,0.0,0.0,0.0,1.0,1.0,0.0,0,0,0,0,0,0,0.0,0.0,1.0,0.0
19,0,0,dpga,roi_shared,0.13216722011566162,1.6268333196640015,-0.22307495772838593,0.6964402198791504,12.77845573425293,0.1741100400686264,18.34824493115907,0.0617175459195023,1.0000000009242096,0.9981008095202996,3.5317556651472497,1,1,0,0,1,1,0.013977495953440666,0.24687020480632782,1.0,0.24687020480632782
19,0,0,dpga,roi_cls,0.13216722011566162,1.6268333196640015,0.0,0.17656515538692474,0.0,0.0,0.0,0.0,1.0,1.0,0.0,0,0,0,0,0,0,0.0,0.5,1.0,0.5
19,0,0,dpga,roi_reg,0.13216722011566162,1.6268333196640015,-0.3253791928291321,0.11519648879766464,4.633228778839111,0.00575982453301549,40.22022569608944,0.008212801946874439,1.0000000000422156,0.9999662397096607,0.4708059453959329,1,1,0,0,1,1,0.0013146966230124235,0.1642560362815857,1.0,0.1642560362815857
19,100,0,dpga,backbone,0.10391896218061447,0.13613760471343994,0.06183949112892151,2.143068552017212,2.2474076747894287,0.21430686116218567,1.0486867873050563,0.057668937856526103,1.0035662175561595,0.9983592157287966,3.282636333737752,0,1,0,0,0,1,0.09535735845565796,0.5766893625259399,1.0,0.5766893625259399
19,100,0,dpga,fpn,0.10391896218061447,0.13613760471343994,0.08362618088722229,0.43510061502456665,0.7517455220222473,0.06526508927345276,1.7277509984209107,0.0904553759516216,1.0075644383054971,0.996022167195234,5.1121661509668295,0,1,0,0,0,1,0.08681806921958923,0.6030358672142029,1.0,0.6030358672142029
19,100,0,dpga,rpn,0.10391896218061447,0.13613760471343994,0.0,0.244993194937706,0.0,0.0,0.0,0.0,1.0,1.0,0.0,0,0,0,0,0,0,0.0,0.0,1.0,0.0
19,100,0,dpga,roi_shared,0.10391896218061447,0.13613760471343994,-0.015849029645323753,0.8469052314758301,0.5944215059280396,0.2117263227701187,0.7018748778918174,0.12004977564520374,1.0000000000144236,0.9928709456974701,6.8456066141093785,1,0,0,0,1,1,0.3562335968017578,0.48019906878471375,1.0,0.48019906878471375
19,100,0,dpga,roi_cls,0.10391896218061447,0.13613760471343994,0.0,0.14155566692352295,0.0,0.0,0.0,0.0,1.0,1.0,0.0,0,0,0,0,0,0,0.0,0.5,1.0,0.5
19,100,0,dpga,roi_reg,0.10391896218061447,0.13613760471343994,0.09796950966119766,0.113749198615551,0.19888289272785187,0.005687459837645292,1.7484333529244045,0.031003525345473758,1.0030374001758646,0.9995272087366045,1.7619333012012959,0,1,0,0,0,1,0.0285970289260149,0.6200705170631409,1.0,0.6200705170631409
19,200,0,dpga,backbone,0.3008708953857422,0.8981789350509644,-0.14499840140342712,2.255260467529297,2.8632164001464844,0.22552603483200073,1.269572380383726,0.03262946433208483,0.9999999991971487,0.9994681046492095,1.8688307833103597,1,1,0,0,1,1,0.07960798591375351,0.3262946605682373,1.0,0.3262946605682373
19,200,0,dpga,fpn,0.3008708953857422,0.8981789350509644,-0.10956057906150818,0.6216142773628235,1.0810281038284302,0.09324213117361069,1.7390657570071484,0.05495613645651673,1.0000000005375669,0.9984933024946697,3.145612407008748,1,1,0,0,1,1,0.08677558600902557,0.36637428402900696,1.0,0.36637428402900696
19,200,0,dpga,rpn,0.3008708953857422,0.8981789350509644,0.0,0.46606773138046265,0.0,0.0,0.0,0.0,1.0,1.0,0.0,0,0,0,0,0,0,0.0,0.0,1.0,0.0
19,200,0,dpga,roi_shared,0.3008708953857422,0.8981789350509644,-0.0831434354186058,1.3099626302719116,2.5788538455963135,0.3274906575679779,1.9686468804541513,0.09938551485538483,1.000000000590172,0.9950974844821356,5.675768931193808,1,1,0,0,1,1,0.12743200361728668,0.3975420594215393,1.0,0.3975420594215393
19,200,0,dpga,roi_cls,0.3008708953857422,0.8981789350509644,0.0,0.18431206047534943,0.0,0.0,0.0,0.0,1.0,1.0,0.0,0,0,0,0,0,0,0.0,0.5,1.0,0.5
19,200,0,dpga,roi_reg,0.3008708953857422,0.8981789350509644,-0.13076800107955933,0.19638752937316895,0.8097136616706848,0.009819376282393932,4.123040114894945,0.017106236192939824,0.9999999997267022,0.9998537315972323,0.9799821911701713,1,1,0,0,1,1,0.012232010252773762,0.34212473034858704,1.0,0.34212473034858704
19,300,0,dpga,backbone,0.29214608669281006,0.5799373388290405,-0.17946873605251312,2.757636785507202,3.6090574264526367,0.2757636606693268,1.3087501027764379,0.028959665804810804,1.0000000005674656,0.999580943486278,1.6587811648152033,1,1,0,0,1,1,0.07766985893249512,0.28959667682647705,1.0,0.28959667682647705
19,300,0,dpga,fpn,0.29214608669281006,0.5799373388290405,-0.027962060645222664,0.5797600150108337,0.9814138412475586,0.08696400374174118,1.6927932520996973,0.06976563901042315,1.0000000002111138,0.9975752794221953,3.9907660773639098,1,1,0,0,1,1,0.08864560723304749,0.46510425209999084,1.0,0.46510425209999084
19,300,0,dpga,rpn,0.29214608669281006,0.5799373388290405,0.0,0.3608855605125427,0.0,0.0,0.0,0.0,1.0,1.0,0.0,0,0,0,0,0,0,0.0,0.0,1.0,0.0
19,300,0,dpga,roi_shared,0.29214608669281006,0.5799373388290405,-0.062038619071245193,1.0530683994293213,2.677091598510742,0.26326707005500793,2.5421820652499982,0.10576688791073852,1.0000000004222673,0.9944531449532615,6.037567378893255,1,1,0,0,1,1,0.09853050857782364,0.4230675995349884,1.0,0.4230675995349884
19,300,0,dpga,roi_cls,0.29214608669281006,0.5799373388290405,0.0,0.14337146282196045,0.0,0.0,0.0,0.0,1.0,1.0,0.0,0,0,0,0,0,0,0.0,0.5,1.0,0.5
19,300,0,dpga,roi_reg,0.29214608669281006,0.5799373388290405,-0.06747956573963165,0.17366854846477509,0.78399658203125,0.00868342723697424,4.514326796427776,0.02082208499351313,0.9999999999686057,0.9997833103190603,1.1927916435255959,1,1,0,0,1,1,0.011101151816546917,0.4164417088031769,1.0,0.4164417088031769
19,400,0,dpga,backbone,0.0444008894264698,0.0779075026512146,0.33368873596191406,1.0593962669372559,3.0187227725982666,0.10593962669372559,2.849474617581463,0.08413682579994201,1.0280755060340847,0.9970372812906303,4.411538999732775,0,1,0,0,0,1,0.03509419038891792,0.8413682579994202,1.0,0.8413682579994202
19,400,0,dpga,fpn,0.0444008894264698,0.0779075026512146,0.21656815707683563,0.2287902534008026,0.9928523898124695,0.03431854024529457,4.339574676169254,0.11205468907610099,1.0242674775050291,0.9943448225067566,6.09629017415872,0,1,0,0,0,1,0.034565601497888565,0.7470312118530273,1.0,0.7470312118530273
19,400,0,dpga,rpn,0.0444008894264698,0.0779075026512146,0.0,0.0688035637140274,0.0,0.0,0.0,0.0,1.0,1.0,0.0,0,0,0,0,0,0,0.0,0.0,1.0,0.0
19,400,0,dpga,roi_shared,0.0444008894264698,0.0779075026512146,-0.05776389688253403,0.4466475546360016,0.6006321907043457,0.1116618886590004,1.3447564740253306,0.10707322508096695,1.0000000009244905,0.9943164694469443,6.11156785858716,1,1,0,0,1,1,0.18621820211410522,0.4282929003238678,1.0,0.4282929003238678
19,400,0,dpga,roi_cls,0.0444008894264698,0.0779075026512146,0.0,0.06803888827562332,0.0,0.0,0.0,0.0,1.0,1.0,0.0,0,0,0,0,0,0,0.0,0.5,1.0,0.5
19,400,0,dpga,roi_reg,0.0444008894264698,0.0779075026512146,0.05026250332593918,0.04557317867875099,0.17129673063755035,0.002278659027069807,3.758718079443938,0.028124977307652656,1.0014136319750153,0.9996068404478139,1.6067054841139488,0,1,0,0,0,1,0.013302408158779144,0.5624995231628418,1.0,0.5624995231628418
19,500,0,dpga,backbone,0.470467746257782,1.4919958114624023,-0.09828077256679535,4.2719502449035645,6.026438236236572,0.4271950125694275,1.410699537857706,0.037956293358206286,0.9999999982518497,0.9992805640830629,2.1735004214891873,1,1,0,0,1,1,0.0712316706776619,0.37956294417381287,1.0,0.37956294417381287
19,500,0,dpga,fpn,0.470467746257782,1.4919958114624023,-0.06419964879751205,0.9769805669784546,1.8592392206192017,0.1465470939874649,1.9030462666922254,0.0630648711055988,1.0000000002887415,0.9980173018784377,3.6085914030485755,1,1,0,0,1,1,0.07898393273353577,0.420432448387146,1.0,0.420432448387146
19,500,0,dpga,rpn,0.470467746257782,1.4919958114624023,0.0,0.2833445370197296,0.0,0.0,0.0,0.0,1.0,1.0,0.0,0,0,0,0,0,0,0.0,0.0,1.0,0.0
19,500,0,dpga,roi_shared,0.470467746257782,1.4919958114624023,-0.034738920629024506,1.849897027015686,4.266111373901367,0.4624742865562439,2.306134509975183,0.11417130371542568,0.9999999996599129,0.9935454370604763,6.513357643392143,1,1,0,0,1,1,0.10847199708223343,0.4566851854324341,1.0,0.4566851854324341
19,500,0,dpga,roi_cls,0.470467746257782,1.4919958114624023,0.0,0.4680825471878052,0.0,0.0,0.0,0.0,1.0,1.0,0.0,0,0,0,0,0,0,0.0,0.5,1.0,0.5
19,500,0,dpga,roi_reg,0.470467746257782,1.4919958114624023,-0.1477174162864685,0.19513565301895142,1.1950231790542603,0.009756783954799175,6.124063750350125,0.016165662482017062,1.0000000000617788,0.9998693598859693,0.9261485130220701,1,1,0,0,1,1,0.008255076594650745,0.3233132064342499,1.0,0.3233132064342499
19,600,0,dpga,backbone,0.1625232994556427,0.7600944638252258,0.041797902435064316,2.557389259338379,5.079939842224121,0.2557389438152313,1.9863772492492402,0.05520580796959076,1.0023074867697042,0.9984892650889591,3.149825200931676,0,1,0,0,0,1,0.05034290626645088,0.5520580410957336,1.0,0.5520580410957336
19,600,0,dpga,fpn,0.1625232994556427,0.7600944638252258,-0.15134276449680328,0.5534821152687073,1.7454391717910767,0.08302231878042221,3.153560203013411,0.0479040214076664,1.0000000005489154,0.9988545203706117,2.742665101129264,1,1,0,0,1,1,0.04811956360936165,0.3193601369857788,1.0,0.3193601369857788
19,600,0,dpga,rpn,0.1625232994556427,0.7600944638252258,0.0,0.24421191215515137,0.0,0.0,0.0,0.0,1.0,1.0,0.0,0,0,0,0,0,0,0.0,0.0,1.0,0.0
19,600,0,dpga,roi_shared,0.1625232994556427,0.7600944638252258,-0.17848408222198486,1.1972312927246094,3.8169474601745605,0.29930782318115234,3.188145417990295,0.07265264540910721,1.0000000009341588,0.9973710918296713,4.155473600105837,1,1,0,0,1,1,0.07969518005847931,0.29061058163642883,1.0,0.29061058163642883
19,600,0,dpga,roi_cls,0.1625232994556427,0.7600944638252258,0.0,0.16041241586208344,0.0,0.0,0.0,0.0,1.0,1.0,0.0,0,0,0,0,0,0,0.0,0.5,1.0,0.5
19,600,0,dpga,roi_reg,0.1625232994556427,0.7600944638252258,-0.11494853347539902,0.29414528608322144,1.2059224843978882,0.014707263559103012,4.099751182334777,0.018007158320865205,0.9999999998864276,0.999837815476187,1.0319251687926256,1,1,0,0,1,1,0.012277241796255112,0.36014318466186523,1.0,0.36014318466186523
19,700,0,dpga,backbone,0.22682636976242065,0.5796647667884827,-0.2932683825492859,3.693633556365967,3.0534560680389404,0.36936336755752563,0.8266808337758135,0.018749924609217834,0.9999999997146118,0.9998243295089484,1.0739730806297396,1,0,0,0,1,1,0.12652912735939026,0.1874992400407791,1.0,0.1874992400407791
19,700,0,dpga,fpn,0.22682636976242065,0.5796647667884827,-0.17743326723575592,0.6851502656936646,1.1001777648925781,0.1027725487947464,1.6057466806624217,0.04375424467687579,1.0000000007710301,0.9990441443375304,2.5053499000115247,1,1,0,0,1,1,0.09492061287164688,0.2916949391365051,1.0,0.2916949391365051
19,700,0,dpga,rpn,0.22682636976242065,0.5796647667884827,0.0,0.33951789140701294,0.0,0.0,0.0,0.0,1.0,1.0,0.0,0,0,0,0,0,0,0.0,0.0,1.0,0.0
19,700,0,dpga,roi_shared,0.22682636976242065,0.5796647667884827,-0.03325185552239418,1.2789983749389648,1.030071496963501,0.3197496235370636,0.8053735775955596,0.11463268424593341,1.0000000003730967,0.993493640687431,6.539467810081766,1,0,0,0,1,1,0.31058675050735474,0.4585306942462921,1.0,0.4585306942462921
19,700,0,dpga,roi_cls,0.22682636976242065,0.5796647667884827,0.0,0.20611247420310974,0.0,0.0,0.0,0.0,1.0,1.0,0.0,0,0,0,0,0,0,0.0,0.5,1.0,0.5
19,700,0,dpga,roi_reg,0.22682636976242065,0.5796647667884827,-0.15443474054336548,0.1502470076084137,0.42027491331100464,0.007512351032346487,2.7972265138641577,0.015800455093648823,0.9999999999236096,0.9998752498699706,0.9050293190163727,1,1,0,0,1,1,0.018091898411512375,0.3160090744495392,1.0,0.3160090744495392
20,0,0,dpga,backbone,0.41060930490493774,1.227338194847107,0.03420607000589371,3.9973645210266113,5.216226100921631,0.3997364640235901,1.3049162950948463,0.05426536364260731,1.0018562048276543,0.9985380602523544,3.098527042235496,0,1,0,0,0,1,0.0766332671046257,0.5426536202430725,1.0,0.5426536202430725
20,0,0,dpga,fpn,0.41060930490493774,1.227338194847107,0.0036720505449920893,0.8378020524978638,2.0506701469421387,0.12567031383514404,2.447678590459609,0.07568849088119389,1.0002779319289448,0.9971494928790997,4.327149625432639,0,1,0,0,0,1,0.06128256022930145,0.5045899152755737,1.0,0.5045899152755737
20,0,0,dpga,rpn,0.41060930490493774,1.227338194847107,0.0,0.28159913420677185,0.0,0.0,0.0,0.0,1.0,1.0,0.0,0,0,0,0,0,0,0.0,0.0,1.0,0.0
20,0,0,dpga,roi_shared,0.41060930490493774,1.227338194847107,-0.07325118035078049,1.5875444412231445,4.101193428039551,0.39688611030578613,2.583356611346094,0.1023615151643753,0.9999999999202117,0.9948018487464353,5.844540780438105,1,1,0,0,1,1,0.0970340147614479,0.4094460606575012,1.0,0.4094460606575012
20,0,0,dpga,roi_cls,0.41060930490493774,1.227338194847107,0.0,0.39700430631637573,0.0,0.0,0.0,0.0,1.0,1.0,0.0,0,0,0,0,0,0,0.0,0.5,1.0,0.5
20,0,0,dpga,roi_reg,0.41060930490493774,1.227338194847107,-0.29705917835235596,0.19700898230075836,1.3860095739364624,0.009850448928773403,7.035260817806514,0.009231442038498907,1.0000000003006855,0.9999574185035363,0.528749088038339,1,1,0,0,1,1,0.007443042937666178,0.18462884426116943,1.0,0.18462884426116943
20,100,0,dpga,backbone,0.05719989538192749,0.08187833428382874,0.15032623708248138,0.9116347432136536,1.436131238937378,0.09116347134113312,1.5753362293705404,0.06795339958250039,1.0102151808813686,0.9977960726865815,3.8046618078198007,0,1,0,0,0,1,0.0634785145521164,0.6795340180397034,1.0,0.6795340180397034
20,100,0,dpga,fpn,0.05719989538192749,0.08187833428382874,0.007337935268878937,0.22967885434627533,0.5736820101737976,0.03445183113217354,2.4977571914778274,0.07637572055126492,1.0005604401646497,0.9970994570624937,4.364980517896361,0,1,0,0,0,1,0.060053881257772446,0.5091714262962341,1.0,0.5091714262962341
20,100,0,dpga,rpn,0.05719989538192749,0.08187833428382874,0.0,0.12316052615642548,0.0,0.0,0.0,0.0,1.0,1.0,0.0,0,0,0,0,0,0,0.0,0.0,1.0,0.0
20,100,0,dpga,roi_shared,0.05719989538192749,0.08187833428382874,-0.04190104082226753,0.4628787338733673,0.36949601769447327,0.11571968346834183,0.7982566289069539,0.11195360869169235,0.9999999999158843,0.9937914082036786,6.3879151118346655,1,0,0,0,1,1,0.31345775723457336,0.4478144347667694,1.0,0.4478144347667694
20,100,0,dpga,roi_cls,0.05719989538192749,0.08187833428382874,0.0,0.11614841222763062,0.0,0.0,0.0,0.0,1.0,1.0,0.0,0,0,0,0,0,0,0.0,0.5,1.0,0.5
20,100,0,dpga,roi_reg,0.05719989538192749,0.08187833428382874,0.08548598736524582,0.060948047786951065,0.09927904605865479,0.0030474027153104544,1.6289126504214357,0.030262995023059246,1.0025870622356527,0.9995480863272204,1.7225892297215564,0,1,0,0,0,1,0.030695324763655663,0.6052598357200623,1.0,0.6052598357200623
20,200,0,dpga,backbone,0.29727116227149963,0.9099329710006714,-0.20354467630386353,2.3247029781341553,5.104581356048584,0.23247030377388,2.195799379129976,0.026547110761378452,0.9999999994245623,0.9996478342600204,1.5206313095749178,1,1,0,0,1,1,0.04651526361703873,0.26547110080718994,1.0,0.26547110080718994
20,200,0,dpga,fpn,0.29727116227149963,0.9099329710006714,-0.17283320426940918,0.5600988268852234,1.5307782888412476,0.08401482552289963,2.733050339266177,0.044470454051072514,0.9999999983275002,0.9990126693522421,2.546271320589918,1,1,0,0,1,1,0.05572228878736496,0.29646968841552734,1.0,0.29646968841552734
20,200,0,dpga,rpn,0.29727116227149963,0.9099329710006714,0.0,0.4133455157279968,0.0,0.0,0.0,0.0,1.0,1.0,0.0,0,0,0,0,0,0,0.0,0.0,1.0,0.0
20,200,0,dpga,roi_shared,0.29727116227149963,0.9099329710006714,-0.10516709089279175,1.068566083908081,3.7964184284210205,0.26714152097702026,3.5528157645957923,0.09287218749523163,1.0000000001577138,0.9957150112369142,5.3060052433460925,1,1,0,0,1,1,0.0707591101527214,0.3714887499809265,1.0,0.3714887499809265
20,200,0,dpga,roi_cls,0.29727116227149963,0.9099329710006714,0.0,0.1459791362285614,0.0,0.0,0.0,0.0,1.0,1.0,0.0,0,0,0,0,0,0,0.0,0.5,1.0,0.5
20,200,0,dpga,roi_reg,0.29727116227149963,0.9099329710006714,-0.22990109026432037,0.2371208816766739,1.229879379272461,0.011856043711304665,5.186718987277817,0.012028970936467657,0.9999999996147396,0.9999277364849809,0.688810544603172,1,1,0,0,1,1,0.009905329905450344,0.24057942628860474,1.0,0.24057942628860474
20,300,0,dpga,backbone,0.0700409859418869,0.16563935577869415,0.019158117473125458,1.2385098934173584,3.2824110984802246,0.1238510012626648,2.6502905757363244,0.05239294079580346,1.0010037502121178,0.9986336066910753,2.99553885643945,0,1,0,0,0,1,0.03773171454668045,0.5239293575286865,1.0,0.5239293575286865
20,300,0,dpga,fpn,0.0700409859418869,0.16563935577869415,-0.03860534727573395,0.32561615109443665,1.0982059240341187,0.048842426389455795,3.3727010172649945,0.0677838973246803,0.999999999217582,0.9977105147670383,3.877836084968212,1,1,0,0,1,1,0.04450792074203491,0.451892614364624,1.0,0.451892614364624
20,300,0,dpga,rpn,0.0700409859418869,0.16563935577869415,0.0,0.12849126756191254,0.0,0.0,0.0,0.0,1.0,1.0,0.0,0,0,0,0,0,0,0.0,0.0,1.0,0.0
20,300,0,dpga,roi_shared,0.0700409859418869,0.16563935577869415,0.06735886633396149,0.6160011291503906,0.44313767552375793,0.15400028228759766,0.7193780247366564,0.14585289359092712,1.0098244855638128,0.9897757211706846,8.200204765062932,0,0,0,0,0,1,0.34752243757247925,0.5834115743637085,1.0,0.5834115743637085
20,300,0,dpga,roi_cls,0.0700409859418869,0.16563935577869415,0.0,0.1366705596446991,0.0,0.0,0.0,0.0,1.0,1.0,0.0,0,0,0,0,0,0,0.0,0.5,1.0,0.5
20,300,0,dpga,roi_reg,0.0700409859418869,0.16563935577869415,0.04710554704070091,0.0863482877612114,0.1097264289855957,0.004317414481192827,1.270742383323622,0.02793056131054457,1.001315684369687,0.9996120400002344,1.5960450558298087,0,1,0,0,0,1,0.039347078651189804,0.5586112141609192,1.0,0.5586112141609192
20,400,0,dpga,backbone,0.03873755410313606,0.04916437342762947,0.1917901337146759,0.9069390296936035,8.112265586853027,0.09069390594959259,8.944664769354608,0.07229117392626301,1.013864731759264,0.9975603991122286,4.0029978165751166,0,1,0,0,0,1,0.0111798495054245,0.7229117155075073,1.0,0.7229117155075073
20,400,0,dpga,fpn,0.03873755410313606,0.04916437342762947,0.05139707773923874,0.25708526372909546,2.788168430328369,0.03856278583407402,10.845306299883497,0.08458424883553217,1.0043473832129148,0.9964817806203674,4.807579773278399,0,1,0,0,0,1,0.01383086759597063,0.563895046710968,1.0,0.563895046710968
20,400,0,dpga,rpn,0.03873755410313606,0.04916437342762947,0.0,0.1653994768857956,0.0,0.0,0.0,0.0,1.0,1.0,0.0,0,0,0,0,0,0,0.0,0.0,1.0,0.0
20,400,0,dpga,roi_shared,0.03873755410313606,0.04916437342762947,-0.05240491405129433,0.45923465490341187,0.6080858111381531,0.11480865627527237,1.3241287534496895,0.10871651808219704,1.000000000605744,0.9941422523501459,6.2046199721006206,1,1,0,0,1,1,0.1890631765127182,0.4348661005496979,1.0,0.4348661005496979
20,400,0,dpga,roi_cls,0.03873755410313606,0.04916437342762947,0.0,0.0879601463675499,0.0,0.0,0.0,0.0,1.0,1.0,0.0,0,0,0,0,0,0,0.0,0.5,1.0,0.5
20,400,0,dpga,roi_reg,0.03873755410313606,0.04916437342762947,-0.12267681956291199,0.04461190849542618,0.1631200760602951,0.0022305953316390514,3.656424518960424,0.01756438092567941,0.9999999997303565,0.9998457909022558,1.006232196800655,1,1,0,0,1,1,0.01377863623201847,0.3512876331806183,1.0,0.3512876331806183
20,500,0,dpga,backbone,0.08182065188884735,0.3416735529899597,0.004903639201074839,1.4426875114440918,2.958967685699463,0.14426875114440918,2.0510108129636575,0.05061292052268982,1.0002481871711972,0.9987221455029766,2.896840549345238,0,1,0,0,0,1,0.048756446689367294,0.5061292052268982,1.0,0.5061292052268982
20,500,0,dpga,fpn,0.08182065188884735,0.3416735529899597,0.003126102965325117,0.3867674767971039,0.9430432915687561,0.0580151230096817,2.4382693689197437,0.07558613613675465,1.000236290009117,0.9971568646242943,4.321548087885603,0,1,0,0,0,1,0.06151904538273811,0.5039075613021851,1.0,0.5039075613021851
20,500,0,dpga,rpn,0.08182065188884735,0.3416735529899597,0.0,0.20378173887729645,0.0,0.0,0.0,0.0,1.0,1.0,0.0,0,0,0,0,0,0,0.0,0.0,1.0,0.0
20,500,0,dpga,roi_shared,0.08182065188884735,0.3416735529899597,-0.12796230614185333,0.672568142414093,0.42174234986305237,0.16814203560352325,0.6270626324185752,0.08632228523492813,0.9999999999385596,0.9962949142687798,4.933679614771752,1,0,0,0,1,1,0.40198901295661926,0.3452891409397125,1.0,0.3452891409397125
20,500,0,dpga,roi_cls,0.08182065188884735,0.3416735529899597,0.0,0.1386517435312271,0.0,0.0,0.0,0.0,1.0,1.0,0.0,0,0,0,0,0,0,0.0,0.5,1.0,0.5
20,500,0,dpga,roi_reg,0.08182065188884735,0.3416735529899597,-0.31559741497039795,0.14346973598003387,0.12062957882881165,0.007173487450927496,0.8408015669980685,0.00855403843775047,0.9999999998752718,0.9999633376690049,0.49062423181479936,1,0,0,0,1,1,0.06266992539167404,0.17108075320720673,1.0,0.17108075320720673
20,600,0,dpga,backbone,0.08539273589849472,3.334303617477417,-0.18295632302761078,1.1608374118804932,17.470611572265625,0.11608375608921051,15.050007342513357,0.02860224018086689,0.9999999999691128,0.9995911429958763,1.6384687000721714,1,1,0,0,1,1,0.006758593022823334,0.2860223650932312,1.0,0.2860223650932312
20,600,0,dpga,fpn,0.08539273589849472,3.334303617477417,-0.07002563774585724,0.295560747385025,6.37372350692749,0.04433411732316017,21.564851095143844,0.062002706371045026,0.9999999998517968,0.9980835140688769,3.5478057421417706,1,1,0,0,1,1,0.006972881034016609,0.4133513271808624,1.0,0.4133513271808624
20,600,0,dpga,rpn,0.08539273589849472,3.334303617477417,0.0,0.2174575924873352,0.0,0.0,0.0,0.0,1.0,1.0,0.0,0,0,0,0,0,0,0.0,0.0,1.0,0.0
20,600,0,dpga,roi_shared,0.08539273589849472,3.334303617477417,-0.14060600101947784,0.6164482831954956,17.285276412963867,0.1541120707988739,28.040107960657828,0.08278519660234451,1.0000000004214316,0.9965908520229325,4.732427996089155,1,1,0,0,1,1,0.009005261585116386,0.33114078640937805,1.0,0.33114078640937805
20,600,0,dpga,roi_cls,0.08539273589849472,3.334303617477417,0.0,0.06989127397537231,0.0,0.0,0.0,0.0,1.0,1.0,0.0,0,0,0,0,0,0,0.0,0.5,1.0,0.5
20,600,0,dpga,roi_reg,0.08539273589849472,3.334303617477417,-0.13080386817455292,0.12662144005298615,7.641816139221191,0.006331072188913822,60.35167611443519,0.017104217913305485,1.000000000048513,0.9998537417660276,0.9799481248434536,1,1,0,0,1,1,0.0008356571779586375,0.3420843482017517,1.0,0.3420843482017517
20,700,0,dpga,backbone,0.24572905898094177,0.4752613306045532,-0.04097545146942139,3.7598061561584473,3.5752999782562256,0.37598058581352234,0.9509266780682281,0.044895901697571294,1.0000000009562169,0.9989937075832027,2.5706097822125633,1,0,0,0,1,1,0.10524898022413254,0.4489590525627136,1.0,0.4489590525627136
20,700,0,dpga,fpn,0.24572905898094177,0.4752613306045532,-0.031096940860152245,0.725788950920105,1.0830292701721191,0.10886835306882858,1.4922096413828423,0.06918104804782867,1.0000000000592246,0.9976155641726678,3.957462269170099,1,1,0,0,1,1,0.10057071596384048,0.46120694279670715,1.0,0.46120694279670715
20,700,0,dpga,rpn,0.24572905898094177,0.4752613306045532,0.0,0.3035220801830292,0.0,0.0,0.0,0.0,1.0,1.0,0.0,0,0,0,0,0,0,0.0,0.0,1.0,0.0
20,700,0,dpga,roi_shared,0.24572905898094177,0.4752613306045532,0.0021027098409831524,1.4109607934951782,1.0465816259384155,0.35274016857147217,0.7417510328872169,0.1256570858886453,1.000264220449601,0.9922015330856068,7.160195618934556,0,0,0,0,0,1,0.3370403051376343,0.5026283860206604,1.0,0.5026283860206604
20,700,0,dpga,roi_cls,0.24572905898094177,0.4752613306045532,0.0,0.2847575843334198,0.0,0.0,0.0,0.0,1.0,1.0,0.0,0,0,0,0,0,0,0.0,0.5,1.0,0.5
20,700,0,dpga,roi_reg,0.24572905898094177,0.4752613306045532,-0.0032682972960174084,0.2351866364479065,0.3357926607131958,0.01175933238118887,1.4277710068257785,0.024795737550743366,1.0000000000978504,0.999692740622419,1.4203694548235768,1,1,0,0,1,1,0.03501981124281883,0.4959147274494171,1.0,0.4959147274494171
21,0,0,dpga,backbone,0.1279045045375824,0.18326996266841888,-0.03306763619184494,1.8033809661865234,2.2612903118133545,0.18033809959888458,1.2539171446370192,0.04587594048496637,1.0000000007143475,0.9989492714631223,2.626763230800681,1,1,0,0,1,1,0.07979372888803482,0.4587593972682953,1.0,0.4587593972682953
21,0,0,dpga,fpn,0.1279045045375824,0.18326996266841888,-0.0785515308380127,0.48619934916496277,0.7343574166297913,0.07292990386486053,1.5104039482797227,0.060458042962831825,1.0000000002219471,0.9981773665982505,3.4598181932831005,1,1,0,0,1,1,0.09961899369955063,0.4030536115169525,1.0,0.4030536115169525
21,0,0,dpga,rpn,0.1279045045375824,0.18326996266841888,0.0,0.14473940432071686,0.0,0.0,0.0,0.0,1.0,1.0,0.0,0,0,0,0,0,0,0.0,0.0,1.0,0.0
21,0,0,dpga,roi_shared,0.1279045045375824,0.18326996266841888,-0.07486576586961746,0.9612487554550171,0.2967683672904968,0.24031218886375427,0.30873212121873533,0.10187385976314545,0.9999999991043464,0.9948508826201141,5.816886036655042,1,0,0,0,1,1,0.8120423555374146,0.4074954390525818,1.0,0.4074954390525818
21,0,0,dpga,roi_cls,0.1279045045375824,0.18326996266841888,0.0,0.14860303699970245,0.0,0.0,0.0,0.0,1.0,1.0,0.0,0,0,0,0,0,0,0.0,0.5,1.0,0.5
21,0,0,dpga,roi_reg,0.1279045045375824,0.18326996266841888,-0.09531670063734055,0.15964525938034058,0.09622374176979065,0.007982264272868633,0.6027347266262769,0.01915296479986618,1.0000000001298606,0.9998167155355229,1.0970011711339953,1,0,0,0,1,1,0.08333466202020645,0.38305923342704773,1.0,0.38305923342704773
21,100,0,dpga,backbone,0.15371838212013245,0.5131165385246277,0.11603053659200668,1.9128466844558716,3.507983922958374,0.1912846565246582,1.8339075219487626,0.06411025124602,1.0074387478084412,0.9980084907774635,3.61660345341627,0,1,0,0,0,1,0.0545283779501915,0.6411025524139404,1.0,0.6411025524139404
21,100,0,dpga,fpn,0.15371838212013245,0.5131165385246277,0.06377877295017242,0.5289863348007202,1.2177438735961914,0.07934795320034027,2.3020327624435515,0.08685820130899415,1.0055397095001466,0.9963050272365466,4.926937659328912,0,1,0,0,0,1,0.06515980511903763,0.5790546536445618,1.0,0.5790546536445618
21,100,0,dpga,rpn,0.15371838212013245,0.5131165385246277,0.0,0.34144487977027893,0.0,0.0,0.0,0.0,1.0,1.0,0.0,0,0,0,0,0,0,0.0,0.0,1.0,0.0
21,100,0,dpga,roi_shared,0.15371838212013245,0.5131165385246277,-0.07080673426389694,1.0321853160858154,0.4769800305366516,0.25804632902145386,0.4621069715905508,0.10310114920139313,0.9999999998969364,0.9947272069324657,5.886389659122303,1,0,0,0,1,1,0.5423615574836731,0.4124045968055725,1.0,0.4124045968055725
21,100,0,dpga,roi_cls,0.15371838212013245,0.5131165385246277,0.0,0.13304026424884796,0.0,0.0,0.0,0.0,1.0,1.0,0.0,0,0,0,0,0,0,0.0,0.5,1.0,0.5
21,100,0,dpga,roi_reg,0.15371838212013245,0.5131165385246277,0.09653008729219437,0.19564928114414215,0.21011053025722504,0.009782463312149048,1.0739141438625002,0.030918673306239795,1.0029845824635721,0.9995296440858168,1.7573892238979536,0,1,0,0,0,1,0.04655865579843521,0.6183735132217407,1.0,0.6183735132217407
21,200,0,dpga,backbone,0.12180013954639435,0.27600473165512085,0.1692989319562912,1.5628764629364014,2.695176839828491,0.15628765523433685,1.7244976834347314,0.06998313469693794,1.0118480710019748,0.9976847587383354,3.8995957111436854,0,1,0,0,0,1,0.05798790231347084,0.6998313069343567,1.0,0.6998313069343567
21,200,0,dpga,fpn,0.12180013954639435,0.27600473165512085,0.034072261303663254,0.4036920368671417,0.9629325866699219,0.06055380776524544,2.3853147913017434,0.0813731461997677,1.0027725671004197,0.9967273721527542,4.636651476590995,0,1,0,0,0,1,0.06288478523492813,0.542487621307373,1.0,0.542487621307373
21,200,0,dpga,rpn,0.12180013954639435,0.27600473165512085,0.0,0.20662608742713928,0.0,0.0,0.0,0.0,1.0,1.0,0.0,0,0,0,0,0,0,0.0,0.0,1.0,0.0
21,200,0,dpga,roi_shared,0.12180013954639435,0.27600473165512085,-0.01580047979950905,0.9102643728256226,0.6690365076065063,0.22756609320640564,0.7349914240076187,0.12006491422653198,0.9999999999653394,0.9928692367565826,6.846428039631812,1,0,0,0,1,1,0.34018248319625854,0.48025965690612793,1.0,0.48025965690612793
21,200,0,dpga,roi_cls,0.12180013954639435,0.27600473165512085,0.0,0.15561845898628235,0.0,0.0,0.0,0.0,1.0,1.0,0.0,0,0,0,0,0,0,0.0,0.5,1.0,0.5
21,200,0,dpga,roi_reg,0.12180013954639435,0.27600473165512085,0.1702025979757309,0.17061688005924225,0.19756440818309784,0.008530844002962112,1.1579417471149325,0.03503898084163666,1.0059637255696683,0.9994114598472581,1.96583463015092,0,1,0,0,0,1,0.043180063366889954,0.7007796168327332,1.0,0.7007796168327332
21,300,0,dpga,backbone,0.11927046626806259,0.13704445958137512,-0.06474827975034714,1.928932785987854,2.911130428314209,0.19289328157901764,1.5091922587770974,0.04197641973976711,1.00000000044654,0.9991201778308344,2.4036261909294896,1,1,0,0,1,1,0.0663999393582344,0.4197641909122467,1.0,0.4197641909122467
21,300,0,dpga,fpn,0.11927046626806259,0.13704445958137512,0.09506553411483765,0.48482435941696167,1.0352758169174194,0.07272365689277649,2.135362625265813,0.09249659857717593,1.0087932392366983,0.9958602829628322,5.215223125474682,0,1,0,0,0,1,0.07024568319320679,0.6166439652442932,1.0,0.6166439652442932
21,300,0,dpga,rpn,0.11927046626806259,0.13704445958137512,0.0,0.3035741150379181,0.0,0.0,0.0,0.0,1.0,1.0,0.0,0,0,0,0,0,0,0.0,0.0,1.0,0.0
21,300,0,dpga,roi_shared,0.11927046626806259,0.13704445958137512,-0.03230474144220352,1.028374433517456,0.8985523581504822,0.257093608379364,0.8737599155174153,0.11492667347192764,1.0000000002710103,0.9934606368345338,6.556050803262311,1,0,0,0,1,1,0.2862692177295685,0.45970669388771057,1.0,0.45970669388771057
21,300,0,dpga,roi_cls,0.11927046626806259,0.13704445958137512,0.0,0.18376636505126953,0.0,0.0,0.0,0.0,1.0,1.0,0.0,0,0,0,0,0,0,0.0,0.5,1.0,0.5
21,300,0,dpga,roi_reg,0.11927046626806259,0.13704445958137512,0.16475622355937958,0.13482414186000824,0.2791275382041931,0.006741207093000412,2.0703082871761884,0.034751918911933896,1.0057255944035282,0.9994196120471722,1.9521708879394595,0,1,0,0,0,1,0.024150991812348366,0.695038378238678,1.0,0.695038378238678
21,400,0,dpga,backbone,0.10480591654777527,1.0757660865783691,-0.05896814912557602,2.067063570022583,12.358409881591797,0.20670634508132935,5.978727534468995,0.04268191806690971,0.9999999999098745,0.9990904361110796,2.4439209757814697,1,1,0,0,1,1,0.0167551226913929,0.42681920528411865,1.0,0.42681920528411865
21,400,0,dpga,fpn,0.10480591654777527,1.0757660865783691,0.015597371384501457,0.3740706443786621,4.066222190856934,0.05611059069633484,10.870198589389444,0.07792301840341126,1.0012153944025823,0.996985817582526,4.449708317914941,0,1,0,0,0,1,0.013799196109175682,0.5194868445396423,1.0,0.5194868445396423
21,400,0,dpga,rpn,0.10480591654777527,1.0757660865783691,0.0,0.2242814600467682,0.0,0.0,0.0,0.0,1.0,1.0,0.0,0,0,0,0,0,0,0.0,0.0,1.0,0.0
21,400,0,dpga,roi_shared,0.10480591654777527,1.0757660865783691,0.015719963237643242,0.668217122554779,10.857381820678711,0.16705428063869476,16.248284358784364,0.1299099624156952,1.002042179591402,0.9917026033804386,7.386000044383041,0,1,0,0,0,1,0.015386239625513554,0.5196398496627808,1.0,0.5196398496627808
21,400,0,dpga,roi_cls,0.10480591654777527,1.0757660865783691,0.0,0.09640499204397202,0.0,0.0,0.0,0.0,1.0,1.0,0.0,0,0,0,0,0,0,0.0,0.5,1.0,0.5
21,400,0,dpga,roi_reg,0.10480591654777527,1.0757660865783691,0.07553087919950485,0.09268023818731308,4.044251918792725,0.0046340120024979115,43.636615506091125,0.02966536641136365,1.0022406514278501,0.9995648235537994,1.6903867181806567,0,1,0,0,0,1,0.0011458267690613866,0.5933073163032532,1.0,0.5933073163032532
21,500,0,dpga,backbone,0.24720212817192078,0.5983405113220215,-0.10746420174837112,2.3622524738311768,2.6819651126861572,0.23622523248195648,1.1353422813169756,0.03688109880496802,1.0000000002269778,0.9993206077948881,2.112139026549337,1,1,0,0,1,1,0.08859219402074814,0.3688110113143921,1.0,0.3688110113143921
21,500,0,dpga,fpn,0.24720212817192078,0.5983405113220215,-0.024793457239866257,0.48717984557151794,0.9503780007362366,0.07307697832584381,1.9507744611670748,0.07035716915545104,1.00000000006493,0.9975340282304631,4.024583731773803,1,1,0,0,1,1,0.0769161805510521,0.46904778480529785,1.0,0.46904778480529785
21,500,0,dpga,rpn,0.24720212817192078,0.5983405113220215,0.0,0.37292560935020447,0.0,0.0,0.0,0.0,1.0,1.0,0.0,0,0,0,0,0,0,0.0,0.0,1.0,0.0
21,500,0,dpga,roi_shared,0.24720212817192078,0.5983405113220215,-0.0554075688123703,1.1053553819656372,1.9947322607040405,0.2763388454914093,1.8046071817706606,0.10779503732919693,1.0000000002661387,0.9942402563027884,6.15244700986553,1,1,0,0,1,1,0.138747438788414,0.4311801493167877,1.0,0.4311801493167877
21,500,0,dpga,roi_cls,0.24720212817192078,0.5983405113220215,0.0,0.1262127012014389,0.0,0.0,0.0,0.0,1.0,1.0,0.0,0,0,0,0,0,0,0.0,0.5,1.0,0.5
21,500,0,dpga,roi_reg,0.24720212817192078,0.5983405113220215,-0.28697142004966736,0.19826065003871918,0.5202553272247314,0.009913032874464989,2.624097757790709,0.00961715093633243,1.0000000000756575,0.9999537039985626,0.5513292667673556,1,1,0,0,1,1,0.019890790805220604,0.19234301149845123,1.0,0.19234301149845123
21,600,0,dpga,backbone,0.15401534736156464,2.5537538528442383,-0.15940862894058228,2.2335071563720703,17.049604415893555,0.22335071861743927,7.633557102000767,0.031065836963325547,0.9999999987603057,0.9995179515518584,1.7791002562662037,1,1,0,0,1,1,0.013269739225506783,0.31065836548805237,1.0,0.31065836548805237
21,600,0,dpga,fpn,0.15401534736156464,2.5537538528442383,-0.01914517767727375,0.4514886140823364,5.514792442321777,0.06772329658269882,12.214687746956258,0.07141301954306213,0.9999999997573117,0.9974597748109716,4.084752206113709,1,1,0,0,1,1,0.012282549403607845,0.4760867655277252,1.0,0.4760867655277252
21,600,0,dpga,rpn,0.15401534736156464,2.5537538528442383,0.0,0.265534907579422,0.0,0.0,0.0,0.0,1.0,1.0,0.0,0,0,0,0,0,0,0.0,0.0,1.0,0.0
21,600,0,dpga,roi_shared,0.15401534736156464,2.5537538528442383,-0.06743764877319336,0.8809073567390442,15.099802017211914,0.22022683918476105,17.141191865065792,0.10412316024303436,0.9999999999687589,0.9946228139223949,5.944426505469304,1,1,0,0,1,1,0.01461802702397108,0.41649264097213745,1.0,0.41649264097213745
21,600,0,dpga,roi_cls,0.15401534736156464,2.5537538528442383,0.0,0.10850059241056442,0.0,0.0,0.0,0.0,1.0,1.0,0.0,0,0,0,0,0,0,0.0,0.5,1.0,0.5
21,600,0,dpga,roi_reg,0.15401534736156464,2.5537538528442383,-0.04141157492995262,0.17108066380023956,5.210098743438721,0.008554032072424889,30.454047977755305,0.02242098008718255,1.0000000000661875,0.9997486920409897,1.2845465508213696,1,1,0,0,1,1,0.0016432272968813777,0.4484196603298187,1.0,0.4484196603298187
21,700,0,dpga,backbone,0.26171308755874634,0.9249438047409058,-0.21590915322303772,2.8692758083343506,4.728779315948486,0.28692758083343506,1.6480741594143227,0.025359198451042175,1.0000000011582535,0.999678532135824,1.4528408670090769,1,1,0,0,1,1,0.06214261054992676,0.25359198451042175,1.0,0.25359198451042175
21,700,0,dpga,fpn,0.26171308755874634,0.9249438047409058,-0.10077545791864395,0.5929966568946838,1.4676010608673096,0.08894949406385422,2.4748892659068655,0.056494489453151955,0.999999999604509,0.9984079792958408,3.233475837074664,1,1,0,0,1,1,0.0609189011156559,0.37662994861602783,1.0,0.37662994861602783
21,700,0,dpga,rpn,0.26171308755874634,0.9249438047409058,0.0,0.32278186082839966,0.0,0.0,0.0,0.0,1.0,1.0,0.0,0,0,0,0,0,0,0.0,0.0,1.0,0.0
21,700,0,dpga,roi_shared,0.26171308755874634,0.9249438047409058,-0.045516323298215866,1.2285140752792358,3.686995029449463,0.30712851881980896,3.001182569773509,0.11083722114562988,0.999999999912903,0.9939135647803862,6.324695972926993,1,1,0,0,1,1,0.08338692784309387,0.44334888458251953,1.0,0.44334888458251953
21,700,0,dpga,roi_cls,0.26171308755874634,0.9249438047409058,0.0,0.22182975709438324,0.0,0.0,0.0,0.0,1.0,1.0,0.0,0,0,0,0,0,0,0.0,0.5,1.0,0.5
21,700,0,dpga,roi_reg,0.26171308755874634,0.9249438047409058,0.2567131221294403,0.22125083208084106,1.6417397260665894,0.011062542907893658,7.420264640933541,0.039152811611921405,1.0100510393421975,0.9992990072356236,2.1454567836771625,0,1,0,0,0,1,0.0067383041605353355,0.7830561399459839,1.0,0.7830561399459839
22,0,0,dpga,backbone,0.3595638871192932,0.7166163921356201,0.035443294793367386,2.2731497287750244,3.6759417057037354,0.22731497883796692,1.617113760334943,0.054418857332458895,1.0019287836027526,0.9985300692364714,3.1069859026211155,0,1,0,0,0,1,0.06183857098221779,0.5441885590553284,1.0,0.5441885590553284
22,0,0,dpga,fpn,0.3595638871192932,0.7166163921356201,-0.03139191120862961,0.6472906470298767,1.3219447135925293,0.0970936045050621,2.0422737755571383,0.06912608379090583,1.0000000001610565,0.9976193430570549,3.954323860987608,1,1,0,0,1,1,0.07348377257585526,0.46084052324295044,1.0,0.46084052324295044
22,0,0,dpga,rpn,0.3595638871192932,0.7166163921356201,0.0,0.3001720905303955,0.0,0.0,0.0,0.0,1.0,1.0,0.0,0,0,0,0,0,0,0.0,0.0,1.0,0.0
22,0,0,dpga,roi_shared,0.3595638871192932,0.7166163921356201,-0.07337813824415207,1.348584771156311,0.5820062160491943,0.33714619278907776,0.4315681360914133,0.10232313722372055,1.0000000001664056,0.9948057554815124,5.842342193379001,1,0,0,0,1,1,0.5808486342430115,0.4092925488948822,1.0,0.4092925488948822
22,0,0,dpga,roi_cls,0.3595638871192932,0.7166163921356201,0.0,0.20931822061538696,0.0,0.0,0.0,0.0,1.0,1.0,0.0,0,0,0,0,0,0,0.0,0.5,1.0,0.5
22,0,0,dpga,roi_reg,0.3595638871192932,0.7166163921356201,-0.07657288759946823,0.19861693680286407,0.1682170331478119,0.009930847212672234,0.846942037550275,0.02027181015957041,0.9999999998434314,0.9997946246079814,1.161232724244816,1,0,0,0,1,1,0.05920976400375366,0.4054361879825592,1.0,0.4054361879825592
22,100,0,dpga,backbone,0.08837895095348358,1.0692847967147827,0.09906841069459915,1.0711469650268555,9.529505729675293,0.10711468756198883,8.896543649765531,0.06213640051997673,1.0061557558346539,0.9981171060939734,3.516565595987998,0,1,0,0,0,1,0.011240320280194283,0.6213640570640564,1.0,0.6213640570640564
22,100,0,dpga,fpn,0.08837895095348358,1.0692847967147827,0.03112708404660225,0.31465500593185425,3.0064737796783447,0.047198254615068436,9.554825834645916,0.08082458418774821,1.0025158334744961,0.9967689200264164,4.6071090279209095,0,1,0,0,0,1,0.01569887436926365,0.5388305187225342,1.0,0.5388305187225342
22,100,0,dpga,rpn,0.08837895095348358,1.0692847967147827,0.0,0.15029087662696838,0.0,0.0,0.0,0.0,1.0,1.0,0.0,0,0,0,0,0,0,0.0,0.0,1.0,0.0
22,100,0,dpga,roi_shared,0.08837895095348358,1.0692847967147827,-0.05095112323760986,0.6959547400474548,7.825926780700684,0.17398867011070251,11.244878912911865,0.10916331965601066,0.9999999996789988,0.9940943578155682,6.229958581733565,1,1,0,0,1,1,0.022261254489421844,0.4366533160209656,1.0,0.4366533160209656
22,100,0,dpga,roi_cls,0.08837895095348358,1.0692847967147827,0.0,0.07822288572788239,0.0,0.0,0.0,0.0,1.0,1.0,0.0,0,0,0,0,0,0,0.0,0.5,1.0,0.5
22,100,0,dpga,roi_reg,0.08837895095348358,1.0692847967147827,0.12375584989786148,0.11801747977733612,2.2811179161071777,0.005900874268263578,19.3286445398679,0.032497043956208276,1.0040216992939688,0.9994845927766985,1.8396344575895103,0,1,0,0,0,1,0.002586834365502,0.6499408483505249,1.0,0.6499408483505249
22,200,0,dpga,backbone,0.007270465604960918,-0.0,0.0,0.36599060893058777,0.0,0.0,0.0,0.0,1.0,1.0,0.0,0,0,0,0,0,0,0.0,0.5,1.0,0.5
22,200,0,dpga,fpn,0.007270465604960918,-0.0,0.0,0.11893568187952042,0.0,0.0,0.0,0.0,1.0,1.0,0.0,0,0,0,0,0,0,0.0,0.5,1.0,0.5
22,200,0,dpga,rpn,0.007270465604960918,-0.0,0.0,0.023463772609829903,0.0,0.0,0.0,0.0,1.0,1.0,0.0,0,0,0,0,0,0,0.0,0.0,1.0,0.0
22,200,0,dpga,roi_shared,0.007270465604960918,-0.0,0.0,0.19684705138206482,0.0,0.0,0.0,0.0,1.0,1.0,0.0,0,0,0,0,0,0,0.0,0.5,1.0,0.5
22,200,0,dpga,roi_cls,0.007270465604960918,-0.0,0.0,0.06662681698799133,0.0,0.0,0.0,0.0,1.0,1.0,0.0,0,0,0,0,0,0,0.0,0.5,1.0,0.5
22,200,0,dpga,roi_reg,0.007270465604960918,-0.0,0.0,0.0,0.0,0.0,0.0,0.0,0.0,0.0,90.0,0,0,0,1,0,0,0.0,0.0,1.0,0.0
22,300,0,dpga,backbone,0.20444104075431824,1.7950490713119507,0.0015034630196169019,2.4705123901367188,11.65384578704834,0.24705122411251068,4.717177632290042,0.050187930417837624,1.0000754553643836,0.9987431334431491,2.872947656801288,0,1,0,0,0,1,0.021199116483330727,0.5018793344497681,1.0,0.5018793344497681
22,300,0,dpga,fpn,0.20444104075431824,1.7950490713119507,-0.04734388366341591,0.6313459277153015,4.132431507110596,0.09470189362764359,6.545431475363963,0.0661642478346443,0.9999999998211642,0.9978183551785804,3.7853726675169,1,1,0,0,1,1,0.022942475974559784,0.4410949647426605,1.0,0.4410949647426605
22,300,0,dpga,rpn,0.20444104075431824,1.7950490713119507,0.0,0.3272611200809479,0.0,0.0,0.0,0.0,1.0,1.0,0.0,0,0,0,0,0,0,0.0,0.0,1.0,0.0
22,300,0,dpga,roi_shared,0.20444104075431824,1.7950490713119507,-0.06484294682741165,1.2755224704742432,10.870037078857422,0.3188806176185608,8.522027114752364,0.10491223633289337,1.0000000004474812,0.9945417527449004,5.989105608976464,1,1,0,0,1,1,0.029397612437605858,0.4196489453315735,1.0,0.4196489453315735
22,300,0,dpga,roi_cls,0.20444104075431824,1.7950490713119507,0.0,0.21328264474868774,0.0,0.0,0.0,0.0,1.0,1.0,0.0,0,0,0,0,0,0,0.0,0.5,1.0,0.5
22,300,0,dpga,roi_reg,0.20444104075431824,1.7950490713119507,-0.30274900794029236,0.22451534867286682,3.2112042903900146,0.011225766502320766,14.302827443075815,0.009019221362248767,0.9999999996436134,0.9999593826421741,0.5164103462308145,1,1,0,0,1,1,0.0036679478362202644,0.18038444221019745,1.0,0.18038444221019745
22,400,0,dpga,backbone,0.04606911540031433,2.9334282875061035,-0.33283311128616333,0.7870177030563354,49.248878479003906,0.07870178669691086,62.57658282367586,0.015920365192233558,0.999999999304308,0.9998733867166514,0.9117627563554332,1,1,0,0,1,1,0.001694661914370954,0.15920361876487732,1.0,0.15920361876487732
22,400,0,dpga,fpn,0.04606911540031433,2.9334282875061035,-0.2961646318435669,0.2562316656112671,19.30500602722168,0.03843475133180618,75.34199951894156,0.02779546934840959,1.0000000003275267,0.9996139999562819,1.5920081179876286,1,1,0,0,1,1,0.0020844358950853348,0.18530312180519104,1.0,0.18530312180519104
22,400,0,dpga,rpn,0.04606911540031433,2.9334282875061035,0.0,0.23165486752986908,0.0,0.0,0.0,0.0,1.0,1.0,0.0,0,0,0,0,0,0,0.0,0.0,1.0,0.0
22,400,0,dpga,roi_shared,0.04606911540031433,2.9334282875061035,-0.2659118175506592,0.46183183789253235,56.60586166381836,0.11545795202255249,122.56812332845374,0.05230806802922011,0.9999999988500269,0.9986347184113561,2.9943197208527876,1,1,0,0,1,1,0.0021158584859222174,0.20923228561878204,1.0,0.20923228561878204
22,400,0,dpga,roi_cls,0.04606911540031433,2.9334282875061035,0.0,0.04978329315781593,0.0,0.0,0.0,0.0,1.0,1.0,0.0,0,0,0,0,0,0,0.0,0.5,1.0,0.5
22,400,0,dpga,roi_reg,0.04606911540031433,2.9334282875061035,-0.24065642058849335,0.07281692326068878,26.18718910217285,0.0036408461164683104,359.6305354515077,0.011544593275950546,1.0000000002685678,0.9999333948052445,0.6612932534910625,1,1,0,0,1,1,0.00014324138464871794,0.2308918684720993,1.0,0.2308918684720993
22,500,0,dpga,backbone,0.2943739891052246,0.6715806126594543,0.1284254938364029,2.7156429290771484,3.958374261856079,0.2715643048286438,1.4576195638508505,0.06552341868020786,1.008414879354605,0.997930167448063,3.6870597436175463,0,1,0,0,0,1,0.06860501319169998,0.655234158039093,1.0,0.655234158039093
22,500,0,dpga,fpn,0.2943739891052246,0.6715806126594543,-0.031171170994639397,0.5906057953834534,1.0150411128997803,0.08859087526798248,1.7186440106649485,0.06916721034496245,0.9999999999911331,0.9976164862464834,3.9566967051966775,1,1,0,0,1,1,0.08732055127620697,0.46111470460891724,1.0,0.46111470460891724
22,500,0,dpga,rpn,0.2943739891052246,0.6715806126594543,0.0,0.2821258008480072,0.0,0.0,0.0,0.0,1.0,1.0,0.0,0,0,0,0,0,0,0.0,0.0,1.0,0.0
22,500,0,dpga,roi_shared,0.2943739891052246,0.6715806126594543,-0.000776742585003376,1.244889736175537,2.096172571182251,0.3112224340438843,1.6838218761622739,0.12475726753473282,1.0000000000493474,0.9923074708816395,7.111332743956367,1,1,0,0,1,1,0.14847181737422943,0.4990290701389313,1.0,0.4990290701389313
22,500,0,dpga,roi_cls,0.2943739891052246,0.6715806126594543,0.0,0.15551696717739105,0.0,0.0,0.0,0.0,1.0,1.0,0.0,0,0,0,0,0,0,0.0,0.5,1.0,0.5
22,500,0,dpga,roi_reg,0.2943739891052246,0.6715806126594543,0.09536075592041016,0.2722087502479553,0.6140151023864746,0.013610437512397766,2.255677313191319,0.03084964454174042,1.002941845653224,0.9995316144680267,1.7537041065654582,0,1,0,0,0,1,0.022166291251778603,0.6169928908348083,1.0,0.6169928908348083
22,600,0,dpga,backbone,0.2031685709953308,1.2235807180404663,0.013903934508562088,2.3026983737945557,12.281988143920898,0.23026983439922333,5.3337372726249574,0.051737289951201845,1.0007193520356843,0.9986664344640612,2.95932788919734,0,1,0,0,0,1,0.018748579546809196,0.5173729062080383,1.0,0.5173729062080383
22,600,0,dpga,fpn,0.2031685709953308,1.2235807180404663,-0.054630737751722336,0.6240726709365845,4.145079135894775,0.09361089766025543,6.6419815014075185,0.06481995525228897,0.9999999998004445,0.9979057724361835,3.7087314547984227,1,1,0,0,1,1,0.0226173996925354,0.4321330487728119,1.0,0.4321330487728119
22,600,0,dpga,rpn,0.2031685709953308,1.2235807180404663,0.0,0.28312045335769653,0.0,0.0,0.0,0.0,1.0,1.0,0.0,0,0,0,0,0,0,0.0,0.0,1.0,0.0
22,600,0,dpga,roi_shared,0.2031685709953308,1.2235807180404663,-0.06758543848991394,1.2193362712860107,10.785761833190918,0.3048340976238251,8.845600747868659,0.10407828067022504,1.0000000008446361,0.9946274648163933,5.94185288302164,1,1,0,0,1,1,0.02832741104066372,0.4163130819797516,1.0,0.4163130819797516
22,600,0,dpga,roi_cls,0.2031685709953308,1.2235807180404663,0.0,0.15707126259803772,0.0,0.0,0.0,0.0,1.0,1.0,0.0,0,0,0,0,0,0,0.0,0.5,1.0,0.5
22,600,0,dpga,roi_reg,0.2031685709953308,1.2235807180404663,-0.13062219321727753,0.14129601418972015,3.681192398071289,0.007064800709486008,26.053051950414538,0.017114441096782684,0.9999999997271204,0.9998536418503069,0.9802827996572853,1,1,0,0,1,1,0.0019357460550963879,0.3422888219356537,1.0,0.3422888219356537
22,700,0,dpga,backbone,0.2579910159111023,2.029320001602173,-0.3018266260623932,3.234189748764038,12.691386222839355,0.3234189450740814,3.9241316090651246,0.01810672861381269,0.9999999996171111,0.9998361509558461,1.037207184589569,1,1,0,0,1,1,0.026729954406619072,0.1810673028230667,1.0,0.1810673028230667
22,700,0,dpga,fpn,0.2579910159111023,2.029320001602173,-0.25320544838905334,0.7458717226982117,3.496474504470825,0.11188076436519623,4.687769220989142,0.032990716665231554,1.000000000038327,0.9994563298307145,1.8894050005083205,1,1,0,0,1,1,0.033076025545597076,0.21993809938430786,1.0,0.21993809938430786
22,700,0,dpga,rpn,0.2579910159111023,2.029320001602173,0.0,0.3057025969028473,0.0,0.0,0.0,0.0,1.0,1.0,0.0,0,0,0,0,0,0,0.0,0.0,1.0,0.0
22,700,0,dpga,roi_shared,0.2579910159111023,2.029320001602173,-0.20257987082004547,1.4249329566955566,8.893721580505371,0.35623326897621155,6.241501776427475,0.06660321167007578,0.9999999992369744,0.9977895070596096,3.81032683367337,1,1,0,0,1,1,0.040902551263570786,0.2664128243923187,1.0,0.2664128243923187
22,700,0,dpga,roi_cls,0.2579910159111023,2.029320001602173,0.0,0.18529990315437317,0.0,0.0,0.0,0.0,1.0,1.0,0.0,0,0,0,0,0,0,0.0,0.5,1.0,0.5
22,700,0,dpga,roi_reg,0.2579910159111023,2.029320001602173,-0.5188648700714111,0.27843382954597473,3.3716936111450195,0.013921692036092281,12.109496955319823,0.003475229581609529,0.9999999998373281,0.9999940058815913,0.19838119685693215,1,1,0,0,1,1,0.004830040968954563,0.06950458884239197,1.0,0.06950458884239197
23,0,0,dpga,backbone,0.019332271069288254,0.11019480973482132,-0.01548331044614315,0.6090589761734009,3.117692470550537,0.060905903577804565,5.118867946316779,0.04806555681930366,1.0000000000494955,0.9988468356311833,2.7518514164686256,1,1,0,0,1,1,0.0195379126816988,0.4806555211544037,1.0,0.4806555211544037
23,0,0,dpga,fpn,0.019332271069288254,0.11019480973482132,0.019006580114364624,0.16545270383358002,0.9836943745613098,0.024817906320095062,5.945471737655947,0.07856105503849603,1.0014931771327895,0.9969384503528012,4.484552854300492,0,1,0,0,0,1,0.025229286402463913,0.5237403512001038,1.0,0.5237403512001038
23,0,0,dpga,rpn,0.019332271069288254,0.11019480973482132,0.0,0.10241593420505524,0.0,0.0,0.0,0.0,1.0,1.0,0.0,0,0,0,0,0,0,0.0,0.0,1.0,0.0
23,0,0,dpga,roi_shared,0.019332271069288254,0.11019480973482132,0.013276839628815651,0.3415374457836151,1.186901330947876,0.08538436144590378,3.47517188993634,0.1291474997997284,1.0017146705230255,0.9917926719485324,7.345747697784665,0,1,0,0,0,1,0.0719388872385025,0.5165899991989136,1.0,0.5165899991989136
23,0,0,dpga,roi_cls,0.019332271069288254,0.11019480973482132,0.0,0.09096073359251022,0.0,0.0,0.0,0.0,1.0,1.0,0.0,0,0,0,0,0,0,0.0,0.5,1.0,0.5
23,0,0,dpga,roi_reg,0.019332271069288254,0.11019480973482132,0.05170648917555809,0.038606736809015274,0.33107852935791016,0.0019303368171676993,8.57566727267657,0.028213774817623535,1.0014588355575225,0.9996044861430293,1.6115092299485645,0,1,0,0,0,1,0.0058304499834775925,0.5642755031585693,1.0,0.5642755031585693
23,100,0,dpga,backbone,0.1634458601474762,0.5841714143753052,-0.07144933938980103,1.4980194568634033,5.316083908081055,0.14980193972587585,3.5487415625508802,0.041162620337126914,0.9999999996556674,0.9991538478893128,2.3571785439895483,1,1,0,0,1,1,0.028251204639673233,0.4116262197494507,1.0,0.4116262197494507
23,100,0,dpga,fpn,0.1634458601474762,0.5841714143753052,-0.0901898667216301,0.3991377055644989,1.6850063800811768,0.05987066030502319,4.2216166415500105,0.05837026376250104,0.9999999993277051,0.9983007879236475,3.3405881708081626,1,1,0,0,1,1,0.03567681461572647,0.38913506269454956,1.0,0.38913506269454956
23,100,0,dpga,rpn,0.1634458601474762,0.5841714143753052,0.0,0.17492890357971191,0.0,0.0,0.0,0.0,1.0,1.0,0.0,0,0,0,0,0,0,0.0,0.0,1.0,0.0
23,100,0,dpga,roi_shared,0.1634458601474762,0.5841714143753052,0.07904215902090073,0.8520323038101196,1.229955792427063,0.2130080759525299,1.4435553522172158,0.14938412606716156,1.011807643847799,0.9893420608251203,8.372607425879115,0,1,0,0,0,1,0.17318351566791534,0.5975365042686462,1.0,0.5975365042686462
23,100,0,dpga,roi_cls,0.1634458601474762,0.5841714143753052,0.0,0.11279132217168808,0.0,0.0,0.0,0.0,1.0,1.0,0.0,0,0,0,0,0,0,0.0,0.5,1.0,0.5
23,100,0,dpga,roi_reg,0.1634458601474762,0.5841714143753052,0.3790738582611084,0.23204462230205536,0.4238354563713074,0.011602231301367283,1.8265256577228302,0.04346832702803405,1.016477702552301,0.9992179851675554,2.2660705752691856,0,1,0,0,0,1,0.027374375611543655,0.8693665266036987,1.0,0.8693665266036987
23,200,0,dpga,backbone,0.01769525744020939,0.0,0.0,0.8414535522460938,0.0,0.0,0.0,0.0,1.0,1.0,0.0,0,0,0,0,0,0,0.0,0.5,1.0,0.5
23,200,0,dpga,fpn,0.01769525744020939,0.0,0.0,0.23869429528713226,0.0,0.0,0.0,0.0,1.0,1.0,0.0,0,0,0,0,0,0,0.0,0.5,1.0,0.5
23,200,0,dpga,rpn,0.01769525744020939,0.0,0.0,0.13167604804039001,0.0,0.0,0.0,0.0,1.0,1.0,0.0,0,0,0,0,0,0,0.0,0.0,1.0,0.0
23,200,0,dpga,roi_shared,0.01769525744020939,0.0,0.0,0.2682616412639618,0.0,0.0,0.0,0.0,1.0,1.0,0.0,0,0,0,0,0,0,0.0,0.5,1.0,0.5
23,200,0,dpga,roi_cls,0.01769525744020939,0.0,0.0,0.10065921396017075,0.0,0.0,0.0,0.0,1.0,1.0,0.0,0,0,0,0,0,0,0.0,0.5,1.0,0.5
23,200,0,dpga,roi_reg,0.01769525744020939,0.0,0.0,0.0,0.0,0.0,0.0,0.0,0.0,0.0,90.0,0,0,0,1,0,0,0.0,0.0,1.0,0.0
23,300,0,dpga,backbone,0.050484512001276016,0.11271512508392334,-0.045083753764629364,1.4575392007827759,6.258678436279297,0.1457539200782776,4.294003504617958,0.04438827335834503,0.9999999990939248,0.9990162397040606,2.541662524190564,1,1,0,0,1,1,0.02331199310719967,0.4438827335834503,1.0,0.4438827335834503
23,300,0,dpga,fpn,0.050484512001276016,0.11271512508392334,0.0005144084570929408,0.32333654165267944,1.9970214366912842,0.04850047826766968,6.176293673717949,0.07509644762168796,1.0000386301078763,0.9971924693978321,4.294390564072128,0,1,0,0,0,1,0.024286409839987755,0.5006430149078369,1.0,0.5006430149078369
23,300,0,dpga,rpn,0.050484512001276016,0.11271512508392334,0.0,0.18093933165073395,0.0,0.0,0.0,0.0,1.0,1.0,0.0,0,0,0,0,0,0,0.0,0.0,1.0,0.0
23,300,0,dpga,roi_shared,0.050484512001276016,0.11271512508392334,-0.02864811383187771,0.6067334413528442,1.1060847043991089,0.15168336033821106,1.823015889700842,0.11606273800134659,1.0000000003751353,0.9933320189302923,6.620281054460646,1,1,0,0,1,1,0.13719169795513153,0.46425095200538635,1.0,0.46425095200538635
23,300,0,dpga,roi_cls,0.050484512001276016,0.11271512508392334,0.0,0.10498364269733429,0.0,0.0,0.0,0.0,1.0,1.0,0.0,0,0,0,0,0,0,0.0,0.5,1.0,0.5
23,300,0,dpga,roi_reg,0.050484512001276016,0.11271512508392334,-0.03118020109832287,0.11366774141788483,0.331159770488739,0.0056833866983652115,2.9134015188290996,0.023055173435587186,1.0000000000502087,0.9997343430635609,1.3207110916855451,1,1,0,0,1,1,0.017170418053865433,0.46110349893569946,1.0,0.46110349893569946
23,400,0,dpga,backbone,0.36969494819641113,0.8888540863990784,-0.01271351333707571,3.414262294769287,4.146653652191162,0.34142622351646423,1.2145094003304644,0.0484113476169614,0.9999999998452916,0.9988301780124347,2.77165944055222,1,1,0,0,1,1,0.0823444202542305,0.484113484621048,1.0,0.484113484621048
23,400,0,dpga,fpn,0.36969494819641113,0.8888540863990784,0.11377269774675369,0.9176509976387024,1.2236440181732178,0.13764765858650208,1.3334525013560667,0.09577513661205092,1.0108965963829972,0.9955992679253202,5.377240872182704,0,1,0,0,0,1,0.11248995363712311,0.6385008692741394,1.0,0.6385008692741394
23,400,0,dpga,rpn,0.36969494819641113,0.8888540863990784,0.0,0.6392340064048767,0.0,0.0,0.0,0.0,1.0,1.0,0.0,0,0,0,0,0,0,0.0,0.0,1.0,0.0
23,400,0,dpga,roi_shared,0.36969494819641113,0.8888540863990784,0.02035851590335369,1.8569536209106445,2.93696928024292,0.4642384350299835,1.5816061570792699,0.13135656067581883,1.0026742246295284,0.9915310928623756,7.462052369005073,0,1,0,0,0,1,0.15806716680526733,0.5254262089729309,1.0,0.5254262089729309
23,400,0,dpga,roi_cls,0.36969494819641113,0.8888540863990784,0.0,0.256124883890152,0.0,0.0,0.0,0.0,1.0,1.0,0.0,0,0,0,0,0,0,0.0,0.5,1.0,0.5
23,400,0,dpga,roi_reg,0.36969494819641113,0.8888540863990784,0.30750229954719543,0.35493338108062744,0.9790961146354675,0.01774667203426361,2.758534888024674,0.04115513956258956,1.0126552988271633,0.9992530148582814,2.214729293252548,0,1,0,0,0,1,0.018125565722584724,0.8231026530265808,1.0,0.8231026530265808
23,500,0,dpga,backbone,0.06670224666595459,0.6134302616119385,-0.10072770714759827,1.5618754625320435,8.081415176391602,0.15618756413459778,5.174173850769362,0.03766860499099689,0.9999999999820238,0.9992912195709485,2.157342721477556,1,1,0,0,1,1,0.01942555606365204,0.3766860067844391,1.0,0.3766860067844391
23,500,0,dpga,fpn,0.06670224666595459,0.6134302616119385,-0.19603529572486877,0.4517703950405121,2.6489789485931396,0.06776556372642517,5.863551436024476,0.040928518491859266,1.0000000011833408,0.9991635034916013,2.3436889637232765,1,1,0,0,1,1,0.026087956503033638,0.27285677194595337,1.0,0.27285677194595337
23,500,0,dpga,rpn,0.06670224666595459,0.6134302616119385,0.0,0.1347137987613678,0.0,0.0,0.0,0.0,1.0,1.0,0.0,0,0,0,0,0,0,0.0,0.0,1.0,0.0
23,500,0,dpga,roi_shared,0.06670224666595459,0.6134302616119385,0.014351733960211277,0.82252037525177,0.1762489229440689,0.1762489229440689,0.2142790966000324,0.110982000583698,1.0015927841467493,0.9939182892249546,6.32223830744914,0,0,0,0,0,0,1.0,0.5179319977760315,1.0,0.5179319977760315
23,500,0,dpga,roi_cls,0.06670224666595459,0.6134302616119385,0.0,0.12991416454315186,0.0,0.0,0.0,0.0,1.0,1.0,0.0,0,0,0,0,0,0,0.0,0.5,1.0,0.5
23,500,0,dpga,roi_reg,0.06670224666595459,0.6134302616119385,-0.11406612396240234,0.06573382765054703,0.05725586414337158,0.0032866913825273514,0.8710258658259513,0.0180580273270607,1.0000000001276883,0.9998369237108973,1.0347583567768581,1,0,0,0,1,1,0.05778070166707039,0.361160546541214,1.0,0.361160546541214
23,600,0,dpga,backbone,0.13326534628868103,1.4724141359329224,-0.1074444055557251,2.6544830799102783,14.83469295501709,0.26544833183288574,5.588543045269101,0.03688340816372867,0.9999999994759416,0.9993205442719176,2.1122377776128975,1,1,0,0,1,1,0.017997941002249718,0.3688340485095978,1.0,0.3688340485095978
23,600,0,dpga,fpn,0.13326534628868103,1.4724141359329224,-0.15971343219280243,0.5787696838378906,5.944356918334961,0.08681545406579971,10.270677757199069,0.04654981424837219,1.0000000004028886,0.9989181808552204,2.665349234935417,1,1,0,0,1,1,0.01479459647089243,0.3103320896625519,1.0,0.3103320896625519
23,600,0,dpga,rpn,0.13326534628868103,1.4724141359329224,0.0,0.30080515146255493,0.0,0.0,0.0,0.0,1.0,1.0,0.0,0,0,0,0,0,0,0.0,0.0,1.0,0.0
23,600,0,dpga,roi_shared,0.13326534628868103,1.4724141359329224,-0.17376020550727844,1.1442675590515137,17.223331451416016,0.2860668897628784,15.051839331783976,0.07387596368789673,0.9999999989319714,0.9972822761783355,4.225116589563067,1,1,0,0,1,1,0.01686583086848259,0.2955038547515869,1.0,0.2955038547515869
23,600,0,dpga,roi_cls,0.13326534628868103,1.4724141359329224,0.0,0.20897652208805084,0.0,0.0,0.0,0.0,1.0,1.0,0.0,0,0,0,0,0,0,0.0,0.5,1.0,0.5
23,600,0,dpga,roi_reg,0.13326534628868103,1.4724141359329224,-0.5198840498924255,0.1763973981142044,5.674381256103516,0.00881986878812313,32.16816867349579,0.0034587863175289954,1.000000000039428,0.9999940023540275,0.19843956241219057,1,1,0,0,1,1,0.0018195556476712227,0.06917573511600494,1.0,0.06917573511600494
23,700,0,dpga,backbone,0.029192663729190826,0.03487342968583107,-0.03079255111515522,0.9600896835327148,2.0353541374206543,0.09600897133350372,2.119962512180561,0.04615851783982803,0.9999999996174328,0.9989363573970421,2.642859004703473,1,1,0,0,1,1,0.047193024307489395,0.4615851640701294,1.0,0.4615851640701294
23,700,0,dpga,fpn,0.029192663729190826,0.03487342968583107,0.04025441035628319,0.28226757049560547,0.8446196913719177,0.04234013706445694,2.9922661320566664,0.08252232961212565,1.0033218880271826,0.9966400744433768,4.698120293844222,0,1,0,0,0,1,0.050129231065511703,0.5501488447189331,1.0,0.5501488447189331
23,700,0,dpga,rpn,0.029192663729190826,0.03487342968583107,0.0,0.11096750199794769,0.0,0.0,0.0,0.0,1.0,1.0,0.0,0,0,0,0,0,0,0.0,0.0,1.0,0.0
23,700,0,dpga,roi_shared,0.029192663729190826,0.03487342968583107,0.05662830173969269,0.43895816802978516,0.4651091992855072,0.10973953455686569,1.059575224156548,0.14257905409299082,1.0080740096969378,0.9901766032500574,8.037567538147742,0,1,0,0,0,1,0.23594360053539276,0.5703162550926208,1.0,0.5703162550926208
23,700,0,dpga,roi_cls,0.029192663729190826,0.03487342968583107,0.0,0.09926211088895798,0.0,0.0,0.0,0.0,1.0,1.0,0.0,0,0,0,0,0,0,0.0,0.5,1.0,0.5
23,700,0,dpga,roi_reg,0.029192663729190826,0.03487342968583107,0.05368809774518013,0.03294922038912773,0.12820608913898468,0.0016474610893055797,3.8910204133779414,0.02833550096485971,1.001521279039902,0.9996011293116844,1.618333887421395,0,1,0,0,0,1,0.012850100174546242,0.5667099952697754,1.0,0.5667099952697754
24,0,0,dpga,backbone,0.17472608387470245,2.186243772506714,-0.07204962521791458,3.8722009658813477,19.324758529663086,0.38722020387649536,4.990639354707303,0.041089957416498506,1.0000000003158385,0.9991568081052754,2.3530511219758496,1,1,0,0,1,1,0.020089728757739067,0.41089946031570435,1.0,0.41089946031570435
24,0,0,dpga,fpn,0.17472608387470245,2.186243772506714,-0.024295374751091003,0.8078183531761169,6.07761287689209,0.12117276340723038,7.523489473836052,0.07045021514567942,1.0000000003907852,0.9975276259049063,4.0298069476881055,1,1,0,0,1,1,0.019943445920944214,0.46966806054115295,1.0,0.46966806054115295
24,0,0,dpga,rpn,0.17472608387470245,2.186243772506714,0.0,0.2194141000509262,0.0,0.0,0.0,0.0,1.0,1.0,0.0,0,0,0,0,0,0,0.0,0.0,1.0,0.0
24,0,0,dpga,roi_shared,0.17472608387470245,2.186243772506714,0.037676211446523666,1.333657145500183,15.506948471069336,0.3334142863750458,11.627387536137343,0.136739119887352,1.0051518119938874,0.9908860107058671,7.741449517806638,0,1,0,0,0,1,0.021500959992408752,0.546956479549408,1.0,0.546956479549408
24,0,0,dpga,roi_cls,0.17472608387470245,2.186243772506714,0.0,0.21567921340465546,0.0,0.0,0.0,0.0,1.0,1.0,0.0,0,0,0,0,0,0,0.0,0.5,1.0,0.5
24,0,0,dpga,roi_reg,0.17472608387470245,2.186243772506714,-0.08903521299362183,0.21617746353149414,4.372043609619141,0.010808873921632767,20.22432652412999,0.01952541754128394,1.0000000001595986,0.9998093755019999,1.1187521576455162,1,1,0,0,1,1,0.0024821278639137745,0.3905083239078522,1.0,0.3905083239078522
24,100,0,dpga,backbone,0.06962636113166809,3.1319215297698975,-0.1867794394493103,1.6631838083267212,29.802043914794922,0.1663183718919754,17.918671265070728,0.028213469657582195,1.0000000004333902,0.999602217157898,1.6161253805867406,1,1,0,0,1,1,0.005680741276592016,0.2821347117424011,1.0,0.2821347117424011
24,100,0,dpga,fpn,0.06962636113166809,3.1319215297698975,-0.15761646628379822,0.39698201417922974,10.471625328063965,0.0595473013818264,26.378085036709567,0.04688708723530746,0.9999999994457415,0.9989026730517767,2.6843885283247926,1,1,0,0,1,1,0.005758517887443304,0.31258058547973633,1.0,0.31258058547973633
24,100,0,dpga,rpn,0.06962636113166809,3.1319215297698975,0.0,0.23278330266475677,0.0,0.0,0.0,0.0,1.0,1.0,0.0,0,0,0,0,0,0,0.0,0.0,1.0,0.0
24,100,0,dpga,roi_shared,0.06962636113166809,3.1319215297698975,-0.1427079737186432,0.7657471299171448,30.52096176147461,0.1914367973804474,39.85775534643797,0.08220428868244493,1.0000000000055145,0.9966382063041173,4.699426936726278,1,1,0,0,1,1,0.006337167229503393,0.32881712913513184,1.0,0.32881712913513184
24,100,0,dpga,roi_cls,0.06962636113166809,3.1319215297698975,0.0,0.1181851327419281,0.0,0.0,0.0,0.0,1.0,1.0,0.0,0,0,0,0,0,0,0.0,0.5,1.0,0.5
24,100,0,dpga,roi_reg,0.06962636113166809,3.1319215297698975,-0.2692308723926544,0.09431786835193634,11.326972961425781,0.00471589295193553,120.09360643266955,0.010324988239722983,1.0000000001359093,0.9999466027931623,0.5921051422261423,1,1,0,0,1,1,0.0004323044267948717,0.20649978518486023,1.0,0.20649978518486023
24,200,0,dpga,backbone,0.13016292452812195,0.11762681603431702,0.024200646206736565,2.3016598224639893,1.8731766939163208,0.2301660031080246,0.8138373340987611,0.053021400012168096,1.0012831522418404,0.998601866590029,3.030138993873087,0,0,0,0,0,1,0.1228746771812439,0.5302139520645142,1.0,0.5302139520645142
24,200,0,dpga,fpn,0.13016292452812195,0.11762681603431702,0.09621527791023254,0.5511411428451538,0.6042134165763855,0.08267117291688919,1.09629524926638,0.09270030129151566,1.0089191845604544,0.9958440793966453,5.225426865178209,0,1,0,0,0,1,0.13682445883750916,0.6180019974708557,1.0,0.6180019974708557
24,200,0,dpga,rpn,0.13016292452812195,0.11762681603431702,0.0,0.3105466663837433,0.0,0.0,0.0,0.0,1.0,1.0,0.0,0,0,0,0,0,0,0.0,0.0,1.0,0.0
24,200,0,dpga,roi_shared,0.13016292452812195,0.11762681603431702,-0.026066245511174202,1.2357873916625977,0.35033196210861206,0.308946818113327,0.28348886262489226,0.11686579500819562,1.0000000000186524,0.9932403553015665,6.665680730856808,1,0,0,0,1,1,0.8821685910224915,0.4674632251262665,1.0,0.4674632251262665
24,200,0,dpga,roi_cls,0.13016292452812195,0.11762681603431702,0.0,0.1562230885028839,0.0,0.0,0.0,0.0,1.0,1.0,0.0,0,0,0,0,0,0,0.0,0.5,1.0,0.5
24,200,0,dpga,roi_reg,0.13016292452812195,0.11762681603431702,-0.19480985403060913,0.15171480178833008,0.0965735986828804,0.007585740648210049,0.6365469785711367,0.013703707870007801,1.0000000003154121,0.9999061124912976,0.7851360809328263,1,0,0,0,1,1,0.08008310943841934,0.27407413721084595,1.0,0.27407413721084595
24,300,0,dpga,backbone,0.06600983440876007,0.09807699173688889,-0.012913406826555729,1.4561903476715088,2.6485772132873535,0.14561903476715088,1.8188399734433802,0.04838638305664063,0.9999999999319291,0.9988314513305343,2.770150299391286,1,1,0,0,1,1,0.0549846813082695,0.48386383056640625,1.0,0.48386383056640625
24,300,0,dpga,fpn,0.06600983440876007,0.09807699173688889,0.005464483052492142,0.3717734217643738,0.8969476222991943,0.055766016244888306,2.4126190033769297,0.0760245274403006,1.000415434670968,0.9971251081996652,4.345627364384685,0,1,0,0,0,1,0.06217310205101967,0.5068301558494568,1.0,0.5068301558494568
24,300,0,dpga,rpn,0.06600983440876007,0.09807699173688889,0.0,0.12354172766208649,0.0,0.0,0.0,0.0,1.0,1.0,0.0,0,0,0,0,0,0,0.0,0.0,1.0,0.0
24,300,0,dpga,roi_shared,0.06600983440876007,0.09807699173688889,-0.08089977502822876,0.7772426605224609,1.073357105255127,0.19431065022945404,1.3809806895231644,0.10005797423514443,1.0000000009264325,0.9950314700138556,5.713885968649037,1,1,0,0,1,1,0.181626096367836,0.4002319276332855,1.0,0.4002319276332855
24,300,0,dpga,roi_cls,0.06600983440876007,0.09807699173688889,0.0,0.12146290391683578,0.0,0.0,0.0,0.0,1.0,1.0,0.0,0,0,0,0,0,0,0.0,0.5,1.0,0.5
24,300,0,dpga,roi_reg,0.06600983440876007,0.09807699173688889,-0.1731310784816742,0.07071170210838318,0.33142805099487305,0.003535585245117545,4.687032571877248,0.014807956505789668,1.0000000001001634,0.999890326544912,0.848579160787826,1,1,0,0,1,1,0.010831296443939209,0.29615911841392517,1.0,0.29615911841392517
24,400,0,dpga,backbone,0.10908976942300797,0.5167320966720581,-0.1485980898141861,2.203864097595215,4.219822883605957,0.22038643062114716,1.9147382491554226,0.032235059213228695,0.9999999997218548,0.9994808872238009,1.8462362683115925,1,1,0,0,1,1,0.052812810987234116,0.32235056161880493,1.0,0.32235056161880493
24,400,0,dpga,fpn,0.10908976942300797,0.5167320966720581,-0.12715363502502441,0.45589134097099304,1.4576733112335205,0.06838370114564896,3.197413901586404,0.051930570602416994,1.0000000002618799,0.9986543098785559,2.972753345736871,1,1,0,0,1,1,0.04729681462049484,0.3462038040161133,1.0,0.3462038040161133
24,400,0,dpga,rpn,0.10908976942300797,0.5167320966720581,0.0,0.2941928803920746,0.0,0.0,0.0,0.0,1.0,1.0,0.0,0,0,0,0,0,0,0.0,0.0,1.0,0.0
24,400,0,dpga,roi_shared,0.10908976942300797,0.5167320966720581,-0.046661440283060074,0.9076289534568787,1.9755295515060425,0.22690723836421967,2.176582780862003,0.11048409342765808,0.9999999998656407,0.9939518847866026,6.304734313332302,1,1,0,0,1,1,0.1149841919541359,0.4419363737106323,1.0,0.4419363737106323
24,400,0,dpga,roi_cls,0.10908976942300797,0.5167320966720581,0.0,0.11487274616956711,0.0,0.0,0.0,0.0,1.0,1.0,0.0,0,0,0,0,0,0,0.0,0.5,1.0,0.5
24,400,0,dpga,roi_reg,0.10908976942300797,0.5167320966720581,-0.20604927837848663,0.17216341197490692,0.6866263747215271,0.008608170785009861,3.9882247153745065,0.013151817308334542,0.9999999999616621,0.9999135415625219,0.7534326745273832,1,1,0,0,1,1,0.012811828404664993,0.2630363404750824,1.0,0.2630363404750824
24,500,0,dpga,backbone,0.05478644371032715,0.04369817674160004,0.18359820544719696,1.5216119289398193,1.7679322957992554,0.15216119587421417,1.1618812012278712,0.0714632584740369,1.0131205270761279,0.9976046026128967,3.966551948027633,0,1,0,0,0,1,0.0860673189163208,0.7146325707435608,1.0,0.7146325707435608
24,500,0,dpga,fpn,0.05478644371032715,0.04369817674160004,0.10959064960479736,0.40727657079696655,0.5374448895454407,0.06109149008989334,1.3196066950125764,0.09504909912876085,1.0104164925178718,0.9956570764253223,5.341780330576322,0,1,0,0,0,1,0.1136702373623848,0.633660614490509,1.0,0.633660614490509
24,500,0,dpga,rpn,0.05478644371032715,0.04369817674160004,0.0,0.09157569706439972,0.0,0.0,0.0,0.0,1.0,1.0,0.0,0,0,0,0,0,0,0.0,0.0,1.0,0.0
24,500,0,dpga,roi_shared,0.05478644371032715,0.04369817674160004,-0.0729220062494278,0.7718156576156616,0.32367950677871704,0.1929539293050766,0.4193741129567737,0.10246102558095604,0.9999999995806391,0.9947919247313438,5.8501220001190495,1,0,0,0,1,1,0.597717821598053,0.4098440706729889,1.0,0.4098440706729889
24,500,0,dpga,roi_cls,0.05478644371032715,0.04369817674160004,0.0,0.10989764332771301,0.0,0.0,0.0,0.0,1.0,1.0,0.0,0,0,0,0,0,0,0.0,0.5,1.0,0.5
24,500,0,dpga,roi_reg,0.05478644371032715,0.04369817674160004,0.11264363676309586,0.08135183155536652,0.12649163603782654,0.004067591857165098,1.5548713977230952,0.03185984115095954,1.003588808611313,0.999502867572701,1.8067234023014638,0,1,0,0,0,1,0.03215700387954712,0.6371967792510986,1.0,0.6371967792510986
24,600,0,dpga,backbone,0.37025660276412964,0.779197633266449,-0.16723383963108063,2.8993077278137207,3.6773695945739746,0.2899308204650879,1.2683612571705063,0.03023422559646733,1.0000000004354654,0.9995431585916441,1.73195616537358,1,1,0,0,1,1,0.07996806502342224,0.3023422062397003,1.0,0.3023422062397003
24,600,0,dpga,fpn,0.37025660276412964,0.779197633266449,-0.19333088397979736,0.7937830686569214,1.2428369522094727,0.11906746029853821,1.5657136077648381,0.04133217930793762,1.0000000004705203,0.9991468880352117,2.3668543133520967,1,1,0,0,1,1,0.09764517098665237,0.2755478620529175,1.0,0.2755478620529175
24,600,0,dpga,rpn,0.37025660276412964,0.779197633266449,0.0,0.5038540363311768,0.0,0.0,0.0,0.0,1.0,1.0,0.0,0,0,0,0,0,0,0.0,0.0,1.0,0.0
24,600,0,dpga,roi_shared,0.37025660276412964,0.779197633266449,-0.1542923003435135,1.4644510746002197,3.088165760040283,0.36611276865005493,2.108753111389072,0.0790407583117485,1.000000000970499,0.9968907796166456,4.519349973976408,1,1,0,0,1,1,0.11999031901359558,0.316163033246994,1.0,0.316163033246994
24,600,0,dpga,roi_cls,0.37025660276412964,0.779197633266449,0.0,0.16136595606803894,0.0,0.0,0.0,0.0,1.0,1.0,0.0,0,0,0,0,0,0,0.0,0.5,1.0,0.5
24,600,0,dpga,roi_reg,0.37025660276412964,0.779197633266449,-0.10243269801139832,0.2719918489456177,0.9216757416725159,0.013599592261016369,3.388615303162253,0.018734323721832577,0.9999999999170859,0.9998246080817711,1.0731211812426544,1,1,0,0,1,1,0.014833314344286919,0.37468647956848145,1.0,0.37468647956848145
24,700,0,dpga,backbone,0.04261720925569534,0.44084906578063965,-0.008621249347925186,1.0132976770401,8.464187622070312,0.1013297587633133,8.353110654309091,0.04892250761862157,0.9999999998197281,0.9988055679288822,2.8006677830682714,1,1,0,0,1,1,0.011972033418715,0.4892251193523407,1.0,0.4892251193523407
24,700,0,dpga,fpn,0.04261720925569534,0.44084906578063965,0.00920862890779972,0.2830207347869873,3.0723800659179688,0.042453110218048096,10.85567129288377,0.07672631442546844,1.0007065442284642,0.9970737963656238,4.384255572280747,0,1,0,0,0,1,0.013817662373185158,0.5115087628364563,1.0,0.5115087628364563
24,700,0,dpga,rpn,0.04261720925569534,0.44084906578063965,0.0,0.17495839297771454,0.0,0.0,0.0,0.0,1.0,1.0,0.0,0,0,0,0,0,0,0.0,0.0,1.0,0.0
24,700,0,dpga,roi_shared,0.04261720925569534,0.44084906578063965,-0.04373817890882492,0.5353828072547913,0.45548126101493835,0.13384570181369781,0.8507581021334004,0.11138603836297989,0.9999999999252497,0.9938536910193868,6.355760419206328,1,0,0,0,1,1,0.29413703083992004,0.44554415345191956,1.0,0.44554415345191956
24,700,0,dpga,roi_cls,0.04261720925569534,0.44084906578063965,0.0,0.047600846737623215,0.0,0.0,0.0,0.0,1.0,1.0,0.0,0,0,0,0,0,0,0.0,0.5,1.0,0.5
24,700,0,dpga,roi_reg,0.04261720925569534,0.44084906578063965,-0.022948389872908592,0.13539139926433563,0.14861713349819183,0.006769569590687752,1.0976851875800067,0.02356729675778813,0.9999999998041414,0.9997225058104223,1.3498161517467788,1,1,0,0,1,1,0.04556239768862724,0.4713459610939026,1.0,0.4713459610939026
25,0,0,dpga,backbone,0.09509196132421494,0.07026354968547821,0.29157161712646484,2.083704710006714,2.4144341945648193,0.20837047696113586,1.1587218587018695,0.0811204873878296,1.0236524316897566,0.9971393390921384,4.334853312709485,0,1,0,0,0,1,0.08630198985338211,0.8112048506736755,1.0,0.8112048506736755
25,0,0,dpga,fpn,0.09509196132421494,0.07026354968547821,0.2375415563583374,0.6964284777641296,0.860074520111084,0.10446427017450333,1.2349789642036708,0.11494961515013494,1.0273053070597895,0.9941449380932851,6.20319602664768,0,1,0,0,0,1,0.12145956605672836,0.7663307785987854,1.0,0.7663307785987854
25,0,0,dpga,rpn,0.09509196132421494,0.07026354968547821,0.0,0.40000686049461365,0.0,0.0,0.0,0.0,1.0,1.0,0.0,0,0,0,0,0,0,0.0,0.0,1.0,0.0
25,0,0,dpga,roi_shared,0.09509196132421494,0.07026354968547821,0.14976583421230316,1.0111714601516724,0.5632310509681702,0.2527928948402405,0.5570084532287802,0.16973090682693645,1.0254198807357964,0.9868714552213085,9.294418226276733,0,0,0,0,0,1,0.44882622361183167,0.6789235472679138,1.0,0.6789235472679138
25,0,0,dpga,roi_cls,0.09509196132421494,0.07026354968547821,0.0,0.14336569607257843,0.0,0.0,0.0,0.0,1.0,1.0,0.0,0,0,0,0,0,0,0.0,0.5,1.0,0.5
25,0,0,dpga,roi_reg,0.09509196132421494,0.07026354968547821,0.35225218534469604,0.1675940454006195,0.14586372673511505,0.008379703387618065,0.8703395540482363,0.0426683810634976,1.0150300292031205,0.9992269907011907,2.2529832838664947,0,0,0,0,0,1,0.057448845356702805,0.8533675074577332,1.0,0.8533675074577332
25,100,0,dpga,backbone,0.1547345519065857,0.26344770193099976,0.01832405850291252,1.735115885734558,1.2157764434814453,0.17351160943508148,0.7006889012296424,0.0522889140531362,1.0009581453149548,0.9986387702878884,2.9898721449507244,0,0,0,0,0,1,0.1427166908979416,0.5228890776634216,1.0,0.5228890776634216
25,100,0,dpga,fpn,0.1547345519065857,0.26344770193099976,0.021990932524204254,0.46502283215522766,0.4173876941204071,0.06975343078374863,0.8975638726940623,0.07911915561121119,1.0017399040124182,0.9968969897487889,4.5148320673912155,0,0,0,0,0,1,0.16711904108524323,0.5274609923362732,1.0,0.5274609923362732
25,100,0,dpga,rpn,0.1547345519065857,0.26344770193099976,0.0,0.2449880689382553,0.0,0.0,0.0,0.0,1.0,1.0,0.0,0,0,0,0,0,0,0.0,0.0,1.0,0.0
25,100,0,dpga,roi_shared,0.1547345519065857,0.26344770193099976,-0.12279828637838364,1.0035332441329956,0.22405488789081573,0.22235916554927826,0.22326603448437662,0.0778063412332187,0.9999999994742094,0.996986743423049,4.449024532450362,1,0,0,0,1,0,1.0,0.35114923119544983,1.0,0.35114923119544983
25,100,0,dpga,roi_cls,0.1547345519065857,0.26344770193099976,0.0,0.10341552644968033,0.0,0.0,0.0,0.0,1.0,1.0,0.0,0,0,0,0,0,0,0.0,0.5,1.0,0.5
25,100,0,dpga,roi_reg,0.1547345519065857,0.26344770193099976,-0.18961820006370544,0.15749387443065643,0.06117984652519226,0.007874694652855396,0.3884585781279345,0.013963446182389537,1.0000000000524794,0.9999025568947105,0.7998650387059859,1,0,0,0,1,1,0.1310921460390091,0.27926889061927795,1.0,0.27926889061927795
25,200,0,dpga,backbone,0.05599401146173477,0.0858243927359581,-0.018443884328007698,1.7093373537063599,2.044065237045288,0.17093375325202942,1.1958231841205231,0.04769615433871112,1.0000000001615312,0.9988644583648972,2.730739463662251,1,1,0,0,1,1,0.08363863080739975,0.47696149349212646,1.0,0.47696149349212646
25,200,0,dpga,fpn,0.05599401146173477,0.0858243927359581,0.01603112742304802,0.4052669405937195,0.6678820252418518,0.0607900433242321,1.6480051993962277,0.0780042289566422,1.0012504961698232,0.9969798730083356,4.454096225578196,0,1,0,0,0,1,0.09101913124322891,0.5200281739234924,1.0,0.5200281739234924
25,200,0,dpga,rpn,0.05599401146173477,0.0858243927359581,0.0,0.2323751598596573,0.0,0.0,0.0,0.0,1.0,1.0,0.0,0,0,0,0,0,0,0.0,0.0,1.0,0.0
25,200,0,dpga,roi_shared,0.05599401146173477,0.0858243927359581,-0.00039305310929194093,0.7804532647132874,1.076758861541748,0.19511331617832184,1.3796583475594961,0.12487716972827911,0.9999999999314287,0.9922928463065599,7.118098053352318,1,1,0,0,1,1,0.18120430409908295,0.49950867891311646,1.0,0.49950867891311646
25,200,0,dpga,roi_cls,0.05599401146173477,0.0858243927359581,0.0,0.11229933798313141,0.0,0.0,0.0,0.0,1.0,1.0,0.0,0,0,0,0,0,0,0.0,0.5,1.0,0.5
25,200,0,dpga,roi_reg,0.05599401146173477,0.0858243927359581,0.1576688140630722,0.0762333869934082,0.3562074303627014,0.003811669535934925,4.672590900277095,0.03437378276475492,1.0054196740755899,0.999430537055545,1.933708368004033,0,1,0,0,0,1,0.010700701735913754,0.6874756217002869,1.0,0.6874756217002869
25,300,0,dpga,backbone,0.02736557647585869,0.07513570785522461,0.10822509974241257,0.881511390209198,6.247720241546631,0.08815112709999084,7.087509374171487,0.06320740917879807,1.0068406286337668,0.9980582492805709,3.5711218332532817,0,1,0,0,0,1,0.01410932932049036,0.6320741772651672,1.0,0.6320741772651672
25,300,0,dpga,fpn,0.02736557647585869,0.07513570785522461,0.13011044263839722,0.1947736293077469,2.143521547317505,0.029216047376394272,11.005193849577505,0.09857024363827444,1.0128250180307505,0.9953765453157207,5.5117359452335775,0,1,0,0,0,1,0.013629928231239319,0.6571348905563354,1.0,0.6571348905563354
25,300,0,dpga,rpn,0.02736557647585869,0.07513570785522461,0.0,0.10809802263975143,0.0,0.0,0.0,0.0,1.0,1.0,0.0,0,0,0,0,0,0,0.0,0.0,1.0,0.0
25,300,0,dpga,roi_shared,0.02736557647585869,0.07513570785522461,-0.0184590145945549,0.33709776401519775,0.6093255281448364,0.08427443355321884,1.8075632448198782,0.11923564661406297,1.0000000000906157,0.9929662662064097,6.79963314498684,1,1,0,0,1,1,0.1383313089609146,0.47694262862205505,1.0,0.47694262862205505
25,300,0,dpga,roi_cls,0.02736557647585869,0.07513570785522461,0.0,0.05821174010634422,0.0,0.0,0.0,0.0,1.0,1.0,0.0,0,0,0,0,0,0,0.0,0.5,1.0,0.5
25,300,0,dpga,roi_reg,0.02736557647585869,0.07513570785522461,-0.3445073366165161,0.024903835728764534,0.16574755311012268,0.0012451916700229049,6.655502988187488,0.007577235288313132,0.9999999998628406,0.9999712799819782,0.4342411975753971,1,1,0,0,1,1,0.008002460934221745,0.1515447199344635,1.0,0.1515447199344635
25,400,0,dpga,backbone,0.05412572622299194,1.5814952850341797,0.15233676135540009,1.0310008525848389,27.174612045288086,0.10310007631778717,26.357506860598782,0.06817191248040698,1.010385088362669,0.9977839539478939,3.8151116736401103,0,1,0,0,0,1,0.0037939855828881264,0.681719183921814,1.0,0.681719183921814
25,400,0,dpga,fpn,0.05412572622299194,1.5814952850341797,0.0024332094471901655,0.3064124584197998,9.019761085510254,0.04596187546849251,29.436665636985122,0.07545623688058746,1.0001836007581533,0.9971663506256856,4.314329318834597,0,1,0,0,0,1,0.005095686297863722,0.5030415058135986,1.0,0.5030415058135986
25,400,0,dpga,rpn,0.05412572622299194,1.5814952850341797,0.0,0.17589955031871796,0.0,0.0,0.0,0.0,1.0,1.0,0.0,0,0,0,0,0,0,0.0,0.0,1.0,0.0
25,400,0,dpga,roi_shared,0.05412572622299194,1.5814952850341797,0.01062388438731432,0.6284782290458679,27.083547592163086,0.15711955726146698,43.09385168883306,0.12831918895244598,1.0013632483476114,0.9918901609441264,7.3019304193823205,0,1,0,0,0,1,0.005801291670650244,0.5132767558097839,1.0,0.5132767558097839
25,400,0,dpga,roi_cls,0.05412572622299194,1.5814952850341797,0.0,0.07954476028680801,0.0,0.0,0.0,0.0,1.0,1.0,0.0,0,0,0,0,0,0,0.0,0.5,1.0,0.5
25,400,0,dpga,roi_reg,0.05412572622299194,1.5814952850341797,-0.2557578980922699,0.0695730671286583,10.915474891662598,0.003478653496131301,156.89224785040895,0.010887816985588624,1.0000000002148068,0.9999407829450251,0.623538359277128,1,1,0,0,1,1,0.00032965411082841456,0.21775633096694946,1.0,0.21775633096694946
25,500,0,dpga,backbone,0.2763715386390686,2.7850570678710938,-0.039091553539037704,5.553210258483887,17.25189971923828,0.5553209781646729,3.1066534339991514,0.04512904792944907,1.00000000028536,0.9989831686069972,2.584038085921304,1,1,0,0,1,1,0.03221359848976135,0.4512905180454254,1.0,0.4512905180454254
25,500,0,dpga,fpn,0.2763715386390686,2.7850570678710938,-0.08550984412431717,1.0859894752502441,5.918774127960205,0.16289842128753662,5.450121076538375,0.059206755459308626,0.9999999998033648,0.9982518969057237,3.388320140345314,1,1,0,0,1,1,0.027623500674962997,0.3947117030620575,1.0,0.3947117030620575
25,500,0,dpga,rpn,0.2763715386390686,2.7850570678710938,0.0,0.31030982732772827,0.0,0.0,0.0,0.0,1.0,1.0,0.0,0,0,0,0,0,0,0.0,0.0,1.0,0.0
25,500,0,dpga,roi_shared,0.2763715386390686,2.7850570678710938,-0.1025448888540268,1.5742909908294678,15.7138032913208,0.39357277750968933,9.981511285306574,0.09363877737283269,0.9999999988937995,0.9956444863604699,5.349523215794147,1,1,0,0,1,1,0.025179043412208557,0.3745550811290741,1.0,0.3745550811290741
25,500,0,dpga,roi_cls,0.2763715386390686,2.7850570678710938,0.0,0.35105881094932556,0.0,0.0,0.0,0.0,1.0,1.0,0.0,0,0,0,0,0,0,0.0,0.5,1.0,0.5
25,500,0,dpga,roi_reg,0.2763715386390686,2.7850570678710938,-0.20669350028038025,0.16734984517097473,5.861629009246826,0.008367492817342281,35.026199177287744,0.013120620828893143,1.000000000221568,0.9999139040422339,0.7518515978559983,1,1,0,0,1,1,0.0014590091304853559,0.2624123990535736,1.0,0.2624123990535736
25,600,0,dpga,backbone,0.14631584286689758,0.9696176052093506,0.14143696427345276,1.939316987991333,7.795422077178955,0.1939316987991333,4.019674001439621,0.06697787642478943,1.0094731475150047,0.9978498637874477,3.757928076073149,0,1,0,0,0,1,0.02487763948738575,0.6697787642478943,1.0,0.6697787642478943
25,600,0,dpga,fpn,0.14631584286689758,0.9696176052093506,0.045058246701955795,0.4805985391139984,2.385549306869507,0.072089783847332,4.963704865327633,0.0834128682526028,1.0037584379065807,0.9965719172627368,4.745559492796585,0,1,0,0,0,1,0.030219364911317825,0.5560857653617859,1.0,0.5560857653617859
25,600,0,dpga,rpn,0.14631584286689758,0.9696176052093506,0.0,0.3848313093185425,0.0,0.0,0.0,0.0,1.0,1.0,0.0,0,0,0,0,0,0,0.0,0.0,1.0,0.0
25,600,0,dpga,roi_shared,0.14631584286689758,0.9696176052093506,-0.014741675928235054,0.9142290353775024,6.2166314125061035,0.2285572588443756,6.799862148262595,0.12039531022310257,1.0000000000584297,0.9928302724455201,6.865130221842212,1,1,0,0,1,1,0.03676944598555565,0.4815812408924103,1.0,0.4815812408924103
25,600,0,dpga,roi_cls,0.14631584286689758,0.9696176052093506,0.0,0.10306248813867569,0.0,0.0,0.0,0.0,1.0,1.0,0.0,0,0,0,0,0,0,0.0,0.5,1.0,0.5
25,600,0,dpga,roi_reg,0.14631584286689758,0.9696176052093506,-0.3243314325809479,0.1678895503282547,2.7757303714752197,0.008394477888941765,16.5330740719012,0.008248823502156432,0.9999999998269952,0.9999660075342874,0.4724220877701644,1,1,0,0,1,1,0.0031970629934221506,0.16497646272182465,1.0,0.16497646272182465
25,700,0,dpga,backbone,0.28568512201309204,0.6574009656906128,-0.17157971858978271,3.441195011138916,5.927474498748779,0.34411951899528503,1.7225046763005132,0.02977785920858644,1.000000000258345,0.9995568505978156,1.7058025273798474,1,1,0,0,1,1,0.058928895741701126,0.29777857661247253,1.0,0.29777857661247253
25,700,0,dpga,fpn,0.28568512201309204,0.6574009656906128,-0.08516629040241241,0.7444058060646057,1.671854019165039,0.11166086792945862,2.2458906224865496,0.05926832398537197,0.9999999994380722,0.9982481773986622,3.391924007320677,1,1,0,0,1,1,0.06703219562768936,0.3951221704483032,1.0,0.3951221704483032
25,700,0,dpga,rpn,0.28568512201309204,0.6574009656906128,0.0,0.35046109557151794,0.0,0.0,0.0,0.0,1.0,1.0,0.0,0,0,0,0,0,0,0.0,0.0,1.0,0.0
25,700,0,dpga,roi_shared,0.28568512201309204,0.6574009656906128,-0.037165023386478424,1.5048999786376953,4.021510124206543,0.37622499465942383,2.6722773481909403,0.11341923475265503,1.0000000000411755,0.9936294142048685,6.4708024853909185,1,1,0,0,1,1,0.09361783415079117,0.4536769390106201,1.0,0.4536769390106201
25,700,0,dpga,roi_cls,0.28568512201309204,0.6574009656906128,0.0,0.20391637086868286,0.0,0.0,0.0,0.0,1.0,1.0,0.0,0,0,0,0,0,0,0.0,0.5,1.0,0.5
25,700,0,dpga,roi_reg,0.28568512201309204,0.6574009656906128,-0.16097819805145264,0.27469679713249207,1.6243692636489868,0.013734838925302029,5.913317084893127,0.015449013258512284,1.000000000249516,0.9998806736205015,0.8851363591203785,1,1,0,0,1,1,0.008567225188016891,0.3089802861213684,1.0,0.3089802861213684
26,0,0,dpga,backbone,0.15858501195907593,0.660882830619812,-0.08388707041740417,2.119286298751831,4.945668697357178,0.21192866563796997,2.333648219341561,0.03966519309865038,1.0000000006477106,0.9992142472665229,2.2714805473948747,1,1,0,0,1,1,0.04300294071435928,0.39665186405181885,1.0,0.39665186405181885
26,0,0,dpga,fpn,0.15858501195907593,0.660882830619812,0.026475073769688606,0.47717297077178955,1.4929163455963135,0.07157593965530396,3.128669134761844,0.07995683183019808,1.0021168631700264,0.9968343087674263,4.560227861969273,0,1,0,0,0,1,0.047943707555532455,0.5330455899238586,1.0,0.5330455899238586
26,0,0,dpga,rpn,0.15858501195907593,0.660882830619812,0.0,0.3489609658718109,0.0,0.0,0.0,0.0,1.0,1.0,0.0,0,0,0,0,0,0,0.0,0.0,1.0,0.0
26,0,0,dpga,roi_shared,0.15858501195907593,0.660882830619812,-0.03277643397450447,1.0398789644241333,1.7990072965621948,0.2599697411060333,1.7300160481258062,0.11478022485971451,1.0000000002051208,0.993477184071051,6.547741767250972,1,1,0,0,1,1,0.1445850133895874,0.45912089943885803,1.0,0.45912089943885803
26,0,0,dpga,roi_cls,0.15858501195907593,0.660882830619812,0.0,0.09772545099258423,0.0,0.0,0.0,0.0,1.0,1.0,0.0,0,0,0,0,0,0,0.0,0.5,1.0,0.5
26,0,0,dpga,roi_reg,0.15858501195907593,0.660882830619812,-0.05961746722459793,0.24271541833877563,0.5160088539123535,0.012135771103203297,2.125983002827296,0.021301254957028715,1.0000000001101679,0.9997732023914273,1.2202956808321177,1,1,0,0,1,1,0.02356044016778469,0.4260250926017761,1.0,0.4260250926017761
26,100,0,dpga,backbone,0.057671621441841125,0.08525361120700836,0.2942168712615967,2.2228028774261475,6.9266180992126465,0.22228029370307922,3.1161639070906695,0.0813222191682719,1.0239263640405567,0.9971316184624155,4.340701828540049,0,1,0,0,0,1,0.03209073841571808,0.8132221698760986,1.0,0.8132221698760986
26,100,0,dpga,fpn,0.057671621441841125,0.08525361120700836,0.18597722053527832,0.4114967882633209,1.515084981918335,0.06172451749444008,3.681887745254568,0.10755782295573786,1.0200033049601336,0.9946753404603637,5.915295523659678,0,1,0,0,0,1,0.04073997214436531,0.717052161693573,1.0,0.717052161693573
26,100,0,dpga,rpn,0.057671621441841125,0.08525361120700836,0.0,0.07547561824321747,0.0,0.0,0.0,0.0,1.0,1.0,0.0,0,0,0,0,0,0,0.0,0.0,1.0,0.0
26,100,0,dpga,roi_shared,0.057671621441841125,0.08525361120700836,0.04838848114013672,0.7221099734306335,0.8322867751121521,0.1805274933576584,1.152576208244411,0.1400480717420578,1.0067767129564835,0.9904850865292665,7.910155303754678,0,1,0,0,0,1,0.2169054001569748,0.5601922869682312,1.0,0.5601922869682312
26,100,0,dpga,roi_cls,0.057671621441841125,0.08525361120700836,0.0,0.10081036388874054,0.0,0.0,0.0,0.0,1.0,1.0,0.0,0,0,0,0,0,0,0.0,0.5,1.0,0.5
26,100,0,dpga,roi_reg,0.057671621441841125,0.08525361120700836,0.0713147222995758,0.060433704406023026,0.1960349678993225,0.0030216851737350225,3.2438019450580793,0.02941053762411897,1.0020974036659684,0.9995717557995191,1.6768679929108523,0,1,0,0,0,1,0.015414010733366013,0.5882107615470886,1.0,0.5882107615470886
26,200,0,dpga,backbone,0.308540016412735,0.8158575296401978,-0.10185858607292175,3.354581832885742,4.004268169403076,0.3354582190513611,1.1936713333829894,0.037535930701297626,1.0000000000737792,0.9992962381184209,2.1496906799643156,1,1,0,0,1,1,0.08421315997838974,0.37535926699638367,1.0,0.37535926699638367
26,200,0,dpga,fpn,0.308540016412735,0.8158575296401978,-0.11965882778167725,0.8206915855407715,1.2220110893249512,0.12310375273227692,1.4890016065167058,0.05321011591312241,1.0000000000177232,0.9985873631036782,3.0458186469960844,1,1,0,0,1,1,0.10146768391132355,0.35473406314849854,1.0,0.35473406314849854
26,200,0,dpga,rpn,0.308540016412735,0.8158575296401978,0.0,0.47584670782089233,0.0,0.0,0.0,0.0,1.0,1.0,0.0,0,0,0,0,0,0,0.0,0.0,1.0,0.0
26,200,0,dpga,roi_shared,0.308540016412735,0.8158575296401978,-0.07958833873271942,1.6462656259536743,2.599236011505127,0.41156643629074097,1.5788679363328146,0.10045175236677466,1.0000000010628065,0.9949925716894373,5.7362278261459405,1,1,0,0,1,1,0.1588452011346817,0.4018069803714752,1.0,0.4018069803714752
26,200,0,dpga,roi_cls,0.308540016412735,0.8158575296401978,0.0,0.22082531452178955,0.0,0.0,0.0,0.0,1.0,1.0,0.0,0,0,0,0,0,0,0.0,0.5,1.0,0.5
26,200,0,dpga,roi_reg,0.308540016412735,0.8158575296401978,-0.3282724916934967,0.23440776765346527,0.7489392161369324,0.011720388196408749,3.1950272963826025,0.00811398761490419,0.999999999759595,0.999967071894575,0.46496706727299825,1,1,0,0,1,1,0.01656743325293064,0.16227975487709045,1.0,0.16227975487709045
26,300,0,dpga,backbone,0.22463400661945343,0.8887264132499695,-0.1370396614074707,3.244204044342041,9.118468284606934,0.3244204521179199,2.8106950610920207,0.03351021305525501,0.9999999998183786,0.999439066746676,1.9191703548205206,1,1,0,0,1,1,0.0359172523021698,0.3351020812988281,1.0,0.3351020812988281
26,300,0,dpga,fpn,0.22463400661945343,0.8887264132499695,-0.10760864615440369,0.6701518297195435,2.767704725265503,0.10052277892827988,4.129966676989868,0.055296432450809674,1.0000000001452976,0.9984746625433549,3.165015323581696,1,1,0,0,1,1,0.03653203323483467,0.3686428666114807,1.0,0.3686428666114807
26,300,0,dpga,rpn,0.22463400661945343,0.8887264132499695,0.0,0.32007408142089844,0.0,0.0,0.0,0.0,1.0,1.0,0.0,0,0,0,0,0,0,0.0,0.0,1.0,0.0
26,300,0,dpga,roi_shared,0.22463400661945343,0.8887264132499695,-0.22016839683055878,1.3950161933898926,5.311985015869141,0.34875404834747314,3.8078303614246978,0.06239553913474083,1.0000000003747054,0.9980591050171248,3.5703345886057005,1,1,0,0,1,1,0.06730574369430542,0.24958215653896332,1.0,0.24958215653896332
26,300,0,dpga,roi_cls,0.22463400661945343,0.8887264132499695,0.0,0.15739057958126068,0.0,0.0,0.0,0.0,1.0,1.0,0.0,0,0,0,0,0,0,0.0,0.5,1.0,0.5
26,300,0,dpga,roi_reg,0.22463400661945343,0.8887264132499695,-0.22171610593795776,0.29722240567207336,1.5377403497695923,0.014861120842397213,5.173702656408034,0.012406781782311381,1.0000000000494957,0.9999229990537929,0.7110308562527367,1,1,0,0,1,1,0.009910929016768932,0.24813562631607056,1.0,0.24813562631607056
26,400,0,dpga,backbone,0.31293851137161255,0.5773129463195801,0.00033924152376130223,2.550948143005371,2.957115650177002,0.25509482622146606,1.1592221732477515,0.050042405082843015,1.0000169762957205,0.9987503652854969,2.8646687273420626,0,1,0,0,0,1,0.08626474440097809,0.5004240274429321,1.0,0.5004240274429321
26,400,0,dpga,fpn,0.31293851137161255,0.5773129463195801,-0.0538032129406929,0.7031130194664001,0.9570273160934448,0.10546695441007614,1.3611287084681534,0.06497229876524827,1.0000000005259833,0.997896059706936,3.717324801433012,1,1,0,0,1,1,0.11036250740289688,0.43314865231513977,1.0,0.43314865231513977
26,400,0,dpga,rpn,0.31293851137161255,0.5773129463195801,0.0,0.3297763764858246,0.0,0.0,0.0,0.0,1.0,1.0,0.0,0,0,0,0,0,0,0.0,0.0,1.0,0.0
26,400,0,dpga,roi_shared,0.31293851137161255,0.5773129463195801,-0.08280253410339355,1.50630521774292,0.8041662573814392,0.37657630443573,0.533866740889618,0.09948758780956268,0.9999999995812716,0.995087564473518,5.681513059676545,1,0,0,0,1,1,0.46989527344703674,0.39795035123825073,1.0,0.39795035123825073
26,400,0,dpga,roi_cls,0.31293851137161255,0.5773129463195801,0.0,0.27008143067359924,0.0,0.0,0.0,0.0,1.0,1.0,0.0,0,0,0,0,0,0,0.0,0.5,1.0,0.5
26,400,0,dpga,roi_reg,0.31293851137161255,0.5773129463195801,-0.0013549335999414325,0.2389422208070755,0.2593308985233307,0.011947112157940865,1.0853289035624945,0.024915317541511117,1.0000000001349458,0.9996897779588438,1.4272011392519028,1,1,0,0,1,1,0.046069033443927765,0.4983063042163849,1.0,0.4983063042163849
26,500,0,dpga,backbone,0.16664503514766693,0.9371489882469177,0.08233434706926346,2.6479008197784424,8.029119491577148,0.26479005813598633,3.032258395633175,0.06014885956867243,1.0049523184239793,0.9982255474181759,3.41376852503158,0,1,0,0,0,1,0.03297872096300125,0.6014886498451233,1.0,0.6014886498451233
26,500,0,dpga,fpn,0.16664503514766693,0.9371489882469177,-0.027870923280715942,0.5905755162239075,2.399834394454956,0.08858633041381836,4.06355212589798,0.06978264089744089,0.9999999998123732,0.9975740782646847,3.9917548272743364,1,1,0,0,1,1,0.03692786395549774,0.46521759033203125,1.0,0.46521759033203125
26,500,0,dpga,rpn,0.16664503514766693,0.9371489882469177,0.0,0.2979969084262848,0.0,0.0,0.0,0.0,1.0,1.0,0.0,0,0,0,0,0,0,0.0,0.0,1.0,0.0
26,500,0,dpga,roi_shared,0.16664503514766693,0.9371489882469177,-0.010237067937850952,1.2800333499908447,6.666097164154053,0.32000836730003357,5.207752723162823,0.12180162610471634,0.9999999999979041,0.9926637148445205,6.944509860752412,1,1,0,0,1,1,0.048007868230342865,0.48720645904541016,1.0,0.48720645904541016
26,500,0,dpga,roi_cls,0.16664503514766693,0.9371489882469177,0.0,0.1806405931711197,0.0,0.0,0.0,0.0,1.0,1.0,0.0,0,0,0,0,0,0,0.0,0.5,1.0,0.5
26,500,0,dpga,roi_reg,0.16664503514766693,0.9371489882469177,-0.202236145734787,0.23122508823871613,1.7349623441696167,0.011561254039406776,7.503348176381476,0.013337441849100292,1.0000000002756635,0.9999110749173293,0.7641049047448587,1,1,0,0,1,1,0.006804290227591991,0.26674884557724,1.0,0.26674884557724
26,600,0,dpga,backbone,0.09272903949022293,1.0431748628616333,-0.03502205014228821,2.6100785732269287,16.674760818481445,0.2610079050064087,6.388604921523827,0.04563340186287522,0.9999999995945017,0.9989604749365534,2.6127192284722507,1,1,0,0,1,1,0.015662480145692825,0.4563339352607727,1.0,0.4563339352607727
26,600,0,dpga,fpn,0.09272903949022293,1.0431748628616333,-0.0594649612903595,0.48491427302360535,4.190796852111816,0.07273714244365692,8.642345843896846,0.06393174064001762,0.9999999999087645,0.9979626158933437,3.6580349468547295,1,1,0,0,1,1,0.01738716848194599,0.4262115955352783,1.0,0.4262115955352783
26,600,0,dpga,rpn,0.09272903949022293,1.0431748628616333,0.0,0.21410991251468658,0.0,0.0,0.0,0.0,1.0,1.0,0.0,0,0,0,0,0,0,0.0,0.0,1.0,0.0
26,600,0,dpga,roi_shared,0.09272903949022293,1.0431748628616333,-0.05496005341410637,0.9020556807518005,11.685816764831543,0.22551390528678894,12.954651263979878,0.10793224754026932,1.0000000002681788,0.9942257456050175,6.160199623233076,1,1,0,0,1,1,0.019327299669384956,0.4317290186882019,1.0,0.4317290186882019
26,600,0,dpga,roi_cls,0.09272903949022293,1.0431748628616333,0.0,0.15769129991531372,0.0,0.0,0.0,0.0,1.0,1.0,0.0,0,0,0,0,0,0,0.0,0.5,1.0,0.5
26,600,0,dpga,roi_reg,0.09272903949022293,1.0431748628616333,-0.06490954011678696,0.11716365814208984,4.22884464263916,0.005858182441443205,36.09348418867771,0.02097839099306571,0.9999999998662211,0.9997800861901567,1.2016329835020814,1,1,0,0,1,1,0.0013882190687581897,0.41956785321235657,1.0,0.41956785321235657
26,700,0,dpga,backbone,0.18856078386306763,2.9824891090393066,-0.09733142703771591,3.0615222454071045,21.3757266998291,0.30615222454071045,6.9820582659155805,0.03806813657283783,1.0000000011064016,0.9992762022956782,2.180079993797965,1,1,0,0,1,1,0.014390752650797367,0.3806813657283783,1.0,0.3806813657283783
26,700,0,dpga,fpn,0.18856078386306763,2.9824891090393066,-0.05768746882677078,0.7782118320465088,8.109394073486328,0.11673177778720856,10.420548415667986,0.06425797805331782,1.0000000001346188,0.9979418574309954,3.67662954402226,1,1,0,0,1,1,0.014418648555874825,0.42838650941848755,1.0,0.42838650941848755
26,700,0,dpga,rpn,0.18856078386306763,2.9824891090393066,0.0,0.3353690505027771,0.0,0.0,0.0,0.0,1.0,1.0,0.0,0,0,0,0,0,0,0.0,0.0,1.0,0.0
26,700,0,dpga,roi_shared,0.18856078386306763,2.9824891090393066,-0.1055157259106636,1.5369693040847778,22.279951095581055,0.38424232602119446,14.496028669126963,0.09277044236660004,0.9999999989972707,0.9957244880771915,5.300130324159195,1,1,0,0,1,1,0.01734291762113571,0.37108176946640015,1.0,0.37108176946640015
26,700,0,dpga,roi_cls,0.18856078386306763,2.9824891090393066,0.0,0.2863766551017761,0.0,0.0,0.0,0.0,1.0,1.0,0.0,0,0,0,0,0,0,0.0,0.5,1.0,0.5
26,700,0,dpga,roi_reg,0.18856078386306763,2.9824891090393066,-0.4491954743862152,0.18029312789440155,8.217292785644531,0.009014656767249107,45.57740431713756,0.004784850973928611,1.0000000001432499,0.9999885946237205,0.27364836139685195,1,1,0,0,1,1,0.001227886532433331,0.09569701552391052,1.0,0.09569701552391052
27,0,0,dpga,backbone,0.008739455603063107,0.09172071516513824,0.10720182210206985,0.49590936303138733,2.5821316242218018,0.04959094151854515,5.206862012924673,0.06308836408348839,1.0067631871131437,0.9980648257475027,3.565067277273783,0,1,0,0,0,1,0.019205426797270775,0.6308835744857788,1.0,0.6308835744857788
27,0,0,dpga,fpn,0.008739455603063107,0.09172071516513824,-0.0006847656914032996,0.1477801650762558,0.9000356197357178,0.02216702699661255,6.090368211940296,0.07487161467435641,1.0000000002343217,0.9972088817380281,4.2818141699333,1,1,0,0,1,1,0.024629060178995132,0.499144047498703,1.0,0.499144047498703
27,0,0,dpga,rpn,0.008739455603063107,0.09172071516513824,0.0,0.088763527572155,0.0,0.0,0.0,0.0,1.0,1.0,0.0,0,0,0,0,0,0,0.0,0.0,1.0,0.0
27,0,0,dpga,roi_shared,0.008739455603063107,0.09172071516513824,-0.1675490438938141,0.17428924143314362,1.060127854347229,0.0435723140835762,6.0825777060593165,0.0755024765909035,1.0000000006100744,0.9971617220415151,4.317853138172675,1,1,0,0,1,1,0.041690342128276825,0.3020098805427551,1.0,0.3020098805427551
27,0,0,dpga,roi_cls,0.008739455603063107,0.09172071516513824,0.0,0.041057515889406204,0.0,0.0,0.0,0.0,1.0,1.0,0.0,0,0,0,0,0,0,0.0,0.5,1.0,0.5
27,0,0,dpga,roi_reg,0.008739455603063107,0.09172071516513824,-0.1833590865135193,0.03516288101673126,0.5340741872787476,0.0017581440042704344,15.188578746565831,0.014280564704792446,0.9999999999162921,0.9998979864155606,0.81840886706164,1,1,0,0,1,1,0.0033487214241176844,0.2856113016605377,1.0,0.2856113016605377
27,100,0,dpga,backbone,0.22834554314613342,0.517507016658783,0.06477276235818863,2.0657331943511963,2.489271640777588,0.20657333731651306,1.205030566185686,0.05802656318367504,1.0037585399228954,0.9983402279483576,3.30158088426714,0,1,0,0,0,1,0.08298544585704803,0.5802655816078186,1.0,0.5802655816078186
27,100,0,dpga,fpn,0.22834554314613342,0.517507016658783,0.0885772854089737,0.4895370304584503,0.8188852071762085,0.07343056052923203,1.6727747978724394,0.09134199168636435,1.008090826347978,0.9959519671876771,5.157108330834707,0,1,0,0,0,1,0.08967137336730957,0.6089465618133545,1.0,0.6089465618133545
27,100,0,dpga,rpn,0.22834554314613342,0.517507016658783,0.0,0.34110742807388306,0.0,0.0,0.0,0.0,1.0,1.0,0.0,0,0,0,0,0,0,0.0,0.0,1.0,0.0
27,100,0,dpga,roi_shared,0.22834554314613342,0.517507016658783,-0.010096712037920952,1.0428493022918701,1.5368075370788574,0.26071232557296753,1.4736621424604832,0.12184543907642365,0.9999999998703856,0.9926584801441872,6.946990034944531,1,1,0,0,1,1,0.16965404152870178,0.4873817563056946,1.0,0.4873817563056946
27,100,0,dpga,roi_cls,0.22834554314613342,0.517507016658783,0.0,0.10106822848320007,0.0,0.0,0.0,0.0,1.0,1.0,0.0,0,0,0,0,0,0,0.0,0.5,1.0,0.5
27,100,0,dpga,roi_reg,0.22834554314613342,0.517507016658783,0.27157145738601685,0.22461135685443878,0.5276064872741699,0.011230569332838058,2.348975112670236,0.039770566733595546,1.0108005495836552,0.9992838093048446,2.168592196169372,0,1,0,0,0,1,0.021285880357027054,0.795411229133606,1.0,0.795411229133606
27,200,0,dpga,backbone,0.046412985771894455,0.34868189692497253,0.07011739164590836,1.1429744958877563,4.884891510009766,0.11429744213819504,4.273841216566811,0.0586759827035504,1.0041142086081138,0.9983053165636513,3.3361323715613462,0,1,0,0,0,1,0.023398155346512794,0.5867598652839661,1.0,0.5867598652839661
27,200,0,dpga,fpn,0.046412985771894455,0.34868189692497253,-0.1168568953871727,0.2981989085674286,1.662948489189148,0.04472984001040459,5.576641769676775,0.053692106903956774,0.9999999995316127,0.9985616205922379,3.0734519594716074,1,1,0,0,1,1,0.027083463966846466,0.35794734954833984,1.0,0.35794734954833984
27,200,0,dpga,rpn,0.046412985771894455,0.34868189692497253,0.0,0.16926467418670654,0.0,0.0,0.0,0.0,1.0,1.0,0.0,0,0,0,0,0,0,0.0,0.0,1.0,0.0
27,200,0,dpga,roi_shared,0.046412985771894455,0.34868189692497253,-0.0648694634437561,0.5843528509140015,0.23785370588302612,0.14608821272850037,0.40703781201887346,0.1049041599035263,1.0000000008671501,0.9945424924922364,5.988699378456253,1,0,0,0,1,1,0.6154899597167969,0.4196166396141052,1.0,0.4196166396141052
27,200,0,dpga,roi_cls,0.046412985771894455,0.34868189692497253,0.0,0.06351813673973083,0.0,0.0,0.0,0.0,1.0,1.0,0.0,0,0,0,0,0,0,0.0,0.5,1.0,0.5
27,200,0,dpga,roi_reg,0.046412985771894455,0.34868189692497253,0.18396297097206116,0.07628457993268967,0.06683975458145142,0.0038142288103699684,0.876189586944413,0.035750217480053005,1.006576715687808,0.9993911482049389,1.9994726279579922,0,0,0,0,0,1,0.05706527456641197,0.7150043845176697,1.0,0.7150043845176697
27,300,0,dpga,backbone,0.02132168598473072,0.00010002159251598641,0.0,1.061982274055481,0.0,0.0,0.0,0.0,1.0,1.0,0.0,0,0,0,0,0,0,0.0,0.5,1.0,0.5
27,300,0,dpga,fpn,0.02132168598473072,0.00010002159251598641,0.0,0.29740533232688904,0.0,0.0,0.0,0.0,1.0,1.0,0.0,0,0,0,0,0,0,0.0,0.5,1.0,0.5
27,300,0,dpga,rpn,0.02132168598473072,0.00010002159251598641,0.0,0.09674859791994095,0.0,0.0,0.0,0.0,1.0,1.0,0.0,0,0,0,0,0,0,0.0,0.0,1.0,0.0
27,300,0,dpga,roi_shared,0.02132168598473072,0.00010002159251598641,0.0,0.45115581154823303,0.0,0.0,0.0,0.0,1.0,1.0,0.0,0,0,0,0,0,0,0.0,0.5,1.0,0.5
27,300,0,dpga,roi_cls,0.02132168598473072,0.00010002159251598641,0.0,0.12791171669960022,0.0,0.0,0.0,0.0,1.0,1.0,0.0,0,0,0,0,0,0,0.0,0.5,1.0,0.5
27,300,0,dpga,roi_reg,0.02132168598473072,0.00010002159251598641,0.0,0.00703304260969162,0.0,0.0,0.0,0.0,1.0,1.0,0.0,0,0,0,0,0,0,0.0,0.5,1.0,0.5
27,400,0,dpga,backbone,0.04771444573998451,0.0971495658159256,-0.0528382807970047,1.1123433113098145,4.792690753936768,0.11123432964086533,4.308643478327967,0.04343336762418256,0.9999999998467546,0.9990580106629648,2.4871084397852847,1,1,0,0,1,1,0.02324162796139717,0.4343336820602417,1.0,0.4343336820602417
27,400,0,dpga,fpn,0.04771444573998451,0.0971495658159256,-0.11134474724531174,0.3261253237724304,1.5932563543319702,0.04891880601644516,4.885411337893347,0.05464588639939714,1.000000000385516,0.9985101212158943,3.1280020816471916,1,1,0,0,1,1,0.03089577704668045,0.36430585384368896,1.0,0.36430585384368896
27,400,0,dpga,rpn,0.04771444573998451,0.0971495658159256,0.0,0.1660497486591339,0.0,0.0,0.0,0.0,1.0,1.0,0.0,0,0,0,0,0,0,0.0,0.0,1.0,0.0
27,400,0,dpga,roi_shared,0.04771444573998451,0.0971495658159256,0.038141973316669464,0.5663867592811584,0.9257749915122986,0.1415966898202896,1.6345279552213847,0.13688336312770844,1.0052210015839131,0.9908685997000802,7.748851750287136,0,1,0,0,0,1,0.15294936299324036,0.5475334525108337,1.0,0.5475334525108337
27,400,0,dpga,roi_cls,0.04771444573998451,0.0971495658159256,0.0,0.10602104663848877,0.0,0.0,0.0,0.0,1.0,1.0,0.0,0,0,0,0,0,0,0.0,0.5,1.0,0.5
27,400,0,dpga,roi_reg,0.04771444573998451,0.0971495658159256,0.0809660255908966,0.05314319580793381,0.2690897583961487,0.0026571599300950766,5.063484690846837,0.02999237933485518,1.002428363529297,0.9995556475162845,1.7081166231831373,0,1,0,0,0,1,0.009874623268842697,0.5998475551605225,1.0,0.5998475551605225
27,500,0,dpga,backbone,0.1995307058095932,0.8260626196861267,0.013067634776234627,2.3898582458496094,7.276264667510986,0.2389858216047287,3.044642785883825,0.05163287456020728,1.0006747196433736,0.9986717553988503,2.953416809734337,0,1,0,0,0,1,0.032844576984643936,0.516328752040863,1.0,0.516328752040863
27,500,0,dpga,fpn,0.1995307058095932,0.8260626196861267,0.02190650813281536,0.62311851978302,2.364132881164551,0.09346777945756912,3.7940340498751026,0.07910336084115042,1.0017328779755752,0.9968980977472874,4.514025517788676,0,1,0,0,0,1,0.0395357571542263,0.5273557305335999,1.0,0.5273557305335999
27,500,0,dpga,rpn,0.1995307058095932,0.8260626196861267,0.0,0.3563447892665863,0.0,0.0,0.0,0.0,1.0,1.0,0.0,0,0,0,0,0,0,0.0,0.0,1.0,0.0
27,500,0,dpga,roi_shared,0.1995307058095932,0.8260626196861267,-0.07525265961885452,1.3178695440292358,5.576457977294922,0.32946738600730896,4.231418809668776,0.10175712406635284,1.00000000023313,0.9948625739899685,5.810272823610801,1,1,0,0,1,1,0.059249840676784515,0.4070284962654114,1.0,0.4070284962654114
27,500,0,dpga,roi_cls,0.1995307058095932,0.8260626196861267,0.0,0.1409722864627838,0.0,0.0,0.0,0.0,1.0,1.0,0.0,0,0,0,0,0,0,0.0,0.5,1.0,0.5
27,500,0,dpga,roi_reg,0.1995307058095932,0.8260626196861267,-0.21578077971935272,0.1804531067609787,1.693593978881836,0.00902265589684248,9.385230375252592,0.012685675214592459,1.0000000000425173,0.9999195771336107,0.726658427765338,1,1,0,0,1,1,0.005456055048853159,0.2537134885787964,1.0,0.2537134885787964
27,600,0,dpga,backbone,0.027999185025691986,6.567903518676758,-0.035789262503385544,0.9324076175689697,122.62969207763672,0.09324075281620026,131.51940177984,0.045538239284806,1.0000000002401017,0.9989647125892792,2.607387457801765,1,1,0,0,1,1,0.0007608314626850188,0.45538243651390076,1.0,0.45538243651390076
27,600,0,dpga,fpn,0.027999185025691986,6.567903518676758,-0.12406178563833237,0.2354862242937088,35.23456954956055,0.03532293066382408,149.62475896515474,0.05245667700451565,1.0000000002878664,0.9986269777908945,3.0027979808362733,1,1,0,0,1,1,0.001010312931612134,0.34971120953559875,1.0,0.34971120953559875
27,600,0,dpga,rpn,0.027999185025691986,6.567903518676758,0.0,0.11038829386234283,0.0,0.0,0.0,0.0,1.0,1.0,0.0,0,0,0,0,0,0,0.0,0.0,1.0,0.0
27,600,0,dpga,roi_shared,0.027999185025691986,6.567903518676758,-0.11590486764907837,0.5229619741439819,91.60003662109375,0.13074049353599548,175.15620857717357,0.08976051211357117,1.0000000021214253,0.995995629826524,5.1292015953856325,1,1,0,0,1,1,0.0014369821874424815,0.35904204845428467,1.0,0.35904204845428467
27,600,0,dpga,roi_cls,0.027999185025691986,6.567903518676758,0.0,0.05779488384723663,0.0,0.0,0.0,0.0,1.0,1.0,0.0,0,0,0,0,0,0,0.0,0.5,1.0,0.5
27,600,0,dpga,roi_reg,0.027999185025691986,6.567903518676758,-0.4270624816417694,0.08298087120056152,30.03801155090332,0.004149043466895819,361.9871798923709,0.005285586298077472,0.9999999999764381,0.9999859934436478,0.3032521046060451,1,1,0,0,1,1,0.00015275718760676682,0.10571172833442688,1.0,0.10571172833442688
27,700,0,dpga,backbone,0.052558623254299164,0.6399964690208435,-0.020302100107073784,1.4975345134735107,14.37769603729248,0.14975343644618988,9.600911303168306,0.047464407727861785,0.9999999999291627,0.9988755102910541,2.7174156853506077,1,1,0,0,1,1,0.010417824611067772,0.47464412450790405,1.0,0.47464412450790405
27,700,0,dpga,fpn,0.052558623254299164,0.6399964690208435,-0.06894636154174805,0.35428518056869507,4.291181564331055,0.05314277485013008,12.11222427492703,0.06219907439407445,1.0000000002699212,0.9980712483145588,3.559144479636427,1,1,0,0,1,1,0.012413721531629562,0.4146605134010315,1.0,0.4146605134010315
27,700,0,dpga,rpn,0.052558623254299164,0.6399964690208435,0.0,0.1974440962076187,0.0,0.0,0.0,0.0,1.0,1.0,0.0,0,0,0,0,0,0,0.0,0.0,1.0,0.0
27,700,0,dpga,roi_shared,0.052558623254299164,0.6399964690208435,-0.21578601002693176,0.6610645651817322,0.9457288384437561,0.16526614129543304,1.430614932724109,0.06342713534832001,0.9999999988369446,0.997994529623189,3.629262346924914,1,1,0,0,1,1,0.17896635830402374,0.25370854139328003,1.0,0.25370854139328003
27,700,0,dpga,roi_cls,0.052558623254299164,0.6399964690208435,0.0,0.09139148145914078,0.0,0.0,0.0,0.0,1.0,1.0,0.0,0,0,0,0,0,0,0.0,0.5,1.0,0.5
27,700,0,dpga,roi_reg,0.052558623254299164,0.6399964690208435,-0.4623299241065979,0.15650393068790436,0.26872292160987854,0.007825196720659733,1.7170362458547963,0.004508136692662765,0.9999999997265157,0.9999899072825884,0.25741986147349843,1,1,0,0,1,1,0.032840512692928314,0.0901627317070961,1.0,0.0901627317070961
28,0,0,dpga,backbone,0.08113397657871246,0.11501447856426239,0.11049001663923264,1.677399754524231,3.3312060832977295,0.16773997247219086,1.985934524142443,0.06347038037066,1.0070128429103615,0.9980436738956613,3.584504108054794,0,1,0,0,0,1,0.05035412684082985,0.6347038149833679,1.0,0.6347038149833679
28,0,0,dpga,fpn,0.08113397657871246,0.11501447856426239,-0.03687640279531479,0.4156894087791443,1.0185378789901733,0.06235341727733612,2.4502377435633016,0.06810520495322316,0.9999999997670748,0.997688857552935,3.8961410025411567,1,1,0,0,1,1,0.061260223388671875,0.4540346562862396,1.0,0.4540346562862396
28,0,0,dpga,rpn,0.08113397657871246,0.11501447856426239,0.0,0.11166537553071976,0.0,0.0,0.0,0.0,1.0,1.0,0.0,0,0,0,0,0,0,0.0,0.0,1.0,0.0
28,0,0,dpga,roi_shared,0.08113397657871246,0.11501447856426239,-0.18618668615818024,0.8618708252906799,0.6040754318237305,0.21546772122383118,0.70088859501654,0.07068384927583393,0.9999999989578503,0.9975113587493162,4.0430478943411305,1,0,0,0,1,1,0.363038033246994,0.2827353775501251,1.0,0.2827353775501251
28,0,0,dpga,roi_cls,0.08113397657871246,0.11501447856426239,0.0,0.12703004479408264,0.0,0.0,0.0,0.0,1.0,1.0,0.0,0,0,0,0,0,0,0.0,0.5,1.0,0.5
28,0,0,dpga,roi_reg,0.08113397657871246,0.11501447856426239,-0.5156439542770386,0.0967995896935463,0.20277877151966095,0.004839979577809572,2.0948308991972966,0.0035276685588862947,1.0000000000094162,0.9999937655484253,0.20231914632284417,1,1,0,0,1,1,0.02785736881196499,0.07055336982011795,1.0,0.07055336982011795
28,100,0,dpga,backbone,0.03695628046989441,1.7810125350952148,0.05421905592083931,1.116156816482544,27.83625030517578,0.11161568015813828,24.939372222712333,0.05673617644858769,1.003076181500883,0.9984088371170399,3.2326043490149257,0,1,0,0,0,1,0.004009724128991365,0.5673617720603943,1.0,0.5673617720603943
28,100,0,dpga,fpn,0.03695628046989441,1.7810125350952148,0.1250254362821579,0.24594882130622864,9.443582534790039,0.03689232096076012,38.39653503779927,0.0977075577189346,1.0122159300318738,0.9954452753240055,5.470583786256396,0,1,0,0,0,1,0.003906602505594492,0.6513837575912476,1.0,0.6513837575912476
28,100,0,dpga,rpn,0.03695628046989441,1.7810125350952148,0.0,0.11072498559951782,0.0,0.0,0.0,0.0,1.0,1.0,0.0,0,0,0,0,0,0,0.0,0.0,1.0,0.0
28,100,0,dpga,roi_shared,0.03695628046989441,1.7810125350952148,0.2095824033021927,0.5394251346588135,29.273765563964844,0.13485628366470337,54.268449286258246,0.1850934475660324,1.038792335092592,0.9851598859226368,9.883136618385857,0,1,0,0,0,1,0.004606728442013264,0.7403737902641296,1.0,0.7403737902641296
28,100,0,dpga,roi_cls,0.03695628046989441,1.7810125350952148,0.0,0.05046682804822922,0.0,0.0,0.0,0.0,1.0,1.0,0.0,0,0,0,0,0,0,0.0,0.5,1.0,0.5
28,100,0,dpga,roi_reg,0.03695628046989441,1.7810125350952148,0.5294371247291565,0.11406214535236359,9.112220764160156,0.005703107453882694,79.88821125545604,0.04669186625389236,1.0247204102007512,0.9992537109692506,2.2136969778078543,0,1,0,0,0,1,0.0006258746143430471,0.9338372945785522,1.0,0.9338372945785522
28,200,0,dpga,backbone,0.11342773586511612,0.7450492978096008,-0.014810217544436455,2.3669283390045166,7.845150470733643,0.23669281601905823,3.314485842876493,0.048149564204936275,0.9999999999249598,0.9988429554914213,2.7564781019819513,1,1,0,0,1,1,0.030173901468515396,0.4814956784248352,1.0,0.4814956784248352
28,200,0,dpga,fpn,0.11342773586511612,0.7450492978096008,-0.09345298260450363,0.5667492151260376,2.66726016998291,0.08501238375902176,4.7062441354942965,0.0577895755764519,1.0000000003602285,0.9983343727853027,3.3074008509239246,1,1,0,0,1,1,0.03201264888048172,0.3852638304233551,1.0,0.3852638304233551
28,200,0,dpga,rpn,0.11342773586511612,0.7450492978096008,0.0,0.2933080196380615,0.0,0.0,0.0,0.0,1.0,1.0,0.0,0,0,0,0,0,0,0.0,0.0,1.0,0.0
28,200,0,dpga,roi_shared,0.11342773586511612,0.7450492978096008,-0.07136319577693939,1.0043716430664062,7.210319995880127,0.25109291076660156,7.178936249003001,0.1029326394200325,0.9999999993195646,0.9947441466438084,5.876918244958144,1,1,0,0,1,1,0.034913115203380585,0.41173055768013,1.0,0.41173055768013
28,200,0,dpga,roi_cls,0.11342773586511612,0.7450492978096008,0.0,0.10800397396087646,0.0,0.0,0.0,0.0,1.0,1.0,0.0,0,0,0,0,0,0,0.0,0.5,1.0,0.5
28,200,0,dpga,roi_reg,0.11342773586511612,0.7450492978096008,-0.14233072102069855,0.16176439821720123,2.804187774658203,0.008088219910860062,17.335011940594104,0.016461677849292755,0.9999999999742534,0.9998646071346959,0.9428452555683375,1,1,0,0,1,1,0.002914002863690257,0.3292335569858551,1.0,0.3292335569858551
28,300,0,dpga,backbone,0.09934937208890915,1.097132921218872,-0.32619592547416687,2.1017651557922363,8.891561508178711,0.2101765275001526,4.230520942682171,0.016369620894016085,0.99999999955404,0.9998658212262249,0.9386083118262883,1,1,0,0,1,1,0.02500549703836441,0.16369619965553284,1.0,0.16369619965553284
28,300,0,dpga,fpn,0.09934937208890915,1.097132921218872,-0.32298219203948975,0.5068637132644653,2.4903578758239746,0.07602956146001816,4.9132692095568995,0.024886189374279423,0.9999999994730148,0.9996904676444773,1.4256136977947833,1,1,0,0,1,1,0.03225846588611603,0.16590791940689087,1.0,0.16590791940689087
28,300,0,dpga,rpn,0.09934937208890915,1.097132921218872,0.0,0.20208100974559784,0.0,0.0,0.0,0.0,1.0,1.0,0.0,0,0,0,0,0,0,0.0,0.0,1.0,0.0
28,300,0,dpga,roi_shared,0.09934937208890915,1.097132921218872,-0.4302993416786194,1.004764437675476,6.493695259094238,0.251191109418869,6.462903159786797,0.02604786306619644,0.9999999989483128,0.9996609107223962,1.4921309257447581,1,1,0,0,1,1,0.04285243898630142,0.10419145226478577,1.0,0.10419145226478577
28,300,0,dpga,roi_cls,0.09934937208890915,1.097132921218872,0.0,0.09325584024190903,0.0,0.0,0.0,0.0,1.0,1.0,0.0,0,0,0,0,0,0,0.0,0.5,1.0,0.5
28,300,0,dpga,roi_reg,0.09934937208890915,1.097132921218872,-0.5573882460594177,0.18446485698223114,2.207092523574829,0.009223243221640587,11.964840130971021,0.0029016970897492106,1.000000000240041,0.999995718892498,0.16765474595309918,1,1,0,0,1,1,0.005033304449170828,0.05803393945097923,1.0,0.05803393945097923
28,400,0,dpga,backbone,0.49160251021385193,0.6657373309135437,-0.16986429691314697,4.8488054275512695,3.666356325149536,0.4848805367946625,0.7561359967791302,0.0299575205935043,0.9999999993710554,0.9995515681727934,1.7159399097395316,1,0,0,0,1,1,0.13420163094997406,0.29957520961761475,1.0,0.29957520961761475
28,400,0,dpga,fpn,0.49160251021385193,0.6657373309135437,0.0321149043738842,1.3673460483551025,1.0065418481826782,0.20510190725326538,0.7361280996815206,0.08100863993167877,1.0026015853284258,0.9967550358943794,4.617002268437008,0,0,0,0,0,1,0.20376889407634735,0.5400575995445251,1.0,0.5400575995445251
28,400,0,dpga,rpn,0.49160251021385193,0.6657373309135437,0.0,0.5024448037147522,0.0,0.0,0.0,0.0,1.0,1.0,0.0,0,0,0,0,0,0,0.0,0.0,1.0,0.0
28,400,0,dpga,roi_shared,0.49160251021385193,0.6657373309135437,-0.007667279336601496,2.1826975345611572,1.7414536476135254,0.5456743836402893,0.7978446944842744,0.12260427325963974,1.0000000001651494,0.9925677470629125,6.989839769172235,1,0,0,0,1,1,0.31335338950157166,0.49041709303855896,1.0,0.49041709303855896
28,400,0,dpga,roi_cls,0.49160251021385193,0.6657373309135437,0.0,0.41297751665115356,0.0,0.0,0.0,0.0,1.0,1.0,0.0,0,0,0,0,0,0,0.0,0.5,1.0,0.5
28,400,0,dpga,roi_reg,0.49160251021385193,0.6657373309135437,0.0580490380525589,0.2784343361854553,0.5285012722015381,0.01392171811312437,1.8981181683336712,0.02860281139273617,1.0016603655803933,0.9995939239042572,1.6328866566413391,0,1,0,0,0,1,0.0263418797403574,0.5720561742782593,1.0,0.5720561742782593
28,500,0,dpga,backbone,0.08643782138824463,0.4060172438621521,-0.07068957388401031,1.6939103603363037,4.900424957275391,0.16939105093479156,2.892965927844302,0.041254661136074,0.9999999998577275,0.9991500976982025,2.3623970777825134,1,1,0,0,1,1,0.03465328738093376,0.4125465750694275,1.0,0.4125465750694275
28,500,0,dpga,fpn,0.08643782138824463,0.4060172438621521,-0.03003065288066864,0.37147900462150574,1.3474793434143066,0.05572185292840004,3.6273364756838213,0.06937980930159132,0.999999999898545,0.9976017891968701,3.96888157146589,1,1,0,0,1,1,0.04137131944298744,0.46253204345703125,1.0,0.46253204345703125
28,500,0,dpga,rpn,0.08643782138824463,0.4060172438621521,0.0,0.19113796949386597,0.0,0.0,0.0,0.0,1.0,1.0,0.0,0,0,0,0,0,0,0.0,0.0,1.0,0.0
28,500,0,dpga,roi_shared,0.08643782138824463,0.4060172438621521,-0.09903091937303543,0.7852813005447388,2.8670239448547363,0.1963203251361847,3.650951503449683,0.09467001259326935,1.0000000009085375,0.9955487274512801,5.408053161995591,1,1,0,0,1,1,0.06881356239318848,0.3786800503730774,1.0,0.3786800503730774
28,500,0,dpga,roi_cls,0.08643782138824463,0.4060172438621521,0.0,0.08387631177902222,0.0,0.0,0.0,0.0,1.0,1.0,0.0,0,0,0,0,0,0,0.0,0.5,1.0,0.5
28,500,0,dpga,roi_reg,0.08643782138824463,0.4060172438621521,-0.21364256739616394,0.14926181733608246,0.7716882228851318,0.007463091518729925,5.170031000946311,0.012787155433902608,1.000000000033278,0.9999182440056399,0.7326564741899413,1,1,0,0,1,1,0.009899687021970749,0.2557430863380432,1.0,0.2557430863380432
28,600,0,dpga,backbone,0.08058607578277588,0.2831302583217621,0.028498364612460136,1.3689181804656982,3.5387468338012695,0.13689182698726654,2.5850681832550486,0.0535562848260763,1.0015262666320186,0.998574366714895,3.0598007897813044,0,1,0,0,0,1,0.0386837013065815,0.5355628132820129,1.0,0.5355628132820129
28,600,0,dpga,fpn,0.08058607578277588,0.2831302583217621,-0.165232852101326,0.47486111521720886,1.5346614122390747,0.07122916728258133,3.23181107709166,0.04566851109266281,1.0000000001654563,0.9989588286564312,2.614787630838442,1,1,0,0,1,1,0.04706047102808952,0.3044567406177521,1.0,0.3044567406177521
28,600,0,dpga,rpn,0.08058607578277588,0.2831302583217621,0.0,0.16960270702838898,0.0,0.0,0.0,0.0,1.0,1.0,0.0,0,0,0,0,0,0,0.0,0.0,1.0,0.0
28,600,0,dpga,roi_shared,0.08058607578277588,0.2831302583217621,-0.15193353593349457,0.97883540391922,1.4718960523605347,0.2447088658809662,1.5037217150780595,0.07967961319699636,1.0000000005946874,0.9968406326096596,4.55566838449178,1,1,0,0,1,1,0.16820693016052246,0.31871843338012695,1.0,0.31871843338012695
28,600,0,dpga,roi_cls,0.08058607578277588,0.2831302583217621,0.0,0.09985397011041641,0.0,0.0,0.0,0.0,1.0,1.0,0.0,0,0,0,0,0,0,0.0,0.5,1.0,0.5
28,600,0,dpga,roi_reg,0.08058607578277588,0.2831302583217621,-0.3608918786048889,0.09448662400245667,0.5010822415351868,0.004724331200122833,5.303208224712934,0.007065454870462418,1.0000000003342477,0.9999750044680195,0.40510698080063123,1,1,0,0,1,1,0.010109560564160347,0.14130909740924835,1.0,0.14130909740924835
28,700,0,dpga,backbone,0.1259513795375824,2.9955317974090576,0.05318209528923035,1.8509492874145508,23.069740295410156,0.185094952583313,12.46373439416836,0.056608874936984674,1.0030105790028838,0.9984154683930286,3.2258594868144344,0,1,0,0,0,1,0.00802327785640955,0.5660886764526367,1.0,0.5660886764526367
28,700,0,dpga,fpn,0.1259513795375824,2.9955317974090576,-0.08537644892930984,0.5259871482849121,7.3841094970703125,0.07889807224273682,14.038573986356322,0.05923066288232803,1.0000000001865195,0.998250352813611,3.389816690969069,1,1,0,0,1,1,0.010724002495408058,0.3948710858821869,1.0,0.3948710858821869
28,700,0,dpga,rpn,0.1259513795375824,2.9955317974090576,0.0,0.18606716394424438,0.0,0.0,0.0,0.0,1.0,1.0,0.0,0,0,0,0,0,0,0.0,0.0,1.0,0.0
28,700,0,dpga,roi_shared,0.1259513795375824,2.9955317974090576,-0.1070387065410614,1.0542832612991333,19.93674087524414,0.2635708153247833,18.910231820125105,0.0923265889286995,0.9999999999231695,0.9957650561938756,5.274907436815262,1,1,0,0,1,1,0.013296748511493206,0.369306355714798,1.0,0.369306355714798
28,700,0,dpga,roi_cls,0.1259513795375824,2.9955317974090576,0.0,0.14699597656726837,0.0,0.0,0.0,0.0,1.0,1.0,0.0,0,0,0,0,0,0,0.0,0.5,1.0,0.5
28,700,0,dpga,roi_reg,0.1259513795375824,2.9955317974090576,-0.2816563546657562,0.20987991988658905,6.285172462463379,0.010493995621800423,29.94651639785093,0.00982525984336643,1.000000000009129,0.9999517943460209,0.5625852796300137,1,1,0,0,1,1,0.0017400901997461915,0.19650520384311676,1.0,0.19650520384311676
29,0,0,dpga,backbone,0.3303263187408447,0.5701700448989868,-0.07441363483667374,2.7012715339660645,2.167337417602539,0.2701271176338196,0.8023397094110003,0.04080413337748162,0.999999999453164,0.999168560844354,2.336592413239471,1,0,0,0,1,1,0.12498197704553604,0.408041387796402,1.0,0.408041387796402
29,0,0,dpga,fpn,0.3303263187408447,0.5701700448989868,-0.0871959999203682,0.6956145763397217,0.7327854037284851,0.10434218496084213,1.0534359523981713,0.05890488987485213,1.0000000008468002,0.9982694810401597,3.3712306025620964,1,1,0,0,1,1,0.1429356187582016,0.392699271440506,1.0,0.392699271440506
29,0,0,dpga,rpn,0.3303263187408447,0.5701700448989868,0.0,0.5260505080223083,0.0,0.0,0.0,0.0,1.0,1.0,0.0,0,0,0,0,0,0,0.0,0.0,1.0,0.0
29,0,0,dpga,roi_shared,0.3303263187408447,0.5701700448989868,0.038160353899002075,1.4695909023284912,0.47224530577659607,0.3673977255821228,0.32134473956551285,0.13688907027244568,1.0052237343465988,0.9908679181883299,7.749141349865631,0,0,0,0,0,1,0.7779806852340698,0.5475562810897827,1.0,0.5475562810897827
29,0,0,dpga,roi_cls,0.3303263187408447,0.5701700448989868,0.0,0.14919738471508026,0.0,0.0,0.0,0.0,1.0,1.0,0.0,0,0,0,0,0,0,0.0,0.5,1.0,0.5
29,0,0,dpga,roi_reg,0.3303263187408447,0.5701700448989868,0.2521040737628937,0.26979291439056396,0.13271842896938324,0.013489646837115288,0.4919270369615944,0.03895579005162651,1.009820912207694,0.9993039198360453,2.1379249440885877,0,0,0,0,0,1,0.10164108872413635,0.7791157364845276,1.0,0.7791157364845276
29,100,0,dpga,backbone,0.11447750777006149,0.39831092953681946,-0.13676774501800537,2.412644863128662,4.0222344398498535,0.2412644922733307,1.667147329190386,0.033540505999443845,0.9999999988512552,0.9994381253608431,1.9207802535686633,1,1,0,0,1,1,0.06055169552564621,0.33540505170822144,1.0,0.33540505170822144
29,100,0,dpga,fpn,0.11447750777006149,0.39831092953681946,-0.056694481521844864,0.5811641812324524,1.2925477027893066,0.08717463165521622,2.2240663559964258,0.06444041016344985,0.9999999994947546,0.9979302060145803,3.687025381705877,1,1,0,0,1,1,0.06755269318819046,0.429602712392807,1.0,0.429602712392807
29,100,0,dpga,rpn,0.11447750777006149,0.39831092953681946,0.0,0.20612095296382904,0.0,0.0,0.0,0.0,1.0,1.0,0.0,0,0,0,0,0,0,0.0,0.0,1.0,0.0
29,100,0,dpga,roi_shared,0.11447750777006149,0.39831092953681946,-0.19424857199192047,1.1611961126327515,0.5781614780426025,0.29029902815818787,0.4979016651474583,0.06865821033716202,0.9999999983027353,0.9976514129783385,3.9275886233251276,1,0,0,0,1,1,0.5118568539619446,0.27463284134864807,1.0,0.27463284134864807
29,100,0,dpga,roi_cls,0.11447750777006149,0.39831092953681946,0.0,0.12609858810901642,0.0,0.0,0.0,0.0,1.0,1.0,0.0,0,0,0,0,0,0,0.0,0.5,1.0,0.5
29,100,0,dpga,roi_reg,0.11447750777006149,0.39831092953681946,-0.22156165540218353,0.32090476155281067,0.19520360231399536,0.016045238822698593,0.6082913864207997,0.012413988093798393,1.0000000000131566,0.9999229241202383,0.7113767467913381,1,0,0,0,1,1,0.08429242670536041,0.24827975034713745,1.0,0.24827975034713745
29,200,0,dpga,backbone,0.11460268497467041,1.2666579484939575,-0.15135155618190765,2.9185702800750732,10.671320915222168,0.2918570637702942,3.6563522174109417,0.03193506393743346,0.9999999999345321,0.9994903496051503,1.8293308538543462,1,1,0,0,1,1,0.027668405324220657,0.31935060024261475,1.0,0.31935060024261475
29,200,0,dpga,fpn,0.11460268497467041,1.2666579484939575,-0.1547587513923645,0.5779824256896973,3.3461477756500244,0.08669736981391907,5.789359030522631,0.04734885124051225,0.9999999998586308,0.9988810026484017,2.7107699692460896,1,1,0,0,1,1,0.026225563138723373,0.3156589865684509,1.0,0.3156589865684509
29,200,0,dpga,rpn,0.11460268497467041,1.2666579484939575,0.0,0.16602109372615814,0.0,0.0,0.0,0.0,1.0,1.0,0.0,0,0,0,0,0,0,0.0,0.0,1.0,0.0
29,200,0,dpga,roi_shared,0.11460268497467041,1.2666579484939575,-0.16059616208076477,1.0799024105072021,8.725193977355957,0.2699756324291229,8.079613391415581,0.07734707106639414,0.9999999985207262,0.9970220991674978,4.422833378893946,1,1,0,0,1,1,0.03134898096323013,0.30938825011253357,1.0,0.30938825011253357
29,200,0,dpga,roi_cls,0.11460268497467041,1.2666579484939575,0.0,0.10489573329687119,0.0,0.0,0.0,0.0,1.0,1.0,0.0,0,0,0,0,0,0,0.0,0.5,1.0,0.5
29,200,0,dpga,roi_reg,0.11460268497467041,1.2666579484939575,-0.029014403000473976,0.19889846444129944,3.3130743503570557,0.009944924153387547,16.65711376738576,0.023189774837177414,1.0000000001066263,0.9997311901303845,1.3285257129607646,1,1,0,0,1,1,0.0030029849149286747,0.4637954533100128,1.0,0.4637954533100128
29,300,0,dpga,backbone,0.10278890281915665,1.5268162488937378,-0.05475246533751488,2.5052032470703125,25.59079360961914,0.25052034854888916,10.215056857979912,0.043198372064461324,0.9999999997556055,0.9990682091128368,2.4736063551653062,1,1,0,0,1,1,0.009804178029298782,0.43198367953300476,1.0,0.43198367953300476
29,300,0,dpga,fpn,0.10278890281915665,1.5268162488937378,-0.06337960064411163,0.4705466628074646,6.128331661224365,0.07058200240135193,13.023855327461792,0.06321479647046933,1.0000000004379683,0.9980078942747017,3.6171452207073926,1,1,0,0,1,1,0.011540529318153858,0.4214319586753845,1.0,0.4214319586753845
29,300,0,dpga,rpn,0.10278890281915665,1.5268162488937378,0.0,0.24068793654441833,0.0,0.0,0.0,0.0,1.0,1.0,0.0,0,0,0,0,0,0,0.0,0.0,1.0,0.0
29,300,0,dpga,roi_shared,0.10278890281915665,1.5268162488937378,-0.12357182800769806,0.9607389569282532,17.213178634643555,0.2401847392320633,17.91660316313062,0.08756712824106216,0.9999999993337146,0.9961879339143394,5.004444768160595,1,1,0,0,1,1,0.014061308465898037,0.35026851296424866,1.0,0.35026851296424866
29,300,0,dpga,roi_cls,0.10278890281915665,1.5268162488937378,0.0,0.11225622147321701,0.0,0.0,0.0,0.0,1.0,1.0,0.0,0,0,0,0,0,0,0.0,0.5,1.0,0.5
29,300,0,dpga,roi_reg,0.10278890281915665,1.5268162488937378,-0.04356761276721954,0.10966358333826065,5.099547863006592,0.005483179818838835,46.5017438585504,0.022287742463241684,1.0000000000547804,0.9997516718719565,1.2769079042137834,1,1,0,0,1,1,0.0010762505698949099,0.4457547962665558,1.0,0.4457547962665558
29,400,0,dpga,backbone,0.024083703756332397,0.2013019174337387,0.06552176922559738,1.0815238952636719,6.798981189727783,0.10815238952636719,6.286482637602949,0.058117741346359254,1.003807977236409,0.9983352503370099,3.3065292262191153,0,1,0,0,0,1,0.01590714603662491,0.5811774134635925,1.0,0.5811774134635925
29,400,0,dpga,fpn,0.024083703756332397,0.2013019174337387,0.009593550115823746,0.3372740149497986,2.0081405639648438,0.050591107457876205,5.954032848524499,0.0767984558836816,1.0007367699783862,0.9970685883679068,4.388157248827444,0,1,0,0,0,1,0.02519300952553749,0.5119896531105042,1.0,0.5119896531105042
29,400,0,dpga,rpn,0.024083703756332397,0.2013019174337387,0.0,0.1665775626897812,0.0,0.0,0.0,0.0,1.0,1.0,0.0,0,0,0,0,0,0,0.0,0.0,1.0,0.0
29,400,0,dpga,roi_shared,0.024083703756332397,0.2013019174337387,-0.20938219130039215,0.5647401809692383,0.4417029917240143,0.14118503034114838,0.7821348765479007,0.06495467632908032,1.0000000002100518,0.9978970452561543,3.716453740343562,1,0,0,0,1,1,0.3268837034702301,0.2598187327384949,1.0,0.2598187327384949
29,400,0,dpga,roi_cls,0.024083703756332397,0.2013019174337387,0.0,0.13688483834266663,0.0,0.0,0.0,0.0,1.0,1.0,0.0,0,0,0,0,0,0,0.0,0.5,1.0,0.5
29,400,0,dpga,roi_reg,0.024083703756332397,0.2013019174337387,-0.45797261595726013,0.07999585568904877,0.13151724636554718,0.003999792970716953,1.6440507477883202,0.004598299255526497,1.0000000000914935,0.9999893825768403,0.2640265359685082,1,1,0,0,1,1,0.03421129658818245,0.09196598082780838,1.0,0.09196598082780838
29,500,0,dpga,backbone,0.04960999637842178,0.08148704469203949,0.10097739100456238,1.5473599433898926,2.060476064682007,0.1547359824180603,1.3316074734156558,0.062360705101327914,1.006297021302337,0.9981048419506737,3.528003110359518,0,1,0,0,0,1,0.07509720325469971,0.6236070990562439,1.0,0.6236070990562439
29,500,0,dpga,fpn,0.04960999637842178,0.08148704469203949,0.0246583204716444,0.3197117745876312,0.6315192580223083,0.04795676842331886,1.9752768218713586,0.07961759640320061,1.0019632363555915,0.9968597848810691,4.541831771601107,0,1,0,0,0,1,0.07593872398138046,0.5307839512825012,1.0,0.5307839512825012
29,500,0,dpga,rpn,0.04960999637842178,0.08148704469203949,0.0,0.19592489302158356,0.0,0.0,0.0,0.0,1.0,1.0,0.0,0,0,0,0,0,0,0.0,0.0,1.0,0.0
29,500,0,dpga,roi_shared,0.04960999637842178,0.08148704469203949,-0.11873355507850647,0.5640130639076233,0.6039829850196838,0.14100326597690582,1.0708670129644497,0.08894844353199005,0.999999999258374,0.9960674431408653,5.082970184604678,1,1,0,0,1,1,0.23511889576911926,0.3557937741279602,1.0,0.3557937741279602
29,500,0,dpga,roi_cls,0.04960999637842178,0.08148704469203949,0.0,0.06678178161382675,0.0,0.0,0.0,0.0,1.0,1.0,0.0,0,0,0,0,0,0,0.0,0.5,1.0,0.5
29,500,0,dpga,roi_reg,0.04960999637842178,0.08148704469203949,-0.021086102351546288,0.08865866810083389,0.19274941086769104,0.004432933870702982,2.1740616568756925,0.023683340355096495,1.0000000000085636,0.9997196482086387,1.3567487957057989,1,1,0,0,1,1,0.02300354465842247,0.4736667573451996,1.0,0.4736667573451996
29,600,0,dpga,backbone,0.22162091732025146,0.7351839542388916,-0.09856642037630081,3.585172176361084,6.188508987426758,0.35851719975471497,1.7261399684597676,0.03792266060513726,0.9999999998900896,0.999281770158993,2.171677590443386,1,1,0,0,1,1,0.05821620672941208,0.3792266249656677,1.0,0.3792266249656677
29,600,0,dpga,fpn,0.22162091732025146,0.7351839542388916,-0.16439273953437805,0.754782497882843,1.91767418384552,0.11321737617254257,2.540697736400322,0.04580204994164355,0.9999999992812522,0.9989527008520453,2.622472336308313,1,1,0,0,1,1,0.0598532073199749,0.3053469955921173,1.0,0.3053469955921173
29,600,0,dpga,rpn,0.22162091732025146,0.7351839542388916,0.0,0.3459509015083313,0.0,0.0,0.0,0.0,1.0,1.0,0.0,0,0,0,0,0,0,0.0,0.0,1.0,0.0
29,600,0,dpga,roi_shared,0.22162091732025146,0.7351839542388916,-0.1142321452498436,1.372667670249939,5.037178039550781,0.34316694736480713,3.6696267776406497,0.09024225959089317,0.9999999985170727,0.9959528810142116,5.156525806859812,1,1,0,0,1,1,0.06857571750879288,0.36096900701522827,1.0,0.36096900701522827
29,600,0,dpga,roi_cls,0.22162091732025146,0.7351839542388916,0.0,0.1490124613046646,0.0,0.0,0.0,0.0,1.0,1.0,0.0,0,0,0,0,0,0,0.0,0.5,1.0,0.5
29,600,0,dpga,roi_reg,0.22162091732025146,0.7351839542388916,-0.4490216374397278,0.2222219556570053,1.6396702527999878,0.01111109834164381,7.378524988461458,0.00478861356022342,0.9999999999488478,0.9999885336230333,0.2743791794365718,1,1,0,0,1,1,0.0075839548371732235,0.09577226638793945,1.0,0.09577226638793945
29,700,0,dpga,backbone,0.13092753291130066,1.3107792139053345,-0.1828521192073822,2.6006734371185303,17.658910751342773,0.260067343711853,6.79013000990556,0.02861287593841553,0.9999999999655256,0.9995908354126607,1.639084936406994,1,1,0,0,1,1,0.014979812316596508,0.2861287593841553,1.0,0.2861287593841553
29,700,0,dpga,fpn,0.13092753291130066,1.3107792139053345,-0.15144404768943787,0.5479050874710083,4.76924991607666,0.0821857675909996,8.704518401335376,0.047887514156136145,1.00000000089417,0.9988554647682159,2.7415340487410162,1,1,0,0,1,1,0.017433511093258858,0.31925007700920105,1.0,0.31925007700920105
29,700,0,dpga,rpn,0.13092753291130066,1.3107792139053345,0.0,0.3131977319717407,0.0,0.0,0.0,0.0,1.0,1.0,0.0,0,0,0,0,0,0,0.0,0.0,1.0,0.0
29,700,0,dpga,roi_shared,0.13092753291130066,1.3107792139053345,-0.0636540949344635,1.0453517436981201,10.333478927612305,0.26133793592453003,9.885169264706787,0.10527431964874268,1.0000000001241998,0.9945042277933626,6.009676453832054,1,1,0,0,1,1,0.025341805070638657,0.4210972785949707,1.0,0.4210972785949707
29,700,0,dpga,roi_cls,0.13092753291130066,1.3107792139053345,0.0,0.12674281001091003,0.0,0.0,0.0,0.0,1.0,1.0,0.0,0,0,0,0,0,0,0.0,0.5,1.0,0.5
29,700,0,dpga,roi_reg,0.13092753291130066,1.3107792139053345,-0.17567305266857147,0.1648191511631012,2.776231288909912,0.008240957744419575,16.844106217745402,0.01467583212644618,1.0000000000147404,0.9998923342969949,0.8407758274533776,1,1,0,0,1,1,0.0030152893159538507,0.2935166358947754,1.0,0.2935166358947754
